climb_id,climb_url,climb_name,grade,climb_type,location,num_ascents,first_climber,first_style,first_ascent_date,first_suggested_grade,grade_clean,grade_order,v_grade,first_ascent,first_ascent_year
5617,https://climbing-history.org/climb/5617,The South Arête,3,Boulder problem,The Y-Boulder,1,Aleister Crowley,Boulder,18th Apr 1898,,3,2,,1898-04-18,1898
5615,https://climbing-history.org/climb/5615,La Fissure Wehrlin,3,Boulder problem,Bas Cuvier,1,Jacques Wehrlin,Boulder,1908,,3,2,,1908-01-01,1908
1246,https://climbing-history.org/climb/1246,La Prestat (pre-break),4,Boulder problem,Bas Cuvier,1,Jacques de Lépiney,Boulder | worked,1914,4,4,3,,1914-01-01,1914
6225,https://climbing-history.org/climb/6225,Crescent Arête,5+,Boulder problem,Stanage,1,Gabe Regan,Boulder,1976,,5+,6,,1976-01-01,1976
6514,https://climbing-history.org/climb/6514,Pretty Petty,5+,Boulder problem,Stanage,1,John Allen,Boulder | worked,1987,,5+,6,,1987-01-01,1987
5284,https://climbing-history.org/climb/5284,L'Angle du Genou,5+,Boulder problem,Cuvier Rempart,1,Pierre Allain,Boulder | worked,,,5+,6,,,
7264,https://climbing-history.org/climb/7264,Veale Thing,5+,Boulder problem,Curbar Edge,1,Martin Veale,Boulder | worked,,,5+,6,,,
1244,https://climbing-history.org/climb/1244,L'Angle Allain,6A,Boulder problem,Cuvier Rempart,1,Pierre Allain,Boulder | worked,1935,6A,6A,7,,1935-01-01,1935
1245,https://climbing-history.org/climb/1245,La Marie-Rose,6A,Boulder problem,Bas Cuvier,2,René Ferlet,Boulder | worked,1946,,6A,7,,1946-01-01,1946
3130,https://climbing-history.org/climb/3130,Banana Finger,6A,Boulder problem,Burbage North and West,1,Ed Drummond,Boulder | worked,1971,,6A,7,,1971-01-01,1971
4392,https://climbing-history.org/climb/4392,Teaspoon Variation,6A+,Boulder problem,Almscliff,1,Arthur Rhodes Dolphin,Boulder | worked,1948,,6A+,8,,1948-01-01,1948
4391,https://climbing-history.org/climb/4391,Crease Direct,6A+,Boulder problem,Crookrise,1,Allan Austin,Boulder | worked,1957,,6A+,8,,1957-01-01,1957
4743,https://climbing-history.org/climb/4743,Unjust,6A+,Boulder problem,Brownstones,1,Hank Pasquill,Boulder | worked,Before 1st Jan 1969,,6A+,8,,1969-01-01,1969
6772,https://climbing-history.org/climb/6772,White Noise F.M.,6A+,Boulder problem,Curbar Edge,1,John Allen,Solo,16th Mar 1999,,6A+,8,,1999-03-16,1999
1248,https://climbing-history.org/climb/1248,La Stalingrad,6B,Boulder problem,Bas Cuvier,1,Paul Jouy,Boulder | worked,1950,,6B,9,,1950-01-01,1950
4858,https://climbing-history.org/climb/4858,Boysen's Roof,6B,Boulder problem,the Wavelength Boulders,1,Martin Boysen,Boulder | worked,1964,,6B,9,,1964-01-01,1964
6513,https://climbing-history.org/climb/6513,"New York, New York",6B,Boulder problem,Stanage,1,John Allen,Boulder | worked,1986,,6B,9,,1986-01-01,1986
988,https://climbing-history.org/climb/988,Double Clutch,6B,Boulder problem,the Shawangunks,1,John Gill,Boulder | worked,,,6B,9,,,
2593,https://climbing-history.org/climb/2593,Bachar Cracker,6B,Boulder problem,the Camp 4 Boulders,1,John Bachar,Boulder,1970s,,6B,9,,,
5944,https://climbing-history.org/climb/5944,Technical Master,6B,Boulder problem,Millstone Edge,2,Keith Myhill,Boulder | worked,1960s,,6B,9,,,
7490,https://climbing-history.org/climb/7490,Fessura Kosterlitz,6B,Boulder problem,Sergent,1,Mike Kosterlitz,Boulder | worked,1960s,,6B,9,,,
8339,https://climbing-history.org/climb/8339,Iron Man,6B+,Boulder problem,The Buttermilks,1,Tony Puppo,Boulder | worked,1978,,6B+,10,,1978-01-01,1978
6512,https://climbing-history.org/climb/6512,Roman Orgy,6B+,Boulder problem,Froggatt Edge,1,John Allen,Boulder | worked,1988,,6B+,10,,1988-01-01,1988
3735,https://climbing-history.org/climb/3735,G-Thang,6B+,Boulder problem,Gardom's Edge,1,Al Williams,Boulder | worked,,,6B+,10,,,
5975,https://climbing-history.org/climb/5975,Fidget,6C,Boulder problem,Curbar Edge,1,John Allen,Boulder | worked,1973,,6C,11,5.0,1973-01-01,1973
6760,https://climbing-history.org/climb/6760,Lifeseeker,6C,Boulder problem,Curbar Edge,1,John Allen,Boulder | worked,1973,,6C,11,5.0,1973-01-01,1973
2032,https://climbing-history.org/climb/2032,Not to be Taken Away,6C,Boulder problem,Stanage,1,John Allen,Boulder | worked,1976,,6C,11,5.0,1976-01-01,1976
2128,https://climbing-history.org/climb/2128,Monty Python's Flying Circus,6C,Boulder problem,Kyloe-in-the-Woods,1,Dave Cuthbertson,Boulder | worked,1977,,6C,11,5.0,1977-01-01,1977
5973,https://climbing-history.org/climb/5973,Breadline,6C,Boulder problem,Stanage,1,John Allen,Boulder | worked,1984,,6C,11,5.0,1984-01-01,1984
3397,https://climbing-history.org/climb/3397,Horror Arete,6C,Boulder problem,Bridestones,1,Joe Healey,Boulder,1985,,6C,11,5.0,1985-01-01,1985
5974,https://climbing-history.org/climb/5974,Art of Japan,6C,Boulder problem,Curbar Edge,1,John Allen,Boulder | worked,1986,,6C,11,5.0,1986-01-01,1986
7251,https://climbing-history.org/climb/7251,Brain Dead,6C,Boulder problem,Cratcliffe Tor,1,Martin Veale,Boulder | worked,1986,,6C,11,5.0,1986-01-01,1986
6511,https://climbing-history.org/climb/6511,Mounting Frustration,6C,Boulder problem,Stanage,1,John Allen,Boulder | worked,1987,,6C,11,5.0,1987-01-01,1987
4341,https://climbing-history.org/climb/4341,Scagliola,6C,Boulder problem,Robin Hood's Stride,1,John Bradbury,Solo | worked,9th Feb 1997,,6C,11,5.0,1997-02-09,1997
5697,https://climbing-history.org/climb/5697,Leo's Traverse,6C,Boulder problem,Porthcawl,1,Leo Skinner,Boulder | worked,29th Aug 2015,,6C,11,5.0,2015-08-29,2015
5635,https://climbing-history.org/climb/5635,Gold Rush,6C,Boulder problem,Squamish,1,Didier Berthod,Boulder,8th Feb 2024,,6C,11,5.0,2024-02-08,2024
2360,https://climbing-history.org/climb/2360,Atlantic Bridge,6C,Boulder problem,Lewis and Harris Bouldering,2,Si O'Conor,Boulder | worked,,8B,6C,11,5.0,,
7256,https://climbing-history.org/climb/7256,Thutch Over,6C,Boulder problem,Cratcliffe Tor,1,Martin Veale,Boulder | worked,,,6C,11,5.0,,
7262,https://climbing-history.org/climb/7262,Bossa Nova,6C,Boulder problem,Robin Hood's Stride,1,Martin Veale,Boulder | worked,,,6C,11,5.0,,
7268,https://climbing-history.org/climb/7268,Razor Roof,6C,Boulder problem,Cratcliffe Tor,1,Martin Veale,Boulder | worked,,,6C,11,5.0,,
1249,https://climbing-history.org/climb/1249,Le Carre d’As,6C+,Boulder problem,Bas Cuvier,1,Paul Jouy,Boulder | worked,1950,6C,6C+,12,6.0,1950-01-01,1950
4393,https://climbing-history.org/climb/4393,Syrett's Roof,6C+,Boulder problem,Almscliff,1,John Syrett,Boulder | worked,1972,,6C+,12,6.0,1972-01-01,1972
6510,https://climbing-history.org/climb/6510,Right Spur,6C+,Boulder problem,Stanage,1,John Allen,Boulder | worked,1976,,6C+,12,6.0,1976-01-01,1976
4744,https://climbing-history.org/climb/4744,Rusty Wall,6C+,Boulder problem,Brownstones,2,Dave Hollows,Boulder | worked,1977,,6C+,12,6.0,1977-01-01,1977
6509,https://climbing-history.org/climb/6509,Starlight and Storm,6C+,Boulder problem,Hen Cloud,2,John Allen,Boulder | worked,16th May 1986,,6C+,12,6.0,1986-05-16,1986
4074,https://climbing-history.org/climb/4074,Chicken Tikka,6C+,Boulder problem,Saddle Tor,1,Dave Henderson,Solo,1999,E4/E5,6C+,12,6.0,1999-01-01,1999
2623,https://climbing-history.org/climb/2623,Tom's Traverse,6C+,Boulder problem,Woodwell,1,Tom Walkington,Boulder | worked,1980s,,6C+,12,6.0,,
4822,https://climbing-history.org/climb/4822,A Fearful Orange,6C+,Boulder problem,Gardom's Edge,1,Jon Fullwood,Boulder | worked,,,6C+,12,6.0,,
7106,https://climbing-history.org/climb/7106,Le Râle du Cul,6C+,Boulder problem,Rocher des Princes,1,Tony Fouchereau,Boulder | worked,,,6C+,12,6.0,,
7419,https://climbing-history.org/climb/7419,Transporter Room,6C+/7b+,Boulder problem,The Buttermilks,3,Dale Bard,Boulder | worked,1970s,,6C+,12,6.0,,
1247,https://climbing-history.org/climb/1247,La Joker,7A,Boulder problem,Bas Cuvier,1,Robert Paragot,Boulder | worked,1953,,7A,13,6.0,1953-01-01,1953
3150,https://climbing-history.org/climb/3150,Barley Mow,7A,Boulder problem,Almscliff,1,Tony Barley,Boulder | worked,21st May 1966,,7A,13,6.0,1966-05-21,1966
5838,https://climbing-history.org/climb/5838,Above and Beyond the Kinaesthetic Barrier,7A,Boulder problem,Burbage South,1,John Allen,Boulder | worked,1976,,7A,13,6.0,1976-01-01,1976
6797,https://climbing-history.org/climb/6797,Shredded Feet,7A,Boulder problem,Black Rocks,1,John Allen,Boulder | worked,1976,,7A,13,6.0,1976-01-01,1976
6037,https://climbing-history.org/climb/6037,The Day the World Stood Still,7A,Boulder problem,Quantum Field,2,John Allen,Boulder | worked,1980,,7A,13,6.0,1980-01-01,1980
5912,https://climbing-history.org/climb/5912,Ninja Gaeshi,7A,Boulder problem,Mitake,2,Isao Ikeda,Boulder | worked,1982,,7A,13,6.0,1982-01-01,1982
2345,https://climbing-history.org/climb/2345,Pigswill,7A,Boulder problem,Brownstones,1,Hank Pasquill,Boulder | worked,1983,,7A,13,6.0,1983-01-01,1983
5972,https://climbing-history.org/climb/5972,Gritstone Megamix,7A,Boulder problem,Birchen Edge,1,John Allen,Lead,1984,,7A,13,6.0,1984-01-01,1984
6505,https://climbing-history.org/climb/6505,Europe After Rain,7A,Boulder problem,Rivelin Edge,1,John Allen,Boulder | worked,1984,,7A,13,6.0,1984-01-01,1984
6506,https://climbing-history.org/climb/6506,Good Clean Fun,7A,Boulder problem,Stanage,1,John Allen,Boulder | worked,1984,,7A,13,6.0,1984-01-01,1984
2324,https://climbing-history.org/climb/2324,The Jackalope,7A,Boulder problem,Gardom's Edge,1,John Allen,Boulder | worked,1985,,7A,13,6.0,1985-01-01,1985
6504,https://climbing-history.org/climb/6504,Small Is Beautiful,7A,Boulder problem,Burbage North and West,1,John Allen,Boulder | worked,1985,,7A,13,6.0,1985-01-01,1985
6756,https://climbing-history.org/climb/6756,Chapel of Rest,7A,Boulder problem,Cratcliffe Tor,1,John Allen,Boulder | worked,1986,,7A,13,6.0,1986-01-01,1986
7250,https://climbing-history.org/climb/7250,The Green Traverse,7A,Boulder problem,Stanage,1,Martin Veale,Boulder | worked,1986,,7A,13,6.0,1986-01-01,1986
7253,https://climbing-history.org/climb/7253,Gorilla Warfare,7A,Boulder problem,Curbar Edge,1,Martin Veale,Boulder | worked,1986,,7A,13,6.0,1986-01-01,1986
6507,https://climbing-history.org/climb/6507,Left Spur,7A,Boulder problem,Stanage,1,John Allen,Boulder | worked,11th Jun 1986,,7A,13,6.0,1986-06-11,1986
6120,https://climbing-history.org/climb/6120,Pockets and Pebbles,7A,Boulder problem,Curbar Edge,1,John Allen,Boulder | worked,17th Jul 1986,,7A,13,6.0,1986-07-17,1986
6508,https://climbing-history.org/climb/6508,Bath House Pink,7A,Boulder problem,Burbage South,1,John Allen,Boulder | worked,1987,,7A,13,6.0,1987-01-01,1987
5888,https://climbing-history.org/climb/5888,Retchus,7A,Boulder problem,the RAC Boulders,1,John Silvester,Solo,Oct 1987,,7A,13,6.0,1987-10-01,1987
7804,https://climbing-history.org/climb/7804,Slap Happy,7A,Boulder problem,Dumbarton Rock,1,Andy Gallagher,Boulder | worked,1993,,7A,13,6.0,1993-01-01,1993
5359,https://climbing-history.org/climb/5359,Serge the Psychopathic Seal,7A,Boulder problem,Quantum Field,1,Lucky Chance,Boulder | worked,2004,,7A,13,6.0,2004-01-01,2004
5360,https://climbing-history.org/climb/5360,Here Comes the Muffin Man,7A,Boulder problem,Quantum Field,1,Lucky Chance,Boulder | worked,2005,,7A,13,6.0,2005-01-01,2005
4818,https://climbing-history.org/climb/4818,Crayon Angel,7A,Boulder problem,Kinder,1,Jon Fullwood,Boulder | worked,Sep 2012,,7A,13,6.0,2012-09-01,2012
3978,https://climbing-history.org/climb/3978,The Captain,7A,Boulder problem,Froggatt Edge,1,Iain Farrar,Boulder | worked,Before 1st Jun 2013,,7A,13,6.0,2013-06-01,2013
4394,https://climbing-history.org/climb/4394,Tom's Original,7A,Boulder problem,Stoney Middleton,1,Tom Proctor,Boulder | worked,1960s,,7A,13,6.0,,
6463,https://climbing-history.org/climb/6463,Attention Chef d'Œuvre,7A,Boulder problem,Buthiers,1,Jean-Pierre Bouvier,Boulder | worked,1980s,,7A,13,6.0,,
6748,https://climbing-history.org/climb/6748,Middle Traverse,7A,Boulder problem,Roundhill,1,Andy Swann,Boulder | worked,,,7A,13,6.0,,
7260,https://climbing-history.org/climb/7260,The Nose,7A,Boulder problem,Burbage North and West,1,Martin Veale,Boulder | worked,,,7A,13,6.0,,
7261,https://climbing-history.org/climb/7261,The Kid,7A,Boulder problem,Robin Hood's Stride,1,Martin Veale,Boulder | worked,,,7A,13,6.0,,
7265,https://climbing-history.org/climb/7265,High Speed Imp Act,7A,Boulder problem,Dimmings Dale,1,Martin Veale,Boulder | worked,,,7A,13,6.0,,
7266,https://climbing-history.org/climb/7266,Breakfast,7A,Boulder problem,Burbage North and West,1,Martin Veale,Boulder | worked,,,7A,13,6.0,,
7267,https://climbing-history.org/climb/7267,The Cave Problem,7A,Boulder problem,Robin Hood's Stride,1,Martin Veale,Boulder | worked,,,7A,13,6.0,,
8067,https://climbing-history.org/climb/8067,Le Toit du Cul de Chien,7A,Boulder problem,Le Cul de Chien,1,Jo Montchaussé,Boulder | worked,,,7A,13,6.0,,
5610,https://climbing-history.org/climb/5610,L'Abattoir,7A+,Boulder problem,Bas Cuvier,1,Michel Libert,Boulder | worked,1960,,7A+,14,7.0,1960-01-01,1960
4395,https://climbing-history.org/climb/4395,Ron's Crack II,7A+,Boulder problem,Crookrise,1,Ron Fawcett,Boulder | worked,1974,,7A+,14,7.0,1974-01-01,1974
858,https://climbing-history.org/climb/858,Downhill Racer Direct,7A+,Boulder problem,Froggatt Edge,1,Johnny Dawes,Boulder | worked,1982,,7A+,14,7.0,1982-01-01,1982
2065,https://climbing-history.org/climb/2065,Picnic Sarcastic,7A+,Boulder problem,The Bowderstone,2,Pete Kirton,Boulder | worked,1983,,7A+,14,7.0,1983-01-01,1983
7433,https://climbing-history.org/climb/7433,Zen Spasm,7A+,Boulder problem,Moores Wall,1,Eric Zschiesche,Boulder | worked,1983,,7A+,14,7.0,1983-01-01,1983
6503,https://climbing-history.org/climb/6503,Night Salt,7A+,Boulder problem,Stanage,1,John Allen,Boulder | worked,1984,,7A+,14,7.0,1984-01-01,1984
6799,https://climbing-history.org/climb/6799,Home Cooking,7A+,Boulder problem,Burbage South,1,Johnny Dawes,Boulder | worked,1984,,7A+,14,7.0,1984-01-01,1984
2325,https://climbing-history.org/climb/2325,The Sphinx,7A+,Boulder problem,Burbage North and West,1,John Allen,Boulder | worked,1985,,7A+,14,7.0,1985-01-01,1985
6223,https://climbing-history.org/climb/6223,Winsome,7A+,Boulder problem,Wimberry Rocks,1,John Allen,Boulder | worked,1986,,7A+,14,7.0,1986-01-01,1986
6755,https://climbing-history.org/climb/6755,Wish,7A+,Boulder problem,Cratcliffe Tor,1,John Allen,Boulder | worked,May 1986,,7A+,14,7.0,1986-05-01,1986
2322,https://climbing-history.org/climb/2322,Chip Shop Brawl,7A+,Boulder problem,Stanage,1,John Allen,Boulder | worked,1987,7A+,7A+,14,7.0,1987-01-01,1987
6103,https://climbing-history.org/climb/6103,Le Sourire de David,7A+,Boulder problem,Cuvier Merveille,2,David Rastouil,Boulder | worked,1989,7A,7A+,14,7.0,1989-01-01,1989
892,https://climbing-history.org/climb/892,The Grand Potato,7A+/E6,Boulder problem,Baslow Edge,3,Robin Barker,Lead | worked,7th May 1993,E6,7A+,14,7.0,1993-05-07,1993
6502,https://climbing-history.org/climb/6502,Grizzly Arête,7A+,Boulder problem,Robin Hood's Stride,1,John Allen,Boulder | worked,1994,,7A+,14,7.0,1994-01-01,1994
3114,https://climbing-history.org/climb/3114,L'Angle Bens,7A+,Boulder problem,Franchard Isatis,1,Didier Gérardin,Boulder | worked,Before 1st Jan 1997,,7A+,14,7.0,1997-01-01,1997
3356,https://climbing-history.org/climb/3356,Shallow Grave,7A+,Boulder problem,Trowbarrow,1,John Gaskins,Boulder | worked,1997,,7A+,14,7.0,1997-01-01,1997
5698,https://climbing-history.org/climb/5698,L'Arete Possible,7A+,Boulder problem,Porthcawl,1,Liam Fyfe,Boulder | worked,2014,,7A+,14,7.0,2014-01-01,2014
7259,https://climbing-history.org/climb/7259,Brutalism,7A+,Boulder problem,Stanage,1,Martin Veale,Boulder | worked,2015,,7A+,14,7.0,2015-01-01,2015
4821,https://climbing-history.org/climb/4821,All Ants on Deck,7A+,Boulder problem,Yarncliffe,1,Jon Fullwood,Boulder | worked,22nd Apr 2020,,7A+,14,7.0,2020-04-22,2020
5541,https://climbing-history.org/climb/5541,Brave New World,7A+,Boulder problem,Mizugaki,3,Tokio Muroi,Boulder | worked,Before 1st Sep 2024,,7A+,14,7.0,2024-09-01,2024
2035,https://climbing-history.org/climb/2035,The Edge Direct,7A+,Boulder problem,Indian Rock Park,1,John Sherman,Boulder | worked,,,7A+,14,7.0,,
2346,https://climbing-history.org/climb/2346,Hank's Wall,7A+,Boulder problem,Brownstones,1,Hank Pasquill,Boulder | worked,,,7A+,14,7.0,,
2523,https://climbing-history.org/climb/2523,Hamper's Hang,7A+,Boulder problem,Stanage,1,Chris Hamper,Boulder | worked,1980s,,7A+,14,7.0,,
6948,https://climbing-history.org/climb/6948,Daily Dick Dose,7A+,Boulder problem,Hueco Tanks,1,Dick Cilley,Boulder | worked,1980s,,7A+,14,7.0,,
7167,https://climbing-history.org/climb/7167,Salathé Wall,7A+,Boulder problem,Cuvier Rempart,1,Olivier Carrière,Boulder | worked,,,7A+,14,7.0,,
7269,https://climbing-history.org/climb/7269,Triangle Wall,7A+,Boulder problem,Burbage South,1,Martin Veale,Boulder | worked,,,7A+,14,7.0,,
7981,https://climbing-history.org/climb/7981,Percy Feels Sick,7A+,Boulder problem,Baslow Edge,1,Percy Bishton,Boulder | worked,,,7A+,14,7.0,,
975,https://climbing-history.org/climb/975,Midnight Lightning,7B,Boulder problem,the Camp 4 Boulders,16,Ron Kauk,Boulder | worked,1978,,7B,15,8.0,1978-01-01,1978
7374,https://climbing-history.org/climb/7374,A Show of Strength,7B,Boulder problem,Baring Head,1,Charlie Creese,Boulder | worked,1981,,7B,15,8.0,1981-01-01,1981
6497,https://climbing-history.org/climb/6497,Leyroy Slips a Disc,7B,Boulder problem,Stanage,1,John Allen,Boulder | worked,1986,,7B,15,8.0,1986-01-01,1986
6821,https://climbing-history.org/climb/6821,Gibbering Wreck,7B,Boulder problem,Gib Torr,2,Ben Moon,Lead,1990,E6,7B,15,8.0,1990-01-01,1990
6433,https://climbing-history.org/climb/6433,King Cobra,7B,Boulder problem,the Camp 4 Boulders,2,Adam Wainwright,Boulder | worked,1993,,7B,15,8.0,1993-01-01,1993
7093,https://climbing-history.org/climb/7093,Malc's Arete,7B,Boulder problem,Torridon,1,Malcolm Smith,Boulder | worked,1997,,7B,15,8.0,1997-01-01,1997
2834,https://climbing-history.org/climb/2834,Suavito,7B,Boulder problem,Gardom's Edge,1,Tom de Gay,Boulder | worked,2000,,7B,15,8.0,2000-01-01,2000
7971,https://climbing-history.org/climb/7971,Carnage,7B,Boulder problem,Hartland Quay,1,Simon Young,Boulder | worked,2001,,7B,15,8.0,2001-01-01,2001
2190,https://climbing-history.org/climb/2190,Sooty's Dyno,7B,Boulder problem,Earl Crag,1,Dave Sutcliffe,Boulder | worked,2003,,7B,15,8.0,2003-01-01,2003
4814,https://climbing-history.org/climb/4814,Spike,7B,Boulder problem,Bamford Edge,1,Jon Fullwood,Boulder | worked,30th Oct 2009,,7B,15,8.0,2009-10-30,2009
7026,https://climbing-history.org/climb/7026,Snowblind Mice,7B,Boulder problem,Burbage North and West,1,Dan Varian,Boulder | ground up,2010,,7B,15,8.0,2010-01-01,2010
5815,https://climbing-history.org/climb/5815,South Face,7B,Boulder problem,Shoreditch Park Boulder,2,Tom de Gay,Boulder | worked,Apr 2010,,7B,15,8.0,2010-04-01,2010
3124,https://climbing-history.org/climb/3124,L’Angle Parfait,7B,Boulder problem,Dame Jouanne,2,Dave Barrans,Boulder | flash,2017,,7B,15,8.0,2017-01-01,2017
386,https://climbing-history.org/climb/386,Do the Lambrini,7B,Boulder problem,the Sour Milk Boulders,1,Jennifer Wood,Boulder | worked,12th May 2019,,7B,15,8.0,2019-05-12,2019
3454,https://climbing-history.org/climb/3454,Onde de Choc,7B,Boulder problem,Apremont,1,Solenne Piret,Boulder | worked,2021,,7B,15,8.0,2021-01-01,2021
4817,https://climbing-history.org/climb/4817,Three Squeaks and a Waggon Wheel,7B,Boulder problem,Traigh a Mhill,1,Jon Fullwood,Boulder | worked,31st Aug 2023,,7B,15,8.0,2023-08-31,2023
8204,https://climbing-history.org/climb/8204,Unrepeatable,7B,Boulder problem,Brione,1,Nathan Phillips,Boulder | flash,19th Mar 2024,,7B,15,8.0,2024-03-19,2024
8276,https://climbing-history.org/climb/8276,Grimm's Fairytale,7B/E6,Boulder problem,Simonside Woods,1,Tina Breslin,Boulder | worked,23rd Aug 2026,,7B,15,8.0,2026-08-23,2026
266,https://climbing-history.org/climb/266,The Wire,7B,Boulder problem,Albarracín,1,Emily Fell,Boulder | worked,,,7B,15,8.0,,
2972,https://climbing-history.org/climb/2972,Brutal Arête,7B,Boulder problem,Stanton Moor,2,Jason Myers,Boulder | worked,1990s,,7B,15,8.0,,
3021,https://climbing-history.org/climb/3021,Looney Tunes,7B,Boulder problem,Cartoonlands,1,Walker Kearney,Boulder | worked,,,7B,15,8.0,,
3044,https://climbing-history.org/climb/3044,Le Biceps Mou,7B,Boulder problem,Bas Cuvier,1,Jo Montchaussé,Boulder | worked,1970s,,7B,15,8.0,,
3222,https://climbing-history.org/climb/3222,Higg's Problem,7B,Boulder problem,the Marchlyn Boulders,1,Paul Higginson,Boulder | worked,,,7B,15,8.0,,
5099,https://climbing-history.org/climb/5099,Quentin's Dyno,7B,Boulder problem,Stoney Middleton,1,Quentin Fisher,Boulder | worked,,,7B,15,8.0,,
5788,https://climbing-history.org/climb/5788,L'Angle Plus que Parfait,7B,Boulder problem,Dame Jouanne,3,Philippe Le Denmat,Boulder | worked,1st August 1997-1st January 2000,7B+,7B,15,8.0,,
6745,https://climbing-history.org/climb/6745,Whaleback,7B,Boulder problem,Simon's Seat,1,Andy Swann,Boulder | worked,,,7B,15,8.0,,
7201,https://climbing-history.org/climb/7201,Zippy's Traverse,7B,Boulder problem,Stanage,1,Jerry Moffatt,Boulder | worked,,,7B,15,8.0,,
7983,https://climbing-history.org/climb/7983,The Yoghurt Hypnotist,7B,Boulder problem,Rowtor Rocks,1,Percy Bishton,Boulder | worked,,,7B,15,8.0,,
8307,https://climbing-history.org/climb/8307,Gill Route,7B,Boulder problem,Red Cross Rock,1,John Gill,Boulder | worked,1957-1958,,7B,15,8.0,,
2518,https://climbing-history.org/climb/2518,Le Carnage,7B+,Boulder problem,Bas Cuvier,5,Jérôme Jean-Charles,Boulder | worked,1977,7B,7B+,16,8.0,1977-01-01,1977
3335,https://climbing-history.org/climb/3335,Le Mur des Lamentations,7B+,Boulder problem,Franchard Isatis,2,Lucien Guillou,Boulder | worked,1979,7B+,7B+,16,8.0,1979-01-01,1979
5826,https://climbing-history.org/climb/5826,Vienna,7B+,Boulder problem,Bowden Doors,1,Pete Kirton,Boulder | worked,1981,,7B+,16,8.0,1981-01-01,1981
5573,https://climbing-history.org/climb/5573,L'Aérodynamite,7B+,Boulder problem,Bas Cuvier,1,Jacky Godoffe,Boulder | worked,1982,7C,7B+,16,8.0,1982-01-01,1982
2066,https://climbing-history.org/climb/2066,Inaudible Vaudeville,7B+,Boulder problem,The Bowderstone,2,Jerry Moffatt,Boulder | worked,1983,,7B+,16,8.0,1983-01-01,1983
5916,https://climbing-history.org/climb/5916,Blind Date,7B+,Boulder problem,Burbage North and West,1,Alan Rouse,Solo,1984,,7B+,16,8.0,1984-01-01,1984
3159,https://climbing-history.org/climb/3159,La Super Prestat,7B+,Boulder problem,Bas Cuvier,1,Jean-Michel Gosselin,Boulder | worked,24th Feb 1984,,7B+,16,8.0,1984-02-24,1984
880,https://climbing-history.org/climb/880,West Side Story,7B+,Boulder problem,Burbage North and West,1,John Allen,Boulder | worked,1985,,7B+,16,8.0,1985-01-01,1985
4397,https://climbing-history.org/climb/4397,Lay-By Arete,7B+,Boulder problem,Slipstones,1,Paul Ingham,Boulder | worked,1985,,7B+,16,8.0,1985-01-01,1985
1625,https://climbing-history.org/climb/1625,Deliverance,7B+,Boulder problem,Stanage,3,Quentin Fisher,Boulder | worked,1987,,7B+,16,8.0,1987-01-01,1987
5768,https://climbing-history.org/climb/5768,Three More Reps,7B+,Boulder problem,Ilkley,1,John Dunne,Boulder | worked,1987,,7B+,16,8.0,1987-01-01,1987
5769,https://climbing-history.org/climb/5769,Super Set,7B+,Boulder problem,Ilkley,1,John Dunne,Boulder | worked,1987,,7B+,16,8.0,1987-01-01,1987
6496,https://climbing-history.org/climb/6496,National Breakdown,7B+,Boulder problem,Stanage,1,Gregg Griffith,Lead | worked,1987,,7B+,16,8.0,1987-01-01,1987
6153,https://climbing-history.org/climb/6153,Rollerwall,7B+,Boulder problem,Burbage South,1,Ron Fawcett,Boulder | worked,Jul 1987,,7B+,16,8.0,1987-07-01,1987
6723,https://climbing-history.org/climb/6723,Bellyporker's Progress,7B+/E7,Boulder problem,Brimham Rocks,1,Nick Dixon,Solo,19th May 1990,,7B+,16,8.0,1990-05-19,1990
6104,https://climbing-history.org/climb/6104,Rubis sur l'Ongle,7B+,Boulder problem,Gorge Aux Chats,1,David Rastouil,Boulder | worked,1991,,7B+,16,8.0,1991-01-01,1991
4857,https://climbing-history.org/climb/4857,Wavelength,7B+,Boulder problem,the Wavelength Boulders,1,Leo Houlding,Boulder | worked,1997,,7B+,16,8.0,1997-01-01,1997
5828,https://climbing-history.org/climb/5828,Wainwright’s Wobble,7B+,Boulder problem,Caley Crags,1,John Wainwright,Boulder | worked,May 2000,,7B+,16,8.0,2000-05-01,2000
4795,https://climbing-history.org/climb/4795,Ultimate Warrior,7B+,Boulder problem,Pont Gyfyng,1,Paul Houghoughi,Boulder | worked,2003,,7B+,16,8.0,2003-01-01,2003
8210,https://climbing-history.org/climb/8210,The Beast,7B+,Boulder problem,Stanage,1,Jon Fullwood,Boulder | worked,2006,,7B+,16,8.0,2006-01-01,2006
4778,https://climbing-history.org/climb/4778,Texas Hold 'Em,7B+,Boulder problem,Trowbarrow,1,Neil Kershaw,Boulder | worked,Mar 2007,,7B+,16,8.0,2007-03-01,2007
6526,https://climbing-history.org/climb/6526,Panic,7B+,Boulder problem,Cuvier Rempart,1,Jacky Godoffe,Boulder | worked,Before 29th Jan 2008,,7B+,16,8.0,2008-01-29,2008
5816,https://climbing-history.org/climb/5816,Down South,7B+,Boulder problem,Shoreditch Park Boulder,2,Toby Duprey,Boulder | worked,24th May 2011,,7B+,16,8.0,2011-05-24,2011
6460,https://climbing-history.org/climb/6460,Arya,7B+,Boulder problem,the Rhiw Goch Boulders,1,Jemma Powell,Boulder | worked,Mar 2014,,7B+,16,8.0,2014-03-01,2014
8330,https://climbing-history.org/climb/8330,Sheep Shifter,7B+,Boulder problem,Cave Dale,1,Jon Fullwood,Boulder | worked,Aug 2014,,7B+,16,8.0,2014-08-01,2014
387,https://climbing-history.org/climb/387,Tau Zero,7B+,Boulder problem,the Sour Milk Boulders,2,Jennifer Wood,Boulder | worked,12th May 2019,,7B+,16,8.0,2019-05-12,2019
4826,https://climbing-history.org/climb/4826,Pass the Duchy,7B+,Boulder problem,Dukes Seat Buttress,1,Jon Fullwood,Boulder | worked,Jan 2020,,7B+,16,8.0,2020-01-01,2020
2788,https://climbing-history.org/climb/2788,Regeneration Extension,7B+,Boulder problem,Gallt yr Ogof,2,Mimi White,Boulder | worked,12th Oct 2023,,7B+,16,8.0,2023-10-12,2023
3217,https://climbing-history.org/climb/3217,A Bigger Berry,7B+,Boulder problem,Simonside Woods,1,Dan Varian,Boulder | worked,,,7B+,16,8.0,,
3372,https://climbing-history.org/climb/3372,Mo's Undercut,7B+,Boulder problem,Sprotbrough,1,Mo Overfield,Boulder | worked,,,7B+,16,8.0,,
4021,https://climbing-history.org/climb/4021,L'Etrave,7B+,Boulder problem,J.A. Martin,1,Patrick Edlinger,Boulder | worked,,,7B+,16,8.0,,
4396,https://climbing-history.org/climb/4396,Jerry's Arete,7B+,Boulder problem,Bridestones,1,Jerry Peel,Boulder | worked,1970s,,7B+,16,8.0,,
5228,https://climbing-history.org/climb/5228,Calamity Jane,7B+,Boulder problem,Rocher d'Avon,1,Philippe Le Denmat,Boulder | worked,1994-1995,7B,7B+,16,8.0,,
5598,https://climbing-history.org/climb/5598,Fairer Times,7B+,Boulder problem,La Roche aux Sabots,1,Paul Houghoughi,Boulder | worked,1999-2003,,7B+,16,8.0,,
5829,https://climbing-history.org/climb/5829,Syrett’s Saunter,7B+,Boulder problem,Caley Crags,1,Al Manson,Boulder | worked,1970s,,7B+,16,8.0,,
6527,https://climbing-history.org/climb/6527,The Watchtower,7B+,Boulder problem,Cuvier Rempart,2,Jacky Godoffe,Boulder | worked,1st July 1997-1st September 2002,,7B+,16,8.0,,
6749,https://climbing-history.org/climb/6749,Magnolia,7B+,Boulder problem,Simon's Seat,1,Andy Swann,Boulder | worked,,,7B+,16,8.0,,
7224,https://climbing-history.org/climb/7224,Corps Accord,7B+,Boulder problem,Franchard Cuisiniere,1,Jacky Godoffe,Boulder | worked,,,7B+,16,8.0,,
7254,https://climbing-history.org/climb/7254,Directissima,7B+,Boulder problem,Wimberry Rocks,2,Miles Gibson,Boulder | worked,2000s,,7B+,16,8.0,,
7434,https://climbing-history.org/climb/7434,Ginsu,7B+,Boulder problem,Moores Wall,1,Eric Zschiesche,Boulder | worked,1980s,,7B+,16,8.0,,
8222,https://climbing-history.org/climb/8222,The Phonebook,7B+,Boulder problem,the Camp 4 Boulders,1,Randy Puro,Boulder | repeat,,,7B+,16,8.0,,
8304,https://climbing-history.org/climb/8304,Smokey on Fire,7B+,Boulder problem,Minnehaha,1,Kim Momb,Boulder | worked,1980s,,7B+,16,8.0,,
1229,https://climbing-history.org/climb/1229,Red Cross Overhang,7C,Boulder problem,Red Cross Rock,1,John Gill,Boulder | worked,1959,,7C,17,9.0,1959-01-01,1959
5420,https://climbing-history.org/climb/5420,Bernie The Bolt,7C,Boulder problem,Ilkley,1,Rob Gawthorpe,Lead | worked,1980,,7C,17,9.0,1980-01-01,1980
4399,https://climbing-history.org/climb/4399,Central Wall Direct,7C,Boulder problem,Dib Scar,1,Rob Gawthorpe,Boulder | worked,1982,,7C,17,9.0,1982-01-01,1982
979,https://climbing-history.org/climb/979,L'Abbé Résina,7C,Boulder problem,Bas Cuvier,4,Pierre Richard,Boulder | worked,1983,,7C,17,9.0,1983-01-01,1983
1238,https://climbing-history.org/climb/1238,Impropa Opera,7C,Boulder problem,The Bowderstone,9,Jerry Moffatt,Boulder | worked,1983,,7C,17,9.0,1983-01-01,1983
2067,https://climbing-history.org/climb/2067,Slapstick,7C,Boulder problem,The Bowderstone,2,Jerry Moffatt,Boulder | worked,1983,,7C,17,9.0,1983-01-01,1983
3331,https://climbing-history.org/climb/3331,Big Boss,7C,Boulder problem,Cuvier Rempart,6,Jacky Godoffe,Boulder | worked,1983,7B+,7C,17,9.0,1983-01-01,1983
3333,https://climbing-history.org/climb/3333,Tristesse,7C,Boulder problem,Cuvier Rempart,5,Jacky Godoffe,Boulder | worked,1983,,7C,17,9.0,1983-01-01,1983
1128,https://climbing-history.org/climb/1128,Sole Power,7C,Boulder problem,Froggatt Edge,2,Jerry Moffatt,Boulder | worked,2nd Jun 1983,E5,7C,17,9.0,1983-06-02,1983
3330,https://climbing-history.org/climb/3330,Fourmis Rouge,7C,Boulder problem,Cuvier Rempart,6,Jacky Godoffe,Boulder | worked,1984,7C+,7C,17,9.0,1984-01-01,1984
250,https://climbing-history.org/climb/250,Shirley's Shining Temple,7C,Boulder problem,Stanage,3,John Allen,Boulder | worked,9th Mar 1984,E5,7C,17,9.0,1984-03-09,1984
6780,https://climbing-history.org/climb/6780,Business Lunch,7C,Boulder problem,Froggatt Edge,1,John Allen,Boulder | worked,Aug 1984,,7C,17,9.0,1984-08-01,1984
5560,https://climbing-history.org/climb/5560,L'Ange Naïf,7C,Boulder problem,95.2,1,Alain Ghersen,Boulder | worked,1986,8A,7C,17,9.0,1986-01-01,1986
274,https://climbing-history.org/climb/274,Powerband,7C,Boulder problem,Raven Tor,6,Jerry Moffatt,Boulder | worked,1987,,7C,17,9.0,1987-01-01,1987
5823,https://climbing-history.org/climb/5823,Ben's Wall,7C,Boulder problem,Curbar Edge,2,Graham Hoey,Boulder | worked,1987,,7C,17,9.0,1987-01-01,1987
385,https://climbing-history.org/climb/385,Jerry's Roof,7C,Boulder problem,the Cromlech Boulders,5,Jerry Moffatt,Boulder | worked,1989,,7C,17,9.0,1989-01-01,1989
6525,https://climbing-history.org/climb/6525,Michel-Ange,7C,Boulder problem,Bas Cuvier,1,Jacky Godoffe,Boulder | worked,Before 28th Oct 1989,,7C,17,9.0,1989-10-28,1989
5831,https://climbing-history.org/climb/5831,Waite,7C,Boulder problem,Caley Crags,3,Matt Birch,Boulder | worked,1990,,7C,17,9.0,1990-01-01,1990
5830,https://climbing-history.org/climb/5830,Terry (pre-break),7C,Boulder problem,Caley Crags,1,Andy Swann,Boulder | worked,23rd Jun 1990,,7C,17,9.0,1990-06-23,1990
8209,https://climbing-history.org/climb/8209,Sur-Prises,7C,Boulder problem,Franchard Isatis,1,Marc Le Menestrel,Boulder | worked,Before 1st Oct 1990,,7C,17,9.0,1990-10-01,1990
2978,https://climbing-history.org/climb/2978,The Force,7C,Boulder problem,the Camp 4 Boulders,3,Jerry Moffatt,Boulder | worked,1991,,7C,17,9.0,1991-01-01,1991
5592,https://climbing-history.org/climb/5592,Lucky Luke,7C,Boulder problem,Bois Ronds,1,Marc Le Menestrel,Boulder | worked,1993,,7C,17,9.0,1993-01-01,1993
6101,https://climbing-history.org/climb/6101,La Dalle De Fer,7C,Boulder problem,Cuvier Merveille,2,Philippe Le Denmat,Boulder | worked,Before 1st Jan 1993,7B+,7C,17,9.0,1993-01-01,1993
7318,https://climbing-history.org/climb/7318,Sale Gosse,7C,Boulder problem,La Roche aux Sabots,1,Marc Le Menestrel,Boulder | worked,Before 14th Mar 1994,,7C,17,9.0,1994-03-14,1994
900,https://climbing-history.org/climb/900,The Angel's Share,7C,Boulder problem,Black Rocks,14,Johnny Dawes,Boulder | worked,19th Jun 1994,E8,7C,17,9.0,1994-06-19,1994
285,https://climbing-history.org/climb/285,Brad Pit,7C,Boulder problem,Stanage,15,Jason Myers,Boulder | worked,1995,8B,7C,17,9.0,1995-01-01,1995
3323,https://climbing-history.org/climb/3323,Pockets Traverse,7C,Boulder problem,Back Bowden Doors,2,Andy Earl,Boulder | worked,1995,,7C,17,9.0,1995-01-01,1995
4048,https://climbing-history.org/climb/4048,Super Trouper,7C,Boulder problem,Saddle Tor,2,John Gaskins,Boulder | worked,1995,,7C,17,9.0,1995-01-01,1995
7220,https://climbing-history.org/climb/7220,The Crack,7C,Boulder problem,Bowden Doors,2,Gavin Ellis,Boulder | worked,May 1996,,7C,17,9.0,1996-05-01,1996
6269,https://climbing-history.org/climb/6269,Zaff Skoczylas,7C,Boulder problem,Burbage North and West,2,Dawid Skoczylas,Boulder | worked,1997,,7C,17,9.0,1997-01-01,1997
2555,https://climbing-history.org/climb/2555,The Keel,7C,Boulder problem,Almscliff,2,Andy Swann,Boulder | worked,Before 1st Jan 1998,,7C,17,9.0,1998-01-01,1998
3340,https://climbing-history.org/climb/3340,Matière Grise,7C,Boulder problem,Drei Zinnen,1,Jacky Godoffe,Boulder | worked,1998,,7C,17,9.0,1998-01-01,1998
8227,https://climbing-history.org/climb/8227,The Joker,7C,Boulder problem,Spittle Hill,1,Kazimierz Pucia,Boulder | worked,1998,,7C,17,9.0,1998-01-01,1998
4813,https://climbing-history.org/climb/4813,Éclipse,7C,Boulder problem,Le Cul de Chien,2,Olivier Carrière,Boulder | worked,Before 16th Feb 1998,,7C,17,9.0,1998-02-16,1998
6171,https://climbing-history.org/climb/6171,New Blade,7C,Boulder problem,Earl Crag,1,Richie Patterson,Boulder | worked,27th Aug 1999,E7,7C,17,9.0,1999-08-27,1999
2240,https://climbing-history.org/climb/2240,Lager Lager Lager,7C,Boulder problem,Earl Crag,3,Dave Buchanan,Boulder | worked,2000,,7C,17,9.0,2000-01-01,2000
3808,https://climbing-history.org/climb/3808,Cindy Crawford,7C,Boulder problem,Ilkley,2,John Dunne,Solo | worked,2000,E8,7C,17,9.0,2000-01-01,2000
4766,https://climbing-history.org/climb/4766,Colt,7C,Boulder problem,Brownstones,1,Paul Robins,Boulder | worked,2000,,7C,17,9.0,2000-01-01,2000
5599,https://climbing-history.org/climb/5599,The Terrace,7C,Boulder problem,Burbage North and West,1,Paul Houghoughi,Boulder | worked,2000,,7C,17,9.0,2000-01-01,2000
5833,https://climbing-history.org/climb/5833,The Seam,7C,Boulder problem,the Grand Wall Boulders,2,Tim Doyle,Boulder | worked,2001,,7C,17,9.0,2001-01-01,2001
5824,https://climbing-history.org/climb/5824,Agrippa,7C,Boulder problem,Caley Crags,1,Andy Swann,Boulder | worked,10th Jun 2001,,7C,17,9.0,2001-06-10,2001
6753,https://climbing-history.org/climb/6753,Otzi,7C,Boulder problem,Caley Crags,1,Andy Swann,Boulder | worked,Aug 2001,,7C,17,9.0,2001-08-01,2001
5801,https://climbing-history.org/climb/5801,Goya,7C,Boulder problem,Black Rocks,1,Tom de Gay,Boulder | worked,13th Sep 2001,,7C,17,9.0,2001-09-13,2001
5358,https://climbing-history.org/climb/5358,Dolemite,7C,Boulder problem,Quantum Field,1,Lucky Chance,Boulder | worked,2002,,7C,17,9.0,2002-01-01,2002
6380,https://climbing-history.org/climb/6380,Irréversible,7C,Boulder problem,Maunoury,1,Julien Nadiras,Boulder | worked,2002,,7C,17,9.0,2002-01-01,2002
4768,https://climbing-history.org/climb/4768,The Priory,7C,Boulder problem,Craig y Longridge,1,Paul Robins,Boulder | worked,May 2002,,7C,17,9.0,2002-05-01,2002
4126,https://climbing-history.org/climb/4126,Alan Smith,7C,Boulder problem,Hound Tor,1,Dave Henderson,Boulder | worked,2003,,7C,17,9.0,2003-01-01,2003
6079,https://climbing-history.org/climb/6079,My Buddy the Apple,7C,Boulder problem,Rowtor Rocks,1,Ben Bransby,Boulder | worked,2004,,7C,17,9.0,2004-01-01,2004
3193,https://climbing-history.org/climb/3193,Heaven In Your Hands,7C,Boulder problem,Brandrith,1,Dave Sutcliffe,Boulder | worked,Apr 2004,,7C,17,9.0,2004-04-01,2004
4195,https://climbing-history.org/climb/4195,Tea Garden Roof,7C,Boulder problem,Tea Garden,4,Fred Nicole,Boulder | worked,2005,,7C,17,9.0,2005-01-01,2005
4387,https://climbing-history.org/climb/4387,The Governor,7C,Boulder problem,Hepburn,1,Andy Cowley,Boulder | worked,9th Oct 2005,,7C,17,9.0,2005-10-09,2005
3433,https://climbing-history.org/climb/3433,Standing on the Shoulders of Giants,7C,Boulder problem,The Buttermilks,2,Sonnie Trotter,Boulder | worked,2006,,7C,17,9.0,2006-01-01,2006
5622,https://climbing-history.org/climb/5622,Kumite,7C,Boulder problem,Mizugaki,1,Jason Kehl,Boulder | worked,Jun 2006,7C+,7C,17,9.0,2006-06-01,2006
5818,https://climbing-history.org/climb/5818,Morse Code,7C,Boulder problem,Spittle Hill,4,Derek Thatcher,Boulder | worked,7th Jun 2006,,7C,17,9.0,2006-06-07,2006
275,https://climbing-history.org/climb/275,Ben's Roof,7C,Boulder problem,Raven Tor,21,Lucy Creamer,Boulder | worked,Oct 2006,,7C,17,9.0,2006-10-01,2006
6078,https://climbing-history.org/climb/6078,My Prune,7C,Boulder problem,Robin Hood's Stride,1,Ben Bransby,Boulder | ground up,Jan 2007,,7C,17,9.0,2007-01-01,2007
3980,https://climbing-history.org/climb/3980,The Sausage King of Meersbrook,7C,Boulder problem,Gardom's Edge,1,Iain Farrar,Boulder | worked,16th Apr 2008,,7C,17,9.0,2008-04-16,2008
1460,https://climbing-history.org/climb/1460,Cornelius,7C,Boulder problem,Ina's Rock and Alton Cliff,2,Rob Mirfin,Solo | worked,31st Jul 2008,E8,7C,17,9.0,2008-07-31,2008
271,https://climbing-history.org/climb/271,Rock Atrocity,7C,Boulder problem,Parisella's Cave,9,Mina Leslie-Wujastyk,Boulder | worked,20th May 2009,,7C,17,9.0,2009-05-20,2009
270,https://climbing-history.org/climb/270,Powerstrips,7C,Boulder problem,Chironico,3,Therese Johansen,Boulder | worked,5th Mar 2010,,7C,17,9.0,2010-03-05,2010
7584,https://climbing-history.org/climb/7584,N.N.,7C,Boulder problem,Salvanebleau,1,Helena Alemán Sobrino,Boulder | worked,24th Oct 2010,,7C,17,9.0,2010-10-24,2010
5787,https://climbing-history.org/climb/5787,L'Angle Parfait,7C,Boulder problem,Millstone Edge,1,Iain Farrar,Boulder | worked,3rd Jan 2011,8A,7C,17,9.0,2011-01-03,2011
7531,https://climbing-history.org/climb/7531,Rooi Klavier,7C,Boulder problem,Roadcrew,1,Tonje Østerlie,Boulder | worked,10th Jul 2012,,7C,17,9.0,2012-07-10,2012
268,https://climbing-history.org/climb/268,Dr Crimp,7C,Boulder problem,Chironico,3,Penny Orr,Boulder | worked,Apr 2014,,7C,17,9.0,2014-04-01,2014
7518,https://climbing-history.org/climb/7518,AWOL Apprentice,7C,Boulder problem,Tintagel North,2,Tom Newberry,Boulder | worked,Before 1st Aug 2014,,7C,17,9.0,2014-08-01,2014
277,https://climbing-history.org/climb/277,Coronary Bypass,7C,Boulder problem,Edlingham,1,Alison Monks,Boulder | worked,13th Sep 2014,,7C,17,9.0,2014-09-13,2014
3024,https://climbing-history.org/climb/3024,Yankee Doodle Dandy,7C,Boulder problem,Lustleigh Cleave,1,Walker Kearney,Boulder | worked,2015,,7C,17,9.0,2015-01-01,2015
4130,https://climbing-history.org/climb/4130,Lazy Colon,7C,Boulder problem,Bovey Woods,1,Walker Kearney,Boulder | worked,2015,,7C,17,9.0,2015-01-01,2015
272,https://climbing-history.org/climb/272,Fish Pie,7C,Boulder problem,Pigeon's Cave,4,Charlie Torrance,Boulder | worked,29th Apr 2015,,7C,17,9.0,2015-04-29,2015
2671,https://climbing-history.org/climb/2671,Sword and Shield,7C,Boulder problem,Mynydd Dinas,1,Eliot Stephens,Boulder | worked,27th Jun 2016,,7C,17,9.0,2016-06-27,2016
4824,https://climbing-history.org/climb/4824,Proper Gander,7C,Boulder problem,The Roaches,1,Jon Fullwood,Boulder | worked,24th Sep 2016,,7C,17,9.0,2016-09-24,2016
282,https://climbing-history.org/climb/282,Fat Cat Roof,7C,Boulder problem,Dinas Rock,3,Llinos Cassidy,Boulder | worked,6th Nov 2016,,7C,17,9.0,2016-11-06,2016
5295,https://climbing-history.org/climb/5295,Polypnée,7C,Boulder problem,Rocher Gréau,1,Niccolò Ceria,Boulder | worked,2017,,7C,17,9.0,2017-01-01,2017
7532,https://climbing-history.org/climb/7532,Snake Cave,7C,Boulder problem,Roadside,1,Eline Næsheim,Boulder | worked,8th Jul 2017,,7C,17,9.0,2017-07-08,2017
7558,https://climbing-history.org/climb/7558,An Amal Roof,7C,Boulder problem,Sassies,1,Eline Næsheim,Boulder | worked,1st Aug 2017,,7C,17,9.0,2017-08-01,2017
269,https://climbing-history.org/climb/269,Paint it Black,7C,Boulder problem,Blackwell Dale,4,Rowanne Bennett-Waters,Boulder | worked,2018,,7C,17,9.0,2018-01-01,2018
4823,https://climbing-history.org/climb/4823,Under the Greenwood Tree,7C,Boulder problem,Lees Bottom,5,Jon Fullwood,Boulder | worked,11th Sep 2018,,7C,17,9.0,2018-09-11,2018
3274,https://climbing-history.org/climb/3274,Hannibal,7C,Boulder problem,Tom's Cave,1,Kay Bain,Boulder | worked,2019,,7C,17,9.0,2019-01-01,2019
4834,https://climbing-history.org/climb/4834,The Cast-Off,7C,Boulder problem,Hope's Nose,1,Alexis Perry,Boulder | worked,10th Jan 2019,,7C,17,9.0,2019-01-10,2019
4833,https://climbing-history.org/climb/4833,Emil Fischer,7C,Boulder problem,Hope's Nose,1,Alexis Perry,Boulder | worked,18th Feb 2019,,7C,17,9.0,2019-02-18,2019
7844,https://climbing-history.org/climb/7844,Den nakne og havet,7C,Boulder problem,Sirevåg,1,Eva Helgø Kragset,Boulder | worked,3rd Mar 2019,,7C,17,9.0,2019-03-03,2019
6323,https://climbing-history.org/climb/6323,De Fortapte Barns By,7C,Boulder problem,Østmarka,2,Sunniva Øvre-Eide,Boulder | worked,16th May 2019,,7C,17,9.0,2019-05-16,2019
7845,https://climbing-history.org/climb/7845,Borrelian Rhapsody,7C,Boulder problem,Lysemyra,1,Eva Helgø Kragset,Boulder | worked,11th Jul 2019,,7C,17,9.0,2019-07-11,2019
7559,https://climbing-history.org/climb/7559,De Jah Pra Djah,7C,Boulder problem,Milho Verde,1,Eline Næsheim,Boulder | worked,20th Sep 2019,,7C,17,9.0,2019-09-20,2019
4832,https://climbing-history.org/climb/4832,Babycham,7C,Boulder problem,Hope's Nose,1,Alexis Perry,Boulder | worked,27th Oct 2019,,7C,17,9.0,2019-10-27,2019
3001,https://climbing-history.org/climb/3001,Diagon Alley,7C,Boulder problem,Stanage,3,Sam Lawson,Boulder | worked,2020,,7C,17,9.0,2020-01-01,2020
7533,https://climbing-history.org/climb/7533,Bomber og Granater (ss),7C,Boulder problem,Østmarka,1,Reidun Romundstad,Boulder | worked,25th Apr 2020,,7C,17,9.0,2020-04-25,2020
7534,https://climbing-history.org/climb/7534,Oriflamme,7C,Boulder problem,Birkeland,1,Edel Lemvik,Boulder | worked,6th May 2020,,7C,17,9.0,2020-05-06,2020
384,https://climbing-history.org/climb/384,Hellebore,7C,Boulder problem,Stronstrey Bank Quarry,1,Jennifer Wood,Boulder | worked,7th Jun 2020,,7C,17,9.0,2020-06-07,2020
1503,https://climbing-history.org/climb/1503,Purley Belter,7C,Boulder problem,Shaftoe Crags,1,Elle Partington,Boulder | worked,11th Jun 2020,,7C,17,9.0,2020-06-11,2020
273,https://climbing-history.org/climb/273,Taylor Made,7C,Boulder problem,Dinas Rock,8,Liv Pearson,Boulder | worked,18th Jul 2020,,7C,17,9.0,2020-07-18,2020
289,https://climbing-history.org/climb/289,Intermezzo,7C,Boulder problem,Magic Wood,1,Elle Partington,Boulder | worked,19th Aug 2020,,7C,17,9.0,2020-08-19,2020
264,https://climbing-history.org/climb/264,Peckitt's Traverse,7C,Boulder problem,Biblins Cave,4,Liv Pearson,Boulder | worked,26th Aug 2020,,7C,17,9.0,2020-08-26,2020
972,https://climbing-history.org/climb/972,Fine Beta,7C,Boulder problem,Anston Stones Wood,1,Danielle Abbey,Boulder | worked,25th Feb 2021,,7C,17,9.0,2021-02-25,2021
280,https://climbing-history.org/climb/280,Welcome to Tijuana,7C,Boulder problem,Apremont,2,Camilla Pettersen,Boulder | worked,28th Feb 2021,,7C,17,9.0,2021-02-28,2021
1068,https://climbing-history.org/climb/1068,Tusk,7C,Boulder problem,Elephantitus Cave,2,Charlie Torrance,Boulder | worked,16th Mar 2021,,7C,17,9.0,2021-03-16,2021
7726,https://climbing-history.org/climb/7726,Big Nose Milly,7C,Boulder problem,Hueco Tanks,1,Rannveig Aamodt,Boulder | worked,30th Mar 2021,,7C,17,9.0,2021-03-30,2021
3189,https://climbing-history.org/climb/3189,The Hygenist,7C,Boulder problem,Rylstone,1,Dave Sutcliffe,Boulder | worked,May 2021,,7C,17,9.0,2021-05-01,2021
1239,https://climbing-history.org/climb/1239,Precious,7C,Boulder problem,the Glen Croe Boulders,1,Hannah Hayes,Boulder | worked,17th May 2021,,7C,17,9.0,2021-05-17,2021
1504,https://climbing-history.org/climb/1504,The Prow,7C,Boulder problem,Carrock Fell Crag,5,Elle Partington,Boulder | worked,14th Aug 2021,,7C,17,9.0,2021-08-14,2021
2556,https://climbing-history.org/climb/2556,Demon Wall Roof Left-Hand,7C,Boulder problem,Almscliff,1,Holly Murray,Boulder | worked,16th Jan 2022,,7C,17,9.0,2022-01-16,2022
1833,https://climbing-history.org/climb/1833,Nazgul's Traverse,7C,Boulder problem,the Rhiw Goch Boulders,1,Molly Thompson-Smith,Boulder | flash,20th Mar 2022,,7C,17,9.0,2022-03-20,2022
2328,https://climbing-history.org/climb/2328,Clockwork Orange,7C,Boulder problem,Craig Peniel,5,Tala Hepburn,Boulder | worked,22nd Aug 2022,,7C,17,9.0,2022-08-22,2022
2101,https://climbing-history.org/climb/2101,Made By Magic,7C,Boulder problem,Dinas Rock,2,Jessica Sakura Ward,Boulder | worked,Sep 2022,,7C,17,9.0,2022-09-01,2022
2327,https://climbing-history.org/climb/2327,Kung Fu Panda,7C,Boulder problem,Magic Wood,1,Tala Hepburn,Boulder | worked,23rd Sep 2022,,7C,17,9.0,2022-09-23,2022
7452,https://climbing-history.org/climb/7452,Daihang,7C,Boulder problem,SSK,1,Yuji Hirayama,Boulder | worked,Before 9th Nov 2022,,7C,17,9.0,2022-11-09,2022
2817,https://climbing-history.org/climb/2817,Cosmic Wheels,7C,Boulder problem,the Mallory Boulder,2,Shauna Coxsey,Boulder | flash,2023,,7C,17,9.0,2023-01-01,2023
2329,https://climbing-history.org/climb/2329,Addiction (Stand Start),7C,Boulder problem,Roche Abbey,1,Tala Hepburn,Boulder | worked,8th Jan 2023,,7C,17,9.0,2023-01-08,2023
3194,https://climbing-history.org/climb/3194,The Siberian,7C,Boulder problem,Crookrise,1,Dave Sutcliffe,Boulder | worked,4th Apr 2023,,7C,17,9.0,2023-04-04,2023
2479,https://climbing-history.org/climb/2479,Little Northumberland,7C,Boulder problem,Nesscliffe,1,Sara Dusza,Boulder | worked,Before 26th Apr 2023,,7C,17,9.0,2023-04-26,2023
2549,https://climbing-history.org/climb/2549,Left Wing,7C,Boulder problem,Three Cliffs Bay,1,Tala Hepburn,Boulder | flash,21st May 2023,,7C,17,9.0,2023-05-21,2023
3946,https://climbing-history.org/climb/3946,Wolverine,7C,Boulder problem,Apremont,1,Abbi Mcdonald,Boulder | worked,12th Jul 2023,,7C,17,9.0,2023-07-12,2023
2655,https://climbing-history.org/climb/2655,Bara Brith,7C,Boulder problem,Clogwyn y Bustach,3,Katie Maxwell,Boulder | worked,20th Jul 2023,,7C,17,9.0,2023-07-20,2023
7552,https://climbing-history.org/climb/7552,Reimei,7C,(approx) Boulder problem,Ojiragawa Gorge,1,Teruhito Oki,Boulder | worked,Before 4th Sep 2023,,7C,17,9.0,2023-09-04,2023
2792,https://climbing-history.org/climb/2792,Chasing Rainbows,7C,Boulder problem,Round Crag,1,Tina Breslin,Boulder | worked,14th Oct 2023,,7C,17,9.0,2023-10-14,2023
3436,https://climbing-history.org/climb/3436,Bagheera,7C,Boulder problem,Maunoury,2,Erwan Lievin,Boulder | worked,May 2024,,7C,17,9.0,2024-05-01,2024
278,https://climbing-history.org/climb/278,Jess' Roof,7C,Boulder problem,Almscliff,2,Elle Partington,Boulder | worked,20th May 2024,,7C,17,9.0,2024-05-20,2024
4193,https://climbing-history.org/climb/4193,Mine de Rien (assis),7C,Boulder problem,91.1,3,Cait Leitch,Boulder | worked,5th Jun 2024,,7C,17,9.0,2024-06-05,2024
281,https://climbing-history.org/climb/281,Le Carnage (assis),7C,Boulder problem,Bas Cuvier,2,Abbi Mcdonald,Boulder | worked,17th Jun 2024,,7C,17,9.0,2024-06-17,2024
4191,https://climbing-history.org/climb/4191,A Bigger Splash Direct (Kneeling Start),7C,Boulder problem,Water-Cum-Jolly,2,Cait Leitch,Boulder | worked,4th Aug 2024,,7C,17,9.0,2024-08-04,2024
4202,https://climbing-history.org/climb/4202,The Barrel,7C,Boulder problem,Sand Point,2,Grace Shepherd,Boulder | worked,9th Sep 2024,,7C,17,9.0,2024-09-09,2024
4192,https://climbing-history.org/climb/4192,La Fuente,7C,Boulder problem,Albarracín,3,Cait Leitch,Boulder | worked,25th Oct 2024,,7C,17,9.0,2024-10-25,2024
4806,https://climbing-history.org/climb/4806,Pit Traverse,7C,Boulder problem,the Milestone Buttress Boulders,2,Harriet Ridley,Boulder | worked,Jan 2025,,7C,17,9.0,2025-01-01,2025
5084,https://climbing-history.org/climb/5084,EVA,7C,Boulder problem,The Buttermilks,1,Nina Williams,Boulder | worked,2025,,7C,17,9.0,2025-01-01,2025
7846,https://climbing-history.org/climb/7846,Morning Glory,7C,Boulder problem,Crafnant,1,Ferdia Earle,Boulder | worked,Mar 2025,,7C,17,9.0,2025-03-01,2025
5232,https://climbing-history.org/climb/5232,Doctor Direct,7C,Boulder problem,Chironico,1,Laura Munro,Boulder | worked,21st Mar 2025,,7C,17,9.0,2025-03-21,2025
5119,https://climbing-history.org/climb/5119,Call of Duty,7C,Boulder problem,Chironico,1,Kirsten Taylor,Boulder | worked,Apr 2025,,7C,17,9.0,2025-04-01,2025
7410,https://climbing-history.org/climb/7410,Buddha Belly Low,7C,Boulder problem,Maes Newyddion Woods,3,Daina Leigh,Boulder | worked,9th Apr 2025,,7C,17,9.0,2025-04-09,2025
7535,https://climbing-history.org/climb/7535,Smågjedden,7C,Boulder problem,Matre,1,Andrine Ask Tverlid,Boulder | worked,25th Jun 2025,,7C,17,9.0,2025-06-25,2025
276,https://climbing-history.org/climb/276,Sprung,7C,Boulder problem,Bowden Doors,3,Connie Rawlins,Boulder | worked,30th Aug 2025,,7C,17,9.0,2025-08-30,2025
5793,https://climbing-history.org/climb/5793,Runnel Vision,7C,(approx) Boulder problem,Flock Hill,1,Alec McCallum,Boulder | worked,Before 4th Sep 2025,,7C,17,9.0,2025-09-04,2025
7506,https://climbing-history.org/climb/7506,Not Bad Dave,7C,Boulder problem,Woodwell,2,Molly Hymes,Boulder | worked,Apr 2026,,7C,17,9.0,2026-04-01,2026
8147,https://climbing-history.org/climb/8147,Sean’s Problem,7C,Boulder problem,Crag X,1,Cait Leitch,Boulder | worked,Before 23rd Jul 2026,,7C,17,9.0,2026-07-23,2026
287,https://climbing-history.org/climb/287,Stalker on the Horizon,7C,Boulder problem,the Rhino Boulders,2,Ingrid Kindlihagen,Boulder | flash,21st Aug 2026,,7C,17,9.0,2026-08-21,2026
265,https://climbing-history.org/climb/265,Bat Bites Back Again,7C,Boulder problem,Biblins Cave,1,Emily Fell,Boulder | worked,,,7C,17,9.0,,
267,https://climbing-history.org/climb/267,Jack the Chipper,7C,Boulder problem,Magic Wood,1,Emily Fell,Boulder | worked,,,7C,17,9.0,,
279,https://climbing-history.org/climb/279,Man of Cow,7C,Boulder problem,Magic Wood,1,Lily Fitzgibbon,Boulder | worked,,,7C,17,9.0,,
283,https://climbing-history.org/climb/283,Oreo,7C,Boulder problem,Vargklippan,1,Kate Ennis,Boulder | worked,,,7C,17,9.0,,
284,https://climbing-history.org/climb/284,Enchantress,7C,Boulder problem,Forest Rock,1,Evelyn Dearlove,Boulder | worked,,,7C,17,9.0,,
286,https://climbing-history.org/climb/286,Left Wall High,7C,Boulder problem,Parisella's Cave,2,Maddy Cope,Boulder | worked,,,7C,17,9.0,,
288,https://climbing-history.org/climb/288,Anti-hero (full),7C,Boulder problem,Forest Rock,1,Tess Bennett,Boulder | worked,,,7C,17,9.0,,
528,https://climbing-history.org/climb/528,Mr. Poppers,7C,Boulder problem,Rocher Brûlé,1,Livvy Gent,Boulder | worked,,,7C,17,9.0,,
823,https://climbing-history.org/climb/823,ToeJam & Earl,7C,Boulder problem,Carrock Fell Crag,1,Maddy Cope,Boulder | worked,,,7C,17,9.0,,
3125,https://climbing-history.org/climb/3125,Beth's Traverse,7C,Boulder problem,Goldsborough Carr,1,Ian Cummins,Boulder | worked,,,7C,17,9.0,,
3128,https://climbing-history.org/climb/3128,In the Flick of Time,7C,Boulder problem,Burbage North and West,1,Neil Travers,Boulder | worked,,,7C,17,9.0,,
3219,https://climbing-history.org/climb/3219,Awooga,7C,Boulder problem,Simonside Woods,2,Dan Varian,Boulder | worked,,,7C,17,9.0,,
3269,https://climbing-history.org/climb/3269,Spitting Venom,7C,Boulder problem,the Kraft Boulders,1,Teresa Coimbra,Boulder | worked,1st-2nd March 2024,,7C,17,9.0,,
3977,https://climbing-history.org/climb/3977,Pea Crab Shuffle,7C,Boulder problem,Froggatt Edge,1,Iain Farrar,Boulder | worked,,,7C,17,9.0,,
4767,https://climbing-history.org/climb/4767,Colon Power,7C,Boulder problem,Craig y Longridge,1,Paul Robins,Boulder | worked,,,7C,17,9.0,,
4788,https://climbing-history.org/climb/4788,Traci Lords,7C,Boulder problem,the Coniston Boulders,1,Greg Chapman,Boulder | worked,,,7C,17,9.0,,
5300,https://climbing-history.org/climb/5300,Alta,7C,Boulder problem,Franchard Isatis,4,Alain Ghersen,Boulder | worked,1980s,,7C,17,9.0,,
5365,https://climbing-history.org/climb/5365,Apollo,7C,Boulder problem,Bas Cuvier,1,Charles Albert,Boulder | worked,,,7C,17,9.0,,
5572,https://climbing-history.org/climb/5572,Infidèle,7C,Boulder problem,Bas Cuvier,2,Alain Ghersen,Boulder | worked,1980s,7C+,7C,17,9.0,,
5700,https://climbing-history.org/climb/5700,Robbed at Dunn Point,7C,Boulder problem,Eavestone Crag,1,Steve Dunning,Boulder | worked,,,7C,17,9.0,,
5814,https://climbing-history.org/climb/5814,Flatworld,7C,Boulder problem,Baslow Edge,1,Allen Williams,Boulder | worked,1990s,,7C,17,9.0,,
6356,https://climbing-history.org/climb/6356,La Reine des Bois,7C,Boulder problem,Franchard Cuisiniere,1,Manuel Marquès,Boulder | worked,,,7C,17,9.0,,
6747,https://climbing-history.org/climb/6747,The U-Tube,7C,Boulder problem,Brimham Rocks,1,Andy Swann,Boulder | worked,,,7C,17,9.0,,
7350,https://climbing-history.org/climb/7350,Keep in Touch,7C,Boulder problem,Franchard Cuisiniere,1,Antoine Vandeputte,Boulder | worked,,,7C,17,9.0,,
7435,https://climbing-history.org/climb/7435,Zschiesche's Roof,7C/E8,Boulder problem,Devils Lake,1,Eric Zschiesche,Lead | worked,1990s,,7C,17,9.0,,
7551,https://climbing-history.org/climb/7551,Vogelfrei,7C,Boulder problem,Ersfjorden,1,Birgit Nesheim,Boulder | worked,2021-2022,,7C,17,9.0,,
7986,https://climbing-history.org/climb/7986,Envie d’Ailes,7C,Boulder problem,Éléphant,1,Alain Ghersen,Boulder | worked,1980s,,7C,17,9.0,,
8155,https://climbing-history.org/climb/8155,The Deflow,7C,Boulder problem,,1,Colin Pohl,Boulder | worked,1st May 1994-1st June 1995,,7C,17,9.0,,
8305,https://climbing-history.org/climb/8305,The Groove,7C+,Boulder problem,Pueblo,1,John Gill,Boulder | worked,1978,,7C+,18,10.0,1978-01-01,1978
259,https://climbing-history.org/climb/259,Walk On By,7C+,Boulder problem,Curbar Edge,6,Rob Gawthorpe,Boulder | worked,1980,,7C+,18,10.0,1980-01-01,1980
4400,https://climbing-history.org/climb/4400,Haston Dyno,7C+,Boulder problem,The Breck,2,Stevie Haston,Boulder | worked,1980,,7C+,18,10.0,1980-01-01,1980
3392,https://climbing-history.org/climb/3392,Le Surplomb de la Mée (Pre-Break),7C+,Boulder problem,Rocher du Potala,3,Alain Ghersen,Boulder | worked,1983,,7C+,18,10.0,1983-01-01,1983
986,https://climbing-history.org/climb/986,Thriller,7C+,Boulder problem,the Camp 4 Boulders,6,Ron Kauk,Boulder | worked,1984,,7C+,18,10.0,1984-01-01,1984
1548,https://climbing-history.org/climb/1548,Hypothèse,7C+,Boulder problem,Bas Cuvier,1,Jacky Godoffe,Boulder | worked,1985,,7C+,18,10.0,1985-01-01,1985
763,https://climbing-history.org/climb/763,Toy Boy,7C+,Boulder problem,Froggatt Edge,3,Ron Fawcett,Boulder | worked,1986,,7C+,18,10.0,1986-01-01,1986
2560,https://climbing-history.org/climb/2560,La Balance,7C+,Boulder problem,Bas Cuvier,3,Jacky Godoffe,Boulder | worked,1986,8A,7C+,18,10.0,1986-01-01,1986
5261,https://climbing-history.org/climb/5261,Neon Dust Direct,7C+,Boulder problem,Froggatt Edge,1,Ron Fawcett,Solo,1986,,7C+,18,10.0,1986-01-01,1986
6295,https://climbing-history.org/climb/6295,Scoop de Grace,7C+,Boulder problem,Running Hill Pits,4,Dougie Hall,Solo,May 1987,E5,7C+,18,10.0,1987-05-01,1987
3332,https://climbing-history.org/climb/3332,Big Golden,7C+,Boulder problem,Cuvier Rempart,7,Olivier Carrière,Boulder | worked,1988,,7C+,18,10.0,1988-01-01,1988
5772,https://climbing-history.org/climb/5772,Apothéose,7C+,Boulder problem,Bas Cuvier,1,Alain Ghersen,Boulder | worked,1988,,7C+,18,10.0,1988-01-01,1988
7335,https://climbing-history.org/climb/7335,T-Rex,7C+,Boulder problem,Cuvier Rempart,1,Olivier Carrière,Boulder | worked,1988,,7C+,18,10.0,1988-01-01,1988
2182,https://climbing-history.org/climb/2182,Slingshot,7C+,Boulder problem,Froggatt Edge,2,Jerry Moffatt,Top Rope | worked,Dec 1988,8A,7C+,18,10.0,1988-12-01,1988
749,https://climbing-history.org/climb/749,County Ethics,7C+,Boulder problem,Back Bowden Doors,5,Dave Cuthbertson,Lead | worked,1990,,7C+,18,10.0,1990-01-01,1990
5791,https://climbing-history.org/climb/5791,After Midnight,7C+,Boulder problem,the Camp 4 Boulders,3,Jerry Moffatt,Top Rope | worked,1993,,7C+,18,10.0,1993-01-01,1993
903,https://climbing-history.org/climb/903,Elm Street,7C+/E7,Boulder problem,Millstone Edge,5,Adrian Berry,Solo | worked,1994,,7C+,18,10.0,1994-01-01,1994
2520,https://climbing-history.org/climb/2520,Haute Tension,7C+,Boulder problem,Cuvier Rempart,2,Jacky Godoffe,Boulder | worked,1994,,7C+,18,10.0,1994-01-01,1994
6099,https://climbing-history.org/climb/6099,Lune de Fiel,7C+,Boulder problem,Bas Cuvier,1,Emmanuel Ratouis,Boulder | worked,1994,,7C+,18,10.0,1994-01-01,1994
3438,https://climbing-history.org/climb/3438,The Cocoa Team Special,7C+,Boulder problem,Rylstone,1,Tim Clifford,Boulder | worked,1995,,7C+,18,10.0,1995-01-01,1995
252,https://climbing-history.org/climb/252,Caroline,7C+,Boulder problem,Roadside,8,Fred Nicole,Boulder | worked,1996,,7C+,18,10.0,1996-01-01,1996
2467,https://climbing-history.org/climb/2467,Born Lippy,7C+,Boulder problem,Bowden Doors,2,Gavin Ellis,Boulder | worked,May 1996,,7C+,18,10.0,1996-05-01,1996
262,https://climbing-history.org/climb/262,Lou Ferrino,7C+,Boulder problem,Parisella's Cave,7,Chris Davies,Boulder | worked,1997,,7C+,18,10.0,1997-01-01,1997
257,https://climbing-history.org/climb/257,Mégalithe,7C+,Boulder problem,Rocher Gréau,4,Philippe Le Denmat,Boulder | worked,Before 1st Jul 1997,,7C+,18,10.0,1997-07-01,1997
7150,https://climbing-history.org/climb/7150,In Bloom,7C+,Boulder problem,Dumbarton Rock,1,Dave MacLeod,Boulder | worked,1998,,7C+,18,10.0,1998-01-01,1998
5594,https://climbing-history.org/climb/5594,Halloween,7C+,Boulder problem,Buthiers,1,Catherine Miquel,Boulder | worked,1999,,7C+,18,10.0,1999-01-01,1999
2618,https://climbing-history.org/climb/2618,The Young,7C+,Boulder problem,Callaly,7,Andy Earl,Boulder | worked,2000,E8,7C+,18,10.0,2000-01-01,2000
3337,https://climbing-history.org/climb/3337,Miséricorde,7C+,Boulder problem,Franchard Cuisiniere,3,Manuel Marquès,Boulder | worked,2000,,7C+,18,10.0,2000-01-01,2000
5738,https://climbing-history.org/climb/5738,Slim Shady,7C+,Boulder problem,Earl Crag,1,Dave Buchanan,Boulder | worked,2000,8A,7C+,18,10.0,2000-01-01,2000
8195,https://climbing-history.org/climb/8195,House of Pain,7C+,Boulder problem,Spittle Hill,2,Boone Speed,Boulder | worked,2000,,7C+,18,10.0,2000-01-01,2000
8153,https://climbing-history.org/climb/8153,Check Your Head,7C+,Boulder problem,Baring Head,1,Sebastian Loewensteijn,Boulder | worked,Mar 2000,,7C+,18,10.0,2000-03-01,2000
8196,https://climbing-history.org/climb/8196,Everythings Gone Green,7C+,Boulder problem,Quantum Field,1,John Palmer,Boulder | worked,1st Nov 2000,,7C+,18,10.0,2000-11-01,2000
3430,https://climbing-history.org/climb/3430,Zero Zero,7C+,Boulder problem,the Grand Wall Boulders,1,Thomasina Pidgeon,Boulder | worked,11th Jul 2001,,7C+,18,10.0,2001-07-11,2001
7456,https://climbing-history.org/climb/7456,Himo,7C+,Boulder problem,Mitsumine,2,Tokio Muroi,Boulder | worked,Before 1st Oct 2001,,7C+,18,10.0,2001-10-01,2001
1529,https://climbing-history.org/climb/1529,Devon Sent,7C+,Boulder problem,Bovey Woods,3,Dave Henderson,Boulder | worked,2003,,7C+,18,10.0,2003-01-01,2003
7562,https://climbing-history.org/climb/7562,Speed of Life,7C+,Boulder problem,Farley,2,Dave Graham,Boulder | worked,Before 1st Jan 2003,,7C+,18,10.0,2003-01-01,2003
6651,https://climbing-history.org/climb/6651,In Tokyo!,7C+,Boulder problem,Mitake,4,Keita Mogaki,Boulder | worked,Dec 2004,8A,7C+,18,10.0,2004-12-01,2004
2517,https://climbing-history.org/climb/2517,Lesson Six,7C+,Boulder problem,the Grand Wall Boulders,2,Jason Kehl,Boulder | worked,2005,,7C+,18,10.0,2005-01-01,2005
6080,https://climbing-history.org/climb/6080,Three Hundred Pounds of Musclin’ Man,7C+,Boulder problem,Cratcliffe Tor,1,Ben Bransby,Boulder | worked,2005,,7C+,18,10.0,2005-01-01,2005
1618,https://climbing-history.org/climb/1618,Information Highway Revisited,7C+,Boulder problem,Lower Montcliffe Quarry,1,John Gaskins,Boulder | worked,2006,,7C+,18,10.0,2006-01-01,2006
4385,https://climbing-history.org/climb/4385,Six Degrees,7C+,Boulder problem,the Camp 4 Boulders,1,Randy Puro,Boulder | worked,2006,,7C+,18,10.0,2006-01-01,2006
256,https://climbing-history.org/climb/256,Trente Six,7C+,Boulder problem,Saint Léger,1,Lucy Creamer,Boulder | worked,2007,,7C+,18,10.0,2007-01-01,2007
5356,https://climbing-history.org/climb/5356,The Pool,7C+,Boulder problem,the Grand Wall Boulders,1,Tim Doyle,Boulder | worked,2007,,7C+,18,10.0,2007-01-01,2007
6207,https://climbing-history.org/climb/6207,Big Foot,7C+,Boulder problem,Gloppedalen,1,Therese Johansen,Boulder | worked,2007,,7C+,18,10.0,2007-01-01,2007
3979,https://climbing-history.org/climb/3979,My Orange,7C+,Boulder problem,Froggatt Edge,1,Iain Farrar,Boulder | worked,Before 1st Jan 2009,,7C+,18,10.0,2009-01-01,2009
5878,https://climbing-history.org/climb/5878,Groove Armada,7C+,Boulder problem,the Coniston Boulders,3,Jordan Buys,Boulder | worked,2009,,7C+,18,10.0,2009-01-01,2009
5357,https://climbing-history.org/climb/5357,River of Life,7C+,Boulder problem,Turningstone Edge,2,James Pearson,Boulder | worked,2010,,7C+,18,10.0,2010-01-01,2010
2529,https://climbing-history.org/climb/2529,Fuerte a Muerte,7C+,Boulder problem,Albarracín,1,Leah Crane,Boulder | worked,7th Apr 2010,,7C+,18,10.0,2010-04-07,2010
4741,https://climbing-history.org/climb/4741,Ill Gotten Gains Direct,7C+,Boulder problem,Eastby Crag,2,Steve Dunning,Boulder | worked,2011,,7C+,18,10.0,2011-01-01,2011
2262,https://climbing-history.org/climb/2262,This Side of Paradise,7C+,Boulder problem,the Bardini Boulders,2,Alex Honnold,Boulder | flash,18th Dec 2011,,7C+,18,10.0,2011-12-18,2011
1576,https://climbing-history.org/climb/1576,Too Big to Flail,7C+,Boulder problem,The Buttermilks,3,Alex Honnold,Solo | worked,15th Jan 2012,,7C+,18,10.0,2012-01-15,2012
4735,https://climbing-history.org/climb/4735,Soul Revolution,7C+,Boulder problem,Glenmalure,1,Michael Duffy,Boulder | worked,Mar 2012,,7C+,18,10.0,2012-03-01,2012
7617,https://climbing-history.org/climb/7617,Akkurat Der,7C+,Boulder problem,Harbak,3,Hannah Midtbø,Boulder | worked,3rd May 2013,,7C+,18,10.0,2013-05-03,2013
1454,https://climbing-history.org/climb/1454,Roof of a Baby Buddha,7C+,Boulder problem,Maes Newyddion Woods,6,Dave Noden,Boulder | worked,Before 1st Jan 2014,,7C+,18,10.0,2014-01-01,2014
6298,https://climbing-history.org/climb/6298,Scoop Swoop,7C+,Boulder problem,Sardinia Bouldering,1,Nalle Hukkataival,Boulder | worked,2014,,7C+,18,10.0,2014-01-01,2014
3022,https://climbing-history.org/climb/3022,Over the Mountain,7C+,Boulder problem,Lustleigh Cleave,1,Walker Kearney,Boulder | worked,2015,,7C+,18,10.0,2015-01-01,2015
3191,https://climbing-history.org/climb/3191,Path of Intrigue,7C+,Boulder problem,Great Wolfrey,1,Dave Sutcliffe,Boulder | worked,Apr 2015,,7C+,18,10.0,2015-04-01,2015
3019,https://climbing-history.org/climb/3019,The Great White Slope,7C+,Boulder problem,Lustleigh Cleave,1,Walker Kearney,Boulder | worked,2016,,7C+,18,10.0,2016-01-01,2016
5141,https://climbing-history.org/climb/5141,Mégalithe (assis),7C+,Boulder problem,Rocher Gréau,1,Thilo Schröter,Boulder | worked,2016,,7C+,18,10.0,2016-01-01,2016
1799,https://climbing-history.org/climb/1799,Rift Aversion,7C+,Boulder problem,Caley Crags,1,Dan Varian,Boulder | worked,2018,,7C+,18,10.0,2018-01-01,2018
1492,https://climbing-history.org/climb/1492,Sign of the Devil,7C+,Boulder problem,Howlerhirst Crag,1,Alex Moore,Boulder | worked,4th Sep 2018,,7C+,18,10.0,2018-09-04,2018
232,https://climbing-history.org/climb/232,Corridors of Power,7C+,Boulder problem,the Cwm Glas Bach Boulders,4,Hazel Findlay,Boulder | worked,2019,,7C+,18,10.0,2019-01-01,2019
4835,https://climbing-history.org/climb/4835,Renaissance,7C+,Boulder problem,Hope's Nose,1,Alexis Perry,Boulder | worked,30th Jan 2019,,7C+,18,10.0,2019-01-30,2019
4196,https://climbing-history.org/climb/4196,Macho King,7C+,Boulder problem,Fields of Joy,1,Kitty Morrison,Boulder | worked,20th Aug 2019,,7C+,18,10.0,2019-08-20,2019
261,https://climbing-history.org/climb/261,Grand Opera,7C+,Boulder problem,The Bowderstone,1,Thea Cameron,Boulder | worked,20th Nov 2019,,7C+,18,10.0,2019-11-20,2019
3186,https://climbing-history.org/climb/3186,The Pack SDS,7C+,Boulder problem,Great Wolfrey,1,Dave Sutcliffe,Boulder | worked,Dec 2019,,7C+,18,10.0,2019-12-01,2019
263,https://climbing-history.org/climb/263,Tension Set,7C+,Boulder problem,The Cuttings Boulderfield,1,Hannah Toward,Boulder | worked,14th Mar 2020,,7C+,18,10.0,2020-03-14,2020
5123,https://climbing-history.org/climb/5123,The Matador,7C+,Boulder problem,Attermire Scar,1,Sam Lawson,Boulder | worked,Jun 2020,,7C+,18,10.0,2020-06-01,2020
260,https://climbing-history.org/climb/260,Kroenen,7C+,Boulder problem,Hell Moss,2,Rachel Freeman,Boulder | worked,22nd Jun 2020,,7C+,18,10.0,2020-06-22,2020
3223,https://climbing-history.org/climb/3223,Higg's Problem SDS,7C+,Boulder problem,the Marchlyn Boulders,1,Mark Katz,Boulder | worked,8th Aug 2020,,7C+,18,10.0,2020-08-08,2020
6325,https://climbing-history.org/climb/6325,Night Rider,7C+,Boulder problem,Stem Bastensen,1,Sunniva Eik Haave,Boulder | worked,17th Aug 2020,,7C+,18,10.0,2020-08-17,2020
2997,https://climbing-history.org/climb/2997,Bara Brith Low,7C+,Boulder problem,Clogwyn y Bustach,4,Jack Palmieri,Boulder | worked,17th Sep 2020,,7C+,18,10.0,2020-09-17,2020
6920,https://climbing-history.org/climb/6920,Orb Weaver,7C+,Boulder problem,Haycock,1,Noah Wheeler,Boulder | flash,10th Oct 2020,,7C+,18,10.0,2020-10-10,2020
4825,https://climbing-history.org/climb/4825,The Golden Egg,7C+,Boulder problem,the Clifftop Boulders,1,Jon Fullwood,Boulder | worked,24th Dec 2020,,7C+,18,10.0,2020-12-24,2020
4438,https://climbing-history.org/climb/4438,Black Pearl,7C+,Boulder problem,Brione,2,Bibiana Dahle Ness,Boulder | worked,Before 1st Jan 2021,,7C+,18,10.0,2021-01-01,2021
1099,https://climbing-history.org/climb/1099,Punchsong,7C+,Boulder problem,Bradley Edge and Quarry,1,Maddy Cope,Boulder | worked,25th Mar 2021,,7C+,18,10.0,2021-03-25,2021
7524,https://climbing-history.org/climb/7524,Syremonsteret,7C+,Boulder problem,Karmøy,1,Ingrid Kindlihagen,Boulder | worked,1st Apr 2021,,7C+,18,10.0,2021-04-01,2021
1164,https://climbing-history.org/climb/1164,Hulk,7C+,Boulder problem,Crag X,1,Molly Thompson-Smith,Boulder | flash,10th Apr 2021,,7C+,18,10.0,2021-04-10,2021
3458,https://climbing-history.org/climb/3458,Thug Mental,7C+,Boulder problem,Pantymwyn,1,Phillip Mitchell,Boulder | worked,12th Apr 2021,,7C+,18,10.0,2021-04-12,2021
1355,https://climbing-history.org/climb/1355,Fourteen Years Later,7C+,Boulder problem,Pigeon's Cave,2,Katie Maxwell,Boulder | worked,30th Jun 2021,,7C+,18,10.0,2021-06-30,2021
1345,https://climbing-history.org/climb/1345,Tears of the Angels,7C+,Boulder problem,Biblins Cave,1,Emily Fell,Boulder | worked,17th Jul 2021,,7C+,18,10.0,2021-07-17,2021
1346,https://climbing-history.org/climb/1346,Final Curtain,7C+,Boulder problem,The Bowderstone,2,Hannah Hayes,Boulder | worked,17th Jul 2021,,7C+,18,10.0,2021-07-17,2021
4140,https://climbing-history.org/climb/4140,Pamplemousse,7C+,Boulder problem,Brione,6,Sunniva Eik Haave,Boulder | worked,16th Oct 2021,8A,7C+,18,10.0,2021-10-16,2021
1552,https://climbing-history.org/climb/1552,Cave Pervert,7C+,Boulder problem,Raven Tor,1,Holly Rees,Boulder | worked,30th Oct 2021,,7C+,18,10.0,2021-10-30,2021
1975,https://climbing-history.org/climb/1975,Throne of Zeus,7C+,Boulder problem,the Stirrup Boulders,2,Esther Foster,Boulder | worked,2022,,7C+,18,10.0,2022-01-01,2022
1767,https://climbing-history.org/climb/1767,Alien Ant Farm,7C+,Boulder problem,Wallowbarrow Gorge,1,Anna Taylor,Boulder | worked,18th Jan 2022,,7C+,18,10.0,2022-01-18,2022
1824,https://climbing-history.org/climb/1824,Umbongo,7C+,Boulder problem,Gouther Crags,1,Rachel Freeman,Boulder | worked,13th Mar 2022,,7C+,18,10.0,2022-03-13,2022
1830,https://climbing-history.org/climb/1830,Flick of the Wrist,7C+,Boulder problem,the Tanygrisiau Boulders,1,Molly Thompson-Smith,Boulder | flash,19th Mar 2022,,7C+,18,10.0,2022-03-19,2022
4815,https://climbing-history.org/climb/4815,One Redeeming Feature,7C+,Boulder problem,Bitholmes Wood,1,Jon Fullwood,Boulder | worked,28th Mar 2022,,7C+,18,10.0,2022-03-28,2022
1987,https://climbing-history.org/climb/1987,Fat Cat Roof  + Taylor Made,7C+,Boulder problem,Dinas Rock,2,Liv Pearson,Boulder | worked,3rd Apr 2022,,7C+,18,10.0,2022-04-03,2022
7527,https://climbing-history.org/climb/7527,Tengil ss,7C+,Boulder problem,Trolla,4,Ida-Sofie Pettersen,Boulder | worked,20th Apr 2022,,7C+,18,10.0,2022-04-20,2022
254,https://climbing-history.org/climb/254,Working 9-5 Stand,7C+,Boulder problem,Blackwell Dale,3,Anna Wild,Boulder | worked,29th Jun 2022,,7C+,18,10.0,2022-06-29,2022
1974,https://climbing-history.org/climb/1974,Butternut Squash,7C+,Boulder problem,Woodwell,2,Rachel Freeman,Boulder | worked,9th Jul 2022,,7C+,18,10.0,2022-07-09,2022
2010,https://climbing-history.org/climb/2010,Ashtray Verse,7C+,Boulder problem,Fairy Steps,1,Rachel Freeman,Boulder | worked,20th Aug 2022,,7C+,18,10.0,2022-08-20,2022
6324,https://climbing-history.org/climb/6324,Rythmo,7C+,Boulder problem,Magic Wood,1,Sunniva Eik Haave,Boulder | worked,5th Sep 2022,,7C+,18,10.0,2022-09-05,2022
7525,https://climbing-history.org/climb/7525,Nesten der,7C+,Boulder problem,Harbak,3,Pernille Tvedt,Boulder | worked,2nd Oct 2022,,7C+,18,10.0,2022-10-02,2022
3468,https://climbing-history.org/climb/3468,Leviathan (Crouch Start),7C+,Boulder problem,Rhoscolyn,2,Sam Tolhurst,Boulder | worked,7th Oct 2022,,7C+,18,10.0,2022-10-07,2022
2368,https://climbing-history.org/climb/2368,Break Traverse,7C+,Boulder problem,Burbage North and West,1,Tala Hepburn,Boulder | worked,24th Jan 2023,,7C+,18,10.0,2023-01-24,2023
7944,https://climbing-history.org/climb/7944,Smaragden,7C+,Boulder problem,Risør,1,Anne Ackre,Boulder | worked,23rd May 2023,,7C+,18,10.0,2023-05-23,2023
2633,https://climbing-history.org/climb/2633,Brane World,7C+,Boulder problem,Fairy Steps,2,Rachel Freeman,Boulder | worked,13th Jul 2023,,7C+,18,10.0,2023-07-13,2023
2717,https://climbing-history.org/climb/2717,Worzel Gunnage Stand,7C+,Boulder problem,the Cromlech Boulders,3,Katie Maxwell,Boulder | worked,5th Sep 2023,,7C+,18,10.0,2023-09-05,2023
3734,https://climbing-history.org/climb/3734,Infinite Suspense,7C+,Boulder problem,Tideswell Dale,1,Alice Thompson,Boulder | worked,28th Apr 2024,,7C+,18,10.0,2024-04-28,2024
5409,https://climbing-history.org/climb/5409,Jerry's Problem,7C+,Boulder problem,Gorlan,2,Molly Thompson-Smith,Boulder | worked,2nd Jun 2024,,7C+,18,10.0,2024-06-02,2024
7526,https://climbing-history.org/climb/7526,Kistespiker,7C+,Boulder problem,Karmøy,1,Ingrid Kindlihagen,Boulder | worked,30th Sep 2024,,7C+,18,10.0,2024-09-30,2024
5285,https://climbing-history.org/climb/5285,Swiss Beats,7C+,Boulder problem,Magic Wood,1,Alice Thompson,Boulder | worked,25th Oct 2024,,7C+,18,10.0,2024-10-25,2024
7568,https://climbing-history.org/climb/7568,La Coccinelle,7C+,Boulder problem,Buthiers,1,Bibiana Dahle Ness,Boulder | worked,2025,,7C+,18,10.0,2025-01-01,2025
7528,https://climbing-history.org/climb/7528,Doctor Robotics,7C+,Boulder problem,Albarracín,1,Amanda Buer,Boulder | worked,10th Jan 2025,,7C+,18,10.0,2025-01-10,2025
7529,https://climbing-history.org/climb/7529,Selva Dulce,7C+,Boulder problem,Alcañiz,1,Andrine Skilbrei,Boulder | worked,21st Feb 2025,,7C+,18,10.0,2025-02-21,2025
3319,https://climbing-history.org/climb/3319,Le Pilier du Désert,7C+,Boulder problem,Apremont,1,Erwan Lievin,Boulder | worked,28th Mar 2025,,7C+,18,10.0,2025-03-28,2025
7530,https://climbing-history.org/climb/7530,Mathias Rust lander på Tokerud,7C+,Boulder problem,Tokerud,1,Anette Trondsen,Boulder | worked,1st Apr 2025,,7C+,18,10.0,2025-04-01,2025
5277,https://climbing-history.org/climb/5277,Lancashire Lass,7C+,Boulder problem,Great Stone of Fourstones,1,Rachel Freeman,Boulder | worked,25th May 2025,,7C+,18,10.0,2025-05-25,2025
5893,https://climbing-history.org/climb/5893,Dr. Bigglesworth,7C+,Boulder problem,the Grand Wall Boulders,1,Hazel Findlay,Boulder | worked,Sep 2025,,7C+,18,10.0,2025-09-01,2025
7843,https://climbing-history.org/climb/7843,Shit From a Different Ass,7C+,Boulder problem,Barnehagen,1,Nora Samset,Boulder | worked,25th Oct 2025,7C,7C+,18,10.0,2025-10-25,2025
6438,https://climbing-history.org/climb/6438,Avalanche,7C+,Boulder problem,Lorimer Park,2,Nick Ranelli,Boulder | worked,17th Nov 2025,8B+,7C+,18,10.0,2025-11-17,2025
2994,https://climbing-history.org/climb/2994,Ben's Groove SDS,7C+,Boulder problem,Caley Crags,2,Holly Toothill,Boulder | worked,29th Dec 2025,,7C+,18,10.0,2025-12-29,2025
7388,https://climbing-history.org/climb/7388,Modrá je dobrá,7C+,Boulder problem,Chřiby,1,Adam Ondra,Boulder | worked,4th Apr 2026,,7C+,18,10.0,2026-04-04,2026
2868,https://climbing-history.org/climb/2868,Gaïa,7C+,Boulder problem,Rocher Brûlé,1,Spike Fullwood,Boulder | flash,5th Apr 2026,,7C+,18,10.0,2026-04-05,2026
7875,https://climbing-history.org/climb/7875,Jet Black,7C+,Boulder problem,Blackwell Dale,1,Spike Fullwood,Boulder | worked,2nd Jun 2026,,7C+,18,10.0,2026-06-02,2026
8145,https://climbing-history.org/climb/8145,Silicon Slave,7C+,Boulder problem,the Coniston Boulders,2,Jennifer Wood,Boulder | worked,16th Jul 2026,,7C+,18,10.0,2026-07-16,2026
244,https://climbing-history.org/climb/244,Ben's Roof Extension,7C+,Boulder problem,Raven Tor,2,Kristian Clemmow,Boulder | worked,,,7C+,18,10.0,,
253,https://climbing-history.org/climb/253,The Departed,7C+,Boulder problem,Valley of the Giants,1,Charlotte Garden,Boulder | worked,,,7C+,18,10.0,,
255,https://climbing-history.org/climb/255,Lotus,7C+,Boulder problem,the Wavelength Boulders,1,Emma Twyford,Boulder | worked,,,7C+,18,10.0,,
706,https://climbing-history.org/climb/706,Atomic Playboy (raccourci),7C+,Boulder problem,Buthiers,2,Christophe Laumone,Boulder | worked,1980s,,7C+,18,10.0,,
1626,https://climbing-history.org/climb/1626,Jerry's Traverse,7C+,Boulder problem,Stanage,2,Jerry Moffatt,Boulder | worked,,,7C+,18,10.0,,
2661,https://climbing-history.org/climb/2661,Hitchhiker's Direct SDS,7C+,Boulder problem,Kyloe-in-the-Woods,1,Shauna Coxsey,Boulder | worked,,,7C+,18,10.0,,
2663,https://climbing-history.org/climb/2663,The Yorkshireman SDS,7C+,Boulder problem,Kyloe-in-the-Woods,1,Shauna Coxsey,Boulder | worked,,,7C+,18,10.0,,
2739,https://climbing-history.org/climb/2739,The Bulb,7C+,Boulder problem,Almscliff,1,Andy Swann,Boulder | worked,1990s,,7C+,18,10.0,,
3020,https://climbing-history.org/climb/3020,Tropic Thunder,7C+,Boulder problem,the Red Dragon Ridge Boulders,1,Walker Kearney,Boulder | worked,,,7C+,18,10.0,,
3028,https://climbing-history.org/climb/3028,Ache Ball (pre-break),7C+,Boulder problem,Hartland Quay,1,Simon Young,Boulder | worked,,,7C+,18,10.0,,
3074,https://climbing-history.org/climb/3074,Evilution to the Lip,7C+,Boulder problem,The Buttermilks,1,Chris Sharma,Boulder | worked,,,7C+,18,10.0,,
3371,https://climbing-history.org/climb/3371,THEM!,7C+,Boulder problem,Yarncliffe,1,Mo Overfield,Boulder | worked,,,7C+,18,10.0,,
3989,https://climbing-history.org/climb/3989,Victorian Overmantel,7C+,Boulder problem,Stanage,4,Johnny Dawes,Boulder | worked,1990s,,7C+,18,10.0,,
4139,https://climbing-history.org/climb/4139,King Air,7C+,Boulder problem,Curry Village Boulders,1,Dean Potter,Boulder | worked,,,7C+,18,10.0,,
4418,https://climbing-history.org/climb/4418,The Waiting Room,7C+,Boulder problem,Bosley Cloud,1,Ned Feehally,Boulder | worked,,,7C+,18,10.0,,
4827,https://climbing-history.org/climb/4827,Salle Goose,7C+,Boulder problem,Turningstone Edge,1,Jon Fullwood,Boulder | worked,,,7C+,18,10.0,,
5058,https://climbing-history.org/climb/5058,Mushin',7C+,Boulder problem,The Roaches,1,Ben Moon,Boulder | worked,1990s,,7C+,18,10.0,,
5544,https://climbing-history.org/climb/5544,Kani,7C+,Boulder problem,Mitake,4,Toshimichi Kusano,Boulder | worked,1st-31st October 1994,,7C+,18,10.0,,
5764,https://climbing-history.org/climb/5764,I am Curious (Yellow),7C+,Boulder problem,Ilkley,1,Ben Moon,Boulder | worked,1990s,,7C+,18,10.0,,
5773,https://climbing-history.org/climb/5773,Bérézina-Carnage,7C+,Boulder problem,Bas Cuvier,1,Alain Ghersen,Boulder | worked,After 1st Jan 1983,,7C+,18,10.0,,
5913,https://climbing-history.org/climb/5913,Kaeru,7C+,Boulder problem,Mitake,4,Tokio Muroi,Boulder | worked,1990s,7C+/8A,7C+,18,10.0,,
6270,https://climbing-history.org/climb/6270,Western Eyes,7C+,Boulder problem,Burbage North and West,1,Zaff Ali,Boulder | worked,1990s,,7C+,18,10.0,,
6752,https://climbing-history.org/climb/6752,Dead Man Walking,7C+,Boulder problem,Brimham Rocks,1,Andy Swann,Boulder | worked,,,7C+,18,10.0,,
7290,https://climbing-history.org/climb/7290,Too Big to Fail,7C+,Boulder problem,Happy Isles,3,Ben Moon,Top Rope | worked,1990s,,7C+,18,10.0,,
7291,https://climbing-history.org/climb/7291,Two Bolts or Not to Be,7C+/8a+,Boulder problem,Highway 140,2,Ron Kauk,Lead | worked,1990s,8a+,7C+,18,10.0,,
7709,https://climbing-history.org/climb/7709,Cave Club,7C+,Boulder problem,Cave Club,1,Klem Loskot,Boulder | worked,,,7C+,18,10.0,,
1227,https://climbing-history.org/climb/1227,Meathook,8A,Boulder problem,Horsetooth Reservoir,1,Jim Holloway,Boulder | worked,1975,,8A,19,11.0,1975-01-01,1975
1250,https://climbing-history.org/climb/1250,C'Était Demain,8A,Boulder problem,Cuvier Rempart,11,Jacky Godoffe,Boulder | worked,1984,,8A,19,11.0,1984-01-01,1984
1765,https://climbing-history.org/climb/1765,Monoblock,8A,Boulder problem,Pex Hill Quarry,6,Joe Healey,Boulder | worked,1985,,8A,19,11.0,1985-01-01,1985
1115,https://climbing-history.org/climb/1115,Partenaire Particulier,8A,Boulder problem,Éléphant,4,Jacky Godoffe,Boulder | worked,1986,,8A,19,11.0,1986-01-01,1986
751,https://climbing-history.org/climb/751,The Screaming Dream,8A/E7,Boulder problem,Froggatt Edge,9,Mark Leach,Lead | worked,Nov 1986,E8,8A,19,11.0,1986-11-01,1986
2550,https://climbing-history.org/climb/2550,Souvenir,8A,Boulder problem,Chironico,2,Fred Nicole,Boulder | worked,1988,,8A,19,11.0,1988-01-01,1988
3068,https://climbing-history.org/climb/3068,The Thing,8A,Boulder problem,Crag X,1,Ben Moon,Boulder | worked,1988,,8A,19,11.0,1988-01-01,1988
5559,https://climbing-history.org/climb/5559,L'Aplat Du Gain,8A,Boulder problem,Le Calvaire,1,Alain Ghersen,Boulder | worked,1988,8A+,8A,19,11.0,1988-01-01,1988
6097,https://climbing-history.org/climb/6097,Coup de Feel (pre-break),8A,Boulder problem,Bas Cuvier,2,Jacky Godoffe,Boulder | worked,1989,8A+,8A,19,11.0,1989-01-01,1989
6524,https://climbing-history.org/climb/6524,Toutes Peines Confondues,8A,Boulder problem,Franchard Meyer,1,Jacky Godoffe,Boulder | worked,1989,,8A,19,11.0,1989-01-01,1989
3203,https://climbing-history.org/climb/3203,Stick It,8A,Boulder problem,the Camp 4 Boulders,3,Jerry Moffatt,Boulder | worked,1991,,8A,19,11.0,1991-01-01,1991
6100,https://climbing-history.org/climb/6100,Digitale,8A,Boulder problem,Bas Cuvier,1,Jacky Godoffe,Boulder | worked,1993,7C+,8A,19,11.0,1993-01-01,1993
6247,https://climbing-history.org/climb/6247,Westworld,8A,Boulder problem,Burbage North and West,1,Jason Myers,Boulder | worked,1995,,8A,19,11.0,1995-01-01,1995
6248,https://climbing-history.org/climb/6248,Blazing 48s,8A,Boulder problem,Burbage North and West,2,Jerry Moffatt,Boulder | worked,1995,,8A,19,11.0,1995-01-01,1995
1526,https://climbing-history.org/climb/1526,Duel,8A,Boulder problem,Franchard Cuisiniere,11,Philippe Le Denmat,Boulder | worked,1996,,8A,19,11.0,1996-01-01,1996
1774,https://climbing-history.org/climb/1774,The Joker,8A,Boulder problem,Stanage,4,Jerry Moffatt,Boulder | worked,1996,,8A,19,11.0,1996-01-01,1996
3039,https://climbing-history.org/climb/3039,Jason's Roof,8A,Boulder problem,Crookrise,6,Jason Myers,Boulder | worked,1996,,8A,19,11.0,1996-01-01,1996
6495,https://climbing-history.org/climb/6495,Baboon Master,8A,Boulder problem,Roadside,2,Fred Nicole,Boulder | worked,1996,,8A,19,11.0,1996-01-01,1996
5543,https://climbing-history.org/climb/5543,Mushi,8A,Boulder problem,Mitake,3,Toshimichi Kusano,Boulder | worked,May 1996,,8A,19,11.0,1996-05-01,1996
2088,https://climbing-history.org/climb/2088,Samson,8A/E9,Boulder problem,Burbage South,6,Jerry Moffatt,Lead | worked,1997,,8A,19,11.0,1997-01-01,1997
2660,https://climbing-history.org/climb/2660,Lupino Lane,8A,Boulder problem,Ravensheugh Crag,2,Nick Dixon,Boulder | worked,1997,,8A,19,11.0,1997-01-01,1997
5498,https://climbing-history.org/climb/5498,Infusion du Soir,8A,Boulder problem,Canche aux Merciers,3,Philippe Le Denmat,Boulder | worked,Before 30th Jun 1997,7A,8A,19,11.0,1997-06-30,1997
7954,https://climbing-history.org/climb/7954,FTW,8A,Boulder problem,Stennäset,1,Mattias Flodin,Boulder | worked,18th Oct 1997,,8A,19,11.0,1997-10-18,1997
7319,https://climbing-history.org/climb/7319,Sale Gosse (assis),8A,Boulder problem,La Roche aux Sabots,2,Ben Moon,Boulder | worked,Before 24th Oct 1997,,8A,19,11.0,1997-10-24,1997
750,https://climbing-history.org/climb/750,Zoo York,8A,Boulder problem,Caley Crags,5,Christian Durkin,Boulder | worked,Before 31st Dec 1997,7C,8A,19,11.0,1997-12-31,1997
2570,https://climbing-history.org/climb/2570,Manchester Dogs,8A,Boulder problem,Angel Bay,1,Paul Higginson,Boulder | worked,1998,,8A,19,11.0,1998-01-01,1998
3334,https://climbing-history.org/climb/3334,Atrésie,8A,Boulder problem,Cuvier Rempart,8,Pierre Gonzales,Boulder | worked,1998,,8A,19,11.0,1998-01-01,1998
3498,https://climbing-history.org/climb/3498,Pongo SDS,8A,Boulder problem,Dumbarton Rock,1,Malcolm Smith,Boulder | worked,1998,,8A,19,11.0,1998-01-01,1998
6317,https://climbing-history.org/climb/6317,Hinerauge,8A,Boulder problem,Chironico,2,Fred Nicole,Boulder | worked,1998,,8A,19,11.0,1998-01-01,1998
3431,https://climbing-history.org/climb/3431,The Egg,8A,Boulder problem,the Grand Wall Boulders,2,Chris Sharma,Boulder | worked,1999,,8A,19,11.0,1999-01-01,1999
4082,https://climbing-history.org/climb/4082,Misanthropie,8A,Boulder problem,Buthiers,4,Catherine Miquel,Boulder | worked,1999,,8A,19,11.0,1999-01-01,1999
5156,https://climbing-history.org/climb/5156,Opium,8A,Boulder problem,Recloses,3,Christophe Laumone,Boulder | worked,1999,,8A,19,11.0,1999-01-01,1999
6530,https://climbing-history.org/climb/6530,Neverland,8A,Boulder problem,Bas Cuvier,1,Jos Leenan,Boulder | worked,1999,,8A,19,11.0,1999-01-01,1999
679,https://climbing-history.org/climb/679,Diesel Power,8A,Boulder problem,the Cromlech Boulders,3,Chris Davies,Boulder | worked,2000,,8A,19,11.0,2000-01-01,2000
1100,https://climbing-history.org/climb/1100,Full Power,8A,Boulder problem,Gardom's Edge,3,Jerry Moffatt,Boulder | worked,2000,,8A,19,11.0,2000-01-01,2000
3358,https://climbing-history.org/climb/3358,Sway On,8A,Boulder problem,Gallt yr Ogof,5,Chris Davies,Boulder | worked,2000,,8A,19,11.0,2000-01-01,2000
3361,https://climbing-history.org/climb/3361,Stefan Grossman SDS,8A,Boulder problem,the Langdale Boulders,1,Dave Birkett,Boulder | worked,2000,,8A,19,11.0,2000-01-01,2000
5836,https://climbing-history.org/climb/5836,Exorcist – Short,8A,Boulder problem,Almscliff,1,Tim Clifford,Boulder | worked,2000,,8A,19,11.0,2000-01-01,2000
680,https://climbing-history.org/climb/680,Mr. Fantastic,8A,Boulder problem,the Cromlech Boulders,1,Mark Katz,Boulder | worked,2001,,8A,19,11.0,2001-01-01,2001
3226,https://climbing-history.org/climb/3226,Caseg Groove SDS,8A,Boulder problem,Caseg Boulder,1,Mark Katz,Boulder | worked,2001,,8A,19,11.0,2001-01-01,2001
4769,https://climbing-history.org/climb/4769,Snatch,8A,Boulder problem,Denham Quarry,1,Nik Jennings,Boulder | worked,2001,,8A,19,11.0,2001-01-01,2001
5151,https://climbing-history.org/climb/5151,Fata Morgana,8A,Boulder problem,Coquibus Longs Vaux,2,Christophe Laumone,Boulder | worked,2001,,8A,19,11.0,2001-01-01,2001
7075,https://climbing-history.org/climb/7075,La Boule,8A,Boulder problem,Cresciano,2,Jerry Moffatt,Boulder | worked,2001,,8A,19,11.0,2001-01-01,2001
7214,https://climbing-history.org/climb/7214,Le Mandarin,8A,Boulder problem,Roche aux Oiseaux,1,Christophe Laumone,Boulder | worked,2001,,8A,19,11.0,2001-01-01,2001
4440,https://climbing-history.org/climb/4440,Bully,8A,Boulder problem,Little Cottonwood Canyon,2,Klem Loskot,Boulder | flash,20th Feb 2001,,8A,19,11.0,2001-02-20,2001
2099,https://climbing-history.org/climb/2099,Plain High Drifter,8A,Boulder problem,The Buttermilks,1,Lisa Rands,Boulder | worked,Mar 2001,,8A,19,11.0,2001-03-01,2001
5842,https://climbing-history.org/climb/5842,Identity Crisis,8A,Boulder problem,Almscliff,2,Tim Clifford,Boulder | worked,Mar 2002,,8A,19,11.0,2002-03-01,2002
568,https://climbing-history.org/climb/568,Flying Marcel,8A,Boulder problem,Hueco Tanks,1,Claire Bell,Boulder | worked,Apr 2002,,8A,19,11.0,2002-04-01,2002
3336,https://climbing-history.org/climb/3336,Rainbow Rocket,8A,Boulder problem,Franchard Sablons,4,Alexis Allayaud,Boulder | worked,Before 1st Sep 2002,,8A,19,11.0,2002-09-01,2002
755,https://climbing-history.org/climb/755,Muttertag,8A,Boulder problem,Magic Wood,2,Bernd Zangerl,Boulder | worked,Oct 2002,,8A,19,11.0,2002-10-01,2002
6106,https://climbing-history.org/climb/6106,Les Beaux Quartiers,8A,Boulder problem,Rocher de Bouligny,2,Julien Nadiras,Boulder | worked,3rd Oct 2002,7C+,8A,19,11.0,2002-10-03,2002
2263,https://climbing-history.org/climb/2263,Evilution Direct,8A,Boulder problem,The Buttermilks,5,Tony Lamiche,Boulder | ground up,Nov 2002,,8A,19,11.0,2002-11-01,2002
3339,https://climbing-history.org/climb/3339,Ubik,8A,Boulder problem,Les Mammouths,5,Julien Nadiras,Boulder | worked,Before 1st Dec 2002,8A+,8A,19,11.0,2002-12-01,2002
5298,https://climbing-history.org/climb/5298,Sheffield Steel,8A,Boulder problem,The Wing Cave,1,Jon Fullwood,Boulder | worked,2003,,8A,19,11.0,2003-01-01,2003
3873,https://climbing-history.org/climb/3873,Sabotage,8A,Boulder problem,Dumbarton Rock,2,Dave MacLeod,Boulder | worked,Feb 2003,,8A,19,11.0,2003-02-01,2003
6224,https://climbing-history.org/climb/6224,Bohemian Grove,8A,Boulder problem,Millstone Edge,3,Mo Overfield,Boulder | worked,Feb 2003,8B,8A,19,11.0,2003-02-01,2003
1786,https://climbing-history.org/climb/1786,The Prow,8A,Boulder problem,Kyloe-in-the-Woods,5,Andy Earl,Solo | worked,Apr 2003,,8A,19,11.0,2003-04-01,2003
6355,https://climbing-history.org/climb/6355,Vague Patatras,8A,Boulder problem,Rocher Saint Germain,3,Manuel Marquès,Boulder | worked,20th May 2003,,8A,19,11.0,2003-05-20,2003
3620,https://climbing-history.org/climb/3620,Quoi de Neuf (Acte 1),8A,Boulder problem,Orsay,1,Jacky Godoffe,Boulder | worked,Before 26th Sep 2003,,8A,19,11.0,2003-09-26,2003
225,https://climbing-history.org/climb/225,Chbalanke,8A,Boulder problem,Hueco Tanks,2,Claire Bell,Boulder | worked,2004,,8A,19,11.0,2004-01-01,2004
290,https://climbing-history.org/climb/290,Chbalanke,8A,Boulder problem,Hueco Tanks,2,Claire Bell,Boulder | worked,2004,,8A,19,11.0,2004-01-01,2004
2366,https://climbing-history.org/climb/2366,Special Cases,8A,Boulder problem,The Bowderstone,2,Mark Katz,Boulder | worked,2004,,8A,19,11.0,2004-01-01,2004
2367,https://climbing-history.org/climb/2367,Atomic Garden,8A,Boulder problem,Heysham Head,4,John Gaskins,Boulder | worked,Before 1st Jan 2004,8A,8A,19,11.0,2004-01-01,2004
2382,https://climbing-history.org/climb/2382,Ranieri's Reach,8A,Boulder problem,Caley Crags,2,Ben Moon,Boulder | worked,2004,,8A,19,11.0,2004-01-01,2004
2419,https://climbing-history.org/climb/2419,"Rah, Plats, Plats",8A,Boulder problem,Chironico,1,Fred Rouhling,Boulder | worked,Before 1st Jan 2004,,8A,19,11.0,2004-01-01,2004
2521,https://climbing-history.org/climb/2521,Imothep,8A,Boulder problem,Bas Cuvier,2,Julien Nadiras,Boulder | worked,2004,,8A,19,11.0,2004-01-01,2004
5108,https://climbing-history.org/climb/5108,Chbalanke,8A,Boulder problem,Hueco Tanks,2,Claire Bell,Boulder | worked,2004,,8A,19,11.0,2004-01-01,2004
5235,https://climbing-history.org/climb/5235,Will,8A,Boulder problem,the Mallory Boulder,2,Paul Houghoughi,Boulder | worked,2004,,8A,19,11.0,2004-01-01,2004
1514,https://climbing-history.org/climb/1514,Chip Shop Buddy,8A,Boulder problem,Stanage,2,Ben Bransby,Boulder | worked,2005,,8A,19,11.0,2005-01-01,2005
1801,https://climbing-history.org/climb/1801,Diaphanous Sea,8A,Boulder problem,Hueco Tanks,4,Fred Nicole,Boulder | worked,2005,,8A,19,11.0,2005-01-01,2005
5137,https://climbing-history.org/climb/5137,Black Velvet,8A,Boulder problem,Far Plateau,2,Klem Loskot,Boulder | worked,2005,,8A,19,11.0,2005-01-01,2005
5150,https://climbing-history.org/climb/5150,Gliding Through Waves Like Dolphins,8A,Boulder problem,the Dihedral Boulders,2,Klem Loskot,Boulder | worked,2005,,8A,19,11.0,2005-01-01,2005
6107,https://climbing-history.org/climb/6107,Synapses,8A,Boulder problem,Rocher du Cassepot,2,Didier Gérardin,Boulder | worked,Before 1st Jan 2005,,8A,19,11.0,2005-01-01,2005
1968,https://climbing-history.org/climb/1968,Queen Kong,8A,Boulder problem,Queens Crag,3,Dan Varian,Boulder | worked,2006,,8A,19,11.0,2006-01-01,2006
2738,https://climbing-history.org/climb/2738,Keelhaul,8A,Boulder problem,Almscliff,2,Andy Swann,Boulder | worked,2006,,8A,19,11.0,2006-01-01,2006
5237,https://climbing-history.org/climb/5237,The Shield,8A,Boulder problem,Curry Village Boulders,3,Randy Puro,Boulder | worked,2006,,8A,19,11.0,2006-01-01,2006
6105,https://climbing-history.org/climb/6105,Amok,8A,Boulder problem,Rocher de Bouligny,1,Julien Nadiras,Boulder | worked,Jan 2006,,8A,19,11.0,2006-01-01,2006
4127,https://climbing-history.org/climb/4127,Mako,8A,Boulder problem,Hound Tor,1,Dave Henderson,Boulder | worked,23rd Apr 2007,,8A,19,11.0,2007-04-23,2007
5487,https://climbing-history.org/climb/5487,Pebble Dash,8A,Boulder problem,Ilkley,2,Nigel Poustie,Boulder | worked,15th Jun 2007,,8A,19,11.0,2007-06-15,2007
3511,https://climbing-history.org/climb/3511,Sasquatch,8A,Boulder problem,Curry Village Boulders,2,Ethan Pringle,Boulder | worked,21st Oct 2007,,8A,19,11.0,2007-10-21,2007
1983,https://climbing-history.org/climb/1983,All Elements,8A,Boulder problem,Sally in the Woods,1,Tom Randall,Boulder | worked,29th Feb 2008,,8A,19,11.0,2008-02-29,2008
4506,https://climbing-history.org/climb/4506,Spider Pig,8A,Boulder problem,Sipoo,1,Nalle Hukkataival,Boulder | worked,Before 7th Apr 2008,,8A,19,11.0,2008-04-07,2008
227,https://climbing-history.org/climb/227,Tea with Elmarie,8A,Boulder problem,Campground,5,Suzan Dudink,Boulder | worked,2009,,8A,19,11.0,2009-01-01,2009
231,https://climbing-history.org/climb/231,Team Work,8A,Boulder problem,Chironico,7,Mina Leslie-Wujastyk,Boulder | worked,2009,,8A,19,11.0,2009-01-01,2009
7198,https://climbing-history.org/climb/7198,Extradition,8A,Boulder problem,Rylstone,1,Steve Dunning,Boulder | worked,2009,,8A,19,11.0,2009-01-01,2009
7221,https://climbing-history.org/climb/7221,The Crack SS,8A,Boulder problem,Bowden Doors,1,Ben Bransby,Boulder | worked,2009,,8A,19,11.0,2009-01-01,2009
7345,https://climbing-history.org/climb/7345,Bizzare Ride,8A,Boulder problem,Crag X,2,Tom Peckitt,Boulder | worked,2009,,8A,19,11.0,2009-01-01,2009
2259,https://climbing-history.org/climb/2259,Ambrosia,8A,Boulder problem,The Buttermilks,7,Kevin Jorgeson,Boulder | worked,9th Jan 2009,8A+,8A,19,11.0,2009-01-09,2009
7309,https://climbing-history.org/climb/7309,L'Art de la Fugue,8A,Boulder problem,Rocher Saint Germain,2,Jean-Baptiste Tribout,Boulder | worked,31st Jan 2009,,8A,19,11.0,2009-01-31,2009
1769,https://climbing-history.org/climb/1769,Conviction,8A,Boulder problem,Coquibus Rumont,1,Tyler Landman,Boulder | worked,6th Feb 2009,,8A,19,11.0,2009-02-06,2009
7996,https://climbing-history.org/climb/7996,T-Rex (assis),8A,Boulder problem,Cuvier Rempart,1,Tyler Landman,Boulder | worked,18th Feb 2009,,8A,19,11.0,2009-02-18,2009
711,https://climbing-history.org/climb/711,Frogger,8A,Boulder problem,Brione,2,Mina Leslie-Wujastyk,Boulder | worked,12th Nov 2009,,8A,19,11.0,2009-11-12,2009
1969,https://climbing-history.org/climb/1969,Badger Badger Badger,8A,Boulder problem,Badger Cove,2,Dan Varian,Boulder | worked,2010,,8A,19,11.0,2010-01-01,2010
3664,https://climbing-history.org/climb/3664,Electric Copper,8A,Boulder problem,the Bonus Boulders,3,Cody Roth,Boulder | worked,2010,,8A,19,11.0,2010-01-01,2010
6321,https://climbing-history.org/climb/6321,The Arete With the Pocket,8A,Boulder problem,Chironico,5,Henning Wang,Boulder | worked,2010,,8A,19,11.0,2010-01-01,2010
1918,https://climbing-history.org/climb/1918,Creatures of the Alphane Moon,8A,Boulder problem,Chironico,1,Therese Johansen,Boulder | worked,22nd Jan 2010,,8A,19,11.0,2010-01-22,2010
6743,https://climbing-history.org/climb/6743,The Right Hand of Darkness,8A,Boulder problem,Magic Wood,2,Therese Johansen,Boulder | worked,Apr 2010,,8A,19,11.0,2010-04-01,2010
7523,https://climbing-history.org/climb/7523,Willenberg Dach,8A,Boulder problem,Chironico,1,Therese Johansen,Boulder | worked,10th Apr 2010,,8A,19,11.0,2010-04-10,2010
4736,https://climbing-history.org/climb/4736,Leviathan,8A,Boulder problem,Portrane,1,Michael Duffy,Boulder | worked,May 2010,,8A,19,11.0,2010-05-01,2010
8056,https://climbing-history.org/climb/8056,Lynx,8A,Boulder problem,Vingsand,4,Therese Johansen,Boulder | worked,21st May 2010,,8A,19,11.0,2010-05-21,2010
4679,https://climbing-history.org/climb/4679,Baboonmaster Edge,8A,Boulder problem,Hasvåg,4,Guntram Jörg,Boulder | worked,31st Aug 2010,8B,8A,19,11.0,2010-08-31,2010
7747,https://climbing-history.org/climb/7747,Lounge Lizards,8A,Boulder problem,Druid Stones,1,Therese Johansen,Boulder | worked,Nov 2010,,8A,19,11.0,2010-11-01,2010
8105,https://climbing-history.org/climb/8105,Spam Dagger,8A,Boulder problem,Dumbarton Rock,2,Will Atkinson,Boulder | worked,18th Mar 2011,,8A,19,11.0,2011-03-18,2011
2773,https://climbing-history.org/climb/2773,"Young, Youth and Manhood",8A,Boulder problem,Higher Longbeak,2,Tom Newberry,Boulder | worked,May 2011,,8A,19,11.0,2011-05-01,2011
7424,https://climbing-history.org/climb/7424,Glow in the Dark Estrellas,8A,Boulder problem,Endo Valley,3,Dave Graham,Boulder | worked,3rd May 2011,8B+,8A,19,11.0,2011-05-03,2011
3184,https://climbing-history.org/climb/3184,Sole Fusion,8A,Boulder problem,Crookrise,3,Dave Sutcliffe,Boulder | worked,2012,,8A,19,11.0,2012-01-01,2012
3070,https://climbing-history.org/climb/3070,Coming Up For Air,8A,Boulder problem,Stanage,2,Will Atkinson,Boulder | worked,14th Jan 2012,,8A,19,11.0,2012-01-14,2012
798,https://climbing-history.org/climb/798,Quarantine,8A,Boulder problem,Anston Stones Wood,3,Gareth Parry,Boulder | flash,23rd Jun 2012,,8A,19,11.0,2012-06-23,2012
5509,https://climbing-history.org/climb/5509,Hard-Man,8A,Boulder problem,La Pedriza,2,Arman Martinez,Boulder | worked,12th Dec 2012,,8A,19,11.0,2012-12-12,2012
235,https://climbing-history.org/climb/235,Tsunami,8A,Boulder problem,Water-Cum-Jolly,10,Shauna Coxsey,Boulder | worked,2013,,8A,19,11.0,2013-01-01,2013
2321,https://climbing-history.org/climb/2321,What Tomorrow Brings,8A,Boulder problem,Nearcliff Wood,2,Mike Adams,Boulder | worked,2013,,8A,19,11.0,2013-01-01,2013
5492,https://climbing-history.org/climb/5492,The Ballerina,8A,Boulder problem,the Camp 4 Boulders,1,Eric Bissell,Boulder | worked,Before 7th Jan 2013,,8A,19,11.0,2013-01-07,2013
5502,https://climbing-history.org/climb/5502,Auf leisen Pfoten,8A,Boulder problem,Valle Bavona,1,Dorothea Karalus,Boulder | worked,Before 16th Mar 2013,,8A,19,11.0,2013-03-16,2013
233,https://climbing-history.org/climb/233,The Revolution is Coming,8A,Boulder problem,Hartland Quay,10,Tom Newberry,Boulder | worked,31st May 2013,,8A,19,11.0,2013-05-31,2013
7763,https://climbing-history.org/climb/7763,Jack to the Hobos,8A,Boulder problem,Ukulore Valley,2,Ben Cossey,Boulder | worked,29th Sep 2013,8A (hard),8A,19,11.0,2013-09-29,2013
5512,https://climbing-history.org/climb/5512,Sous le Volcan,8A,Boulder problem,Cuvier Rempart,2,Loïc Le Denmat,Boulder | worked,2014,,8A,19,11.0,2014-01-01,2014
6277,https://climbing-history.org/climb/6277,The Undone,8A,Boulder problem,Apremont,1,Nalle Hukkataival,Boulder | worked,2014,,8A,19,11.0,2014-01-01,2014
2298,https://climbing-history.org/climb/2298,Ned Zeppelin,8A,Boulder problem,The Roaches,1,Ned Feehally,Boulder | worked,21st Sep 2014,,8A,19,11.0,2014-09-21,2014
251,https://climbing-history.org/climb/251,The Hatchling,8A,Boulder problem,Kleinfontein,6,Oriane Bertone,Boulder | worked,2015,,8A,19,11.0,2015-01-01,2015
2552,https://climbing-history.org/climb/2552,Light Saber,8A,Boulder problem,Roadcrew,2,Dave Graham,Boulder | worked,2015,,8A,19,11.0,2015-01-01,2015
2707,https://climbing-history.org/climb/2707,Thick End of the Wedge,8A,Boulder problem,Burbage South,2,Ned Feehally,Boulder | worked,2015,7C+,8A,19,11.0,2015-01-01,2015
3115,https://climbing-history.org/climb/3115,Water Colors,8A,Boulder problem,Black Velvet Canyon,4,Tom Moulin,Boulder | worked,2015,,8A,19,11.0,2015-01-01,2015
4792,https://climbing-history.org/climb/4792,Tjernobyl,8A,Boulder problem,Heskestad,1,Stian Christophersen,Boulder | flash,2015,,8A,19,11.0,2015-01-01,2015
4793,https://climbing-history.org/climb/4793,Oksespranget,8A,Boulder problem,Skiri,1,Martin Mobråten,Boulder | flash,2015,,8A,19,11.0,2015-01-01,2015
5135,https://climbing-history.org/climb/5135,Tigre et Dragon (pre-break),8A,Boulder problem,Rocher Gréau,2,Thilo Schröter,Boulder | worked,2015,,8A,19,11.0,2015-01-01,2015
5593,https://climbing-history.org/climb/5593,Lucky Luke (assis),8A,Boulder problem,Bois Ronds,2,Catherine Miquel,Boulder | worked,2015,,8A,19,11.0,2015-01-01,2015
7639,https://climbing-history.org/climb/7639,Beefy Gecko,8A,Boulder problem,the Sad Boulders,1,Maria Davies Sandbu,Boulder | worked,2015,,8A,19,11.0,2015-01-01,2015
7497,https://climbing-history.org/climb/7497,Démonia,8A,Boulder problem,Puiselet Sablibum,4,Julien Nadiras,Boulder | worked,Before 14th Apr 2015,,8A,19,11.0,2015-04-14,2015
237,https://climbing-history.org/climb/237,Röyksopp,8A,Boulder problem,Roadcrew,1,Emma Flaherty,Boulder | worked,8th Aug 2015,,8A,19,11.0,2015-08-08,2015
5114,https://climbing-history.org/climb/5114,Before Ava Arrives,8A,Boulder problem,The Cuttings Boulderfield,1,Paul Houghoughi,Boulder | worked,Before 9th Aug 2015,,8A,19,11.0,2015-08-09,2015
236,https://climbing-history.org/climb/236,Back Street Mime Artist,8A,Boulder problem,Burbage North and West,10,Iain Farrar,Boulder | worked,Before 1st Jan 2016,,8A,19,11.0,2016-01-01,2016
4116,https://climbing-history.org/climb/4116,New Verse Line,8A,Boulder problem,Carrock Fell Crag,2,Dan Varian,Boulder | worked,2016,,8A,19,11.0,2016-01-01,2016
5143,https://climbing-history.org/climb/5143,Magic Circus,8A,Boulder problem,Puiselet le Paradis,1,Thilo Schröter,Boulder | worked,2016,,8A,19,11.0,2016-01-01,2016
5146,https://climbing-history.org/climb/5146,Karate Kid,8A,Boulder problem,Matre,1,Thilo Schröter,Boulder | worked,2016,,8A,19,11.0,2016-01-01,2016
5148,https://climbing-history.org/climb/5148,Barracuda,8A,Boulder problem,8 Day Rain,1,Thilo Schröter,Boulder | worked,2016,,8A,19,11.0,2016-01-01,2016
5149,https://climbing-history.org/climb/5149,Golden Virginia,8A,Boulder problem,8 Day Rain,1,Thilo Schröter,Boulder | worked,2016,,8A,19,11.0,2016-01-01,2016
5153,https://climbing-history.org/climb/5153,Pinch Cliff,8A,Boulder problem,Liland,1,Thilo Schröter,Boulder | worked,2016,,8A,19,11.0,2016-01-01,2016
5154,https://climbing-history.org/climb/5154,Gospel Plow,8A,Boulder problem,Liland,1,Thilo Schröter,Boulder | worked,2016,,8A,19,11.0,2016-01-01,2016
5817,https://climbing-history.org/climb/5817,The Big Show,8A,Boulder problem,Flock Hill,2,Niccolò Ceria,Boulder | worked,2016,,8A,19,11.0,2016-01-01,2016
2198,https://climbing-history.org/climb/2198,Devil's Blade,8A,Boulder problem,Idwal Slabs,3,James McHaffie,Boulder | worked,Sep 2016,,8A,19,11.0,2016-09-01,2016
3513,https://climbing-history.org/climb/3513,Neutralism,8A,(approx) Boulder problem,,1,Keita Kurakami,Boulder | ground up,2017,,8A,19,11.0,2017-01-01,2017
4131,https://climbing-history.org/climb/4131,Over the Rainbow,8A,Boulder problem,Bovey Woods,1,Walker Kearney,Boulder | worked,2017,,8A,19,11.0,2017-01-01,2017
4137,https://climbing-history.org/climb/4137,Fake Pamplemousse,8A,Boulder problem,Brione,3,Thilo Schröter,Boulder | flash,2017,,8A,19,11.0,2017-01-01,2017
4789,https://climbing-history.org/climb/4789,Power of Landjager,8A,Boulder problem,Hueco Tanks,1,Kenneth Elvegård,Boulder | flash,2017,,8A,19,11.0,2017-01-01,2017
5400,https://climbing-history.org/climb/5400,X,8A,Boulder problem,Sassies,3,Charles Albert,Boulder | worked,2017,,8A,19,11.0,2017-01-01,2017
5488,https://climbing-history.org/climb/5488,Serious Saunterin',8A,Boulder problem,Caley Crags,1,Dan Varian,Boulder | worked,2017,,8A,19,11.0,2017-01-01,2017
6067,https://climbing-history.org/climb/6067,Requiem for a Klem,8A,Boulder problem,Stanage,1,Ben Bransby,Boulder | worked,2017,,8A,19,11.0,2017-01-01,2017
7139,https://climbing-history.org/climb/7139,Death Cap,8A,Boulder problem,Mother Cap and Quarry,1,Ned Feehally,Boulder | worked,2017,,8A,19,11.0,2017-01-01,2017
2540,https://climbing-history.org/climb/2540,Mur Gwyn,8A,Boulder problem,Gallt yr Ogof,1,James McHaffie,Boulder | worked,Apr 2017,,8A,19,11.0,2017-04-01,2017
234,https://climbing-history.org/climb/234,Dead Can't Dance,8A,Boulder problem,Hollow Mountain Area,1,Molly Thompson-Smith,Boulder | worked,May 2017,,8A,19,11.0,2017-05-01,2017
241,https://climbing-history.org/climb/241,Pendragon,8A,Boulder problem,Roadside,3,Shauna Coxsey,Boulder | worked,27th Jul 2017,,8A,19,11.0,2017-07-27,2017
4018,https://climbing-history.org/climb/4018,Kraft,8A,Boulder problem,Mommehål,2,Shauna Coxsey,Boulder | worked,2018,,8A,19,11.0,2018-01-01,2018
5486,https://climbing-history.org/climb/5486,Soft Play,8A,Boulder problem,Bowden Doors,1,Dan Varian,Boulder | worked,2018,,8A,19,11.0,2018-01-01,2018
3345,https://climbing-history.org/climb/3345,Kobe,8A,Boulder problem,Wharncliffe Crags,4,Ned Feehally,Boulder | worked,4th Feb 2018,,8A,19,11.0,2018-02-04,2018
229,https://climbing-history.org/climb/229,Fat Lady,8A,Boulder problem,The Bowderstone,3,Nia Fletcher,Boulder | worked,11th Mar 2018,,8A,19,11.0,2018-03-11,2018
247,https://climbing-history.org/climb/247,Moreau's Island,8A,Boulder problem,Hyning Wood Crags,1,Gill Peet,Boulder | worked,24th May 2018,,8A,19,11.0,2018-05-24,2018
3998,https://climbing-history.org/climb/3998,Dillerium,8A,Boulder problem,Vo,2,Eliot Stephens,Boulder | flash,21st Sep 2018,,8A,19,11.0,2018-09-21,2018
7230,https://climbing-history.org/climb/7230,Earn Your Stripes,8A,Boulder problem,Roy,3,Keenan Takahashi,Boulder | worked,21st Jan 2019,,8A,19,11.0,2019-01-21,2019
5508,https://climbing-history.org/climb/5508,Leonardo,8A,Boulder problem,La Pedriza,2,Talo Martin,Boulder | worked,14th Mar 2019,8A+,8A,19,11.0,2019-03-14,2019
2602,https://climbing-history.org/climb/2602,Geyser Sound (Jump Start),8A,Boulder problem,Brione,1,Diego Cameroni,Boulder | worked,30th Mar 2019,,8A,19,11.0,2019-03-30,2019
240,https://climbing-history.org/climb/240,God Save My Finger,8A,Boulder problem,Franchard Cuisiniere,1,Rachel Carr,Boulder | worked,Apr 2019,,8A,19,11.0,2019-04-01,2019
1899,https://climbing-history.org/climb/1899,Foxy Lady,8A,Boulder problem,Magic Wood,4,Natalie Berry,Boulder | worked,1st May 2019,,8A,19,11.0,2019-05-01,2019
249,https://climbing-history.org/climb/249,Hatchatrocity,8A,Boulder problem,Parisella's Cave,3,Phillip Mitchell,Boulder | worked,27th May 2019,,8A,19,11.0,2019-05-27,2019
243,https://climbing-history.org/climb/243,Tourniquet,8A,Boulder problem,the Kentmere Boulders,4,Rebecca Stephens,Boulder | worked,2020,,8A,19,11.0,2020-01-01,2020
5296,https://climbing-history.org/climb/5296,Trill Seeker,8A,Boulder problem,Bradley Edge and Quarry,1,Jon Fullwood,Boulder | worked,2020,,8A,19,11.0,2020-01-01,2020
5489,https://climbing-history.org/climb/5489,Wade in the Water,8A,Boulder problem,Froggatt Edge,1,Ben Bransby,Boulder | worked,2020,,8A,19,11.0,2020-01-01,2020
5511,https://climbing-history.org/climb/5511,Sin fé no hay FA,8A,Boulder problem,Valcorchero,2,Javier Cano Blazquez,Boulder | worked,Before 20th Feb 2020,,8A,19,11.0,2020-02-20,2020
2685,https://climbing-history.org/climb/2685,Before the Rain,8A,Boulder problem,Cloughton Wyke,4,Mike Adams,Boulder | worked,Before 22nd Aug 2020,,8A,19,11.0,2020-08-22,2020
6322,https://climbing-history.org/climb/6322,Monster,8A,Boulder problem,Lofoten,2,Sunniva Eik Haave,Boulder | worked,3rd Sep 2020,,8A,19,11.0,2020-09-03,2020
3515,https://climbing-history.org/climb/3515,Race Against Death,8A,Boulder problem,Carn Gloose,1,Solly Kemball-Dorey,Boulder | worked,15th Oct 2020,,8A,19,11.0,2020-10-15,2020
383,https://climbing-history.org/climb/383,Lycan It,8A,Boulder problem,Humphrey Head,2,Rachel Freeman,Boulder | worked,19th Nov 2020,,8A,19,11.0,2020-11-19,2020
5333,https://climbing-history.org/climb/5333,Core Blimey,8A,Boulder problem,Ousel's Nest,2,Robin Müller,Boulder | worked,Jan 2021,,8A,19,11.0,2021-01-01,2021
5515,https://climbing-history.org/climb/5515,Tuggin' Undies,8A,Boulder problem,Dogwood,1,Anderson Bouton,Boulder | worked,12th Jan 2021,,8A,19,11.0,2021-01-12,2021
5825,https://climbing-history.org/climb/5825,Index Insurgency,8A,Boulder problem,Mabley Green Boulder,1,Aidan Roberts,Boulder | worked,Before 1st Apr 2021,,8A,19,11.0,2021-04-01,2021
7243,https://climbing-history.org/climb/7243,Couronne De Mousse,8A,Boulder problem,Franchard Hautes Plaines,3,Jonas Winter,Boulder | worked,Before 4th Apr 2021,,8A,19,11.0,2021-04-04,2021
6320,https://climbing-history.org/climb/6320,Sunshine,8A,Boulder problem,Stem Bastensen,2,Martine Limstrand,Boulder | worked,2nd Jul 2021,,8A,19,11.0,2021-07-02,2021
1352,https://climbing-history.org/climb/1352,Fourteen Years Later Low,8A,Boulder problem,Pigeon's Cave,2,Hazel Findlay,Boulder | worked,25th Jul 2021,,8A,19,11.0,2021-07-25,2021
1445,https://climbing-history.org/climb/1445,Earn Your Stripes,8A,Boulder problem,the Small Water Boulders,1,Dan Turner,Boulder | worked,11th Sep 2021,,8A,19,11.0,2021-09-11,2021
2551,https://climbing-history.org/climb/2551,Prince of Thieves,8A,Boulder problem,Joe's Valley,1,Natalia Grossman,Boulder | flash,30th Oct 2021,,8A,19,11.0,2021-10-30,2021
1619,https://climbing-history.org/climb/1619,Let's Get Ready to Rumbleweed,8A,Boulder problem,Raven Tor,1,Holly Rees,Boulder | worked,Nov 2021,,8A,19,11.0,2021-11-01,2021
5853,https://climbing-history.org/climb/5853,Converser,8A,Boulder problem,Raven Tor,2,Holly Rees,Boulder | worked,12th Nov 2021,8A,8A,19,11.0,2021-11-12,2021
5491,https://climbing-history.org/climb/5491,The Archer,8A,Boulder problem,the Camp 4 Boulders,2,Randy Puro,Boulder | worked,Before 1st Dec 2021,,8A,19,11.0,2021-12-01,2021
2299,https://climbing-history.org/climb/2299,Lou Ferrino Sans Pocket,8A,Boulder problem,Parisella's Cave,2,Naomi Buys,Boulder | worked,2022,,8A,19,11.0,2022-01-01,2022
5164,https://climbing-history.org/climb/5164,Sundial,8A,Boulder problem,Creagan Soilleir,3,Aidan Roberts,Boulder | worked,2022,,8A,19,11.0,2022-01-01,2022
1790,https://climbing-history.org/climb/1790,War Machine,8A,Boulder problem,Stonestar Crag,1,Anna Taylor,Boulder | worked,5th Jan 2022,,8A,19,11.0,2022-01-05,2022
3188,https://climbing-history.org/climb/3188,Index,8A,Boulder problem,Brimham Rocks,1,Dave Sutcliffe,Boulder | worked,22nd Feb 2022,,8A,19,11.0,2022-02-22,2022
2747,https://climbing-history.org/climb/2747,Eagle Huntress (Stand),8A,Boulder problem,the Mardale Head Boulders,2,Dan Varian,Boulder | worked,May 2022,,8A,19,11.0,2022-05-01,2022
2939,https://climbing-history.org/climb/2939,Blankety Blank,8A,Boulder problem,the Lily Savage Boulders,1,Jim Pope,Boulder | worked,14th May 2022,,8A,19,11.0,2022-05-14,2022
2600,https://climbing-history.org/climb/2600,The Fisherman,8A,Boulder problem,Ogmore,3,Solly Kemball-Dorey,Boulder | worked,Before 1st Jun 2022,,8A,19,11.0,2022-06-01,2022
4138,https://climbing-history.org/climb/4138,Entwash,8A,Boulder problem,Brione,2,Sunniva Eik Haave,Boulder | worked,27th Nov 2022,,8A,19,11.0,2022-11-27,2022
4776,https://climbing-history.org/climb/4776,Teardrop,8A,Boulder problem,Holwell Tor,1,James Squire,Boulder | worked,26th Dec 2022,,8A,19,11.0,2022-12-26,2022
2959,https://climbing-history.org/climb/2959,Tartarus,8A,Boulder problem,Hades Lake,1,Charlie Barron,Boulder | flash,2023,,8A,19,11.0,2023-01-01,2023
3255,https://climbing-history.org/climb/3255,Catatonica,8A,Boulder problem,Brione,5,Mie Kastet,Boulder | worked,11th Jan 2023,8A+,8A,19,11.0,2023-01-11,2023
4775,https://climbing-history.org/climb/4775,Right to Roam,8A,Boulder problem,Holwell Tor,1,James Squire,Boulder | worked,22nd Jan 2023,,8A,19,11.0,2023-01-22,2023
6489,https://climbing-history.org/climb/6489,Echoes,8A,Boulder problem,Gideon Quarries,2,Osian Parry,Boulder | worked,4th Feb 2023,,8A,19,11.0,2023-02-04,2023
5102,https://climbing-history.org/climb/5102,The Way of the Hippo,8A,Boulder problem,the Tanygrisiau Boulders,2,Osian Parry,Boulder | worked,12th Feb 2023,,8A,19,11.0,2023-02-12,2023
5234,https://climbing-history.org/climb/5234,Pump Up the Power Start,8A,Boulder problem,Raven Tor,1,Rhoslyn Frugtniet,Boulder | worked,27th Mar 2023,,8A,19,11.0,2023-03-27,2023
5799,https://climbing-history.org/climb/5799,N of the Affair,8A,Boulder problem,The Roaches,1,Ned Feehally,Boulder | worked,Apr 2023,,8A,19,11.0,2023-04-01,2023
5274,https://climbing-history.org/climb/5274,El Matador,8A,Boulder problem,Attermire Scar,5,Jack Palmieri,Boulder | worked,20th Apr 2023,,8A,19,11.0,2023-04-20,2023
2528,https://climbing-history.org/climb/2528,Impropa Opera SDS,8A,Boulder problem,The Bowderstone,1,Esther Foster,Boulder | worked,15th May 2023,,8A,19,11.0,2023-05-15,2023
3470,https://climbing-history.org/climb/3470,Leviathan Extension,8A,Boulder problem,Rhoscolyn,1,Tim Blake,Boulder | worked,6th Jun 2023,,8A,19,11.0,2023-06-06,2023
7842,https://climbing-history.org/climb/7842,Tunge Tider,8A,Boulder problem,Torsvik,2,Jun Vilde Hunskår,Boulder | worked,30th Jun 2023,,8A,19,11.0,2023-06-30,2023
2657,https://climbing-history.org/climb/2657,Ethereal Thing,8A,Boulder problem,Hell Moss,2,Rachel Freeman,Boulder | worked,20th Jul 2023,,8A,19,11.0,2023-07-20,2023
3556,https://climbing-history.org/climb/3556,XXXR,8A,Boulder problem,The Bowderstone,3,Aidan Roberts,Boulder | worked,Before 1st Sep 2023,,8A,19,11.0,2023-09-01,2023
2749,https://climbing-history.org/climb/2749,Verna,8A,Boulder problem,the Mardale Head Boulders,2,Molly Thompson-Smith,Boulder | flash,22nd Sep 2023,,8A,19,11.0,2023-09-22,2023
3033,https://climbing-history.org/climb/3033,Dr. Grizzly Superdirect,8A,Boulder problem,the Cwm Dulyn Boulders,1,Osian Parry,Boulder | worked,Oct 2023,,8A,19,11.0,2023-10-01,2023
2981,https://climbing-history.org/climb/2981,Addiction Direct SDS,8A,Boulder problem,Roche Abbey,1,Jack Palmieri,Boulder | worked,31st Dec 2023,,8A,19,11.0,2023-12-31,2023
1638,https://climbing-history.org/climb/1638,Leopold Von Buch,8A,Boulder problem,Carrock Fell Crag,2,Dan Varian,Boulder | worked,2024,8A,8A,19,11.0,2024-01-01,2024
3508,https://climbing-history.org/climb/3508,Revelation,8A,Boulder problem,Fair Head,1,Rob Hunter,Boulder | worked,2024,,8A,19,11.0,2024-01-01,2024
4688,https://climbing-history.org/climb/4688,Kirk Windstein,8A,Boulder problem,Cresciano,1,Trym Skuggen Landmark,Boulder | flash,2024,,8A,19,11.0,2024-01-01,2024
3032,https://climbing-history.org/climb/3032,Lobscows,8A,Boulder problem,Clogwyn y Bustach,1,Osian Parry,Boulder | worked,13th Jan 2024,,8A,19,11.0,2024-01-13,2024
5506,https://climbing-history.org/climb/5506,The Toe Toll,8A,Boulder problem,Turnwater Canyon,1,Sam Wolff,Boulder | worked,Before 25th Feb 2024,,8A,19,11.0,2024-02-25,2024
5504,https://climbing-history.org/climb/5504,Club Heaven,8A,Boulder problem,Coopers Rock,1,Slab Justice Warrior,Boulder | worked,Before 20th Mar 2024,,8A,19,11.0,2024-03-20,2024
7521,https://climbing-history.org/climb/7521,The Pianist,8A,Boulder problem,Val Calanca,1,Ida Marie Høiaas,Boulder | worked,21st Apr 2024,,8A,19,11.0,2024-04-21,2024
5415,https://climbing-history.org/climb/5415,Embryonix,8A,Boulder problem,Lower Glen Lednock,2,Holly Rees,Boulder | worked,3rd May 2024,,8A,19,11.0,2024-05-03,2024
6003,https://climbing-history.org/climb/6003,Snap Sit Start,8A,Boulder problem,Foten,1,Sunniva Eik Haave,Boulder | worked,12th May 2024,,8A,19,11.0,2024-05-12,2024
4242,https://climbing-history.org/climb/4242,The Dark Room,8A,Boulder problem,Odin Cave,1,Anna Wild,Boulder | worked,11th Jun 2024,,8A,19,11.0,2024-06-11,2024
3555,https://climbing-history.org/climb/3555,The Noodle Effect,8A,Boulder problem,Barker Scar,2,Rachel Freeman,Boulder | worked,7th Jul 2024,,8A,19,11.0,2024-07-07,2024
5233,https://climbing-history.org/climb/5233,Back to Black,8A,Boulder problem,Blackwell Dale,1,Rhoslyn Frugtniet,Boulder | worked,20th Aug 2024,,8A,19,11.0,2024-08-20,2024
3967,https://climbing-history.org/climb/3967,The Office,8A,Boulder problem,Björnblocket,2,Rebecca Stephens,Boulder | worked,24th Sep 2024,,8A,19,11.0,2024-09-24,2024
4151,https://climbing-history.org/climb/4151,Orgasmatron,8A,Boulder problem,Maltatal,1,Janja Garnbret,Boulder | flash,Nov 2024,,8A,19,11.0,2024-11-01,2024
4360,https://climbing-history.org/climb/4360,Red Dragon,8A,Boulder problem,Queens Crag,1,Tim Blake,Boulder | worked,4th Nov 2024,,8A,19,11.0,2024-11-04,2024
4148,https://climbing-history.org/climb/4148,Kit Dynamite,8A,Boulder problem,Chironico,1,Molly Thompson-Smith,Boulder | flash,14th Nov 2024,,8A,19,11.0,2024-11-14,2024
6909,https://climbing-history.org/climb/6909,The Athiest,8A,Boulder problem,Rumbling Bald,1,Jessie Wence,Boulder | worked,6th Jan 2025,,8A,19,11.0,2025-01-06,2025
6908,https://climbing-history.org/climb/6908,Depth Charge,8A,Boulder problem,Rumbling Bald,1,Jessie Wence,Boulder | worked,7th Jan 2025,,8A,19,11.0,2025-01-07,2025
5503,https://climbing-history.org/climb/5503,Courage to Dream,8A,Boulder problem,Coopers Rock,1,Slab Justice Warrior,Boulder | worked,Before 14th Jan 2025,,8A,19,11.0,2025-01-14,2025
5505,https://climbing-history.org/climb/5505,Seven Acts of Courage,8A,Boulder problem,Coopers Rock,1,Slab Justice Warrior,Boulder | worked,Before 15th Jan 2025,,8A,19,11.0,2025-01-15,2025
6869,https://climbing-history.org/climb/6869,Testify,8A,Boulder problem,Lilly Boulders,1,Jessie Wence,Boulder | worked,6th Mar 2025,,8A,19,11.0,2025-03-06,2025
5113,https://climbing-history.org/climb/5113,Chestnut,8A,Boulder problem,Matre,1,Mari Augusta Salvesen,Boulder | worked,9th Apr 2025,8A,8A,19,11.0,2025-04-09,2025
5117,https://climbing-history.org/climb/5117,The Matador Low,8A,Boulder problem,Attermire Scar,1,Rhoslyn Frugtniet,Boulder | worked,13th Apr 2025,,8A,19,11.0,2025-04-13,2025
5268,https://climbing-history.org/climb/5268,Cradle to the Grave,8A,Boulder problem,Boone,1,Jessie Wence,Boulder | worked,25th May 2025,,8A,19,11.0,2025-05-25,2025
7522,https://climbing-history.org/climb/7522,Livelihood Stand,8A,Boulder problem,Finsjö,1,Emmelie Conders,Boulder | worked,8th Jun 2025,,8A,19,11.0,2025-06-08,2025
6488,https://climbing-history.org/climb/6488,Jah Fingers,8A,Boulder problem,Gideon Quarries,1,Osian Parry,Boulder | worked,16th Jun 2025,,8A,19,11.0,2025-06-16,2025
8171,https://climbing-history.org/climb/8171,Weapon Omega,8A,Boulder problem,Flock Hill,1,Lucy Sinclair,Boulder | worked,13th Aug 2025,,8A,19,11.0,2025-08-13,2025
7324,https://climbing-history.org/climb/7324,Bunny,8A,Boulder problem,Drei Zinnen,1,Manuel Marquès,Boulder | worked,27th Nov 2025,,8A,19,11.0,2025-11-27,2025
8042,https://climbing-history.org/climb/8042,Greyscale,8A,Boulder problem,Fall Bay to Mewslade,1,Eliot Stephens,Boulder | worked,2026,,8A,19,11.0,2026-01-01,2026
7323,https://climbing-history.org/climb/7323,"Mégalithe (assis, gauche)",8A,Boulder problem,Rocher Gréau,1,Manuel Marquès,Boulder | worked,18th Jan 2026,,8A,19,11.0,2026-01-18,2026
7204,https://climbing-history.org/climb/7204,It Never Fuckin’ Ends!,8A,(approx) Boulder problem,Porth Trecastell,3,Gwilym Tossell,Boulder | worked,28th Jan 2026,8B,8A,19,11.0,2026-01-28,2026
7156,https://climbing-history.org/climb/7156,Atlas,8A,Boulder problem,Oukaimeden,1,Michaela Kiersch,Boulder | worked,Before 23rd Feb 2026,,8A,19,11.0,2026-02-23,2026
7270,https://climbing-history.org/climb/7270,Kittens Galore,8A,Boulder problem,Brimham Rocks,1,Frances Bensley,Boulder | worked,Before 13th Mar 2026,,8A,19,11.0,2026-03-13,2026
7365,https://climbing-history.org/climb/7365,Moonface,8A,Boulder problem,Caley Crags,1,Gus Turner,Boulder | worked,Before 1st Apr 2026,,8A,19,11.0,2026-04-01,2026
4363,https://climbing-history.org/climb/4363,Trojan War,8A,Boulder problem,Buthiers,2,Ethan Maxfield,Boulder | worked,10th Apr 2026,,8A,19,11.0,2026-04-10,2026
7432,https://climbing-history.org/climb/7432,Tiny,8A,Boulder problem,Little Cottonwood Canyon,1,Eric Zschiesche,Boulder | repeat,12th Apr 2026,,8A,19,11.0,2026-04-12,2026
7420,https://climbing-history.org/climb/7420,Seneca Effect,8A,Boulder problem,Apremont,1,Mina Leslie-Wujastyk,Boulder | worked,Before 13th Apr 2026,,8A,19,11.0,2026-04-13,2026
7809,https://climbing-history.org/climb/7809,Lajfstajl,8A,Boulder problem,Kjugekull,1,Emmelie Conders,Boulder | worked,May 2026,,8A,19,11.0,2026-05-01,2026
8081,https://climbing-history.org/climb/8081,Out of Balance,8A,Boulder problem,Roadside,1,Trym Skuggen Landmark,Boulder | flash,Jul 2026,,8A,19,11.0,2026-07-01,2026
8156,https://climbing-history.org/climb/8156,Dirty Epic,8A,Boulder problem,Tea Garden,2,Marte Håkenstad Bråten,Boulder | worked,Jul 2026,,8A,19,11.0,2026-07-01,2026
8290,https://climbing-history.org/climb/8290,The Finger,8A,Boulder problem,Wainstones,2,Evelyn Dearlove,Boulder | worked,4th Jul 2026,,8A,19,11.0,2026-07-04,2026
8141,https://climbing-history.org/climb/8141,Sunset Slopers,8A,Boulder problem,Valle Bavona,1,Kim Marschner,Boulder | worked,Before 22nd Jul 2026,,8A,19,11.0,2026-07-22,2026
8157,https://climbing-history.org/climb/8157,No Rest for the Wicked,8A,Boulder problem,Backyard Boulders,1,Ingrid Kindlihagen,Boulder | worked,25th Jul 2026,,8A,19,11.0,2026-07-25,2026
8160,https://climbing-history.org/climb/8160,Diagonal,8A,Boulder problem,Mount Evans,1,Michaela Kiersch,Boulder | flash,26th Jul 2026,,8A,19,11.0,2026-07-26,2026
8184,https://climbing-history.org/climb/8184,Séance,8A,Boulder problem,Louis Leipoldt's Grave,1,Marte Håkenstad Bråten,Boulder | worked,2nd Aug 2026,,8A,19,11.0,2026-08-02,2026
8254,https://climbing-history.org/climb/8254,Scary Christmas,8A,Boulder problem,Gotthard Pass,1,Eva Hammelmüller,Boulder | flash,18th Aug 2026,,8A,19,11.0,2026-08-18,2026
8256,https://climbing-history.org/climb/8256,Candy Crush,8A,Boulder problem,Lincoln Lake,1,Michaela Kiersch,Boulder | worked,Before 18th Aug 2026,,8A,19,11.0,2026-08-18,2026
7927,https://climbing-history.org/climb/7927,Dúnedane,8A,Boulder problem,Fair Head,2,Tim Blake,Boulder | worked,27th Aug 2026,,8A,19,11.0,2026-08-27,2026
226,https://climbing-history.org/climb/226,Sarah,8A,Boulder problem,Hueco Tanks,1,Claire Bell,Boulder | worked,,,8A,19,11.0,,
238,https://climbing-history.org/climb/238,Halcyon,8A,Boulder problem,Pawtuckaway,1,Michaela Tracy,Boulder | worked,,,8A,19,11.0,,
239,https://climbing-history.org/climb/239,Truth and Lies,8A,Boulder problem,Smuggler's Notch,1,Michaela Tracy,Boulder | worked,,,8A,19,11.0,,
242,https://climbing-history.org/climb/242,Stoned Temple Pilots,8A,Boulder problem,Dinas Mot,1,Jemma Powell,Boulder | worked,,,8A,19,11.0,,
245,https://climbing-history.org/climb/245,White Light,8A,Boulder problem,Anston Stones Wood,1,Ellie Bacmeister,Boulder | worked,,,8A,19,11.0,,
246,https://climbing-history.org/climb/246,Nutsa,8A,Boulder problem,Roadside,1,Tara Hayes,Boulder | worked,,,8A,19,11.0,,
248,https://climbing-history.org/climb/248,Witness the Churnetness,8A,Boulder problem,Peakstone Inn Amphitheatre,1,Steph Holland,Boulder | worked,,,8A,19,11.0,,
547,https://climbing-history.org/climb/547,Careless Torque,8A,Boulder problem,Stanage,22,Ron Fawcett,Boulder | worked,1st March-30th April 1987,,8A,19,11.0,,
1822,https://climbing-history.org/climb/1822,Snatch,8A,Boulder problem,Stanage,1,Paul Bennett,Boulder | worked,,,8A,19,11.0,,
2354,https://climbing-history.org/climb/2354,Halfway House,8A,Boulder problem,Parisella's Cave,1,Malcolm Smith,Boulder | worked,,,8A,19,11.0,,
2480,https://climbing-history.org/climb/2480,Beef Manifold,8A,Boulder problem,Wharncliffe Crags,1,Ned Feehally,Boulder | worked,,,8A,19,11.0,,
2614,https://climbing-history.org/climb/2614,Godzilla,8A,Boulder problem,Biblins Cave,1,Tom Peckitt,Boulder | worked,,,8A,19,11.0,,
3123,https://climbing-history.org/climb/3123,Rascal Groove SS,8A,Boulder problem,Burbage South,1,Neil Travers,Boulder | worked,,,8A,19,11.0,,
3860,https://climbing-history.org/climb/3860,Freak Brothers,8A,Boulder problem,Chironico,2,Tyler Landman,Boulder | worked,,,8A,19,11.0,,
4112,https://climbing-history.org/climb/4112,Déviation,8A,Boulder problem,La Roche aux Sabots,2,Marc Le Menestrel,Boulder | worked,,,8A,19,11.0,,
5052,https://climbing-history.org/climb/5052,Curtain Call,8A,Boulder problem,Cringlesport,1,John Gaskins,Boulder | worked,,,8A,19,11.0,,
5124,https://climbing-history.org/climb/5124,Tort Toise,8A,Boulder problem,Mont Simonet,1,Dan Varian,Boulder | worked,,,8A,19,11.0,,
5335,https://climbing-history.org/climb/5335,The Guardian,8A,Boulder problem,Logan Rock,1,Mikey Cleverdon,Boulder | worked,,,8A,19,11.0,,
5385,https://climbing-history.org/climb/5385,Le Coquillage,8A,Boulder problem,Rocher de Milly,2,Julien Nadiras,Boulder | worked,,,8A,19,11.0,,
5484,https://climbing-history.org/climb/5484,The Doppler Effect,8A,Boulder problem,Caley Crags,1,Dan Varian,Boulder | worked,1st-30th November 2017,8A+,8A,19,11.0,,
5485,https://climbing-history.org/climb/5485,Hard Knocks,8A,Boulder problem,Bowden Doors,1,Dan Varian,Boulder | worked,1st-31st January 2019,7C+,8A,19,11.0,,
5579,https://climbing-history.org/climb/5579,Nik's Wall,8A,Boulder problem,Rivelin Quarries,1,Nik Jennings,Boulder | worked,1st November 1999-1st January 2000,8A,8A,19,11.0,,
5739,https://climbing-history.org/climb/5739,Underworld,8A,Boulder problem,Earl Crag,1,Ben Moon,Boulder | worked,2000-2001,,8A,19,11.0,,
5766,https://climbing-history.org/climb/5766,I am Curious (Yellow) Sit-start,8A,Boulder problem,Ilkley,1,James Ibbertson,Boulder | worked,1990s,,8A,19,11.0,,
6520,https://climbing-history.org/climb/6520,Summit From Nothing,8A,Boulder problem,Bosley Cloud,1,Ned Feehally,Boulder | worked,,,8A,19,11.0,,
7192,https://climbing-history.org/climb/7192,Spread Eagle,8A,Boulder problem,Box Lake,1,Tommy Caldwell,Boulder | worked,2007-2008,,8A,19,11.0,,
7218,https://climbing-history.org/climb/7218,Baïa,8A,Boulder problem,Pierre le Sault,1,Manuel Marquès,Boulder | worked,,,8A,19,11.0,,
7239,https://climbing-history.org/climb/7239,Danny's Problem,8A,Boulder problem,Stanage,1,Danny Brooks,Boulder | worked,1990s,,8A,19,11.0,,
7342,https://climbing-history.org/climb/7342,Shieldmaiden,8A,Boulder problem,Langstrath,1,Dan Varian,Boulder | worked,,,8A,19,11.0,,
7708,https://climbing-history.org/climb/7708,Dead Heat,8A,Boulder problem,the Ground Control Caves,1,Klem Loskot,Boulder | worked,,,8A,19,11.0,,
7978,https://climbing-history.org/climb/7978,Malc's One-Armer,8A,Boulder problem,Raven Tor,1,Malcolm Smith,Boulder | worked,1990s,,8A,19,11.0,,
1228,https://climbing-history.org/climb/1228,Trice,8A+,Boulder problem,Flagstaff,7,Jim Holloway,Boulder | worked,1975,,8A+,20,12.0,1975-01-01,1975
3067,https://climbing-history.org/climb/3067,Inertia Reel Traverse,8A+,Boulder problem,The Roaches,6,Jerry Moffatt,Boulder | worked,1988,,8A+,20,12.0,1988-01-01,1988
5262,https://climbing-history.org/climb/5262,Golden Feet,8A+,Boulder problem,Bas Cuvier,3,Philippe Le Denmat,Boulder | worked,1989,8A,8A+,20,12.0,1989-01-01,1989
546,https://climbing-history.org/climb/546,Dominator,8A+,Boulder problem,the Camp 4 Boulders,9,Jerry Moffatt,Boulder | worked,1993,8B,8A+,20,12.0,1993-01-01,1993
792,https://climbing-history.org/climb/792,Fatman,8A+,Boulder problem,Cuvier Rempart,5,Jacky Godoffe,Boulder | worked,1993,,8A+,20,12.0,1993-01-01,1993
1627,https://climbing-history.org/climb/1627,Pinch 2,8A+,Boulder problem,Stoney Middleton,5,Ben Moon,Boulder | worked,1994,,8A+,20,12.0,1994-01-01,1994
1160,https://climbing-history.org/climb/1160,Karma,8A+,Boulder problem,Franchard Cuisiniere,23,Fred Nicole,Boulder | worked,1995,8A,8A+,20,12.0,1995-01-01,1995
2969,https://climbing-history.org/climb/2969,Work Hard,8A+,Boulder problem,Curbar Edge,3,Jason Myers,Boulder | worked,1995,,8A+,20,12.0,1995-01-01,1995
5835,https://climbing-history.org/climb/5835,Ben’s Extension,8A+,Boulder problem,Stanage,2,Ben Moon,Boulder | worked,Before 1st Jan 1995,,8A+,20,12.0,1995-01-01,1995
2087,https://climbing-history.org/climb/2087,Sean's Roof,8A+,Boulder problem,Blackwell Dale,5,Jerry Moffatt,Lead | worked,Aug 1995,,8A+,20,12.0,1995-08-01,1995
2968,https://climbing-history.org/climb/2968,Cloning Technology,8A+,Boulder problem,Woodwell,1,John Gaskins,Boulder | worked,1997,8A+/8B,8A+,20,12.0,1997-01-01,1997
5157,https://climbing-history.org/climb/5157,Total Éclipse,8A+,Boulder problem,Le Cul de Chien,3,Jacky Godoffe,Boulder | worked,1997,,8A+,20,12.0,1997-01-01,1997
1282,https://climbing-history.org/climb/1282,La Merveille,8A+,Boulder problem,Cuvier Merveille,4,Marc Le Menestrel,Boulder | worked,1999,8A/8A+,8A+,20,12.0,1999-01-01,1999
2612,https://climbing-history.org/climb/2612,Partage,8A+,Boulder problem,Buthiers,17,Marc Le Menestrel,Boulder | worked,1999,7C+,8A+,20,12.0,1999-01-01,1999
3714,https://climbing-history.org/climb/3714,Reve de Faire,8A+,Boulder problem,the Sustenpass Boulders,6,Fred Nicole,Boulder | worked,1999,,8A+,20,12.0,1999-01-01,1999
5595,https://climbing-history.org/climb/5595,Big Bang,8A+,Boulder problem,Buthiers,2,Christophe Laumone,Boulder | worked,1999,,8A+,20,12.0,1999-01-01,1999
149,https://climbing-history.org/climb/149,The Mandala,8A+,Boulder problem,The Buttermilks,14,Chris Sharma,Boulder | worked,2000,,8A+,20,12.0,2000-01-01,2000
421,https://climbing-history.org/climb/421,Anaesthesia,8A+,Boulder problem,Woodwell,8,John Gaskins,Boulder | worked,2000,8B/8B+,8A+,20,12.0,2000-01-01,2000
2063,https://climbing-history.org/climb/2063,8 Ball,8A+,Boulder problem,Gardom's Edge,14,Ben Moon,Boulder | worked,2000,,8A+,20,12.0,2000-01-01,2000
5570,https://climbing-history.org/climb/5570,Hip Hop,8A+,Boulder problem,Boissy aux Cailles,1,Olivier Lebreton,Boulder | worked,2000,,8A+,20,12.0,2000-01-01,2000
7236,https://climbing-history.org/climb/7236,Baboon Master,8A+,Boulder problem,Rocher Canon,1,Julien Nadiras,Boulder | worked,2000,,8A+,20,12.0,2000-01-01,2000
3359,https://climbing-history.org/climb/3359,Frank's Wild Years,8A+,Boulder problem,Cresciano,3,Malcolm Smith,Boulder | worked,Mar 2000,,8A+,20,12.0,2000-03-01,2000
5016,https://climbing-history.org/climb/5016,European Human Being,8A+,Boulder problem,Chaos Canyon,3,Dave Graham,Boulder | worked,Sep 2000,,8A+,20,12.0,2000-09-01,2000
2634,https://climbing-history.org/climb/2634,Pool of Bethesda,8A+,Boulder problem,the Cromlech Boulders,5,Paul Higginson,Boulder | worked,2001,8A+,8A+,20,12.0,2001-01-01,2001
3069,https://climbing-history.org/climb/3069,The Thing Sit Start,8A+,Boulder problem,Crag X,1,John Welford,Boulder | worked,2001,,8A+,20,12.0,2001-01-01,2001
3197,https://climbing-history.org/climb/3197,Turn That Frown Upside Down,8A+,Boulder problem,Gross Reservoir,2,Tommy Caldwell,Boulder | worked,2001,,8A+,20,12.0,2001-01-01,2001
1779,https://climbing-history.org/climb/1779,The Buttermilker,8A+,Boulder problem,The Buttermilks,10,Chris Sharma,Boulder | worked,Before 25th Jan 2001,,8A+,20,12.0,2001-01-25,2001
5546,https://climbing-history.org/climb/5546,Kani Mushi,8A+,Boulder problem,Mitake,2,Dai Koyamada,Boulder | worked,1st Nov 2001,8B,8A+,20,12.0,2001-11-01,2001
2947,https://climbing-history.org/climb/2947,Ard Ay,8A+,Boulder problem,Topside,3,Jerry Moffatt,Boulder | worked,2002,,8A+,20,12.0,2002-01-01,2002
3052,https://climbing-history.org/climb/3052,Evilution,8A+,Boulder problem,The Buttermilks,1,Jason Kehl,Boulder | worked,2002,,8A+,20,12.0,2002-01-01,2002
7169,https://climbing-history.org/climb/7169,Big Dragon,8A+,Boulder problem,Petit Bois,2,Dave Graham,Boulder | worked,11th Jan 2002,,8A+,20,12.0,2002-01-11,2002
5597,https://climbing-history.org/climb/5597,Frisson,8A+,Boulder problem,Rocher Gréau,2,Sébastien Frigault,Boulder | worked,Mar 2002,,8A+,20,12.0,2002-03-01,2002
3030,https://climbing-history.org/climb/3030,Cherry Falls,8A+,Boulder problem,Almscliff,6,Tim Clifford,Boulder | worked,15th Mar 2002,,8A+,20,12.0,2002-03-15,2002
2863,https://climbing-history.org/climb/2863,Rastaman Vibrations,8A+,Boulder problem,The Buttermilks,2,Jared Roth,Boulder | worked,Nov 2002,,8A+,20,12.0,2002-11-01,2002
4304,https://climbing-history.org/climb/4304,A Scanner Darkly,8A+,Boulder problem,The Buttermilks,3,Dave Graham,Boulder | worked,Dec 2002,,8A+,20,12.0,2002-12-01,2002
3257,https://climbing-history.org/climb/3257,Gecko,8A+,Boulder problem,Rocher de Bouligny,4,Julien Nadiras,Boulder | worked,2003,,8A+,20,12.0,2003-01-01,2003
3271,https://climbing-history.org/climb/3271,Captain Hook,8A+,Boulder problem,Oak Flat,2,Chris Sharma,Boulder | worked,2003,,8A+,20,12.0,2003-01-01,2003
3325,https://climbing-history.org/climb/3325,The Bitch,8A+,Boulder problem,Back Bowden Doors,2,Andy Earl,Boulder | worked,2003,,8A+,20,12.0,2003-01-01,2003
592,https://climbing-history.org/climb/592,Superbloc,8A+,Boulder problem,Gardom's Edge,7,Miles Gibson,Boulder | worked,Feb 2003,E8,8A+,20,12.0,2003-02-01,2003
1984,https://climbing-history.org/climb/1984,Massive Attack,8A+,Boulder problem,Magic Wood,4,Fred Nicole,Boulder | flash,12th May 2003,,8A+,20,12.0,2003-05-12,2003
4562,https://climbing-history.org/climb/4562,Abstraksjon,8A+,Boulder problem,Bryggeriet,4,Morten Gulliksen,Boulder | worked,28th Sep 2003,8B,8A+,20,12.0,2003-09-28,2003
4745,https://climbing-history.org/climb/4745,Endangered Species,8A+,Boulder problem,Thorn Crag,1,John Gaskins,Boulder | worked,Oct 2003,,8A+,20,12.0,2003-10-01,2003
206,https://climbing-history.org/climb/206,Director's Cut,8A+,Boulder problem,Parisella's Cave,16,Malcolm Smith,Boulder | worked,2004,,8A+,20,12.0,2004-01-01,2004
1521,https://climbing-history.org/climb/1521,Red Snapper,8A+,Boulder problem,the Sustenpass Boulders,3,Fred Rouhling,Boulder | worked,Before 1st Jan 2004,,8A+,20,12.0,2004-01-01,2004
3775,https://climbing-history.org/climb/3775,Shelter,8A+,Boulder problem,the Grand Wall Boulders,39,Tim Clifford,Boulder | worked,2004,,8A+,20,12.0,2004-01-01,2004
5142,https://climbing-history.org/climb/5142,Délire Onrique,8A+,Boulder problem,Rocher Saint Germain,5,Kevin Lopata,Boulder | worked,2004,,8A+,20,12.0,2004-01-01,2004
7702,https://climbing-history.org/climb/7702,Last Action Hiro,8A+,Boulder problem,Project Wall,2,Hirotaro Hoshina,Boulder | worked,2004,,8A+,20,12.0,2004-01-01,2004
4210,https://climbing-history.org/climb/4210,Frontside,8A+,Boulder problem,the Apron Boulders,3,Tim Clifford,Boulder | worked,9th Sep 2004,,8A+,20,12.0,2004-09-09,2004
5568,https://climbing-history.org/climb/5568,Duel (direct),8A+,Boulder problem,Franchard Cuisiniere,1,Emmanuel Ratouis,Boulder | worked,Before 9th Nov 2004,,8A+,20,12.0,2004-11-09,2004
5837,https://climbing-history.org/climb/5837,Parklife,8A+,Boulder problem,Lower Yosemite Falls,2,Tim Clifford,Boulder | worked,21st Nov 2004,,8A+,20,12.0,2004-11-21,2004
7211,https://climbing-history.org/climb/7211,Fata Morgana (départ bas),8A+,Boulder problem,Coquibus Longs Vaux,5,Dai Koyamada,Boulder | worked,5th Dec 2004,,8A+,20,12.0,2004-12-05,2004
156,https://climbing-history.org/climb/156,Delusions of Grandeur,8A+,Boulder problem,Chironico,9,Dave Graham,Boulder | worked,11th Dec 2004,,8A+,20,12.0,2004-12-11,2004
1666,https://climbing-history.org/climb/1666,The Great Shark Hunt,8A+,Boulder problem,Chironico,4,Dave Graham,Boulder | worked,22nd Dec 2004,,8A+,20,12.0,2004-12-22,2004
6232,https://climbing-history.org/climb/6232,Belly Flop,8A+,Boulder problem,Black Mountain,2,Chris Lindner,Boulder | worked,2005,,8A+,20,12.0,2005-01-01,2005
5384,https://climbing-history.org/climb/5384,Londinium,8A+,Boulder problem,Gorge du Houx,2,Julien Nadiras,Boulder | worked,Before 19th Jan 2005,,8A+,20,12.0,2005-01-19,2005
1675,https://climbing-history.org/climb/1675,Kings of Sonlerto,8A+,Boulder problem,Valle Bavona,4,Dave Graham,Boulder | worked,11th Nov 2005,8B+,8A+,20,12.0,2005-11-11,2005
4175,https://climbing-history.org/climb/4175,Forget About Life for a While,8A+,Boulder problem,Dromedarblöcke,1,Fabian Christof,Boulder | worked,30th Nov 2005,,8A+,20,12.0,2005-11-30,2005
4730,https://climbing-history.org/climb/4730,Queen Kong SS,8A+,Boulder problem,Queens Crag,1,Chris Graham,Boulder | worked,2006,,8A+,20,12.0,2006-01-01,2006
5771,https://climbing-history.org/climb/5771,Twelve Bore,8A+,Boulder problem,Earl Crag,1,Mark Katz,Boulder | worked,2006,,8A+,20,12.0,2006-01-01,2006
6878,https://climbing-history.org/climb/6878,No Pun Intended,8A+,Boulder problem,,2,Chris Sharma,Boulder | worked,Before 1st Jan 2006,,8A+,20,12.0,2006-01-01,2006
7463,https://climbing-history.org/climb/7463,Shosholoza,8A+,Boulder problem,Sassies,1,Fred Nicole,Boulder | worked,2006,,8A+,20,12.0,2006-01-01,2006
3855,https://climbing-history.org/climb/3855,Dark Waters,8A+,Boulder problem,Clear Creek Canyon,2,Daniel Woods,Boulder | worked,25th Feb 2006,,8A+,20,12.0,2006-02-25,2006
167,https://climbing-history.org/climb/167,Keen Roof,8A+,Boulder problem,Raven Tor,43,James Pearson,Boulder | worked,5th Sep 2006,,8A+,20,12.0,2006-09-05,2006
2696,https://climbing-history.org/climb/2696,Permanent Midnight,8A+,Boulder problem,Fionnay,12,Dave Graham,Boulder | worked,19th Sep 2006,8B,8A+,20,12.0,2006-09-19,2006
4128,https://climbing-history.org/climb/4128,The Green Room,8A+,Boulder problem,Bonehill Rocks,1,Dave Henderson,Boulder | worked,2007,,8A+,20,12.0,2007-01-01,2007
4746,https://climbing-history.org/climb/4746,Super Submarine,8A+,Boulder problem,Craig y Longridge,1,Gareth Parry,Boulder | worked,2007,,8A+,20,12.0,2007-01-01,2007
5183,https://climbing-history.org/climb/5183,The Antihero,8A+,Boulder problem,Horseshoe Canyon Ranch,3,Tyler Landman,Boulder | worked,5th Jan 2007,8B,8A+,20,12.0,2007-01-05,2007
1665,https://climbing-history.org/climb/1665,Ganymede Takeover,8A+,Boulder problem,Brione,4,James Pearson,Boulder | flash,16th Feb 2007,,8A+,20,12.0,2007-02-16,2007
3547,https://climbing-history.org/climb/3547,Blood Sport,8A+,Boulder problem,Shaftoe Crags,9,Andy Earl,Boulder | worked,24th Jun 2007,8B,8A+,20,12.0,2007-06-24,2007
5323,https://climbing-history.org/climb/5323,Drink Driving,8A+,Boulder problem,Pill Box Wall,2,Chris Doyle,Boulder | worked,20th Oct 2007,,8A+,20,12.0,2007-10-20,2007
158,https://climbing-history.org/climb/158,Louis Armstrong,8A+,Boulder problem,Parisella's Cave,17,Danny Cattell,Boulder | worked,20th Nov 2007,8A+,8A+,20,12.0,2007-11-20,2007
1667,https://climbing-history.org/climb/1667,Schule des Lebens,8A+,Boulder problem,Chironico,2,James Pearson,Boulder | flash,25th Nov 2007,,8A+,20,12.0,2007-11-25,2007
4699,https://climbing-history.org/climb/4699,Pura Vida,8A+,Boulder problem,Magic Wood,4,Barbara Zangerl,Boulder | worked,2008,,8A+,20,12.0,2008-01-01,2008
6257,https://climbing-history.org/climb/6257,Gjeddehenget,8A+,Boulder problem,Matre,3,Magnus Midtbø,Boulder | worked,17th May 2008,8B/8B+,8A+,20,12.0,2008-05-17,2008
752,https://climbing-history.org/climb/752,Don't Pierdol,8A+,Boulder problem,High Rocks,2,Peter Wycislik,Boulder | worked,2009,,8A+,20,12.0,2009-01-01,2009
3326,https://climbing-history.org/climb/3326,Arc Royal,8A+,Boulder problem,Queens Crag,2,Dan Varian,Boulder | worked,2009,,8A+,20,12.0,2009-01-01,2009
4672,https://climbing-history.org/climb/4672,Black Shadow,8A+,Boulder problem,Tea Garden,4,Keita Mogaki,Boulder | flash,2009,,8A+,20,12.0,2009-01-01,2009
7286,https://climbing-history.org/climb/7286,Pachamama,8A+,Boulder problem,Rocher Gréau,2,Julien Nadiras,Top Rope | worked,2009,,8A+,20,12.0,2009-01-01,2009
5767,https://climbing-history.org/climb/5767,Greasy Leopard,8A+,Boulder problem,Ilkley,1,Dave Buchanan,Boulder | worked,3rd Jan 2009,,8A+,20,12.0,2009-01-03,2009
766,https://climbing-history.org/climb/766,Lanny Bassham,8A+,Boulder problem,Rylstone,3,Ben Bransby,Boulder | worked,Feb 2009,,8A+,20,12.0,2009-02-01,2009
4676,https://climbing-history.org/climb/4676,Skyggespell,8A+,Boulder problem,Stavtjørn,2,Jarle Risa,Boulder | worked,15th Jun 2009,,8A+,20,12.0,2009-06-15,2009
4677,https://climbing-history.org/climb/4677,Whore of Babylon,8A+,Boulder problem,Stavtjørn,3,Tore Årthun,Boulder | worked,15th Jun 2009,,8A+,20,12.0,2009-06-15,2009
5322,https://climbing-history.org/climb/5322,Jack the Drunk,8A+,Boulder problem,Pill Box Wall,3,Chris Doyle,Boulder | worked,4th Jul 2009,,8A+,20,12.0,2009-07-04,2009
6482,https://climbing-history.org/climb/6482,Un Ange Avec Des Cornes,8A+,Boulder problem,Cresciano,2,Adam Ondra,Boulder | flash,20th Dec 2009,,8A+,20,12.0,2009-12-20,2009
2658,https://climbing-history.org/climb/2658,Ivan Dobsky,8A+,Boulder problem,Ravensheugh Crag,1,Dan Varian,Boulder | worked,2010,,8A+,20,12.0,2010-01-01,2010
7197,https://climbing-history.org/climb/7197,Hispaniola,8A+,Boulder problem,Rylstone,3,Mark Katz,Boulder | worked,2010,,8A+,20,12.0,2010-01-01,2010
3432,https://climbing-history.org/climb/3432,Barefoot on Sacred Ground,8A+,Boulder problem,Hueco Tanks,3,Thomasina Pidgeon,Boulder | worked,25th Jan 2010,,8A+,20,12.0,2010-01-25,2010
4718,https://climbing-history.org/climb/4718,Titus Gaukroger,8A+,Boulder problem,Mytholm Steep Quarry,1,Nik Jennings,Boulder | worked,8th Feb 2010,,8A+,20,12.0,2010-02-08,2010
4553,https://climbing-history.org/climb/4553,Bonsai,8A+,Boulder problem,Harbak,7,Martin Mobråten,Boulder | worked,16th Mar 2010,8A+ (hard),8A+,20,12.0,2010-03-16,2010
4662,https://climbing-history.org/climb/4662,Left Hand of Darkness,8A+,Boulder problem,Magic Wood,2,Therese Johansen,Boulder | worked,25th Apr 2010,8A+ (soft),8A+,20,12.0,2010-04-25,2010
4669,https://climbing-history.org/climb/4669,Talib,8A+,Boulder problem,Vingsand,6,Nalle Hukkataival,Boulder | flash,May 2010,,8A+,20,12.0,2010-05-01,2010
4667,https://climbing-history.org/climb/4667,Steinbukken,8A+,Boulder problem,Dirdal,8,Andreas Hetland Olsen,Boulder | worked,2nd May 2010,,8A+,20,12.0,2010-05-02,2010
4544,https://climbing-history.org/climb/4544,Selvmordsblomster,8A+,Boulder problem,Trolldalen,6,Stian Christophersen,Boulder | worked,6th May 2010,8B,8A+,20,12.0,2010-05-06,2010
1284,https://climbing-history.org/climb/1284,No More Greener Grasses,8A+,Boulder problem,Mount Evans,2,Angie Payne,Boulder | worked,Jun 2010,,8A+,20,12.0,2010-06-01,2010
4661,https://climbing-history.org/climb/4661,Summoning,8A+,Boulder problem,Murrin Park,1,Thomasina Pidgeon,Boulder | worked,14th Jun 2010,,8A+,20,12.0,2010-06-14,2010
3540,https://climbing-history.org/climb/3540,Incubator,8A+,Boulder problem,Ginzling Wald,4,Adam Ondra,Boulder | flash,21st Jul 2010,8A+ (soft),8A+,20,12.0,2010-07-21,2010
4660,https://climbing-history.org/climb/4660,Sur le Toit,8A+,Boulder problem,the Grand Wall Boulders,1,Thomasina Pidgeon,Boulder | worked,22nd Sep 2010,,8A+,20,12.0,2010-09-22,2010
7165,https://climbing-history.org/climb/7165,One Infinity,8A+,Boulder problem,Sally in the Woods,3,Tom Randall,Boulder | worked,31st Oct 2010,8b+,8A+,20,12.0,2010-10-31,2010
2659,https://climbing-history.org/climb/2659,Nth Power,8A+,Boulder problem,The Roaches,1,Dan Varian,Boulder | worked,Nov 2010,,8A+,20,12.0,2010-11-01,2010
3976,https://climbing-history.org/climb/3976,The Bed of Procustes,8A+,Boulder problem,Millstone Edge,2,Iain Farrar,Boulder | worked,18th Dec 2010,8B,8A+,20,12.0,2010-12-18,2010
6907,https://climbing-history.org/climb/6907,Cutting the Habit,8A+,Boulder problem,Cowell,3,Jimmy Webb,Boulder | worked,14th Jan 2011,,8A+,20,12.0,2011-01-14,2011
2471,https://climbing-history.org/climb/2471,Stanton Deliver,8A+,Boulder problem,Stanton Moor,1,Dan Varian,Boulder | worked,9th Feb 2011,,8A+,20,12.0,2011-02-09,2011
7213,https://climbing-history.org/climb/7213,Les Ombres d'Opaline,8A+,Boulder problem,Coquibus Rumont,2,Sébastien Frigault,Boulder | worked,Before 13th Feb 2011,,8A+,20,12.0,2011-02-13,2011
4659,https://climbing-history.org/climb/4659,The Aquarium,8A+,Boulder problem,the Sad Boulders,3,Thomasina Pidgeon,Boulder | worked,17th Mar 2011,,8A+,20,12.0,2011-03-17,2011
4658,https://climbing-history.org/climb/4658,Beautiful Gecko,8A+,Boulder problem,the Sad Boulders,1,Thomasina Pidgeon,Boulder | worked,28th Mar 2011,,8A+,20,12.0,2011-03-28,2011
4673,https://climbing-history.org/climb/4673,Propaganda,8A+,Boulder problem,Vingsand,3,Bernd Zangerl,Boulder | worked,Before 13th May 2011,8B,8A+,20,12.0,2011-05-13,2011
544,https://climbing-history.org/climb/544,Pilgrim,8A+,Boulder problem,Parisella's Cave,2,Shauna Coxsey,Boulder | worked,Jun 2011,,8A+,20,12.0,2011-06-01,2011
3037,https://climbing-history.org/climb/3037,Feed the Need,8A+,Boulder problem,Earth Quarry,4,Dawid Skoczylas,Boulder | worked,18th Jun 2011,,8A+,20,12.0,2011-06-18,2011
7382,https://climbing-history.org/climb/7382,Barn Door 2000,8A+,Boulder problem,Little Rock City,2,Jimmy Webb,Boulder | worked,21st Oct 2011,,8A+,20,12.0,2011-10-21,2011
1522,https://climbing-history.org/climb/1522,Dulcifer (low start),8A+,Boulder problem,Schollenen,3,Robin Mjelle,Boulder | worked,Nov 2011,8B (soft),8A+,20,12.0,2011-11-01,2011
3859,https://climbing-history.org/climb/3859,Room Service,8A+,Boulder problem,the Grand Wall Boulders,10,Sean McColl,Boulder | worked,3rd Dec 2011,,8A+,20,12.0,2011-12-03,2011
2534,https://climbing-history.org/climb/2534,Industry of Cool,8A+,Boulder problem,8 Day Rain,2,Nalle Hukkataival,Boulder | worked,2012,8B,8A+,20,12.0,2012-01-01,2012
5490,https://climbing-history.org/climb/5490,Peahi,8A+,Boulder problem,Champagne,2,Nalle Hukkataival,Boulder | worked,2012,,8A+,20,12.0,2012-01-01,2012
6751,https://climbing-history.org/climb/6751,The Uncertainty Principle,8A+,Boulder problem,Lord's Seat,1,Tom Peckitt,Boulder | worked,2012,,8A+,20,12.0,2012-01-01,2012
7759,https://climbing-history.org/climb/7759,D+P combo,8A+,Boulder problem,Vo,1,Stefan Rasmussen,Boulder | worked,Before 1st Jan 2012,8B,8A+,20,12.0,2012-01-01,2012
6178,https://climbing-history.org/climb/6178,Sôl Adûnâmentum,8A+,Boulder problem,Hueco Tanks,1,Dave Graham,Boulder | worked,9th Feb 2012,,8A+,20,12.0,2012-02-09,2012
4671,https://climbing-history.org/climb/4671,Rumble in the Jungle,8A+,Boulder problem,Hueco Tanks,4,Katharina Saurwein,Boulder | worked,16th Feb 2012,,8A+,20,12.0,2012-02-16,2012
4737,https://climbing-history.org/climb/4737,The Model,8A+,Boulder problem,Cloghoge,1,Michael Duffy,Boulder | worked,8th Mar 2012,,8A+,20,12.0,2012-03-08,2012
6450,https://climbing-history.org/climb/6450,Two Sizes Two Big,8A+,Boulder problem,Wild Basin,1,Dave Graham,Boulder | worked,13th Apr 2012,,8A+,20,12.0,2012-04-13,2012
756,https://climbing-history.org/climb/756,Mind Matters,8A+,Boulder problem,Guanella Pass,3,Shauna Coxsey,Boulder | worked,Jun 2012,,8A+,20,12.0,2012-06-01,2012
757,https://climbing-history.org/climb/757,Riddles in the Park,8A+,Boulder problem,Chaos Canyon,2,Shauna Coxsey,Boulder | worked,Jun 2012,,8A+,20,12.0,2012-06-01,2012
758,https://climbing-history.org/climb/758,In Hell,8A+,Boulder problem,Parisella's Cave,2,Shauna Coxsey,Boulder | worked,12th Jul 2012,,8A+,20,12.0,2012-07-12,2012
5324,https://climbing-history.org/climb/5324,Last Drink,8A+,Boulder problem,Pill Box Wall,1,Chris Doyle,Boulder | worked,21st Jul 2012,,8A+,20,12.0,2012-07-21,2012
8107,https://climbing-history.org/climb/8107,Moby Dick,8A+,Boulder problem,Flock Hill,4,James Morris,Boulder | worked,26th Aug 2012,,8A+,20,12.0,2012-08-26,2012
760,https://climbing-history.org/climb/760,Tetris,8A+,Boulder problem,Wild Basin,1,Mina Leslie-Wujastyk,Boulder | worked,5th Oct 2012,,8A+,20,12.0,2012-10-05,2012
2469,https://climbing-history.org/climb/2469,Cruachan,8A+,Boulder problem,Carrick Castle,1,Dan Varian,Boulder | worked,2013,,8A+,20,12.0,2013-01-01,2013
2470,https://climbing-history.org/climb/2470,Marra Time,8A+,Boulder problem,Carrick Castle,1,Dan Varian,Boulder | worked,2013,,8A+,20,12.0,2013-01-01,2013
3722,https://climbing-history.org/climb/3722,Helicoidal Flow,8A+,Boulder problem,Reiff,2,Dan Varian,Boulder | worked,2013,8A+,8A+,20,12.0,2013-01-01,2013
4843,https://climbing-history.org/climb/4843,Earthworm Jim,8A+,Boulder problem,the Sour Milk Boulders,3,Dan Varian,Boulder | worked,Before 21st May 2013,,8A+,20,12.0,2013-05-21,2013
7959,https://climbing-history.org/climb/7959,Any Given Sunday,8A+,Boulder problem,Vestrahorn,4,Valdimar Björnsson,Boulder | worked,25th Jun 2013,8A+ (hard),8A+,20,12.0,2013-06-25,2013
6731,https://climbing-history.org/climb/6731,Brainstorming,8A+,Boulder problem,Drei Zinnen,3,Manuel Marquès,Boulder | worked,3rd Nov 2013,,8A+,20,12.0,2013-11-03,2013
2777,https://climbing-history.org/climb/2777,Jack's Broken Heart,8A+,Boulder problem,Magic Wood,3,Ned Feehally,Boulder | flash,2014,,8A+,20,12.0,2014-01-01,2014
3723,https://climbing-history.org/climb/3723,Veinglorious,8A+,Boulder problem,Reiff,1,Dan Varian,Boulder | worked,2014,,8A+,20,12.0,2014-01-01,2014
6254,https://climbing-history.org/climb/6254,Stellar Dweller,8A+,Boulder problem,Sampsons Stones,3,Greg Chapman,Boulder | worked,Before 1st Jan 2014,,8A+,20,12.0,2014-01-01,2014
5109,https://climbing-history.org/climb/5109,A Maze of Death,8A+,Boulder problem,The Buttermilks,11,Ashima Shiraishi,Boulder | worked,23rd Jan 2014,,8A+,20,12.0,2014-01-23,2014
5253,https://climbing-history.org/climb/5253,La Toupie Carnivore,8A+,Boulder problem,Rocher Saint Germain,1,Guillaume Glairon-Mondet,Boulder | worked,16th Feb 2014,,8A+,20,12.0,2014-02-16,2014
5021,https://climbing-history.org/climb/5021,Bonfire Jam,8A+,Boulder problem,,2,Bryce Viola,Boulder | worked,19th Mar 2014,8A+ (hard),8A+,20,12.0,2014-03-19,2014
7039,https://climbing-history.org/climb/7039,Hare,8A+,Boulder problem,Mizugaki,8,Toshi Takeuchi,Boulder | worked,Before 11th Apr 2014,,8A+,20,12.0,2014-04-11,2014
5210,https://climbing-history.org/climb/5210,Suicide Simulator,8A+,Boulder problem,Earth Quarry,1,Mike Adams,Boulder | worked,Before 1st May 2014,,8A+,20,12.0,2014-05-01,2014
224,https://climbing-history.org/climb/224,Pursuit of Happiness,8A+,Boulder problem,Redhill,3,Jimmy Webb,Boulder | worked,14th Jun 2014,,8A+,20,12.0,2014-06-14,2014
414,https://climbing-history.org/climb/414,Ropes of Maui,8A+,Boulder problem,Dinas Mot,9,Pete Robins,Boulder | worked,15th Jul 2014,8B,8A+,20,12.0,2014-07-15,2014
7958,https://climbing-history.org/climb/7958,Hálfur Maður,8A+,Boulder problem,Vestrahorn,1,Valdimar Björnsson,Boulder | worked,20th Jul 2014,,8A+,20,12.0,2014-07-20,2014
211,https://climbing-history.org/climb/211,Fragile Steps,8A+,Boulder problem,Fortress,6,Angela Eiter,Boulder | worked,Aug 2014,,8A+,20,12.0,2014-08-01,2014
7957,https://climbing-history.org/climb/7957,Óð til Sigurs,8A+,Boulder problem,Vestrahorn,1,Valdimar Björnsson,Boulder | worked,15th Aug 2014,8A+ (hard),8A+,20,12.0,2014-08-15,2014
3224,https://climbing-history.org/climb/3224,Toil and Trouble,8A+,Boulder problem,Peakstone Inn Amphitheatre,1,Mark Katz,Boulder | worked,20th Aug 2014,,8A+,20,12.0,2014-08-20,2014
5325,https://climbing-history.org/climb/5325,One for the Road,8A+,Boulder problem,Pill Box Wall,1,Chris Doyle,Boulder | worked,20th Aug 2014,,8A+,20,12.0,2014-08-20,2014
4668,https://climbing-history.org/climb/4668,Bindu,8A+,Boulder problem,Albarracín,3,James Garden,Boulder | worked,Sep 2014,,8A+,20,12.0,2014-09-01,2014
4609,https://climbing-history.org/climb/4609,Esperanza,8A+,Boulder problem,Albarracín,3,Martin Mobråten,Boulder | worked,Nov 2014,8B,8A+,20,12.0,2014-11-01,2014
4129,https://climbing-history.org/climb/4129,Pe'Ahi,8A+,Boulder problem,Bonehill Rocks,1,Mikey Cleverdon,Boulder | worked,30th Dec 2014,,8A+,20,12.0,2014-12-30,2014
3385,https://climbing-history.org/climb/3385,29 Dots,8A+,Boulder problem,Sergent,3,Bernd Zangerl,Solo | worked,2015,,8A+,20,12.0,2015-01-01,2015
5134,https://climbing-history.org/climb/5134,Moonwalk,8A+,Boulder problem,Vesterøya,1,Thilo Schröter,Boulder | worked,2015,,8A+,20,12.0,2015-01-01,2015
5147,https://climbing-history.org/climb/5147,Green Mamba,8A+,Boulder problem,Cedar Rouge,2,Thilo Schröter,Boulder | worked,2015,,8A+,20,12.0,2015-01-01,2015
5255,https://climbing-history.org/climb/5255,Zephyr,8A+,Boulder problem,Highway 140,2,Keenan Takahashi,Boulder | worked,17th Jan 2015,,8A+,20,12.0,2015-01-17,2015
6449,https://climbing-history.org/climb/6449,XXL,8A+,Boulder problem,Wild Basin,1,Daniel Woods,Boulder | worked,31st May 2015,,8A+,20,12.0,2015-05-31,2015
230,https://climbing-history.org/climb/230,Armed Response,8A+,Boulder problem,Fortress,2,Martin Mobråten,Boulder | worked,Jun 2015,8B,8A+,20,12.0,2015-06-01,2015
5699,https://climbing-history.org/climb/5699,Rich's Traverse,8A+,Boulder problem,Blackwell Dale,2,Richard Ames,Boulder | worked,13th Sep 2015,,8A+,20,12.0,2015-09-13,2015
3248,https://climbing-history.org/climb/3248,Ikar,8A+,Boulder problem,Zimny Dół,2,Piotrek Czarnecki,Boulder | worked,16th Sep 2015,,8A+,20,12.0,2015-09-16,2015
3579,https://climbing-history.org/climb/3579,Chabal,8A+,Boulder problem,Lower Gorple,4,Ben Freeman,Boulder | worked,11th Oct 2015,,8A+,20,12.0,2015-10-11,2015
3221,https://climbing-history.org/climb/3221,Mr Blobby,8A+,Boulder problem,Callaly,3,Dan Varian,Boulder | worked,2016,,8A+,20,12.0,2016-01-01,2016
3376,https://climbing-history.org/climb/3376,Dhalism,8A+,Boulder problem,Gardom's Edge,4,Ned Feehally,Boulder | worked,2016,,8A+,20,12.0,2016-01-01,2016
5138,https://climbing-history.org/climb/5138,Pan-ton Sitt,8A+,Boulder problem,Foten,1,Thilo Schröter,Boulder | worked,2016,,8A+,20,12.0,2016-01-01,2016
5140,https://climbing-history.org/climb/5140,Gourmandise (raccourci),8A+,Boulder problem,Cuvier Rempart,2,Thilo Schröter,Boulder | worked,2016,,8A+,20,12.0,2016-01-01,2016
5144,https://climbing-history.org/climb/5144,Belzebú,8A+,Boulder problem,Loreto,1,Thilo Schröter,Boulder | worked,2016,,8A+,20,12.0,2016-01-01,2016
5145,https://climbing-history.org/climb/5145,Luftwaffe,8A+,Boulder problem,Matre,1,Thilo Schröter,Boulder | worked,2016,,8A+,20,12.0,2016-01-01,2016
5701,https://climbing-history.org/climb/5701,Arthur,8A+,Boulder problem,Tintagel North,1,Alex Waterhouse,Boulder | worked,2016,,8A+,20,12.0,2016-01-01,2016
7108,https://climbing-history.org/climb/7108,Leopold Low Start,8A+,Boulder problem,Carrock Fell Crag,1,Dan Varian,Boulder | worked,2016,,8A+,20,12.0,2016-01-01,2016
5126,https://climbing-history.org/climb/5126,Brownian Motion,8A+,Boulder problem,the West Chevin Boulders,3,Dan Turner,Boulder | worked,2nd Feb 2016,,8A+,20,12.0,2016-02-02,2016
7327,https://climbing-history.org/climb/7327,Paul Preuss,8A+,Boulder problem,Recloses,2,Christophe Laumone,Boulder | worked,Before 11th Feb 2016,,8A+,20,12.0,2016-02-11,2016
2505,https://climbing-history.org/climb/2505,Terminus,8A+,Boulder problem,The Buttermilks,2,Keenan Takahashi,Boulder | worked,12th Feb 2016,,8A+,20,12.0,2016-02-12,2016
212,https://climbing-history.org/climb/212,Diluvian,8A+,Boulder problem,Kilnsey,2,Dan Turner,Boulder | worked,9th Jun 2016,,8A+,20,12.0,2016-06-09,2016
228,https://climbing-history.org/climb/228,Sleepy Hollow,8A+,Boulder problem,Hollow Mountain Area,1,Ella Russell,Boulder | worked,16th Jul 2016,,8A+,20,12.0,2016-07-16,2016
7105,https://climbing-history.org/climb/7105,Silver Platter,8A+,Boulder problem,Venus Baths,3,Nalle Hukkataival,Boulder | worked,Before 30th Jul 2016,8A+,8A+,20,12.0,2016-07-30,2016
5152,https://climbing-history.org/climb/5152,Rabbagast Sit Start,8A+,Boulder problem,Liland,1,Thilo Schröter,Boulder | worked,21st Oct 2016,,8A+,20,12.0,2016-10-21,2016
3264,https://climbing-history.org/climb/3264,Schluck du Bruder Sit,8A+,Boulder problem,Felbertal,1,Karoline Sinnhuber,Boulder | worked,18th Dec 2016,,8A+,20,12.0,2016-12-18,2016
4764,https://climbing-history.org/climb/4764,Abaddon,8A+,Boulder problem,Black Velvet Canyon,1,Martin Mobråten,Boulder | flash,2017,,8A+,20,12.0,2017-01-01,2017
5019,https://climbing-history.org/climb/5019,Lo Lo,8A+,Boulder problem,Porth Ysgo,1,Paul Higginson,Boulder | worked,2017,,8A+,20,12.0,2017-01-01,2017
6741,https://climbing-history.org/climb/6741,The Deputy,8A+,Boulder problem,the North Wall Boulders,2,Jamie Finlayson,Boulder | worked,4th Jan 2017,,8A+,20,12.0,2017-01-04,2017
6152,https://climbing-history.org/climb/6152,The Castle low low,8A+,Boulder problem,Slottet,2,Martin Sky Strand,Boulder | worked,13th Jan 2017,,8A+,20,12.0,2017-01-13,2017
4586,https://climbing-history.org/climb/4586,Diabolique,8A+,Boulder problem,Hueco Tanks,2,Kenneth Elvegård,Boulder | worked,27th Jan 2017,8B (soft),8A+,20,12.0,2017-01-27,2017
3048,https://climbing-history.org/climb/3048,Meadowlark Lemon Stand,8A+,Boulder problem,Gateway Canyon,5,Martin Mobråten,Boulder | worked,Feb 2017,8B,8A+,20,12.0,2017-02-01,2017
5564,https://climbing-history.org/climb/5564,La Cicatrice de l'Ohm,8A+,Boulder problem,Mare aux Corneilles,3,Eliot Stephens,Boulder | worked,15th Mar 2017,8A+ (soft),8A+,20,12.0,2017-03-15,2017
2859,https://climbing-history.org/climb/2859,Le Mur du Son (assis),8A+,Boulder problem,Petit Bois,2,Nico Pelorson,Boulder | flash,25th Mar 2017,,8A+,20,12.0,2017-03-25,2017
3496,https://climbing-history.org/climb/3496,Star Slinger,8A+,Boulder problem,High Crag,4,Ben Freeman,Boulder | worked,22nd Apr 2017,,8A+,20,12.0,2017-04-22,2017
817,https://climbing-history.org/climb/817,Evil Sideways,8A+,Boulder problem,Dinas Rock,2,Eliot Stephens,Boulder | worked,3rd May 2017,,8A+,20,12.0,2017-05-03,2017
4787,https://climbing-history.org/climb/4787,Ubuntu,8A+,Boulder problem,Big Grey Slab,1,Keenan Takahashi,Boulder | worked,9th Jun 2017,,8A+,20,12.0,2017-06-09,2017
5507,https://climbing-history.org/climb/5507,Mona Lisa,8A+,Boulder problem,La Pedriza,3,Ignacio Mulero,Boulder | worked,Before 20th Oct 2017,,8A+,20,12.0,2017-10-20,2017
5067,https://climbing-history.org/climb/5067,In Heaven (Lite),8A+/8c,Boulder problem,Parisella's Cave,1,Ally Smith,Boulder | worked,25th Mar 2018,8c (soft),8A+,20,12.0,2018-03-25,2018
208,https://climbing-history.org/climb/208,One Step Beyond,8A+,Boulder problem,The Pixar Boulders,1,Will Atkinson,Boulder | worked,May 2018,,8A+,20,12.0,2018-05-01,2018
6603,https://climbing-history.org/climb/6603,Hiding in the shadows,8A+,Boulder problem,Danger Zone,4,Giuliano Cameroni,Boulder | worked,27th Aug 2018,8B (soft),8A+,20,12.0,2018-08-27,2018
4206,https://climbing-history.org/climb/4206,Separate Feehality,8A+,Boulder problem,Burbage South,6,Ben Bransby,Boulder | worked,2019,,8A+,20,12.0,2019-01-01,2019
1209,https://climbing-history.org/climb/1209,The Vault,8A+,Boulder problem,Hartland Quay,17,James Squire,Boulder | worked,26th Feb 2019,,8A+,20,12.0,2019-02-26,2019
2858,https://climbing-history.org/climb/2858,Lethal Design,8A+,Boulder problem,Gateway Canyon,7,Ashima Shiraishi,Boulder | flash,Mar 2019,,8A+,20,12.0,2019-03-01,2019
1649,https://climbing-history.org/climb/1649,Mein Vein SDS,8A+,Boulder problem,Caseg Boulder,2,Dan Varian,Boulder | worked,Apr 2019,,8A+,20,12.0,2019-04-01,2019
7044,https://climbing-history.org/climb/7044,Kuudou,8A+,Boulder problem,,5,Makoto Yamauchi,Boulder | worked,Before 15th Jun 2019,,8A+,20,12.0,2019-06-15,2019
7764,https://climbing-history.org/climb/7764,Cold Comfort Cuddle Machine,8A+,Boulder problem,Ukulore Valley,2,Ben Cossey,Boulder | worked,Aug 2019,,8A+,20,12.0,2019-08-01,2019
1642,https://climbing-history.org/climb/1642,Interstellar,8A+,Boulder problem,Bovey Woods,2,James Squire,Boulder | worked,9th Dec 2019,,8A+,20,12.0,2019-12-09,2019
4259,https://climbing-history.org/climb/4259,Wax On Wax Off,8A+,Boulder problem,Christianbury Crag,1,Dan Varian,Boulder | worked,2020,,8A+,20,12.0,2020-01-01,2020
4996,https://climbing-history.org/climb/4996,La Peregrina,8A+,Boulder problem,Valle Bavona,2,Jonas Winter,Boulder | worked,2020,,8A+,20,12.0,2020-01-01,2020
4674,https://climbing-history.org/climb/4674,Sirkus Maximus,8A+,Boulder problem,Oltedal,2,Tore Årthun,Boulder | worked,25th Feb 2020,,8A+,20,12.0,2020-02-25,2020
4678,https://climbing-history.org/climb/4678,Second Life,8A+,Boulder problem,Chironico,2,Mie Kastet,Boulder | worked,8th Mar 2020,8A+ (soft),8A+,20,12.0,2020-03-08,2020
7137,https://climbing-history.org/climb/7137,Rite of Passage,8A+,Boulder problem,Niagara Glen,5,Ethan Salvo,Boulder | worked,12th Mar 2020,,8A+,20,12.0,2020-03-12,2020
4796,https://climbing-history.org/climb/4796,Treason,8A+,Boulder problem,The New Cuttings,1,Paul Houghoughi,Boulder | worked,21st Jun 2020,,8A+,20,12.0,2020-06-21,2020
6018,https://climbing-history.org/climb/6018,Brazzers,8A+,Boulder problem,Kongensfjellet,3,Thilo Schröter,Boulder | worked,24th Jun 2020,,8A+,20,12.0,2020-06-24,2020
8203,https://climbing-history.org/climb/8203,Namaste,8A+,Boulder problem,Vo,1,Rasmus Holm Eskildsen,Boulder | flash,18th Oct 2020,,8A+,20,12.0,2020-10-18,2020
5264,https://climbing-history.org/climb/5264,Ned and Shoulders,8A+,Boulder problem,Gardom's Edge,1,Ned Feehally,Boulder | worked,21st Nov 2020,,8A+,20,12.0,2020-11-21,2020
4256,https://climbing-history.org/climb/4256,Brootle,8A+,Boulder problem,The Leaping Stone,1,Dan Varian,Boulder | worked,2021,,8A+,20,12.0,2021-01-01,2021
6471,https://climbing-history.org/climb/6471,Sharma's Problem,8A+,Boulder problem,,3,Austin Hoyt,Boulder | worked,18th Jan 2021,,8A+,20,12.0,2021-01-18,2021
1266,https://climbing-history.org/climb/1266,Euro Trash,8A+,Boulder problem,Little Cottonwood Canyon,3,Brooke Raboutou,Boulder | flash,24th May 2021,,8A+,20,12.0,2021-05-24,2021
6615,https://climbing-history.org/climb/6615,Zima Blue,8A+,Boulder problem,Highway 140,2,Pablo Hammack,Boulder | worked,Dec 2021,,8A+,20,12.0,2021-12-01,2021
6876,https://climbing-history.org/climb/6876,8 Rules of Fight Club,8A+,Boulder problem,Horseshoe Canyon Ranch,1,Spencer Schmick,Boulder | flash,11th Jan 2022,,8A+,20,12.0,2022-01-11,2022
6521,https://climbing-history.org/climb/6521,Summit From Nothing Sit,8A+,Boulder problem,Bosley Cloud,2,Sam Lawson,Boulder | worked,18th Jan 2022,,8A+,20,12.0,2022-01-18,2022
6906,https://climbing-history.org/climb/6906,Just Pogo,8A+,Boulder problem,Horseshoe Canyon Ranch,1,Spencer Schmick,Boulder | worked,23rd Jan 2022,,8A+,20,12.0,2022-01-23,2022
6939,https://climbing-history.org/climb/6939,Lady of the Forest,8A+,Boulder problem,the Kentmere Boulders,2,Aidan Roberts,Boulder | worked,Before 25th Apr 2022,,8A+,20,12.0,2022-04-25,2022
8313,https://climbing-history.org/climb/8313,Svanesjøen,8A+,Boulder problem,Hauskonhelleren,2,Tore Årthun,Boulder | worked,2nd May 2022,8A+,8A+,20,12.0,2022-05-02,2022
6940,https://climbing-history.org/climb/6940,Lady of the Forest Low,8A+,Boulder problem,the Kentmere Boulders,1,Jack Palmieri,Boulder | worked,3rd May 2022,,8A+,20,12.0,2022-05-03,2022
2209,https://climbing-history.org/climb/2209,Firing Blanks,8A+,Boulder problem,the Lily Savage Boulders,2,Craig Davies,Boulder | worked,3rd Sep 2022,,8A+,20,12.0,2022-09-03,2022
5472,https://climbing-history.org/climb/5472,El Pussy,8A+,Boulder problem,Franchard Isatis,4,Hugo Parmentier,Boulder | worked,Before 8th Sep 2022,,8A+,20,12.0,2022-09-08,2022
2139,https://climbing-history.org/climb/2139,Ozymandias,8A+,Boulder problem,Clear Creek Canyon,2,Drew Ruana,Boulder | worked,6th Oct 2022,8B+,8A+,20,12.0,2022-10-06,2022
3469,https://climbing-history.org/climb/3469,Leviathan SDS,8A+,Boulder problem,Rhoscolyn,1,Ben Bransby,Boulder | worked,15th Oct 2022,,8A+,20,12.0,2022-10-15,2022
2583,https://climbing-history.org/climb/2583,Applied Imagination,8A+,Boulder problem,Doll Tor,1,Jim Pope,Boulder | worked,4th Nov 2022,,8A+,20,12.0,2022-11-04,2022
2843,https://climbing-history.org/climb/2843,Nascondino,8A+,Boulder problem,Valle Bavona,1,Brooke Raboutou,Boulder | flash,2023,,8A+,20,12.0,2023-01-01,2023
4258,https://climbing-history.org/climb/4258,Big Scoop,8A+,Boulder problem,Christianbury Crag,1,Dan Varian,Boulder | worked,2023,,8A+,20,12.0,2023-01-01,2023
4261,https://climbing-history.org/climb/4261,Range Anxiety (Sit Start),8A+,Boulder problem,Dove Crag,2,Dan Varian,Boulder | worked,2023,,8A+,20,12.0,2023-01-01,2023
6361,https://climbing-history.org/climb/6361,Fuyu no hi,8A+,Boulder problem,Ogawayama,4,Taisei Ishimatsu,Boulder | worked,2023,,8A+,20,12.0,2023-01-01,2023
7094,https://climbing-history.org/climb/7094,Maelstrom LH,8A+,Boulder problem,Torridon,2,Dan Varian,Boulder | worked,2023,8A+,8A+,20,12.0,2023-01-01,2023
5493,https://climbing-history.org/climb/5493,Abyssal Agony,8A+,Boulder problem,Coopers Rock,1,Slab Justice Warrior,Boulder | worked,25th Jan 2023,,8A+,20,12.0,2023-01-25,2023
6591,https://climbing-history.org/climb/6591,Punting in Oxford,8A+,Boulder problem,Burbage North and West,2,Ned Feehally,Boulder | worked,Feb 2023,,8A+,20,12.0,2023-02-01,2023
6491,https://climbing-history.org/climb/6491,Crack a Smile,8A+,Boulder problem,Gideon Quarries,1,Tim Blake,Boulder | worked,7th Feb 2023,,8A+,20,12.0,2023-02-07,2023
2400,https://climbing-history.org/climb/2400,Bodge Job,8A+,Boulder problem,Valle Bavona,3,Nathan Phillips,Boulder | worked,10th Feb 2023,,8A+,20,12.0,2023-02-10,2023
5026,https://climbing-history.org/climb/5026,Wagyu,8A+,Boulder problem,Wharncliffe Crags,4,Nathan Phillips,Boulder | worked,4th Apr 2023,,8A+,20,12.0,2023-04-04,2023
2695,https://climbing-history.org/climb/2695,L’avenir Nous Reserve Rien de Bon,8A+,Boulder problem,Val Daone,1,Siara Fabbri,Boulder | worked,5th Apr 2023,,8A+,20,12.0,2023-04-05,2023
4675,https://climbing-history.org/climb/4675,When the Levee Breaks Sitt,8A+,Boulder problem,Perleveggen,1,Mie Kastet,Boulder | worked,21st May 2023,8A+ (soft),8A+,20,12.0,2023-05-21,2023
5248,https://climbing-history.org/climb/5248,Swashbuckled,8A+,Boulder problem,Thirlstane,1,Dan Varian,Boulder | worked,Jul 2023,,8A+,20,12.0,2023-07-01,2023
2679,https://climbing-history.org/climb/2679,Distortion,8A+,Boulder problem,Dinas Rock,3,James Squire,Boulder | worked,7th Aug 2023,8B,8A+,20,12.0,2023-08-07,2023
4379,https://climbing-history.org/climb/4379,La Théorie des Jeux,8A+,Boulder problem,Rocher Brûlé,1,Sam Hunter,Boulder | worked,15th Oct 2023,,8A+,20,12.0,2023-10-15,2023
2829,https://climbing-history.org/climb/2829,Forever More SDS,8A+,Boulder problem,Brione,2,Shauna Coxsey,Boulder | worked,5th Nov 2023,,8A+,20,12.0,2023-11-05,2023
3034,https://climbing-history.org/climb/3034,Reu,8A+,Boulder problem,the Cwm Dulyn Boulders,1,Osian Parry,Boulder | worked,7th Nov 2023,,8A+,20,12.0,2023-11-07,2023
2870,https://climbing-history.org/climb/2870,Woodstone,8A+,Boulder problem,Neath Abbey Quarry,1,Jack Palmieri,Boulder | worked,21st Nov 2023,,8A+,20,12.0,2023-11-21,2023
2984,https://climbing-history.org/climb/2984,Trust,8A+,Boulder problem,Oak Flat,1,Sierra Blaire-Coyle,Boulder | worked,24th Dec 2023,,8A+,20,12.0,2023-12-24,2023
3409,https://climbing-history.org/climb/3409,Nirvana,8A+,Boulder problem,Puiselet Sablibum,2,Guillaume Joubert,Top Rope | worked,Before 1st Jan 2024,8A+,8A+,20,12.0,2024-01-01,2024
3742,https://climbing-history.org/climb/3742,L'Illusion du Choix,8A+,Boulder problem,Puiselet le Paradis,2,Dave Mason,Boulder | worked,2024,,8A+,20,12.0,2024-01-01,2024
3867,https://climbing-history.org/climb/3867,Orange Piranha,8A+,Boulder problem,Danger Zone,3,Ignacio Mulero,Boulder | worked,2024,,8A+,20,12.0,2024-01-01,2024
4055,https://climbing-history.org/climb/4055,Glen Ross,8A+,Boulder problem,Fair Head,4,Dillon McLaughlin,Boulder | worked,2024,,8A+,20,12.0,2024-01-01,2024
4143,https://climbing-history.org/climb/4143,Ace of Spades,8A+,Boulder problem,Hawkcliffe,1,Liam Hutchinson,Boulder | worked,2024,,8A+,20,12.0,2024-01-01,2024
4431,https://climbing-history.org/climb/4431,Guilty of the Hilti,8A+,Boulder problem,Brione,1,Max Milne,Boulder | flash,2024,,8A+,20,12.0,2024-01-01,2024
4692,https://climbing-history.org/climb/4692,Law and Order,8A+,Boulder problem,Danger Zone,2,Tina Johnsen Hafsaas,Boulder | worked,2024,,8A+,20,12.0,2024-01-01,2024
4841,https://climbing-history.org/climb/4841,Big Daddy,8A+,Boulder problem,Fair Head,1,Dillon McLaughlin,Boulder | worked,2024,,8A+,20,12.0,2024-01-01,2024
3230,https://climbing-history.org/climb/3230,Darkness,8A+,Boulder problem,Brione,1,Solly Kemball-Dorey,Boulder | flash,29th Feb 2024,,8A+,20,12.0,2024-02-29,2024
7631,https://climbing-history.org/climb/7631,Kverneland plog,8A+,Boulder problem,Frafjord,2,Jarle Risa,Boulder | worked,11th May 2024,,8A+,20,12.0,2024-05-11,2024
3582,https://climbing-history.org/climb/3582,Metropolis,8A+,Boulder problem,Hoyamoros,2,Pablo Zamora,Boulder | worked,Jul 2024,,8A+,20,12.0,2024-07-01,2024
8005,https://climbing-history.org/climb/8005,Karasu,8A+,Boulder problem,Niagara Glen,1,Matthew Rodriguez,Boulder | worked,Before 7th Jul 2024,,8A+,20,12.0,2024-07-07,2024
3923,https://climbing-history.org/climb/3923,Cavaleiro Negro,8A+,Boulder problem,Praia do Cavalo,1,Will Bosi,Boulder | flash,Sep 2024,,8A+,20,12.0,2024-09-01,2024
3924,https://climbing-history.org/climb/3924,Xuta Cavalo,8A+,Boulder problem,Praia do Cavalo,1,Will Bosi,Boulder | flash,Sep 2024,8A (hard),8A+,20,12.0,2024-09-01,2024
3951,https://climbing-history.org/climb/3951,Vanilla Sky,8A+,Boulder problem,Anston Stones Wood,1,Molly Thompson-Smith,Boulder | worked,Sep 2024,,8A+,20,12.0,2024-09-01,2024
4054,https://climbing-history.org/climb/4054,Disco Inferno,8A+,Boulder problem,Fair Head,1,Dan Varian,Boulder | worked,Sep 2024,,8A+,20,12.0,2024-09-01,2024
4125,https://climbing-history.org/climb/4125,Crepuscular Days RH,8A+,Boulder problem,Fair Head,1,Aidan Roberts,Boulder | worked,Sep 2024,,8A+,20,12.0,2024-09-01,2024
6490,https://climbing-history.org/climb/6490,Olion,8A+,Boulder problem,Gideon Quarries,1,Osian Parry,Boulder | worked,12th Oct 2024,,8A+,20,12.0,2024-10-12,2024
7949,https://climbing-history.org/climb/7949,Enkemageren sit,8A+,Boulder problem,Finsjö,2,Thomas Brandt Kjær,Boulder | worked,18th Oct 2024,8B,8A+,20,12.0,2024-10-18,2024
4635,https://climbing-history.org/climb/4635,Pacto de Silencio,8A+,Boulder problem,Mogán Valley,2,Tarjei Hamre,Boulder | worked,25th Dec 2024,,8A+,20,12.0,2024-12-25,2024
3228,https://climbing-history.org/climb/3228,Fotofobia,8A+,Boulder problem,La Pedriza,1,Thilo Schröter,Boulder | flash,Jan 2025,,8A+,20,12.0,2025-01-01,2025
4638,https://climbing-history.org/climb/4638,Land of Mead,8A+,Boulder problem,Tear Drop Boulder,3,Dan Varian,Boulder | worked,Before 1st Jan 2025,8A+,8A+,20,12.0,2025-01-01,2025
4756,https://climbing-history.org/climb/4756,Climpit,8A+,Boulder problem,the Camp 4 Boulders,2,Aidan Roberts,Boulder | worked,Jan 2025,8A+,8A+,20,12.0,2025-01-01,2025
6312,https://climbing-history.org/climb/6312,Somewhere in Time,8A+,Boulder problem,Tramway,1,Kokoro Fujii,Boulder | worked,2025,,8A+,20,12.0,2025-01-01,2025
6384,https://climbing-history.org/climb/6384,Rise,8A+,Boulder problem,Mizugaki,1,Taisei Homma,Boulder | worked,2025,,8A+,20,12.0,2025-01-01,2025
4591,https://climbing-history.org/climb/4591,Protoculture,8A+,Boulder problem,,1,Dai Koyamada,Boulder | worked,20th Jan 2025,,8A+,20,12.0,2025-01-20,2025
6695,https://climbing-history.org/climb/6695,Kalunga,8A+,Boulder problem,Cocalzinho,1,Mariana Queiroz Prado,Boulder | worked,Before 6th Feb 2025,,8A+,20,12.0,2025-02-06,2025
5017,https://climbing-history.org/climb/5017,The Averager,8A+,Boulder problem,Oak Flat,1,Sierra Blaire-Coyle,Boulder | worked,21st Feb 2025,,8A+,20,12.0,2025-02-21,2025
5066,https://climbing-history.org/climb/5066,El Dorado,8A+,Boulder problem,Malveira,1,Will Bosi,Boulder | worked,4th Mar 2025,,8A+,20,12.0,2025-03-04,2025
6594,https://climbing-history.org/climb/6594,Crystal Maise,8A+,Boulder problem,Oxwich Bay Quarry,1,Eliot Stephens,Boulder | worked,5th Mar 2025,,8A+,20,12.0,2025-03-05,2025
5040,https://climbing-history.org/climb/5040,Grond,8A+,Boulder problem,Paesana,1,Elias Iagnemma,Boulder | worked,17th Mar 2025,,8A+,20,12.0,2025-03-17,2025
6655,https://climbing-history.org/climb/6655,Breathe,8A+,Boulder problem,Anstey's Cove,2,Ryan Blackmore,Boulder | worked,24th Mar 2025,,8A+,20,12.0,2025-03-24,2025
5069,https://climbing-history.org/climb/5069,Cloud Gate,8A+,Boulder problem,Cratcliffe Tor,3,Jim Pope,Boulder | worked,26th Mar 2025,8B+,8A+,20,12.0,2025-03-26,2025
5379,https://climbing-history.org/climb/5379,Jiagi,8A+,Boulder problem,Niagara Glen,3,Dawson Shepherd,Boulder | worked,4th Apr 2025,8B+,8A+,20,12.0,2025-04-04,2025
5550,https://climbing-history.org/climb/5550,Yellow Orca,8A+,Boulder problem,Danger Zone,1,Pete Whittaker,Boulder | worked,Jun 2025,,8A+,20,12.0,2025-06-01,2025
6429,https://climbing-history.org/climb/6429,Endless Torque,8A+,Boulder problem,Pikeburn,1,Dan Varian,Boulder | worked,Jun 2025,,8A+,20,12.0,2025-06-01,2025
6868,https://climbing-history.org/climb/6868,Afterlife,8A+,Boulder problem,Boone,1,Jessie Wence,Boulder | worked,6th Jun 2025,,8A+,20,12.0,2025-06-06,2025
8029,https://climbing-history.org/climb/8029,Mindstream,8A+,Boulder problem,Smuggler's Notch,2,Benn Wheeler,Boulder | flash,12th Jul 2025,,8A+,20,12.0,2025-07-12,2025
5678,https://climbing-history.org/climb/5678,The Bizarre Ride,8A+,Boulder problem,Magic Wood,1,Simon Lorenzi,Boulder | flash,Aug 2025,,8A+,20,12.0,2025-08-01,2025
5943,https://climbing-history.org/climb/5943,Satta,8A+,Boulder problem,Gelli Boulder,1,Osian Parry,Boulder | worked,16th Sep 2025,,8A+,20,12.0,2025-09-16,2025
3220,https://climbing-history.org/climb/3220,Awooga SDS,8A+,Boulder problem,Simonside Woods,2,Matteo Arnodo,Boulder | worked,Before 10th Oct 2025,,8A+,20,12.0,2025-10-10,2025
6938,https://climbing-history.org/climb/6938,Hawthorn Party,8A+,Boulder problem,Thornhow Crag,2,Jack Palmieri,Boulder | worked,12th Oct 2025,,8A+,20,12.0,2025-10-12,2025
6904,https://climbing-history.org/climb/6904,Ra,8A+,Boulder problem,Holy Boulders,1,Spencer Schmick,Boulder | worked,21st Oct 2025,,8A+,20,12.0,2025-10-21,2025
6376,https://climbing-history.org/climb/6376,Disney Productions,8A+,Boulder problem,Brione,1,Rebecca Stephens,Boulder | worked,6th Nov 2025,,8A+,20,12.0,2025-11-06,2025
6867,https://climbing-history.org/climb/6867,Saddle on a Mustang,8A+,Boulder problem,Boone,1,Jessie Wence,Boulder | worked,14th Nov 2025,,8A+,20,12.0,2025-11-14,2025
6501,https://climbing-history.org/climb/6501,Llanero Solitario,8A+,Boulder problem,Albarracín,1,Hannah Meul,Boulder | worked,Before 1st Dec 2025,,8A+,20,12.0,2025-12-01,2025
8265,https://climbing-history.org/climb/8265,Rapunzel,8A+,Boulder problem,Highway 140,1,Ethan Pringle,Boulder | worked,Dec 2025,,8A+,20,12.0,2025-12-01,2025
6716,https://climbing-history.org/climb/6716,Suspended in Darkness,8A+,Boulder problem,Great Barrington,1,Bryce Viola,Boulder | worked,Before 25th Dec 2025,8A+,8A+,20,12.0,2025-12-25,2025
6813,https://climbing-history.org/climb/6813,Authentic Battle Damage,8A+,Boulder problem,Boulder Canyon,1,Alison Kie,Boulder | worked,6th Jan 2026,,8A+,20,12.0,2026-01-06,2026
6919,https://climbing-history.org/climb/6919,Snug As a Bug,8A+,Boulder problem,Highway 140,1,Austin Hoyt,Boulder | worked,17th Jan 2026,,8A+,20,12.0,2026-01-17,2026
6931,https://climbing-history.org/climb/6931,Le Chant du Cygne,8A+,Boulder problem,J.A. Martin,1,Olivier Lebreton,Boulder | worked,Before 22nd Jan 2026,,8A+,20,12.0,2026-01-22,2026
7329,https://climbing-history.org/climb/7329,Unkochinchin,8A+,Boulder problem,Tokyo (other),1,Akira Waku,Boulder | worked,8th Mar 2026,,8A+,20,12.0,2026-03-08,2026
7416,https://climbing-history.org/climb/7416,Dugong,8A+,Boulder problem,Baslow Edge,1,Jim Pope,Boulder | worked,11th Mar 2026,,8A+,20,12.0,2026-03-11,2026
7384,https://climbing-history.org/climb/7384,Lištový SD,8A+,Boulder problem,Chřiby,1,Adam Ondra,Boulder | worked,4th Apr 2026,,8A+,20,12.0,2026-04-04,2026
7385,https://climbing-history.org/climb/7385,Nálevka SD,8A+,Boulder problem,Chřiby,1,Adam Ondra,Boulder | worked,4th Apr 2026,,8A+,20,12.0,2026-04-04,2026
7389,https://climbing-history.org/climb/7389,Lampionový průvod,8A+,Boulder problem,Chřiby,1,Adam Ondra,Boulder | worked,4th Apr 2026,,8A+,20,12.0,2026-04-04,2026
7412,https://climbing-history.org/climb/7412,Gaïa Accroupi,8A+,Boulder problem,Rocher Brûlé,1,Spike Fullwood,Boulder | worked,5th Apr 2026,,8A+,20,12.0,2026-04-05,2026
7394,https://climbing-history.org/climb/7394,Big Bad John,8A+,Boulder problem,Crag X,2,Adam Wheeler,Boulder | worked,6th Apr 2026,8A+,8A+,20,12.0,2026-04-06,2026
7417,https://climbing-history.org/climb/7417,Wind Waker,8A+,Boulder problem,Little Cottonwood Canyon,1,Monica McKeown,Boulder | worked,Before 10th Apr 2026,,8A+,20,12.0,2026-04-10,2026
7956,https://climbing-history.org/climb/7956,Supermario,8A+,Boulder problem,Myllis,1,Anna Liina Laitinen,Boulder | worked,19th Apr 2026,,8A+,20,12.0,2026-04-19,2026
7636,https://climbing-history.org/climb/7636,Ancient Astronaut,8A+,Boulder problem,God's Acres,1,Matt Fultz,Boulder | worked,8th May 2026,8A+/8B,8A+,20,12.0,2026-05-08,2026
7817,https://climbing-history.org/climb/7817,Mediumwave,8A+,Boulder problem,The Wave,1,Spike Fullwood,Boulder | worked,29th May 2026,,8A+,20,12.0,2026-05-29,2026
5193,https://climbing-history.org/climb/5193,Eclipse,8A+,Boulder problem,Little Cottonwood Canyon,2,Vance Stanfield,Boulder | worked,Before 10th Jul 2026,,8A+,20,12.0,2026-07-10,2026
8142,https://climbing-history.org/climb/8142,Lighthouse Effect,8A+,Boulder problem,Valle Bavona,1,Kim Marschner,Boulder | worked,Before 22nd Jul 2026,,8A+,20,12.0,2026-07-22,2026
8158,https://climbing-history.org/climb/8158,Voigas,8A+,Boulder problem,Magic Wood,1,Spike Fullwood,Boulder | worked,26th Jul 2026,,8A+,20,12.0,2026-07-26,2026
8168,https://climbing-history.org/climb/8168,Nevermind,8A+,Boulder problem,Val Daone,1,Adam Ondra,Boulder | worked,27th Jul 2026,,8A+,20,12.0,2026-07-27,2026
8179,https://climbing-history.org/climb/8179,The Gate,8A+,Boulder problem,Mount Evans,1,Caleb Robinson,Boulder | flash,3rd Aug 2026,,8A+,20,12.0,2026-08-03,2026
8221,https://climbing-history.org/climb/8221,Ruthless,8A+,Boulder problem,Rocklands,1,Isabelle Faus,Boulder | worked,Before 13th Aug 2026,,8A+,20,12.0,2026-08-13,2026
8250,https://climbing-history.org/climb/8250,Tail of the Caracal,8A+,Boulder problem,Danger Zone,1,Ingrid Kindlihagen,Boulder | worked,18th Aug 2026,,8A+,20,12.0,2026-08-18,2026
8284,https://climbing-history.org/climb/8284,Past Lives,8A+,Boulder problem,Rocklands,1,Keenan Takahashi,Boulder | worked,Before 26th Aug 2026,,8A+,20,12.0,2026-08-26,2026
8295,https://climbing-history.org/climb/8295,Look Who's Back 2,8A+,Boulder problem,Kiltersteinen,1,Alex Megos,Boulder | worked,28th Aug 2026,8A+,8A+,20,12.0,2026-08-28,2026
1165,https://climbing-history.org/climb/1165,Sidekick,8A+,Boulder problem,The Bowderstone,1,Nia Fletcher,Boulder | worked,,,8A+,20,12.0,,
2109,https://climbing-history.org/climb/2109,Sweet Track,8A+,Boulder problem,Dovedale,1,Jim Pope,Boulder | worked,,,8A+,20,12.0,,
2405,https://climbing-history.org/climb/2405,Catapult,8A+,Boulder problem,Kyloe-in-the-Woods,4,Chris Graham,Boulder | worked,2000s,,8A+,20,12.0,,
3218,https://climbing-history.org/climb/3218,A Bigger Berry SDS,8A+,Boulder problem,Simonside Woods,2,Dan Varian,Boulder | worked,,,8A+,20,12.0,,
3739,https://climbing-history.org/climb/3739,The Tempest,8A+,Boulder problem,Newgale Beach,1,Mike Adams,Boulder | worked,,,8A+,20,12.0,,
4053,https://climbing-history.org/climb/4053,The Game of Bones,8A+,Boulder problem,Fair Head,1,Dan Varian,Boulder | worked,,,8A+,20,12.0,,
4161,https://climbing-history.org/climb/4161,The Parade,8A+,Boulder problem,Gallt yr Ogof,1,Chris Davies,Boulder | worked,,,8A+,20,12.0,,
4350,https://climbing-history.org/climb/4350,Working Class,8A+,Boulder problem,Bowden Doors,3,Pete Kirton,Boulder | worked,1980s,,8A+,20,12.0,,
5068,https://climbing-history.org/climb/5068,Axiom SDS,8A+,Boulder problem,Fairy Steps,2,John Gaskins,Boulder | worked,,,8A+,20,12.0,,
5139,https://climbing-history.org/climb/5139,Atrésie (assis),8A+,Boulder problem,Cuvier Rempart,3,Julien Nadiras,Boulder | worked,After 1st Jan 1998,,8A+,20,12.0,,
5510,https://climbing-history.org/climb/5510,Puta Democracia,8A+,Boulder problem,La Pedriza,1,Arman Martinez,Boulder | worked,,,8A+,20,12.0,,
5765,https://climbing-history.org/climb/5765,I am Curious (Yellow) Right-Hand,8A+,Boulder problem,Ilkley,1,Dave Buchanan,Boulder | worked,1990s,,8A+,20,12.0,,
6742,https://climbing-history.org/climb/6742,Ironside,8A+,Boulder problem,Brimham Rocks,1,Andy Swann,Boulder | worked,,,8A+,20,12.0,,
8292,https://climbing-history.org/climb/8292,Atomic Playboy,8A+,Boulder problem,Buthiers,1,Christophe Laumone,Boulder | worked,1980s,,8A+,20,12.0,,
8306,https://climbing-history.org/climb/8306,Slapshot,8B,(approx) Boulder problem,Flatirons,1,Jim Holloway,Boulder | worked,1977,,8B,21,13.0,1977-01-01,1977
1158,https://climbing-history.org/climb/1158,La Danse des Balrogs,8B,Boulder problem,Branson,14,Fred Nicole,Boulder | worked,Apr 1992,,8B,21,13.0,1992-04-01,1992
3259,https://climbing-history.org/climb/3259,Enigma,8B,Boulder problem,Franchard Isatis,3,Philippe Le Denmat,Boulder | worked,Dec 1992,,8B,21,13.0,1992-12-01,1992
782,https://climbing-history.org/climb/782,L'Alchimiste (pre-break),8B,Boulder problem,Apremont,1,Marc Le Menestrel,Boulder | worked,1996,8B,8B,21,13.0,1996-01-01,1996
996,https://climbing-history.org/climb/996,Slashface,8B,Boulder problem,Hueco Tanks,9,Fred Nicole,Boulder | worked,1997,,8B,21,13.0,1997-01-01,1997
3404,https://climbing-history.org/climb/3404,Li,8B,Boulder problem,Hueco Tanks,2,Fred Nicole,Boulder | worked,1997,,8B,21,13.0,1997-01-01,1997
6554,https://climbing-history.org/climb/6554,Zerberus,8B,Boulder problem,Pottenstein,6,Werner Thon,Boulder | worked,1997,,8B,21,13.0,1997-01-01,1997
1102,https://climbing-history.org/climb/1102,Cœur de Leon,8B,Boulder problem,Hueco Tanks,5,Fred Nicole,Boulder | worked,1998,,8B,21,13.0,1998-01-01,1998
1763,https://climbing-history.org/climb/1763,La Proue,8B,Boulder problem,Cresciano,12,Fred Nicole,Boulder | worked,1998,,8B,21,13.0,1998-01-01,1998
2510,https://climbing-history.org/climb/2510,Gourmandise,8B,Boulder problem,Cuvier Rempart,5,Vincent Cantrelle,Boulder | worked,1998,,8B,21,13.0,1998-01-01,1998
4113,https://climbing-history.org/climb/4113,Le Miroir des Vanités,8B,Boulder problem,Cuvier Rempart,6,John Gaskins,Boulder | worked,1998,,8B,21,13.0,1998-01-01,1998
4515,https://climbing-history.org/climb/4515,Khéops,8B,Boulder problem,Cuvier Rempart,16,Laurent Avare,Boulder | worked,1998,,8B,21,13.0,1998-01-01,1998
4633,https://climbing-history.org/climb/4633,Cœur de Leon,8B,Boulder problem,Hueco Tanks,5,Fred Nicole,Boulder | worked,1998,,8B,21,13.0,1998-01-01,1998
5494,https://climbing-history.org/climb/5494,Zutsu,8B,Boulder problem,Ogawayama,4,Toshimichi Kusano,Boulder | worked,1998,7C+/8A,8B,21,13.0,1998-01-01,1998
5562,https://climbing-history.org/climb/5562,La Pierre Philosophale,8B,Boulder problem,Apremont,5,Fred Nicole,Boulder | worked,1998,,8B,21,13.0,1998-01-01,1998
196,https://climbing-history.org/climb/196,Ammagamma,8B,Boulder problem,Citadel,20,Klem Loskot,Boulder | worked,1999,8B+,8B,21,13.0,1999-01-01,1999
199,https://climbing-history.org/climb/199,Isla de Encanta,8B,Boulder problem,Trowbarrow,17,John Gaskins,Boulder | worked,1999,,8B,21,13.0,1999-01-01,1999
3072,https://climbing-history.org/climb/3072,Cave Rave,8B,Boulder problem,Hollow Mountain Area,3,Fred Nicole,Boulder | worked,1999,,8B,21,13.0,1999-01-01,1999
3073,https://climbing-history.org/climb/3073,The Power of Goodbye,8B,Boulder problem,Maltatal,8,Klem Loskot,Boulder | worked,1999,,8B,21,13.0,1999-01-01,1999
2007,https://climbing-history.org/climb/2007,L'Insoutenable Légèreté de l'Être,8B,Boulder problem,Franchard Isatis,11,Sébastien Frigault,Boulder | worked,1st Mar 1999,8B+,8B,21,13.0,1999-03-01,1999
6416,https://climbing-history.org/climb/6416,Madball Sit Start,8B,Boulder problem,Norton Summit,4,Klem Loskot,Boulder | worked,Apr 1999,,8B,21,13.0,1999-04-01,1999
1832,https://climbing-history.org/climb/1832,Wrestling With an Alligator,8B,Boulder problem,Maltatal,12,Klem Loskot,Boulder | worked,Oct 1999,,8B,21,13.0,1999-10-01,1999
165,https://climbing-history.org/climb/165,The Vice,8B,Boulder problem,Fortress,21,Thomas Willenberg,Boulder | worked,Nov 1999,,8B,21,13.0,1999-11-01,1999
4550,https://climbing-history.org/climb/4550,La Soucoupe,8B,Boulder problem,Chironico,4,Fred Nicole,Boulder | worked,15th Nov 1999,8B/8B+,8B,21,13.0,1999-11-15,1999
2090,https://climbing-history.org/climb/2090,Black Lung,8B,Boulder problem,Joe's Valley,13,Ben Moon,Boulder | worked,2000,,8B,21,13.0,2000-01-01,2000
3631,https://climbing-history.org/climb/3631,The Arch,8B,Boulder problem,Campground,21,Fred Nicole,Boulder | worked,2000,,8B,21,13.0,2000-01-01,2000
5730,https://climbing-history.org/climb/5730,Mad Maxx,8B,Boulder problem,Le Cul de Chien,4,Julien Nadiras,Boulder | worked,2000,,8B,21,13.0,2000-01-01,2000
4411,https://climbing-history.org/climb/4411,Malc's Traverse,8B,Boulder problem,Stanage,1,Steve McClure,Boulder | worked,16th Jan 2000,,8B,21,13.0,2000-01-16,2000
222,https://climbing-history.org/climb/222,Nuthin' But Sunshine,8B,Boulder problem,Chaos Canyon,12,Dave Graham,Boulder | worked,1st Sep 2000,,8B,21,13.0,2000-09-01,2000
157,https://climbing-history.org/climb/157,The Ace,8B,Boulder problem,Stanage,42,Jerry Moffatt,Boulder | worked,2001,,8B,21,13.0,2001-01-01,2001
221,https://climbing-history.org/climb/221,Walk Away,8B,Boulder problem,Fairy Steps,5,John Gaskins,Boulder | worked,2001,8A+/8B,8B,21,13.0,2001-01-01,2001
402,https://climbing-history.org/climb/402,Second Coming,8B,Boulder problem,Goldsborough Carr,6,Steve Dunning,Boulder | worked,2001,,8B,21,13.0,2001-01-01,2001
794,https://climbing-history.org/climb/794,Pool of Bethesda (Malc's Start),8B,Boulder problem,the Cromlech Boulders,7,Malcolm Smith,Boulder | worked,2001,,8B,21,13.0,2001-01-01,2001
2498,https://climbing-history.org/climb/2498,KI,8B,Boulder problem,Lorüns,1,Bernd Zangerl,Boulder | worked,2001,,8B,21,13.0,2001-01-01,2001
5497,https://climbing-history.org/climb/5497,Lacrima,8B,Boulder problem,Rocher Saint Germain,3,Loïc Le Denmat,Boulder | worked,2001,,8B,21,13.0,2001-01-01,2001
5571,https://climbing-history.org/climb/5571,Hip Hop (assis),8B,Boulder problem,Boissy aux Cailles,3,Olivier Lebreton,Boulder | worked,2001,,8B,21,13.0,2001-01-01,2001
1706,https://climbing-history.org/climb/1706,Spectre,8B,Boulder problem,The Buttermilks,16,Dave Graham,Boulder | worked,10th Jan 2001,,8B,21,13.0,2001-01-10,2001
4762,https://climbing-history.org/climb/4762,El Monstruo de las Regletas,8B,Boulder problem,El Escorial,5,Klem Loskot,Boulder | worked,Before 31st Jan 2001,8b,8B,21,13.0,2001-01-31,2001
997,https://climbing-history.org/climb/997,Alma Blanca,8B,Boulder problem,Hueco Tanks,2,Fred Nicole,Boulder | worked,Mar 2001,,8B,21,13.0,2001-03-01,2001
3348,https://climbing-history.org/climb/3348,Dune,8B,Boulder problem,Rocher de la Salamandre,4,Sébastien Frigault,Boulder | worked,Mar 2001,,8B,21,13.0,2001-03-01,2001
1747,https://climbing-history.org/climb/1747,Sideways Daze,8B,Boulder problem,Cuvier Rempart,5,Dave Graham,Boulder | worked,15th Mar 2001,,8B,21,13.0,2001-03-15,2001
5872,https://climbing-history.org/climb/5872,Genesis,8B,Boulder problem,Crumbly,4,Dave Kellerman,Boulder | worked,Jun 2001,,8B,21,13.0,2001-06-01,2001
137,https://climbing-history.org/climb/137,Super Furry Animal,8B,Boulder problem,Slipstones,1,Steve Dunning,Boulder | worked,Sep 2001,8A+/8B,8B,21,13.0,2001-09-01,2001
2426,https://climbing-history.org/climb/2426,Bansosha,8B,Boulder problem,Ogawayama,9,Tokio Muroi,Boulder | worked,9th Dec 2001,8B+/8C,8B,21,13.0,2001-12-09,2001
183,https://climbing-history.org/climb/183,Steppenwolf,8B,Boulder problem,Magic Wood,32,Bernd Zangerl,Boulder | worked,2002,,8B,21,13.0,2002-01-01,2002
2971,https://climbing-history.org/climb/2971,Chaos,8B,Boulder problem,Rocher Gréau,4,Julien Nadiras,Boulder | worked,2002,,8B,21,13.0,2002-01-01,2002
7215,https://climbing-history.org/climb/7215,Menhir,8B,Boulder problem,Montrouget,1,Harald Röker,Boulder | worked,2002,,8B,21,13.0,2002-01-01,2002
1807,https://climbing-history.org/climb/1807,Shadowfax,8B,Boulder problem,Chironico,6,Dave Graham,Boulder | worked,22nd Jan 2002,,8B,21,13.0,2002-01-22,2002
2383,https://climbing-history.org/climb/2383,Mithril,8B,Boulder problem,Cresciano,4,Dave Graham,Boulder | worked,25th Feb 2002,,8B,21,13.0,2002-02-25,2002
5036,https://climbing-history.org/climb/5036,Dominated,8B,Boulder problem,the Camp 4 Boulders,10,Chris Sharma,Boulder | worked,Apr 2002,,8B,21,13.0,2002-04-01,2002
3630,https://climbing-history.org/climb/3630,Gandalf the Grey,8B,Boulder problem,Mount Yarrowyck,3,James Scarborough,Boulder | worked,22nd Jun 2002,,8B,21,13.0,2002-06-22,2002
6415,https://climbing-history.org/climb/6415,Gandalf the Grey,8B,Boulder problem,Mount Yarrowyck,3,James Scarborough,Boulder | worked,22nd Jun 2002,,8B,21,13.0,2002-06-22,2002
8217,https://climbing-history.org/climb/8217,African Man Horse,8B,Boulder problem,Quantum Field,1,Daniel Jenkins,Boulder | worked,Sep 2002,,8B,21,13.0,2002-09-01,2002
175,https://climbing-history.org/climb/175,Mooiste Meisie,8B,Boulder problem,Riverside,25,Fred Nicole,Boulder | worked,2003,,8B,21,13.0,2003-01-01,2003
1652,https://climbing-history.org/climb/1652,Nagual,8B,Boulder problem,Hueco Tanks,11,Fred Nicole,Boulder | worked,2003,,8B,21,13.0,2003-01-01,2003
1775,https://climbing-history.org/climb/1775,Ubik (assis),8B,Boulder problem,Les Mammouths,13,Julien Nadiras,Boulder | worked,Before 1st Jan 2003,,8B,21,13.0,2003-01-01,2003
2266,https://climbing-history.org/climb/2266,Satan i Helvete (pre-December 2013),8B,Boulder problem,Coquibus Longs Vaux,4,Dave Graham,Boulder | worked,7th Mar 2003,,8B,21,13.0,2003-03-07,2003
683,https://climbing-history.org/climb/683,The Dagger,8B,Boulder problem,Cresciano,23,Toni Lamprecht,Boulder | worked,21st Mar 2003,8B,8B,21,13.0,2003-03-21,2003
176,https://climbing-history.org/climb/176,High Fidelity,8B,Boulder problem,Caley Crags,16,Steve Dunning,Boulder | worked,Apr 2003,,8B,21,13.0,2003-04-01,2003
3550,https://climbing-history.org/climb/3550,Zazen (Pre-break),8B,Boulder problem,the Apron Boulders,1,Harry Robertson,Boulder | worked,8th Jul 2003,8B,8B,21,13.0,2003-07-08,2003
3610,https://climbing-history.org/climb/3610,Madiba,8B,Boulder problem,Cedar Rouge,7,Fred Nicole,Boulder | worked,18th Jul 2003,,8B,21,13.0,2003-07-18,2003
1735,https://climbing-history.org/climb/1735,The Automator,8B,Boulder problem,Chaos Canyon,9,James Litz,Boulder | worked,27th Aug 2003,,8B,21,13.0,2003-08-27,2003
6414,https://climbing-history.org/climb/6414,The Sandman,8B,Boulder problem,Bungonia Gorge,2,James Scarborough,Boulder | worked,28th Aug 2003,,8B,21,13.0,2003-08-28,2003
169,https://climbing-history.org/climb/169,Close of Business,8B,Boulder problem,Stanage,3,Steve McClure,Boulder | worked,1st Sep 2003,,8B,21,13.0,2003-09-01,2003
3791,https://climbing-history.org/climb/3791,Freaks of the Industry,8B,Boulder problem,Chaos Canyon,5,James Litz,Boulder | worked,28th Sep 2003,,8B,21,13.0,2003-09-28,2003
4749,https://climbing-history.org/climb/4749,Brutal kuk,8B,Boulder problem,Hell,3,Torstein Eide,Boulder | worked,31st Oct 2003,8A+,8B,21,13.0,2003-10-31,2003
4328,https://climbing-history.org/climb/4328,Working Class Sit Start,8B,Boulder problem,Bowden Doors,5,Malcolm Smith,Boulder | worked,Before 1st Nov 2003,,8B,21,13.0,2003-11-01,2003
163,https://climbing-history.org/climb/163,The Riverbed,8B,Boulder problem,Magic Wood,22,Dave Graham,Boulder | worked,2004,,8B,21,13.0,2004-01-01,2004
177,https://climbing-history.org/climb/177,Rhythm,8B,Boulder problem,Sharp Haw and Flasby Fell,11,Steve Dunning,Boulder | worked,2004,8B+,8B,21,13.0,2004-01-01,2004
1123,https://climbing-history.org/climb/1123,The Swarm,8B,Boulder problem,The Buttermilks,25,Matt Birch,Boulder | worked,2004,,8B,21,13.0,2004-01-01,2004
5861,https://climbing-history.org/climb/5861,Mana,8B,Boulder problem,Project Wall,3,Dai Koyamada,Boulder | worked,2004,,8B,21,13.0,2004-01-01,2004
7066,https://climbing-history.org/climb/7066,Hariquita,8B,Boulder problem,Siurana,2,Dave Graham,Boulder | worked,2004,,8B,21,13.0,2004-01-01,2004
7893,https://climbing-history.org/climb/7893,Hulk,8B,Boulder problem,Rollarit,2,Anton Johansson,Boulder | worked,2004,,8B,21,13.0,2004-01-01,2004
180,https://climbing-history.org/climb/180,Vecchio Leone,8B,Boulder problem,Brione,21,Bernd Zangerl,Boulder | worked,Mar 2004,,8B,21,13.0,2004-03-01,2004
415,https://climbing-history.org/climb/415,The Neon Handshake,8B,Boulder problem,Coed Hafod-Y-Llyn,1,Chris Davies,Boulder | worked,1st Apr 2004,8A+/8B,8B,21,13.0,2004-04-01,2004
4644,https://climbing-history.org/climb/4644,Trinity sitt,8B,Boulder problem,Hell,4,Eivind Wang,Boulder | worked,18th May 2004,,8B,21,13.0,2004-05-18,2004
2982,https://climbing-history.org/climb/2982,Hypergravity,8B,Boulder problem,Sipoo,17,Nalle Hukkataival,Boulder | worked,24th Sep 2004,,8B,21,13.0,2004-09-24,2004
7486,https://climbing-history.org/climb/7486,Spinal Twist,8B,Boulder problem,Little Cottonwood Canyon,4,Chris Sharma,Boulder | worked,Before 11th Oct 2004,,8B,21,13.0,2004-10-11,2004
4552,https://climbing-history.org/climb/4552,Electric Ant,8B,Boulder problem,Chironico,4,Dave Graham,Boulder | worked,24th Nov 2004,,8B,21,13.0,2004-11-24,2004
1707,https://climbing-history.org/climb/1707,Terre de Sienne,8B,Boulder problem,Hueco Tanks,6,Fred Nicole,Boulder | worked,Dec 2004,8C,8B,21,13.0,2004-12-01,2004
215,https://climbing-history.org/climb/215,The Mandala SDS,8B,Boulder problem,The Buttermilks,20,Tony Lamiche,Boulder | worked,Before 3rd Dec 2004,,8B,21,13.0,2004-12-03,2004
1738,https://climbing-history.org/climb/1738,Boogalagga,8B,Boulder problem,Chironico,13,Dave Graham,Boulder | worked,8th Dec 2004,,8B,21,13.0,2004-12-08,2004
5865,https://climbing-history.org/climb/5865,Stimulation,8B,Boulder problem,Hollow Mountain Area,2,James Kassay,Boulder | worked,28th Dec 2004,,8B,21,13.0,2004-12-28,2004
198,https://climbing-history.org/climb/198,Middle Trifecta,8B,Boulder problem,Flock Hill,11,Chris Sharma,Boulder | worked,2005,,8B,21,13.0,2005-01-01,2005
1577,https://climbing-history.org/climb/1577,Ray of Light,8B,Boulder problem,the Dihedral Boulders,9,Klem Loskot,Boulder | worked,2005,,8B,21,13.0,2005-01-01,2005
3338,https://climbing-history.org/climb/3338,Le Tajine,8B,Boulder problem,Gorge du Houx,6,Vincent Pochon,Boulder | worked,2005,,8B,21,13.0,2005-01-01,2005
7212,https://climbing-history.org/climb/7212,Fata Morgana (assis),8B,Boulder problem,Coquibus Longs Vaux,2,Sébastien Frigault,Boulder | worked,Before 25th Jan 2005,,8B,21,13.0,2005-01-25,2005
1712,https://climbing-history.org/climb/1712,Confessions,8B,Boulder problem,Cresciano,4,Dave Graham,Boulder | worked,14th Feb 2005,8B+,8B,21,13.0,2005-02-14,2005
439,https://climbing-history.org/climb/439,Perfect Crime,8B,Boulder problem,Dumbarton Rock,1,Dave MacLeod,Boulder | worked,Mar 2005,,8B,21,13.0,2005-03-01,2005
5866,https://climbing-history.org/climb/5866,Stuck South of the Border,8B,Boulder problem,Hollow Mountain Area,2,James Kassay,Boulder | worked,6th Mar 2005,,8B,21,13.0,2005-03-06,2005
193,https://climbing-history.org/climb/193,Supersize Me,8B,Boulder problem,Dumbarton Rock,4,Malcolm Smith,Boulder | worked,Jun 2005,,8B,21,13.0,2005-06-01,2005
656,https://climbing-history.org/climb/656,One Summer in Paradise,8B,Boulder problem,Magic Wood,12,Martin Keller,Boulder | worked,16th Aug 2005,,8B,21,13.0,2005-08-16,2005
192,https://climbing-history.org/climb/192,General Disarray,8B,Boulder problem,Brione,7,Dave Graham,Boulder | worked,30th Sep 2005,,8B,21,13.0,2005-09-30,2005
1617,https://climbing-history.org/climb/1617,Endless Nameless,8B,Boulder problem,Stanworth Quarry,1,John Gaskins,Boulder | worked,Oct 2005,,8B,21,13.0,2005-10-01,2005
7766,https://climbing-history.org/climb/7766,Houdini Assis OG,8B,Boulder problem,Långholmen,5,Stefan Borrman,Boulder | worked,Oct 2005,,8B,21,13.0,2005-10-01,2005
416,https://climbing-history.org/climb/416,Pill Box Wall,8B,(approx) Boulder problem,Pill Box Wall,1,John Gaskins,Boulder | worked,5th Oct 2005,8A+/8B,8B,21,13.0,2005-10-05,2005
438,https://climbing-history.org/climb/438,Pressure,8B,Boulder problem,Dumbarton Rock,4,Dave MacLeod,Boulder | worked,Dec 2005,,8B,21,13.0,2005-12-01,2005
6500,https://climbing-history.org/climb/6500,Flamignon,8B,Boulder problem,Hueco Tanks,3,Daniel Woods,Boulder | worked,23rd Dec 2005,,8B,21,13.0,2005-12-23,2005
204,https://climbing-history.org/climb/204,Elephunk,8B,Boulder problem,Marlanval,15,Vincent Pochon,Boulder | worked,2006,,8B,21,13.0,2006-01-01,2006
3589,https://climbing-history.org/climb/3589,Iron Resolution,8B,Boulder problem,Barker Dam,8,Chris Sharma,Boulder | worked,1st Jan 2006,8B,8B,21,13.0,2006-01-01,2006
3947,https://climbing-history.org/climb/3947,Impossible Traverse,8B,Boulder problem,Mortar Rock Park,4,Chris Sharma,Boulder | worked,Before 1st Jan 2006,,8B,21,13.0,2006-01-01,2006
4057,https://climbing-history.org/climb/4057,Sputnik,8B,Boulder problem,the Sustenpass Boulders,5,Bernhard Schwaiger,Boulder | worked,2006,,8B,21,13.0,2006-01-01,2006
5495,https://climbing-history.org/climb/5495,Fuminsho,8B,Boulder problem,Ogawayama,3,Tokio Muroi,Boulder | worked,2006,,8B,21,13.0,2006-01-01,2006
6877,https://climbing-history.org/climb/6877,The Full Package,8B,Boulder problem,,4,Chris Sharma,Boulder | worked,Before 1st Jan 2006,,8B,21,13.0,2006-01-01,2006
4369,https://climbing-history.org/climb/4369,Booka Booka Booka,8B,Boulder problem,Moe's Valley,3,Dave Graham,Boulder | worked,16th Jan 2006,,8B,21,13.0,2006-01-16,2006
194,https://climbing-history.org/climb/194,Sanction,8B,Boulder problem,Dumbarton Rock,9,Dave MacLeod,Boulder | worked,Feb 2006,,8B,21,13.0,2006-02-01,2006
2828,https://climbing-history.org/climb/2828,Pipe Dream,8B,Boulder problem,Saalachtal,2,Bernhard Schwaiger,Boulder | worked,27th Feb 2006,8B+,8B,21,13.0,2006-02-27,2006
6418,https://climbing-history.org/climb/6418,Missing Sync Trav,8B,Boulder problem,,1,Garth Miller,Boulder | worked,30th Jun 2006,,8B,21,13.0,2006-06-30,2006
3040,https://climbing-history.org/climb/3040,The Buttermilker Sit,8B,Boulder problem,The Buttermilks,5,Paul Robinson,Boulder | worked,4th Aug 2006,8A+,8B,21,13.0,2006-08-04,2006
408,https://climbing-history.org/climb/408,East Coker,8B,Boulder problem,Parisella's Cave,3,Chris Davies,Boulder | worked,11th Aug 2006,,8B,21,13.0,2006-08-11,2006
4523,https://climbing-history.org/climb/4523,Panthalassa,8B,Boulder problem,Torsvik,6,Andreas Hetland Olsen,Boulder | worked,21st Aug 2006,,8B,21,13.0,2006-08-21,2006
2475,https://climbing-history.org/climb/2475,Welcome to Jamrock,8B,Boulder problem,Puiselet le Paradis,3,Vincent Pochon,Boulder | worked,Sep 2006,,8B,21,13.0,2006-09-01,2006
4729,https://climbing-history.org/climb/4729,Returning Temptation,8B,Boulder problem,,1,Bernhard Schwaiger,Boulder | worked,6th Sep 2006,8B/8B+,8B,21,13.0,2006-09-06,2006
168,https://climbing-history.org/climb/168,Fat Lip,8B,Boulder problem,Raven Tor,31,Steve McClure,Boulder | worked,2007,,8B,21,13.0,2007-01-01,2007
3384,https://climbing-history.org/climb/3384,Don't Get Too Greedy,8B,Boulder problem,Chaos Canyon,6,Tyler Landman,Boulder | worked,2007,,8B,21,13.0,2007-01-01,2007
3471,https://climbing-history.org/climb/3471,Quintessential,8B,Boulder problem,8 Day Rain,15,Tony Lamiche,Boulder | worked,2007,,8B,21,13.0,2007-01-01,2007
3598,https://climbing-history.org/climb/3598,The Power of One,8B,Boulder problem,Roadcrew,8,Matt Wilder,Boulder | worked,2007,,8B,21,13.0,2007-01-01,2007
8325,https://climbing-history.org/climb/8325,Pilgrim,8B,Boulder problem,Rifugio di Barbara,2,Christian Core,Boulder | worked,Before 1st Jan 2007,,8B,21,13.0,2007-01-01,2007
201,https://climbing-history.org/climb/201,The Real Keelhaul,8B,Boulder problem,Almscliff,4,Tom Peckitt,Boulder | worked,Feb 2007,8B,8B,21,13.0,2007-02-01,2007
4167,https://climbing-history.org/climb/4167,The Elitist,8B,Boulder problem,Tum Tum,1,Johnny Goicoechea,Boulder | worked,7th Mar 2007,,8B,21,13.0,2007-03-07,2007
5871,https://climbing-history.org/climb/5871,Two Hands,8B,Boulder problem,Bonnet Bay,4,Taylor Parsons,Boulder | worked,29th Mar 2007,,8B,21,13.0,2007-03-29,2007
7953,https://climbing-history.org/climb/7953,Handledaren,8B,Boulder problem,Focksta,2,Mattias Flodin,Boulder | worked,31st Mar 2007,8A+,8B,21,13.0,2007-03-31,2007
7870,https://climbing-history.org/climb/7870,Normipäivä,8B,Boulder problem,Djupviksgrottan,10,Nalle Hukkataival,Boulder | worked,7th Apr 2007,,8B,21,13.0,2007-04-07,2007
3857,https://climbing-history.org/climb/3857,Chahala SDS,8B,Boulder problem,Dumbarton Rock,4,Dave MacLeod,Boulder | worked,17th Apr 2007,8A,8B,21,13.0,2007-04-17,2007
7774,https://climbing-history.org/climb/7774,The Queen Mother,8B,Boulder problem,Brudberget,6,Stefan Borrman,Boulder | worked,Aug 2007,,8B,21,13.0,2007-08-01,2007
4549,https://climbing-history.org/climb/4549,Jernkorset,8B,Boulder problem,Straumvassbotn,1,Robin Mjelle,Boulder | worked,9th Sep 2007,,8B,21,13.0,2007-09-09,2007
7871,https://climbing-history.org/climb/7871,Living the Dream,8B,Boulder problem,Fågelberget,3,Nalle Hukkataival,Boulder | worked,25th Oct 2007,8B+,8B,21,13.0,2007-10-25,2007
210,https://climbing-history.org/climb/210,Compact Culture,8B,Boulder problem,Gorlan,4,Chris Davies,Boulder | worked,Before 1st Jan 2008,,8B,21,13.0,2008-01-01,2008
768,https://climbing-history.org/climb/768,A Bigger Belly,8B,Boulder problem,Water-Cum-Jolly,5,Dan Varian,Boulder | worked,2008,,8B,21,13.0,2008-01-01,2008
2737,https://climbing-history.org/climb/2737,Bulbhaul,8B,Boulder problem,Almscliff,7,Tom Peckitt,Boulder | worked,2008,,8B,21,13.0,2008-01-01,2008
3597,https://climbing-history.org/climb/3597,Cullinan,8B,Boulder problem,Plex,2,Tyler Landman,Boulder | flash,2008,,8B,21,13.0,2008-01-01,2008
4166,https://climbing-history.org/climb/4166,Direction,8B,Boulder problem,The Buttermilks,1,Johnny Goicoechea,Boulder | worked,18th Jan 2008,,8B,21,13.0,2008-01-18,2008
6417,https://climbing-history.org/climb/6417,Sloper Ben,8B,Boulder problem,,1,Garth Miller,Boulder | worked,26th Jan 2008,,8B,21,13.0,2008-01-26,2008
4165,https://climbing-history.org/climb/4165,Hagakure Low,8B,Boulder problem,Index,3,Johnny Goicoechea,Boulder | worked,7th Mar 2008,,8B,21,13.0,2008-03-07,2008
4610,https://climbing-history.org/climb/4610,Franske følelser møter spansk rapsody i norsk vinterlandskap,8B,Boulder problem,Laukelandsfossen,1,Knut Hatteland Sømme,Boulder | worked,24th Mar 2008,,8B,21,13.0,2008-03-24,2008
7767,https://climbing-history.org/climb/7767,Houdini Assis Left,8B,Boulder problem,Långholmen,17,Per Norgren,Boulder | worked,Apr 2008,,8B,21,13.0,2008-04-01,2008
7775,https://climbing-history.org/climb/7775,The Mother Superior,8B,Boulder problem,Brudberget,2,Peter Bosma,Boulder | worked,23rd Apr 2008,,8B,21,13.0,2008-04-23,2008
4367,https://climbing-history.org/climb/4367,Birch Problem,8B,Boulder problem,Flagstaff,5,Sam Davis,Boulder | worked,26th Apr 2008,8A+,8B,21,13.0,2008-04-26,2008
7821,https://climbing-history.org/climb/7821,Enigma low,8B,Boulder problem,Noret Boulder,2,Per Norgren,Boulder | worked,20th May 2008,,8B,21,13.0,2008-05-20,2008
4551,https://climbing-history.org/climb/4551,Campanula,8B,Boulder problem,Kunna,1,Robin Mjelle,Boulder | worked,26th May 2008,,8B,21,13.0,2008-05-26,2008
7862,https://climbing-history.org/climb/7862,Feel Good Inc.,8B,Boulder problem,Sipoo,2,Nalle Hukkataival,Boulder | worked,26th May 2008,,8B,21,13.0,2008-05-26,2008
3609,https://climbing-history.org/climb/3609,Quoi de Neuf (Acte 2),8B,Boulder problem,Orsay,3,Jacky Godoffe,Boulder | worked,Before 30th May 2008,,8B,21,13.0,2008-05-30,2008
4629,https://climbing-history.org/climb/4629,Betta Move,8B,Boulder problem,the Dihedral Boulders,2,Daniel Woods,Boulder | worked,14th Jun 2008,,8B,21,13.0,2008-06-14,2008
3396,https://climbing-history.org/climb/3396,El Corazon,8B,Boulder problem,the Dihedral Boulders,22,Daniel Woods,Boulder | worked,5th Jul 2008,,8B,21,13.0,2008-07-05,2008
4627,https://climbing-history.org/climb/4627,Derailed,8B,Boulder problem,8 Day Rain,5,Daniel Woods,Boulder | worked,8th Jul 2008,8B/8B+,8B,21,13.0,2008-07-08,2008
796,https://climbing-history.org/climb/796,Sky,8B/8B+,Boulder problem,Kleinfontein,19,Daniel Woods,Boulder | worked,12th Jul 2008,,8B,21,13.0,2008-07-12,2008
7929,https://climbing-history.org/climb/7929,Top Notch,8B,Boulder problem,Chaos Canyon,5,Tyler Landman,Boulder | worked,22nd Aug 2008,,8B,21,13.0,2008-08-22,2008
3992,https://climbing-history.org/climb/3992,1up,8B,Boulder problem,Myllis,5,Nalle Hukkataival,Boulder | worked,1st Sep 2008,8A+ (hard),8B,21,13.0,2008-09-01,2008
7822,https://climbing-history.org/climb/7822,Era,8B,Boulder problem,Skravel 2,2,Per Lindmark,Boulder | worked,11th Sep 2008,,8B,21,13.0,2008-09-11,2008
7905,https://climbing-history.org/climb/7905,No Man's Land,8B,Boulder problem,Pyhäntä,3,Jani Lehtola,Boulder | worked,11th Sep 2008,8A+,8B,21,13.0,2008-09-11,2008
3973,https://climbing-history.org/climb/3973,Black Mamba,8B,Boulder problem,Rifugio di Barbara,3,Dai Koyamada,Boulder | worked,18th Sep 2008,,8B,21,13.0,2008-09-18,2008
407,https://climbing-history.org/climb/407,Windy House,8B,Boulder problem,Stone Mill,1,Dawid Skoczylas,Boulder | worked,27th Sep 2008,,8B,21,13.0,2008-09-27,2008
4420,https://climbing-history.org/climb/4420,X-Calibre Direct SDS,8B,Boulder problem,Hunters Stones,1,Tom Peckitt,Boulder | worked,Oct 2008,,8B,21,13.0,2008-10-01,2008
7819,https://climbing-history.org/climb/7819,Amplified,8B,Boulder problem,Flurkmark,2,Per Lindmark,Boulder | worked,30th Oct 2008,,8B,21,13.0,2008-10-30,2008
7780,https://climbing-history.org/climb/7780,Hidden Dragon,8B,Boulder problem,Kjugekull,2,Oskar Rennstam Rubbmark,Boulder | worked,Nov 2008,,8B,21,13.0,2008-11-01,2008
6880,https://climbing-history.org/climb/6880,Welcome to Fight Club,8B,Boulder problem,Horseshoe Canyon Ranch,4,Daniel Woods,Boulder | worked,15th Dec 2008,,8B,21,13.0,2008-12-15,2008
155,https://climbing-history.org/climb/155,Amber,8B,Boulder problem,Brione,15,Andreas Hetland Olsen,Boulder | worked,2009,,8B,21,13.0,2009-01-01,2009
1922,https://climbing-history.org/climb/1922,Keen Roof - Nachos Start,8B,Boulder problem,Raven Tor,11,Nacho Sánchez,Boulder | worked,2009,,8B,21,13.0,2009-01-01,2009
4584,https://climbing-history.org/climb/4584,Air Star,8B,Boulder problem,Roadside,6,Kilian Fischhuber,Boulder | worked,2009,,8B,21,13.0,2009-01-01,2009
4657,https://climbing-history.org/climb/4657,Bo-Ko,8B,Boulder problem,Kjugekull,4,Oskar Rennstam Rubbmark,Boulder | worked,2009,,8B,21,13.0,2009-01-01,2009
5355,https://climbing-history.org/climb/5355,The Deep End,8B,Boulder problem,the Grand Wall Boulders,3,Tim Doyle,Boulder | worked,2009,,8B,21,13.0,2009-01-01,2009
6604,https://climbing-history.org/climb/6604,Air Star,8B,Boulder problem,Roadside,6,Kilian Fischhuber,Boulder | worked,2009,,8B,21,13.0,2009-01-01,2009
7288,https://climbing-history.org/climb/7288,The Variant,8B,Boulder problem,Stone Mill,3,Mike Adams,Boulder | worked,2009,8B,8B,21,13.0,2009-01-01,2009
7771,https://climbing-history.org/climb/7771,Golden Delicious,8B,Boulder problem,Morarna,2,Stefan Borrman,Boulder | worked,2009,,8B,21,13.0,2009-01-01,2009
8161,https://climbing-history.org/climb/8161,Vanilla Sky,8B,Boulder problem,Lincoln Lake,2,Dave Graham,Boulder | worked,2009,,8B,21,13.0,2009-01-01,2009
4574,https://climbing-history.org/climb/4574,Vinterbarn,8B,Boulder problem,Hope,3,Andreas Hetland Olsen,Boulder | worked,13th Jan 2009,,8B,21,13.0,2009-01-13,2009
7824,https://climbing-history.org/climb/7824,High Voltage höger,8B,Boulder problem,Utby Boulder,1,Magnus Högström,Boulder | worked,29th Jan 2009,,8B,21,13.0,2009-01-29,2009
4863,https://climbing-history.org/climb/4863,L'Insoutenable Légèreté de L'Autre,8B,Boulder problem,Franchard Isatis,5,Sébastien Frigault,Boulder | worked,Before 12th Feb 2009,,8B,21,13.0,2009-02-12,2009
4608,https://climbing-history.org/climb/4608,The Machinist,8B,Boulder problem,Hueco Tanks,2,Nalle Hukkataival,Boulder | worked,23rd Feb 2009,,8B,21,13.0,2009-02-23,2009
712,https://climbing-history.org/climb/712,L'Apparemment (bas),8B,Boulder problem,Apremont,6,Olivier Lebreton,Boulder | worked,Before 27th Feb 2009,,8B,21,13.0,2009-02-27,2009
8023,https://climbing-history.org/climb/8023,The New Zero,8B,Boulder problem,Holy Boulders,2,Jon Glassberg,Boulder | worked,28th Feb 2009,,8B,21,13.0,2009-02-28,2009
1749,https://climbing-history.org/climb/1749,Masterpiece,8B,Boulder problem,Joe's Valley,6,James Litz,Boulder | worked,17th Mar 2009,,8B,21,13.0,2009-03-17,2009
2748,https://climbing-history.org/climb/2748,Magic Touch,8B,Boulder problem,Moe's Valley,4,Daniel Woods,Boulder | worked,30th Mar 2009,,8B,21,13.0,2009-03-30,2009
3605,https://climbing-history.org/climb/3605,The Teacup,8B,Boulder problem,Leavenworth,3,Tim Clifford,Boulder | worked,13th Apr 2009,,8B,21,13.0,2009-04-13,2009
3948,https://climbing-history.org/climb/3948,Chinese Arithmetic,8B,Boulder problem,Lilly Boulders,2,Daniel Woods,Boulder | worked,17th Apr 2009,,8B,21,13.0,2009-04-17,2009
7770,https://climbing-history.org/climb/7770,Armstrong ss,8B,Boulder problem,Nockeby 2,4,Peter Bosma,Boulder | worked,29th Apr 2009,,8B,21,13.0,2009-04-29,2009
8148,https://climbing-history.org/climb/8148,Psychosis,8B,Boulder problem,Flock Hill,3,Derek Thatcher,Boulder | worked,11th Jul 2009,,8B,21,13.0,2009-07-11,2009
3588,https://climbing-history.org/climb/3588,Deep Throat,8B,Boulder problem,Magic Wood,3,Peter Lindmark,Boulder | worked,27th Jul 2009,,8B,21,13.0,2009-07-27,2009
7896,https://climbing-history.org/climb/7896,Fyysikko,8B,Boulder problem,28.7,9,Tomi Nytorp,Boulder | worked,Before 19th Aug 2009,,8B,21,13.0,2009-08-19,2009
409,https://climbing-history.org/climb/409,A Life Aesthetic,8B,Boulder problem,Moel y Gest Quarry,1,Chris Davies,Boulder | worked,9th Nov 2009,,8B,21,13.0,2009-11-09,2009
3393,https://climbing-history.org/climb/3393,Le Surplomb de la Mée,8B,Boulder problem,Rocher du Potala,1,Antoine Vandeputte,Boulder | worked,2010,,8B,21,13.0,2010-01-01,2010
4521,https://climbing-history.org/climb/4521,Bleu Sacré,8B,Boulder problem,Rocher du Cassepot,8,Antoine Vandeputte,Boulder | worked,2010,,8B,21,13.0,2010-01-01,2010
5860,https://climbing-history.org/climb/5860,Zeus,8B,Boulder problem,Lower Taipan Wall,2,Sam Edwards,Boulder | worked,Before 1st Jan 2010,,8B,21,13.0,2010-01-01,2010
8006,https://climbing-history.org/climb/8006,Lucky,8B,Boulder problem,Bukhansan National Park,8,Sangwon Son,Boulder | worked,2010,,8B,21,13.0,2010-01-01,2010
437,https://climbing-history.org/climb/437,Firefight,8B,Boulder problem,Dumbarton Rock,2,Malcolm Smith,Boulder | worked,Apr 2010,,8B,21,13.0,2010-04-01,2010
154,https://climbing-history.org/climb/154,The Hourglass,8B,Boulder problem,Björnblocket,22,Stefan Rasmussen,Boulder | worked,19th Apr 2010,,8B,21,13.0,2010-04-19,2010
441,https://climbing-history.org/climb/441,At Eternity's Gate,8B,Boulder problem,Arisaig Cave,1,Dave MacLeod,Boulder | worked,May 2010,,8B,21,13.0,2010-05-01,2010
7889,https://climbing-history.org/climb/7889,Edge of Darkness,8B,Boulder problem,Luohua,7,Jani Lehtola,Boulder | worked,6th Jun 2010,,8B,21,13.0,2010-06-06,2010
5868,https://climbing-history.org/climb/5868,Double Dermit,8B,Boulder problem,Castlecrag,2,Thomas Farrell,Boulder | worked,13th Jun 2010,,8B,21,13.0,2010-06-13,2010
4570,https://climbing-history.org/climb/4570,All in All Out,8B,Boulder problem,Matre,2,Magnus Midtbø,Boulder | worked,18th Jun 2010,,8B,21,13.0,2010-06-18,2010
3991,https://climbing-history.org/climb/3991,Rough Gem,8B,Boulder problem,Lofoten,3,Nalle Hukkataival,Boulder | worked,24th Jun 2010,,8B,21,13.0,2010-06-24,2010
5870,https://climbing-history.org/climb/5870,J1,8B,Boulder problem,Jessica's,5,Thomas Farrell,Boulder | worked,26th Jun 2010,,8B,21,13.0,2010-06-26,2010
2546,https://climbing-history.org/climb/2546,Evil Backwards,8B,Boulder problem,Lincoln Lake,6,Daniel Woods,Boulder | worked,28th Jun 2010,,8B,21,13.0,2010-06-28,2010
5867,https://climbing-history.org/climb/5867,One of a Kind,8B,Boulder problem,Castlecrag,3,Taylor Parsons,Boulder | worked,16th Jul 2010,,8B,21,13.0,2010-07-16,2010
8025,https://climbing-history.org/climb/8025,Night Life,8B,Boulder problem,Yugo Skala,2,Bostjan Weingerl,Boulder | worked,7th Aug 2010,,8B,21,13.0,2010-08-07,2010
4862,https://climbing-history.org/climb/4862,The Mote in God's Eye,8B,Boulder problem,Lincoln Lake,4,Dave Graham,Boulder | worked,10th Aug 2010,,8B,21,13.0,2010-08-10,2010
8120,https://climbing-history.org/climb/8120,Clan of the Cave Bears,8B,Boulder problem,Lincoln Lake,4,Dave Graham,Boulder | worked,14th Aug 2010,,8B,21,13.0,2010-08-14,2010
411,https://climbing-history.org/climb/411,The Incredible Bulk,8B,Boulder problem,Parisella's Cave,2,Pete Robins,Boulder | worked,Sep 2010,,8B,21,13.0,2010-09-01,2010
2651,https://climbing-history.org/climb/2651,Kingda Ka,8B,Boulder problem,Gotthard Pass,7,Giuliano Cameroni,Boulder | worked,1st Sep 2010,,8B,21,13.0,2010-09-01,2010
2049,https://climbing-history.org/climb/2049,We Can Build You,8B,Boulder problem,Lincoln Lake,22,Dave Graham,Boulder | worked,16th Sep 2010,8B+,8B,21,13.0,2010-09-16,2010
2004,https://climbing-history.org/climb/2004,Slasher,8B,Boulder problem,Joe's Valley,30,Paul Nadler,Boulder | worked,31st Oct 2010,8B,8B,21,13.0,2010-10-31,2010
3782,https://climbing-history.org/climb/3782,Ikarus,8B,Boulder problem,the Sustenpass Boulders,2,Martin Keller,Boulder | worked,31st Oct 2010,,8B,21,13.0,2010-10-31,2010
445,https://climbing-history.org/climb/445,Wonderland,8B,Boulder problem,the Glendalough Boulders,3,Michael Duffy,Boulder | worked,Dec 2010,,8B,21,13.0,2010-12-01,2010
195,https://climbing-history.org/climb/195,King of Limbs,8B,Boulder problem,Cedar Rouge,10,Micky Page,Boulder | worked,2011,,8B,21,13.0,2011-01-01,2011
410,https://climbing-history.org/climb/410,Dorsal Stream,8B/8c+,Boulder problem,Parisella's Cave,2,Pete Robins,Boulder | worked,2011,,8B,21,13.0,2011-01-01,2011
423,https://climbing-history.org/climb/423,Home,8B,Boulder problem,Carrock Fell Crag,2,Dan Varian,Boulder | worked,2011,,8B,21,13.0,2011-01-01,2011
5858,https://climbing-history.org/climb/5858,Pigeon Superstition,8B,Boulder problem,Citadel,2,Nalle Hukkataival,Boulder | worked,2011,,8B,21,13.0,2011-01-01,2011
4983,https://climbing-history.org/climb/4983,Tilted World,8B,Boulder problem,Lilly Boulders,15,Jimmy Webb,Boulder | worked,24th Jan 2011,,8B,21,13.0,2011-01-24,2011
173,https://climbing-history.org/climb/173,My Own Private Idaho,8B,Boulder problem,Crafnant,3,Chris Davies,Boulder | worked,31st Jan 2011,8B+,8B,21,13.0,2011-01-31,2011
4632,https://climbing-history.org/climb/4632,Crown Royale,8B,Boulder problem,Hueco Tanks,2,Daniel Woods,Boulder | worked,26th Feb 2011,,8B,21,13.0,2011-02-26,2011
4422,https://climbing-history.org/climb/4422,Yes We Can,8B,Boulder problem,Whitehouses,2,Mark Katz,Boulder | worked,13th Mar 2011,,8B,21,13.0,2011-03-13,2011
4593,https://climbing-history.org/climb/4593,Antonio Vivaldi,8B,Boulder problem,Gloppedalen,3,Magnus Midtbø,Boulder | worked,18th May 2011,,8B,21,13.0,2011-05-18,2011
7425,https://climbing-history.org/climb/7425,Flux for Life,8B,Boulder problem,Endo Valley,1,Carlo Traversi,Boulder | worked,27th May 2011,,8B,21,13.0,2011-05-27,2011
4548,https://climbing-history.org/climb/4548,Diamanten,8B,Boulder problem,Vingsand,8,Nalle Hukkataival,Boulder | worked,28th May 2011,,8B,21,13.0,2011-05-28,2011
4554,https://climbing-history.org/climb/4554,Springflo,8B,Boulder problem,Lofoten,6,Robin Mjelle,Boulder | worked,14th Jul 2011,,8B,21,13.0,2011-07-14,2011
809,https://climbing-history.org/climb/809,A Simple Knowing,8B,Boulder problem,Topside,8,Paul Robinson,Boulder | worked,27th Jul 2011,,8B,21,13.0,2011-07-27,2011
5447,https://climbing-history.org/climb/5447,Indartsu (pre-2018 Break),8B,Boulder problem,Hoyamoros,2,Rubén Díaz Torres,Boulder | worked,Before 16th Oct 2011,,8B,21,13.0,2011-10-16,2011
4643,https://climbing-history.org/climb/4643,Ödmjuk,8B,Boulder problem,Nacka Kvarn,5,Daniel Andersson,Boulder | worked,25th Oct 2011,,8B,21,13.0,2011-10-25,2011
747,https://climbing-history.org/climb/747,Crown of Aragorn,8B,Boulder problem,Hueco Tanks,7,Nalle Hukkataival,Boulder | flash,Dec 2011,,8B,21,13.0,2011-12-01,2011
431,https://climbing-history.org/climb/431,Potty Mouth,8B,Boulder problem,Back Bowden Doors,2,Dan Varian,Boulder | worked,2012,,8B,21,13.0,2012-01-01,2012
937,https://climbing-history.org/climb/937,I Shot Sarkonazy (assis),8B,Boulder problem,Targasonne,2,Nacho Sánchez,Boulder | flash,Jan 2012,,8B,21,13.0,2012-01-01,2012
2613,https://climbing-history.org/climb/2613,Partage (assis),8B,Boulder problem,Buthiers,4,Thomas Collignon,Boulder | worked,2012,,8B,21,13.0,2012-01-01,2012
3581,https://climbing-history.org/climb/3581,Monkey Business,8B,Boulder problem,8 Day Rain,12,Dave Graham,Boulder | worked,2012,,8B,21,13.0,2012-01-01,2012
3600,https://climbing-history.org/climb/3600,The Escapist,8B,Boulder problem,Fortress,5,Nalle Hukkataival,Boulder | worked,2012,8B+,8B,21,13.0,2012-01-01,2012
7772,https://climbing-history.org/climb/7772,Hagsätra sport,8B,Boulder problem,Trollbäcken,1,Stefan Borrman,Boulder | worked,2012,,8B,21,13.0,2012-01-01,2012
844,https://climbing-history.org/climb/844,Meadowlark Lemon,8B,Boulder problem,Gateway Canyon,22,Paul Robinson,Boulder | worked,12th Jan 2012,8C,8B,21,13.0,2012-01-12,2012
7750,https://climbing-history.org/climb/7750,Livet är en fest (låg start),8B,Boulder problem,Tolered,6,Geir Söderin,Boulder | worked,23rd Jan 2012,,8B,21,13.0,2012-01-23,2012
7749,https://climbing-history.org/climb/7749,Ambivalens,8B,Boulder problem,Tolered,3,Geir Söderin,Boulder | worked,3rd Feb 2012,,8B,21,13.0,2012-02-03,2012
444,https://climbing-history.org/climb/444,Man Machine,8B,Boulder problem,Cloghoge,1,Michael Duffy,Boulder | worked,19th Feb 2012,,8B,21,13.0,2012-02-19,2012
812,https://climbing-history.org/climb/812,Bon Atrocity,8B,Boulder problem,Parisella's Cave,2,Ben Bransby,Boulder | worked,Mar 2012,,8B,21,13.0,2012-03-01,2012
4615,https://climbing-history.org/climb/4615,Torstein hyl sitt,8B,Boulder problem,Harbak,1,Martin Mobråten,Boulder | worked,16th Mar 2012,,8B,21,13.0,2012-03-16,2012
3599,https://climbing-history.org/climb/3599,Bear Toss,8B,Boulder problem,Bear Lake Road,4,Dave Graham,Boulder | worked,23rd Mar 2012,,8B,21,13.0,2012-03-23,2012
6115,https://climbing-history.org/climb/6115,Dead Meadow,8B,Boulder problem,Wild Basin,9,Dave Graham,Boulder | worked,27th Apr 2012,8B,8B,21,13.0,2012-04-27,2012
430,https://climbing-history.org/climb/430,End Sequence,8B,Boulder problem,Redheugh,2,Dan Varian,Boulder | worked,Jun 2012,,8B,21,13.0,2012-06-01,2012
181,https://climbing-history.org/climb/181,Vice President,8B,Boulder problem,Fortress,4,Martin Mobråten,Boulder | worked,Jul 2012,,8B,21,13.0,2012-07-01,2012
2261,https://climbing-history.org/climb/2261,The Shining,8B,Boulder problem,Chaos Canyon,5,Jimmy Webb,Boulder | worked,5th Jul 2012,,8B,21,13.0,2012-07-05,2012
209,https://climbing-history.org/climb/209,Isles of Wonder,8B,Boulder problem,the Carreg Mianog Boulders,24,Pete Robins,Boulder | worked,Aug 2012,,8B,21,13.0,2012-08-01,2012
4561,https://climbing-history.org/climb/4561,Totally Beat'n Up,8B,Boulder problem,Bunnefjorden,1,Morten Gulliksen,Boulder | worked,16th Aug 2012,,8B,21,13.0,2012-08-16,2012
2597,https://climbing-history.org/climb/2597,Wovenhand,8B,Boulder problem,Magic Wood,3,Paul Robinson,Boulder | worked,10th Sep 2012,,8B,21,13.0,2012-09-10,2012
4563,https://climbing-history.org/climb/4563,Gold Suit sitt,8B,Boulder problem,Bryggeriet,1,Morten Gulliksen,Boulder | worked,30th Sep 2012,,8B,21,13.0,2012-09-30,2012
7894,https://climbing-history.org/climb/7894,Monumentti,8B,Boulder problem,Pihlajasaari,5,Anthony Gullsten,Boulder | worked,2nd Oct 2012,,8B,21,13.0,2012-10-02,2012
1676,https://climbing-history.org/climb/1676,Heritage,8B,Boulder problem,Valle Bavona,14,Carlo Traversi,Boulder | worked,15th Nov 2012,,8B,21,13.0,2012-11-15,2012
6736,https://climbing-history.org/climb/6736,ReBirth,8B,Boulder problem,Kasagi,6,Keita Kurakami,Boulder | ground up,25th Nov 2012,8B,8B,21,13.0,2012-11-25,2012
3604,https://climbing-history.org/climb/3604,Roses and Blue Jays,8B,Boulder problem,Great Barrington,1,Jimmy Webb,Boulder | flash,13th Dec 2012,,8B,21,13.0,2012-12-13,2012
3297,https://climbing-history.org/climb/3297,Quimera,8B,Boulder problem,Albarracín,4,Chris Savage,Boulder | worked,31st Dec 2012,,8B,21,13.0,2012-12-31,2012
403,https://climbing-history.org/climb/403,Patina Turner,8B,Boulder problem,Earl Crag,3,Tom Peckitt,Boulder | worked,2013,,8B,21,13.0,2013-01-01,2013
2297,https://climbing-history.org/climb/2297,Blood Meridian,8B,Boulder problem,The Buttermilks,3,Alex Megos,Boulder | flash,2013,,8B,21,13.0,2013-01-01,2013
4567,https://climbing-history.org/climb/4567,Gogoan,8B,Boulder problem,Roadcrew,6,Rubén Díaz Torres,Boulder | worked,2013,,8B,21,13.0,2013-01-01,2013
5496,https://climbing-history.org/climb/5496,Fukanobyo,8B,Boulder problem,Ogawayama,2,Tetsuya Koyama,Boulder | worked,2013,,8B,21,13.0,2013-01-01,2013
3602,https://climbing-history.org/climb/3602,El Infierno,8B,Boulder problem,Penoles,2,Nalle Hukkataival,Boulder | worked,Before 18th Jan 2013,,8B,21,13.0,2013-01-18,2013
3426,https://climbing-history.org/climb/3426,Santoku,8B,Boulder problem,Chironico,3,Fabian Buhl,Boulder | worked,Feb 2013,8B+,8B,21,13.0,2013-02-01,2013
4690,https://climbing-history.org/climb/4690,Reflecting Pool,8B,Boulder problem,Willow Springs,3,Carlo Traversi,Boulder | worked,3rd Feb 2013,,8B,21,13.0,2013-02-03,2013
2248,https://climbing-history.org/climb/2248,Flash Flood,8B,Boulder problem,Brione,5,Jorg Verhoeven,Boulder | worked,Mar 2013,,8B,21,13.0,2013-03-01,2013
5085,https://climbing-history.org/climb/5085,The Abattoir,8B,Boulder problem,Candyland,4,Mark Heal,Boulder | worked,10th Mar 2013,,8B,21,13.0,2013-03-10,2013
413,https://climbing-history.org/climb/413,Madame Allure,8B,Boulder problem,the Lily Savage Boulders,3,Pete Robins,Boulder | worked,21st Mar 2013,,8B,21,13.0,2013-03-21,2013
7762,https://climbing-history.org/climb/7762,Fibyarêten,8B,Boulder problem,Fiby,2,Jocke Berglund,Boulder | worked,21st Mar 2013,,8B,21,13.0,2013-03-21,2013
3608,https://climbing-history.org/climb/3608,Blinded by the Light,8B,Boulder problem,Brione,3,Robin Mjelle,Boulder | worked,28th Mar 2013,,8B,21,13.0,2013-03-28,2013
765,https://climbing-history.org/climb/765,Serenity,8B,Boulder problem,Roche Abbey,8,Mike Adams,Boulder | worked,Before 10th Apr 2013,,8B,21,13.0,2013-04-10,2013
7867,https://climbing-history.org/climb/7867,Unbreakable,8B,Boulder problem,7 Veljestä,6,Sami Haapakoski,Boulder | worked,12th Apr 2013,,8B,21,13.0,2013-04-12,2013
3590,https://climbing-history.org/climb/3590,Ormen Lange,8B,Boulder problem,Vingsand,6,Ethan Pringle,Boulder | worked,Before 1st May 2013,,8B,21,13.0,2013-05-01,2013
426,https://climbing-history.org/climb/426,Dark Edges,8B,Boulder problem,The Bowderstone,4,Dan Varian,Boulder | worked,Aug 2013,,8B,21,13.0,2013-08-01,2013
5863,https://climbing-history.org/climb/5863,Sultans Of Swing,8B,Boulder problem,Cave Club,3,Alex Megos,Boulder | worked,Aug 2013,,8B,21,13.0,2013-08-01,2013
2394,https://climbing-history.org/climb/2394,Enemy Anemone,8B,Boulder problem,Crinkle Crag Area,1,Ned Feehally,Boulder | worked,11th Aug 2013,,8B,21,13.0,2013-08-11,2013
1677,https://climbing-history.org/climb/1677,The Wheel of Chaos,8B,Boulder problem,Chaos Canyon,6,Daniel Woods,Boulder | worked,14th Aug 2013,,8B,21,13.0,2013-08-14,2013
7891,https://climbing-history.org/climb/7891,Desperado,8B,Boulder problem,Luohua,2,Jani Lehtola,Boulder | worked,23rd Sep 2013,,8B,21,13.0,2013-09-23,2013
1873,https://climbing-history.org/climb/1873,Sviní Mor,8B,Boulder problem,Sloup,4,Adam Ondra,Boulder | worked,29th Sep 2013,,8B,21,13.0,2013-09-29,2013
5875,https://climbing-history.org/climb/5875,And the Ass Saw the Angel,8B,Boulder problem,Ukulore Valley,3,Tom O'Halloran,Boulder | worked,10th Oct 2013,,8B,21,13.0,2013-10-10,2013
2711,https://climbing-history.org/climb/2711,Carnage,8B,Boulder problem,Guanella Pass,6,Daniel Woods,Boulder | worked,2nd Nov 2013,8B,8B,21,13.0,2013-11-02,2013
166,https://climbing-history.org/climb/166,Belly of the Beast,8B,Boulder problem,Raven Tor,8,Taylor Parsons,Boulder | worked,8th Nov 2013,8C (soft),8B,21,13.0,2013-11-08,2013
5254,https://climbing-history.org/climb/5254,Cold Snap,8B,Boulder problem,Wood Yard,5,Carlo Traversi,Boulder | worked,22nd Nov 2013,,8B,21,13.0,2013-11-22,2013
6255,https://climbing-history.org/climb/6255,The Watchtower (assis),8B,Boulder problem,Focksta,8,Stefan Eklund,Boulder | worked,29th Nov 2013,,8B,21,13.0,2013-11-29,2013
136,https://climbing-history.org/climb/136,Jour de Chasse,8B,Boulder problem,Recloses,4,Jan Hojer,Boulder | worked,Dec 2013,8C (soft),8B,21,13.0,2013-12-01,2013
6732,https://climbing-history.org/climb/6732,La Diagonale des Oufs,8B,Boulder problem,Drei Zinnen,3,Manuel Marquès,Boulder | worked,15th Dec 2013,,8B,21,13.0,2013-12-15,2013
186,https://climbing-history.org/climb/186,Dead and Bloated,8B,Boulder problem,Dinas Mot,8,Tom Williams,Boulder | worked,2014,,8B,21,13.0,2014-01-01,2014
223,https://climbing-history.org/climb/223,Louis Left,8B,Boulder problem,Bacon Hole,3,Liam Fyfe,Boulder | worked,2014,,8B,21,13.0,2014-01-01,2014
422,https://climbing-history.org/climb/422,Hobbie Noble,8B,Boulder problem,Christianbury Crag,1,Dan Varian,Boulder | worked,2014,,8B,21,13.0,2014-01-01,2014
1931,https://climbing-history.org/climb/1931,Good Hope,8B,Boulder problem,The Saddle,3,Nalle Hukkataival,Boulder | worked,2014,,8B,21,13.0,2014-01-01,2014
2805,https://climbing-history.org/climb/2805,Irreversible,8B,Boulder problem,Chaos Canyon,4,Daniel Woods,Boulder | worked,2014,,8B,21,13.0,2014-01-01,2014
3548,https://climbing-history.org/climb/3548,Capability Brawn,8B,Boulder problem,Shaftoe Crags,2,Dan Varian,Boulder | worked,Before 1st Jan 2014,,8B,21,13.0,2014-01-01,2014
4663,https://climbing-history.org/climb/4663,Clubbin' n Tubbin',8B,Boulder problem,First Creek Canyon,1,Nalle Hukkataival,Boulder | worked,2014,,8B,21,13.0,2014-01-01,2014
4977,https://climbing-history.org/climb/4977,Invisible Cities,8B,Boulder problem,Central Park,3,Tyler Landman,Boulder | worked,2014,,8B,21,13.0,2014-01-01,2014
6278,https://climbing-history.org/climb/6278,L'Illusion du Choix,8B,Boulder problem,Puiselet le Paradis,1,Nalle Hukkataival,Boulder | worked,2014,,8B,21,13.0,2014-01-01,2014
3603,https://climbing-history.org/climb/3603,Palabraz,8B,Boulder problem,Penoles,1,Daniel Woods,Boulder | flash,15th Jan 2014,,8B,21,13.0,2014-01-15,2014
4529,https://climbing-history.org/climb/4529,Bonderomantikk,8B,Boulder problem,Bondesteinen,6,Jarle Kalland,Boulder | worked,3rd Mar 2014,,8B,21,13.0,2014-03-03,2014
4545,https://climbing-history.org/climb/4545,Blå blomster sitt,8B,Boulder problem,Trolldalen,8,Thilo Schröter,Boulder | worked,13th Mar 2014,,8B,21,13.0,2014-03-13,2014
3591,https://climbing-history.org/climb/3591,Verden på lørdag,8B,Boulder problem,Vingsand,8,Torstein Eide,Boulder | worked,Before 29th Mar 2014,,8B,21,13.0,2014-03-29,2014
774,https://climbing-history.org/climb/774,Dark Sakai,8B,Boulder problem,Magic Wood,3,Euan MacFadyen,Boulder | worked,Apr 2014,,8B,21,13.0,2014-04-01,2014
7760,https://climbing-history.org/climb/7760,Full spectrum,8B,Boulder problem,Källbergahygget,1,Stefan Eklund,Boulder | worked,1st Apr 2014,,8B,21,13.0,2014-04-01,2014
7955,https://climbing-history.org/climb/7955,Mo'Stef,8B,Boulder problem,Källbergahygget,8,Stefan Eklund,Boulder | worked,1st Apr 2014,,8B,21,13.0,2014-04-01,2014
3606,https://climbing-history.org/climb/3606,"Life, the Universe and Everything",8B,Boulder problem,Rosshag,1,Jimmy Webb,Boulder | flash,20th Apr 2014,,8B,21,13.0,2014-04-20,2014
1911,https://climbing-history.org/climb/1911,Sanctum,8B,Boulder problem,Bacon Hole,3,Liam Fyfe,Boulder | worked,1st May 2014,,8B,21,13.0,2014-05-01,2014
7872,https://climbing-history.org/climb/7872,Nitro,8B,Boulder problem,Kasviken,1,Niccolò Ceria,Boulder | worked,6th May 2014,,8B,21,13.0,2014-05-06,2014
7756,https://climbing-history.org/climb/7756,Mechanical Bull,8B,Boulder problem,Fallataket,6,Stefan Rasmussen,Boulder | worked,20th May 2014,,8B,21,13.0,2014-05-20,2014
8024,https://climbing-history.org/climb/8024,The Mechanic,8B,Boulder problem,Yugo Skala,2,Bostjan Weingerl,Boulder | worked,31st May 2014,,8B,21,13.0,2014-05-31,2014
753,https://climbing-history.org/climb/753,Font Blues,8B,Boulder problem,High Rocks,1,Barnaby Ventham,Boulder | worked,15th Jun 2014,,8B,21,13.0,2014-06-15,2014
3858,https://climbing-history.org/climb/3858,I Shot the Sheriff,8B,Boulder problem,the North Wall Boulders,5,Jimmy Webb,Boulder | worked,1st Sep 2014,,8B,21,13.0,2014-09-01,2014
7823,https://climbing-history.org/climb/7823,At War With Reality,8B,Boulder problem,Slingsö,2,Stefan Rasmussen,Boulder | worked,25th Sep 2014,,8B,21,13.0,2014-09-25,2014
405,https://climbing-history.org/climb/405,Blue Eyes and Exit Wounds,8B,Boulder problem,Stoupe Brow,4,Dan Turner,Boulder | worked,5th Oct 2014,,8B,21,13.0,2014-10-05,2014
4752,https://climbing-history.org/climb/4752,The Holy Rails sit,8B,Boulder problem,Tuolumne Meadows,4,Mark Heal,Boulder | worked,5th Oct 2014,,8B,21,13.0,2014-10-05,2014
3594,https://climbing-history.org/climb/3594,King Slayer,8B,Boulder problem,the Miller River Boulders,7,Ben Herrington,Boulder | worked,12th Oct 2014,,8B,21,13.0,2014-10-12,2014
7869,https://climbing-history.org/climb/7869,Armoton,8B,Boulder problem,Myllis,14,Sami Haapakoski,Boulder | worked,17th Oct 2014,8B+,8B,21,13.0,2014-10-17,2014
2910,https://climbing-history.org/climb/2910,The Call of Silence,8B,Boulder problem,Albarracín,3,Martin Mobråten,Boulder | worked,Nov 2014,,8B,21,13.0,2014-11-01,2014
4637,https://climbing-history.org/climb/4637,Mufasa,8B,Boulder problem,Albarracín,3,Nils Favre,Boulder | worked,8th Nov 2014,,8B,21,13.0,2014-11-08,2014
3607,https://climbing-history.org/climb/3607,Barrel Rider,8B,Boulder problem,Eldorado Canyon,3,Dave Graham,Boulder | worked,7th Dec 2014,,8B,21,13.0,2014-12-07,2014
440,https://climbing-history.org/climb/440,4th Wave,8B,Boulder problem,Arisaig Cave,1,Dave MacLeod,Boulder | worked,2015,,8B,21,13.0,2015-01-01,2015
808,https://climbing-history.org/climb/808,Bordello,8B,Boulder problem,Earth Quarry,3,Mike Adams,Boulder | worked,2015,,8B,21,13.0,2015-01-01,2015
2399,https://climbing-history.org/climb/2399,Northern Time,8B,Boulder problem,Kyloe-Out-The-Woods,1,Dan Varian,Boulder | worked,2015,,8B,21,13.0,2015-01-01,2015
2446,https://climbing-history.org/climb/2446,River of Dreams,8B,Boulder problem,Sprotbrough,1,Mike Adams,Boulder | worked,Before 1st Jan 2015,,8B,21,13.0,2015-01-01,2015
4380,https://climbing-history.org/climb/4380,Gaïa (assis),8B,Boulder problem,Rocher Brûlé,1,Sébastien Frigault,Boulder | worked,2015,,8B,21,13.0,2015-01-01,2015
5561,https://climbing-history.org/climb/5561,Mysterio,8B,Boulder problem,Rocher de Bouligny,2,Olivier Lebreton,Boulder | worked,2015,,8B,21,13.0,2015-01-01,2015
8216,https://climbing-history.org/climb/8216,Kiss the Sky Low,8B,Boulder problem,Flock Hill,1,Jimmy Webb,Boulder | worked,2015,,8B,21,13.0,2015-01-01,2015
4585,https://climbing-history.org/climb/4585,Full Throttle,8B,Boulder problem,Hueco Tanks,3,Martin Mobråten,Boulder | worked,Feb 2015,,8B,21,13.0,2015-02-01,2015
6865,https://climbing-history.org/climb/6865,Yeti,8B,Boulder problem,Boone,4,Jimmy Webb,Boulder | worked,8th Feb 2015,,8B,21,13.0,2015-02-08,2015
8123,https://climbing-history.org/climb/8123,The Yeti,8B,Boulder problem,Boone,4,Jimmy Webb,Boulder | worked,8th Feb 2015,,8B,21,13.0,2015-02-08,2015
4636,https://climbing-history.org/climb/4636,"Juega, Juega",8B,Boulder problem,Mogán Valley,5,Nils Favre,Boulder | worked,16th Feb 2015,,8B,21,13.0,2015-02-16,2015
4634,https://climbing-history.org/climb/4634,Mujer Completa Sit,8B,Boulder problem,Mogán Valley,3,Nils Favre,Boulder | worked,22nd Feb 2015,8A+/8B,8B,21,13.0,2015-02-22,2015
2398,https://climbing-history.org/climb/2398,Tsar Pushka,8B,Boulder problem,Kyloe-Out-The-Woods,1,Dan Varian,Boulder | worked,Mar 2015,,8B,21,13.0,2015-03-01,2015
6546,https://climbing-history.org/climb/6546,Lucky Labrador,8B,Boulder problem,Toyota,2,Dai Koyamada,Boulder | worked,17th Mar 2015,,8B,21,13.0,2015-03-17,2015
4565,https://climbing-history.org/climb/4565,Rett foran nesa di sitt,8B,Boulder problem,Tjøme,1,Martin Mobråten,Boulder | worked,12th Apr 2015,,8B,21,13.0,2015-04-12,2015
219,https://climbing-history.org/climb/219,Gentleman's Arete,8B,Boulder problem,Fair Head,4,Ricky Bell,Boulder | worked,15th Apr 2015,,8B,21,13.0,2015-04-15,2015
7895,https://climbing-history.org/climb/7895,Lurppikerho,8B,Boulder problem,Nousiainen II,4,Ilari Kelloniemi,Boulder | worked,25th Apr 2015,,8B,21,13.0,2015-04-25,2015
4571,https://climbing-history.org/climb/4571,Slopestyle sitt,8B,Boulder problem,Frafjord,5,Tore Årthun,Boulder | worked,2nd May 2015,,8B,21,13.0,2015-05-02,2015
4569,https://climbing-history.org/climb/4569,Propellen,8B,Boulder problem,Vingsand,8,Martin Mobråten,Boulder | worked,1st Jun 2015,,8B,21,13.0,2015-06-01,2015
4568,https://climbing-history.org/climb/4568,Grateful Dead,8B,Boulder problem,Sagland,9,Tore Årthun,Boulder | worked,25th Jun 2015,,8B,21,13.0,2015-06-25,2015
4594,https://climbing-history.org/climb/4594,Dynamitten,8B,Boulder problem,Hunnedalen,7,Martin Mobråten,Boulder | worked,Jul 2015,,8B,21,13.0,2015-07-01,2015
164,https://climbing-history.org/climb/164,Charity Bouldern,8B,Boulder problem,Silvapark,4,Karoline Sinnhuber,Boulder | worked,15th Jul 2015,,8B,21,13.0,2015-07-15,2015
3611,https://climbing-history.org/climb/3611,Golden Gate,8B,Boulder problem,Silvapark,1,Jan Hojer,Boulder | flash,25th Jul 2015,,8B,21,13.0,2015-07-25,2015
184,https://climbing-history.org/climb/184,Le Dernier Atrocity,8B,Boulder problem,Parisella's Cave,6,Sam Whittaker,Boulder | worked,Aug 2015,,8B,21,13.0,2015-08-01,2015
220,https://climbing-history.org/climb/220,The Kraken,8B,Boulder problem,Hartland Quay,3,Tom Randall,Boulder | worked,Aug 2015,,8B,21,13.0,2015-08-01,2015
6372,https://climbing-history.org/climb/6372,Wheel of Champo,8B,Boulder problem,Champorcher,3,Gabriele Moroni,Boulder | worked,11th Aug 2015,,8B,21,13.0,2015-08-11,2015
5056,https://climbing-history.org/climb/5056,Overtime,8B,Boulder problem,Blackwell Dale,5,Dawid Skoczylas,Boulder | worked,7th Sep 2015,8B,8B,21,13.0,2015-09-07,2015
427,https://climbing-history.org/climb/427,Retaliation,8B,Boulder problem,,1,Aidan Roberts,Boulder | worked,2016,,8B,21,13.0,2016-01-01,2016
1392,https://climbing-history.org/climb/1392,Merlin's Beard,8B,Boulder problem,Tintagel North,8,Alex Waterhouse,Boulder | worked,2016,,8B,21,13.0,2016-01-01,2016
1402,https://climbing-history.org/climb/1402,Rocking Spectre,8B,Boulder problem,Dove Crag,3,Dan Varian,Boulder | worked,2016,,8B,21,13.0,2016-01-01,2016
1417,https://climbing-history.org/climb/1417,The Guest List,8B,Boulder problem,Eland,21,Nalle Hukkataival,Boulder | worked,2016,,8B,21,13.0,2016-01-01,2016
1913,https://climbing-history.org/climb/1913,Antidote,8B,Boulder problem,The Coop,6,Nalle Hukkataival,Boulder | worked,2016,,8B,21,13.0,2016-01-01,2016
4631,https://climbing-history.org/climb/4631,Drydock sit,8B,Boulder problem,Hueco Tanks,1,Martin Mobråten,Boulder | worked,Jan 2016,,8B,21,13.0,2016-01-01,2016
6593,https://climbing-history.org/climb/6593,Mabinogion,8B,Boulder problem,Oxwich Bay Quarry,1,Liam Fyfe,Boulder | worked,2016,,8B,21,13.0,2016-01-01,2016
7314,https://climbing-history.org/climb/7314,King Line,8B,Boulder problem,Flock Hill,3,Niccolò Ceria,Boulder | worked,2016,,8B,21,13.0,2016-01-01,2016
7757,https://climbing-history.org/climb/7757,Odium sitt,8B,Boulder problem,Roffans svampställe,2,Stefan Rasmussen,Boulder | worked,2016,,8B,21,13.0,2016-01-01,2016
7773,https://climbing-history.org/climb/7773,Fred's Right Hand,8B,Boulder problem,Trollbäcken,2,Alex Megos,Boulder | worked,2016,,8B,21,13.0,2016-01-01,2016
6689,https://climbing-history.org/climb/6689,Nem Tudo Que Reluz é Ouro,8B,Boulder problem,Igatu,2,Felipe Ho Foganholo,Boulder | worked,Before 6th Jan 2016,,8B,21,13.0,2016-01-06,2016
6691,https://climbing-history.org/climb/6691,Neandertal,8B,Boulder problem,Igatu,2,Felipe Ho Foganholo,Boulder | worked,Before 6th Jan 2016,,8B,21,13.0,2016-01-06,2016
6528,https://climbing-history.org/climb/6528,Turpentine (pre-break),8B,Boulder problem,Pinecliffe,3,Jimmy Webb,Boulder | worked,12th Jan 2016,,8B,21,13.0,2016-01-12,2016
6404,https://climbing-history.org/climb/6404,Utsusemi,8B,Boulder problem,Horai,4,Ryuichi Murai,Boulder | worked,Before 20th Feb 2016,,8B,21,13.0,2016-02-20,2016
3313,https://climbing-history.org/climb/3313,Army of the Dead,8B,Boulder problem,Joe's Valley,4,Matt Fultz,Boulder | worked,21st Feb 2016,,8B,21,13.0,2016-02-21,2016
7769,https://climbing-history.org/climb/7769,Gravitas,8B,Boulder problem,Käringboda,3,Stefan Borrman,Boulder | worked,Before 24th Feb 2016,,8B,21,13.0,2016-02-24,2016
424,https://climbing-history.org/climb/424,Panic on Funkotron,8B,Boulder problem,Carrock Fell Crag,3,Dan Varian,Boulder | worked,Mar 2016,,8B,21,13.0,2016-03-01,2016
425,https://climbing-history.org/climb/425,Deep Space Jam,8B,Boulder problem,Carrock Fell Crag,1,Dan Varian,Boulder | worked,Mar 2016,,8B,21,13.0,2016-03-01,2016
202,https://climbing-history.org/climb/202,The Waterman,8B,Boulder problem,Bonehill Rocks,5,Mikey Cleverdon,Boulder | worked,21st Mar 2016,,8B,21,13.0,2016-03-21,2016
655,https://climbing-history.org/climb/655,Gimme that Swing,8B,Boulder problem,Nevis Bouldering,1,Dave MacLeod,Boulder | worked,24th Mar 2016,,8B,21,13.0,2016-03-24,2016
7922,https://climbing-history.org/climb/7922,Limitless,8B,Boulder problem,Stalker,1,Vadim Timonov,Boulder | worked,27th Mar 2016,,8B,21,13.0,2016-03-27,2016
795,https://climbing-history.org/climb/795,Waveform,8B,Boulder problem,Crafnant,1,Ned Feehally,Boulder | worked,18th Apr 2016,,8B,21,13.0,2016-04-18,2016
3593,https://climbing-history.org/climb/3593,Hulefesten,8B,Boulder problem,Vingsand,2,Martin Mobråten,Boulder | worked,10th May 2016,,8B,21,13.0,2016-05-10,2016
7758,https://climbing-history.org/climb/7758,Game of Shadows,8B,Boulder problem,Marstrand,1,Alex Megos,Boulder | worked,14th May 2016,,8B,21,13.0,2016-05-14,2016
4546,https://climbing-history.org/climb/4546,Eurofighter,8B,Boulder problem,Røyken,4,Stian Christophersen,Boulder | worked,15th May 2016,,8B,21,13.0,2016-05-15,2016
6861,https://climbing-history.org/climb/6861,Hulk,8B,Boulder problem,Valsaín,8,Nacho Sánchez,Boulder | worked,Jun 2016,8B,8B,21,13.0,2016-06-01,2016
4583,https://climbing-history.org/climb/4583,The Tunnel,8B,Boulder problem,Rocklands,2,Jan Hojer,Boulder | worked,18th Jun 2016,,8B,21,13.0,2016-06-18,2016
3241,https://climbing-history.org/climb/3241,Skiroute Project,8B,Boulder problem,Silvapark,2,Luca Zardini,Boulder | worked,20th Jul 2016,,8B,21,13.0,2016-07-20,2016
4980,https://climbing-history.org/climb/4980,Mars Block 3,8B,Boulder problem,,1,Megan Mascarenas,Boulder | worked,21st Jul 2016,,8B,21,13.0,2016-07-21,2016
4979,https://climbing-history.org/climb/4979,Te Cuelgas Guey,8B,Boulder problem,Elevenmile Canyon,1,Megan Mascarenas,Boulder | worked,1st Aug 2016,,8B,21,13.0,2016-08-01,2016
3587,https://climbing-history.org/climb/3587,Hipster Whale,8B,Boulder problem,Danger Zone,8,Giuliano Cameroni,Boulder | worked,4th Aug 2016,,8B,21,13.0,2016-08-04,2016
7460,https://climbing-history.org/climb/7460,Agamemnon,8B,Boulder problem,French Side,2,James Noble,Boulder | worked,17th Aug 2016,,8B,21,13.0,2016-08-17,2016
191,https://climbing-history.org/climb/191,Godzilla SDS,8B,Boulder problem,Biblins Cave,6,Jonny Kydd,Boulder | worked,26th Aug 2016,,8B,21,13.0,2016-08-26,2016
3601,https://climbing-history.org/climb/3601,Eskimo Brothers,8B,Boulder problem,Echo Valley,3,Martin Mobråten,Boulder | worked,8th Sep 2016,,8B,21,13.0,2016-09-08,2016
8149,https://climbing-history.org/climb/8149,Fatal Flaw,8B,Boulder problem,Flock Hill,2,Stuart Kurth,Boulder | worked,18th Sep 2016,,8B,21,13.0,2016-09-18,2016
7271,https://climbing-history.org/climb/7271,Gear Third,8B,Boulder problem,Mudeungsan,2,Chon Jongwon,Boulder | worked,Before 23rd Oct 2016,8B+,8B,21,13.0,2016-10-23,2016
7890,https://climbing-history.org/climb/7890,Lada Miestä Kuljettaa,8B,Boulder problem,Luohua,4,Anthony Gullsten,Boulder | worked,23rd Oct 2016,,8B,21,13.0,2016-10-23,2016
2580,https://climbing-history.org/climb/2580,Chocolate Jesus,8B,Boulder problem,Wild Basin,3,Carlo Traversi,Boulder | worked,26th Oct 2016,,8B,21,13.0,2016-10-26,2016
3317,https://climbing-history.org/climb/3317,Bitter Sweet,8B,Boulder problem,Saalachtal,2,Bernhard Schwaiger,Boulder | worked,30th Oct 2016,,8B,21,13.0,2016-10-30,2016
7776,https://climbing-history.org/climb/7776,Ultra Normal Plus,8B,Boulder problem,Skuru,1,Andreas Almqvist Gref,Boulder | worked,30th Oct 2016,,8B,21,13.0,2016-10-30,2016
8002,https://climbing-history.org/climb/8002,Eternal Sunshine,8B,Boulder problem,Mudeungsan,2,Chon Jongwon,Boulder | worked,11th Nov 2016,8C,8B,21,13.0,2016-11-11,2016
7743,https://climbing-history.org/climb/7743,Blade Runner sittstart,8B,Boulder problem,Kullavik,2,Aleksej Jaruta,Boulder | worked,20th Nov 2016,,8B,21,13.0,2016-11-20,2016
379,https://climbing-history.org/climb/379,Trust Issues,8B,Boulder problem,The Realm,15,Nalle Hukkataival,Boulder | worked,2017,8B+,8B,21,13.0,2017-01-01,2017
429,https://climbing-history.org/climb/429,Master of Stone,8B,Boulder problem,Hepburn,5,Dan Varian,Boulder | worked,2017,,8B,21,13.0,2017-01-01,2017
442,https://climbing-history.org/climb/442,Tension,8B,Boulder problem,,1,Max Milne,Boulder | worked,2017,,8B,21,13.0,2017-01-01,2017
3507,https://climbing-history.org/climb/3507,Blondie,8B,Boulder problem,Fair Head,2,Dan Varian,Boulder | worked,Before 1st Jan 2017,,8B,21,13.0,2017-01-01,2017
7274,https://climbing-history.org/climb/7274,Black Dot,8B,Boulder problem,Bulamsan,1,Chon Jongwon,Boulder | worked,Before 11th Jan 2017,,8B,21,13.0,2017-01-11,2017
8328,https://climbing-history.org/climb/8328,Life Goes On,8B,Boulder problem,Chironico,2,Giuliano Cameroni,Boulder | worked,16th Jan 2017,,8B,21,13.0,2017-01-16,2017
7740,https://climbing-history.org/climb/7740,Selim Sivad,8B,Boulder problem,Ed,2,Aleksej Jaruta,Boulder | worked,30th Jan 2017,,8B,21,13.0,2017-01-30,2017
5552,https://climbing-history.org/climb/5552,Takes a Village,8B,Boulder problem,the Gold Bar Boulders,4,Brian Nugent,Boulder | worked,3rd Feb 2017,,8B,21,13.0,2017-02-03,2017
3089,https://climbing-history.org/climb/3089,The Thrilla in Manilla,8B,Boulder problem,Hueco Tanks,5,Martin Mobråten,Boulder | worked,15th Feb 2017,,8B,21,13.0,2017-02-15,2017
4618,https://climbing-history.org/climb/4618,The Danish,8B,Boulder problem,Ramsøya,1,Martin Mobråten,Boulder | worked,17th Feb 2017,,8B,21,13.0,2017-02-17,2017
806,https://climbing-history.org/climb/806,Triggerocity,8B,Boulder problem,Parisella's Cave,1,Jack Palmieri,Boulder | worked,12th Mar 2017,,8B,21,13.0,2017-03-12,2017
6122,https://climbing-history.org/climb/6122,Tiger Style,8B,Boulder problem,Elevenmile Canyon,5,Austin Geiman,Boulder | worked,17th Mar 2017,8B+,8B,21,13.0,2017-03-17,2017
3554,https://climbing-history.org/climb/3554,Netsuke,8B,Boulder problem,Murgtal,6,Fred Nicole,Boulder | worked,Before 21st Mar 2017,,8B,21,13.0,2017-03-21,2017
999,https://climbing-history.org/climb/999,Wedgie Wall,8B,Boulder problem,the Wavelength Boulders,5,Danny Cattell,Boulder | worked,4th Apr 2017,,8B,21,13.0,2017-04-04,2017
4533,https://climbing-history.org/climb/4533,Tuataket,8B,Boulder problem,Sirevåg,13,Martin Mobråten,Boulder | worked,9th Apr 2017,,8B,21,13.0,2017-04-09,2017
4547,https://climbing-history.org/climb/4547,Hestehullet sitt,8B,Boulder problem,Østmarka,6,Erik Grandelius,Boulder | worked,18th Apr 2017,,8B,21,13.0,2017-04-18,2017
162,https://climbing-history.org/climb/162,Riders on the Storm,8B,Boulder problem,Magic Wood,3,Jimmy Webb,Boulder | flash,27th Apr 2017,8A+,8B,21,13.0,2017-04-27,2017
203,https://climbing-history.org/climb/203,You Can Go Now,8B,Boulder problem,The Cuttings Boulderfield,10,Paul Houghoughi,Boulder | worked,1st May 2017,,8B,21,13.0,2017-05-01,2017
8004,https://climbing-history.org/climb/8004,The Vale of Shadows,8B,Boulder problem,Calabogie,2,Yves Gravelle,Boulder | worked,17th May 2017,,8B,21,13.0,2017-05-17,2017
1391,https://climbing-history.org/climb/1391,Saucy Mutton,8B,Boulder problem,Blackwell Dale,1,James Noble,Boulder | worked,20th May 2017,,8B,21,13.0,2017-05-20,2017
190,https://climbing-history.org/climb/190,WADzilla,8B,Boulder problem,Biblins Cave,7,Jonny Kydd,Boulder | worked,3rd Jun 2017,,8B,21,13.0,2017-06-03,2017
2924,https://climbing-history.org/climb/2924,Morphine,8B,Boulder problem,Boone,2,James Litz,Boulder | worked,Before 8th Jun 2017,,8B,21,13.0,2017-06-08,2017
1407,https://climbing-history.org/climb/1407,Keen Sympathiser,8B,Boulder problem,Raven Tor,3,Orrin Coley,Boulder | worked,27th Jul 2017,,8B,21,13.0,2017-07-27,2017
217,https://climbing-history.org/climb/217,Fat Lip SDS,8B,Boulder problem,Raven Tor,3,Will Smith,Boulder | worked,11th Oct 2017,,8B,21,13.0,2017-10-11,2017
7860,https://climbing-history.org/climb/7860,One Love sit,8B,Boulder problem,Sipoo,3,Anthony Gullsten,Boulder | worked,21st Oct 2017,,8B,21,13.0,2017-10-21,2017
1623,https://climbing-history.org/climb/1623,Ill Behaviour,8B,Boulder problem,Froggatt Edge,1,Ned Feehally,Boulder | worked,8th Nov 2017,,8B,21,13.0,2017-11-08,2017
3813,https://climbing-history.org/climb/3813,Felberqueen,8B,Boulder problem,Felbertal,2,Georg Parma,Boulder | flash,11th Nov 2017,,8B,21,13.0,2017-11-11,2017
7326,https://climbing-history.org/climb/7326,Saruman (du bas),8B,Boulder problem,Bas Cuvier,3,Nico Pelorson,Boulder | worked,Before 21st Nov 2017,,8B,21,13.0,2017-11-21,2017
3497,https://climbing-history.org/climb/3497,Star Slinger SDS,8B,Boulder problem,High Crag,2,Dan Turner,Boulder | worked,3rd Dec 2017,,8B,21,13.0,2017-12-03,2017
3614,https://climbing-history.org/climb/3614,Gioia Stand,8B,Boulder problem,Varazze,1,Florian Schmalzl,Boulder | flash,15th Dec 2017,,8B,21,13.0,2017-12-15,2017
3625,https://climbing-history.org/climb/3625,Alphacentauri,8B,Boulder problem,Varazze,1,Florian Schmalzl,Boulder | flash,16th Dec 2017,,8B,21,13.0,2017-12-16,2017
3146,https://climbing-history.org/climb/3146,Great Escape,8B,Boulder problem,Cresciano,2,Giuliano Cameroni,Boulder | worked,22nd Dec 2017,,8B,21,13.0,2017-12-22,2017
1733,https://climbing-history.org/climb/1733,Flipnic,8B,Boulder problem,The Bowderstone,8,Dan Varian,Boulder | worked,2018,,8B,21,13.0,2018-01-01,2018
6367,https://climbing-history.org/climb/6367,HYDRA,8B,Boulder problem,Shiobara,13,Jun Shibanuma,Boulder | worked,2018,8B+,8B,21,13.0,2018-01-01,2018
7148,https://climbing-history.org/climb/7148,Drink the Sea,8B,Boulder problem,Tofu Area,9,Toru Nakajima,Boulder | worked,2018,,8B,21,13.0,2018-01-01,2018
7231,https://climbing-history.org/climb/7231,pH 13,8B,Boulder problem,Apremont,2,Jimmy Webb,Boulder | worked,5th Feb 2018,,8B,21,13.0,2018-02-05,2018
2932,https://climbing-history.org/climb/2932,Dexter,8B,Boulder problem,Huntsham Crags,1,James Squire,Boulder | worked,9th Feb 2018,,8B,21,13.0,2018-02-09,2018
6377,https://climbing-history.org/climb/6377,Bachelorette,8B,Boulder problem,Horai,3,Mishika Ishii,Boulder | worked,20th Feb 2018,,8B,21,13.0,2018-02-20,2018
2934,https://climbing-history.org/climb/2934,Hartless,8B,Boulder problem,Hartland Point,1,James Squire,Boulder | worked,27th Mar 2018,,8B,21,13.0,2018-03-27,2018
7901,https://climbing-history.org/climb/7901,Supermario assis,8B,Boulder problem,Myllis,1,Anthony Gullsten,Boulder | worked,31st Mar 2018,,8B,21,13.0,2018-03-31,2018
4370,https://climbing-history.org/climb/4370,Kook Slams,8B,Boulder problem,Clear Creek Canyon,11,Austin Purdy,Boulder | worked,6th Apr 2018,8B (soft),8B,21,13.0,2018-04-06,2018
3990,https://climbing-history.org/climb/3990,Deal With the Devil,8B,Boulder problem,Teufelsstein,2,Nalle Hukkataival,Boulder | worked,Before 18th Apr 2018,,8B,21,13.0,2018-04-18,2018
2515,https://climbing-history.org/climb/2515,Green in the Face,8B,Boulder problem,Castle Rocks,4,Alex Puccio,Boulder | worked,21st Apr 2018,,8B,21,13.0,2018-04-21,2018
3000,https://climbing-history.org/climb/3000,Fingerslut,8B,Boulder problem,Joe's Valley,9,Chase Martinez,Boulder | worked,30th Apr 2018,,8B,21,13.0,2018-04-30,2018
7248,https://climbing-history.org/climb/7248,En liten kosmisk variant,8B,Boulder problem,Kjugekull,3,Erik Bäcklin,Boulder | worked,5th May 2018,,8B,21,13.0,2018-05-05,2018
7739,https://climbing-history.org/climb/7739,Medusa,8B,Boulder problem,Kvitnes,1,Frank Rognskaug,Boulder | worked,9th May 2018,,8B,21,13.0,2018-05-09,2018
207,https://climbing-history.org/climb/207,Occam's Razor,8B,Boulder problem,Ash Hole,1,Ellis Butler-Barker,Boulder | worked,18th Jun 2018,,8B,21,13.0,2018-06-18,2018
4581,https://climbing-history.org/climb/4581,Atlantis sitt,8B,Boulder problem,Birkemo,2,Tore Årthun,Boulder | worked,18th Jun 2018,,8B,21,13.0,2018-06-18,2018
1390,https://climbing-history.org/climb/1390,Mr. Lambtastic,8B,Boulder problem,Blackwell Dale,4,Ned Feehally,Boulder | worked,Jul 2018,,8B,21,13.0,2018-07-01,2018
4614,https://climbing-history.org/climb/4614,Sommertid,8B,Boulder problem,Harbak,1,Martin Mobråten,Boulder | worked,Jul 2018,,8B,21,13.0,2018-07-01,2018
7461,https://climbing-history.org/climb/7461,End of Sand,8B,Boulder problem,Eland,3,Giuliano Cameroni,Boulder | worked,3rd Jul 2018,,8B,21,13.0,2018-07-03,2018
380,https://climbing-history.org/climb/380,Master Key,8B,Boulder problem,Eland,6,Aidan Roberts,Boulder | flash,28th Jul 2018,,8B,21,13.0,2018-07-28,2018
8066,https://climbing-history.org/climb/8066,Chaos Theory,8B,Boulder problem,Chaos Canyon,2,Jimmy Webb,Boulder | worked,30th Jul 2018,8B,8B,21,13.0,2018-07-30,2018
188,https://climbing-history.org/climb/188,Jean-Claude van Lamb,8B,Boulder problem,Blackwell Dale,4,Tom Newman,Boulder | worked,Aug 2018,,8B,21,13.0,2018-08-01,2018
1937,https://climbing-history.org/climb/1937,Unsanctioned,8B,Boulder problem,Bacon Hole,2,Eliot Stephens,Boulder | worked,13th Sep 2018,,8B,21,13.0,2018-09-13,2018
2401,https://climbing-history.org/climb/2401,Chabang,8B,Boulder problem,Lower Gorple,2,Dan Turner,Boulder | worked,15th Sep 2018,8B,8B,21,13.0,2018-09-15,2018
3671,https://climbing-history.org/climb/3671,Be Kind,8B,Boulder problem,Emerald Lake,2,Simon Hibbeler,Boulder | worked,Before 29th Sep 2018,8B/8B+,8B,21,13.0,2018-09-29,2018
3617,https://climbing-history.org/climb/3617,Mother Night,8B,Boulder problem,Schollenen,4,Anthony Gullsten,Boulder | flash,20th Nov 2018,,8B,21,13.0,2018-11-20,2018
3298,https://climbing-history.org/climb/3298,Helicopters On Beaches,8B,Boulder problem,Albarracín,4,Thilo Schröter,Boulder | worked,30th Dec 2018,,8B,21,13.0,2018-12-30,2018
2846,https://climbing-history.org/climb/2846,Le Voyageur Face a la Mer de Nuage,8B,Boulder problem,Le Salève,1,Charles Albert,Boulder | worked,2019,,8B,21,13.0,2019-01-01,2019
3613,https://climbing-history.org/climb/3613,Jaro,8B,Boulder problem,Cercedilla,3,Alberto Rocasolano Jaudenes,Boulder | flash,2019,,8B,21,13.0,2019-01-01,2019
6451,https://climbing-history.org/climb/6451,Kubalik,8B,Boulder problem,Brione,2,Giuliano Cameroni,Boulder | worked,6th Jan 2019,,8B,21,13.0,2019-01-06,2019
3612,https://climbing-history.org/climb/3612,PFC,8B,Boulder problem,Albarracín,1,Vadim Timonov,Boulder | flash,15th Jan 2019,,8B,21,13.0,2019-01-15,2019
3042,https://climbing-history.org/climb/3042,Bélial (Droite),8B,Boulder problem,Bas Cuvier,7,Jimmy Webb,Boulder | worked,18th Jan 2019,8B+,8B,21,13.0,2019-01-18,2019
2933,https://climbing-history.org/climb/2933,The Winner Takes It All,8B,Boulder problem,Saddle Tor,3,James Squire,Boulder | worked,2nd Feb 2019,,8B,21,13.0,2019-02-02,2019
4587,https://climbing-history.org/climb/4587,The Bandersnatch,8B,Boulder problem,Hueco Tanks,1,Thilo Schröter,Boulder | worked,13th Feb 2019,8B (soft),8B,21,13.0,2019-02-13,2019
1923,https://climbing-history.org/climb/1923,Lost In The Moment,8B,Boulder problem,Forest Rock,3,Orrin Coley,Boulder | worked,26th Feb 2019,,8B,21,13.0,2019-02-26,2019
7353,https://climbing-history.org/climb/7353,Midnight Lightning of Ticino Sit,8B,Boulder problem,Chironico,2,Giuliano Cameroni,Boulder | worked,17th Mar 2019,,8B,21,13.0,2019-03-17,2019
6403,https://climbing-history.org/climb/6403,Nyumetsu,8B,Boulder problem,Kasagiyama,2,Kensuke Hamada,Boulder | worked,19th Mar 2019,,8B,21,13.0,2019-03-19,2019
2003,https://climbing-history.org/climb/2003,Lazarus,8B,Boulder problem,La Grotte aux Fées,5,Olivier Lebreton,Boulder | worked,Before 20th Mar 2019,,8B,21,13.0,2019-03-20,2019
4580,https://climbing-history.org/climb/4580,Tunguska,8B,Boulder problem,Røysa,2,Tore Årthun,Boulder | worked,15th Apr 2019,,8B,21,13.0,2019-04-15,2019
3753,https://climbing-history.org/climb/3753,Vorpal Blade,8B,Boulder problem,Black Mountain,4,Jimmy Webb,Boulder | flash,May 2019,,8B,21,13.0,2019-05-01,2019
4592,https://climbing-history.org/climb/4592,Thunder,8B,Boulder problem,Tesaker,3,Thilo Schröter,Boulder | worked,2nd May 2019,,8B,21,13.0,2019-05-02,2019
159,https://climbing-history.org/climb/159,End Game,8B,Boulder problem,Kilnsey,3,Dan Turner,Boulder | worked,7th May 2019,,8B,21,13.0,2019-05-07,2019
161,https://climbing-history.org/climb/161,Antediluvian,8B,Boulder problem,Kilnsey,5,Dan Turner,Boulder | worked,7th May 2019,8B/8B+,8B,21,13.0,2019-05-07,2019
5382,https://climbing-history.org/climb/5382,Shakey Graves,8B,Boulder problem,Porthcawl,5,Eliot Stephens,Boulder | worked,25th May 2019,8A+,8B,21,13.0,2019-05-25,2019
5098,https://climbing-history.org/climb/5098,Chimichanga,8B,Boulder problem,Coal Creek,2,Daisuke Ichimiya,Boulder | worked,Before 30th Jun 2019,,8B,21,13.0,2019-06-30,2019
3586,https://climbing-history.org/climb/3586,Moon Shadow,8B,Boulder problem,The Coop,14,Jimmy Webb,Boulder | worked,1st Jul 2019,,8B,21,13.0,2019-07-01,2019
4613,https://climbing-history.org/climb/4613,Double Trouble,8B,Boulder problem,Harbak,1,Thilo Schröter,Boulder | worked,14th Jul 2019,,8B,21,13.0,2019-07-14,2019
185,https://climbing-history.org/climb/185,Paper Birds Low,8B,Boulder problem,Gop Cave,3,Danny Cattell,Boulder | worked,Aug 2019,,8B,21,13.0,2019-08-01,2019
2533,https://climbing-history.org/climb/2533,The Last Supper,8B,Boulder problem,Bacon Hole,2,Eliot Stephens,Boulder | worked,3rd Aug 2019,,8B,21,13.0,2019-08-03,2019
1741,https://climbing-history.org/climb/1741,The Terminator,8B,Boulder problem,the North Wall Boulders,1,Allison Vest,Boulder | worked,31st Aug 2019,,8B,21,13.0,2019-08-31,2019
1134,https://climbing-history.org/climb/1134,House of the Rising Sun,8B,Boulder problem,Topside,3,Giuliano Cameroni,Boulder | flash,4th Sep 2019,,8B,21,13.0,2019-09-04,2019
377,https://climbing-history.org/climb/377,The Animal Within,8B,Boulder problem,,1,Sam Tolhurst,Boulder | worked,8th Sep 2019,,8B,21,13.0,2019-09-08,2019
3615,https://climbing-history.org/climb/3615,Sicarios,8B,Boulder problem,Labské Údolí,1,Martin Stráník,Boulder | flash,18th Sep 2019,,8B,21,13.0,2019-09-18,2019
7768,https://climbing-history.org/climb/7768,Ultimate Fighting Assis,8B,Boulder problem,Nacka Kvarn,1,Emil Abrahamsson,Boulder | worked,25th Sep 2019,,8B,21,13.0,2019-09-25,2019
187,https://climbing-history.org/climb/187,Mr. Spantastic,8B,Boulder problem,the Cromlech Boulders,2,Luke Fletcher,Boulder | worked,Oct 2019,,8B,21,13.0,2019-10-01,2019
3636,https://climbing-history.org/climb/3636,Rustam Direct,8B,Boulder problem,Holštejn,6,Martin Švec,Boulder | worked,1st Oct 2019,,8B,21,13.0,2019-10-01,2019
8164,https://climbing-history.org/climb/8164,Miami Vice,8B,Boulder problem,Devils Lake,1,Andrew Nimmer,Boulder | worked,6th Oct 2019,,8B,21,13.0,2019-10-06,2019
3616,https://climbing-history.org/climb/3616,The Right (via Freedom),8B,Boulder problem,,1,Taylor McNeill,Boulder | flash,12th Oct 2019,,8B,21,13.0,2019-10-12,2019
2930,https://climbing-history.org/climb/2930,Infamous,8B,Boulder problem,Bovey Woods,4,James Squire,Boulder | worked,21st Oct 2019,,8B,21,13.0,2019-10-21,2019
7135,https://climbing-history.org/climb/7135,Phoenix From The Ashes,8B,Boulder problem,Niagara Glen,5,Alex Megos,Boulder | worked,Before 11th Nov 2019,8A+,8B,21,13.0,2019-11-11,2019
3423,https://climbing-history.org/climb/3423,Intensitos,8B,Boulder problem,Cigánská Jeskyně,1,Adam Ondra,Boulder | worked,14th Nov 2019,,8B,21,13.0,2019-11-14,2019
7357,https://climbing-history.org/climb/7357,Fully Infatuated,8B,Boulder problem,Haycock,5,Chris Marley,Boulder | worked,Before 29th Dec 2019,,8B,21,13.0,2019-12-29,2019
935,https://climbing-history.org/climb/935,Queen of Heart,8B,Boulder problem,,1,James Pearson,Boulder | worked,2020,,8B,21,13.0,2020-01-01,2020
936,https://climbing-history.org/climb/936,Mr Tom,8B,Boulder problem,,1,James Pearson,Boulder | worked,2020,,8B,21,13.0,2020-01-01,2020
4412,https://climbing-history.org/climb/4412,Lifeline,8B,Boulder problem,Stanage,1,Dawid Skoczylas,Boulder | worked,2020,,8B,21,13.0,2020-01-01,2020
4573,https://climbing-history.org/climb/4573,Dig King Punch,8B,Boulder problem,Bradley Edge and Quarry,1,James Noble,Boulder | worked,2020,,8B,21,13.0,2020-01-01,2020
5051,https://climbing-history.org/climb/5051,Transporter,8B,Boulder problem,Chironico,3,Markus Windisch,Boulder | worked,Before 1st Jan 2020,,8B,21,13.0,2020-01-01,2020
5874,https://climbing-history.org/climb/5874,Not Two Hands,8B,Boulder problem,Bonnet Bay,1,Sam Healy,Boulder | worked,2020,,8B,21,13.0,2020-01-01,2020
7782,https://climbing-history.org/climb/7782,Free in a Box,8B,Boulder problem,Hultastenen,1,Erik Bäcklin,Boulder | worked,2020,,8B,21,13.0,2020-01-01,2020
8126,https://climbing-history.org/climb/8126,TNT,8B,Boulder problem,Sachsen,2,Robert Leistner,Boulder | worked,2020,,8B,21,13.0,2020-01-01,2020
1236,https://climbing-history.org/climb/1236,Pursuit of Slapiness,8B,Boulder problem,Kilmar Tor,2,James Squire,Boulder | worked,19th Jan 2020,,8B,21,13.0,2020-01-19,2020
3512,https://climbing-history.org/climb/3512,Sitsquatch,8B,(approx) Boulder problem,Curry Village Boulders,1,Randy Puro,Boulder | worked,Mar 2020,,8B,21,13.0,2020-03-01,2020
388,https://climbing-history.org/climb/388,The Boss,8B,Boulder problem,Yarncliffe,17,Ned Feehally,Boulder | worked,9th Mar 2020,8B+,8B,21,13.0,2020-03-09,2020
7881,https://climbing-history.org/climb/7881,Rovio,8B,Boulder problem,Pyhäntä,1,Tuukka Simonen,Boulder | worked,29th Mar 2020,,8B,21,13.0,2020-03-29,2020
4707,https://climbing-history.org/climb/4707,El Pistolero,8B,Boulder problem,Justøya,3,Thilo Schröter,Boulder | worked,Apr 2020,,8B,21,13.0,2020-04-01,2020
4543,https://climbing-history.org/climb/4543,The Vision,8B,Boulder problem,Trolldalen,1,Thilo Schröter,Boulder | worked,11th Apr 2020,,8B,21,13.0,2020-04-11,2020
7660,https://climbing-history.org/climb/7660,Jetsun Mila,8B,Boulder problem,Østmarka,1,Alex Raczyński,Boulder | worked,12th Apr 2020,,8B,21,13.0,2020-04-12,2020
2009,https://climbing-history.org/climb/2009,Kaizen,8B,Boulder problem,Leavenworth,2,Keenan Takahashi,Boulder | worked,14th Apr 2020,,8B,21,13.0,2020-04-14,2020
4557,https://climbing-history.org/climb/4557,Din Dean,8B,Boulder problem,Tokerud,8,Stian Christophersen,Boulder | worked,14th Apr 2020,,8B,21,13.0,2020-04-14,2020
1651,https://climbing-history.org/climb/1651,Muscle Car High,8B,Boulder problem,Coal Creek,2,Brooke Raboutou,Boulder | worked,29th Apr 2020,,8B,21,13.0,2020-04-29,2020
4607,https://climbing-history.org/climb/4607,Big Fish Low,8B,Boulder problem,Kongensfjellet,8,Thilo Schröter,Boulder | worked,29th Apr 2020,,8B,21,13.0,2020-04-29,2020
4617,https://climbing-history.org/climb/4617,Knackwurst,8B,Boulder problem,Kongensfjellet,2,Thilo Schröter,Boulder | worked,6th May 2020,,8B,21,13.0,2020-05-06,2020
7987,https://climbing-history.org/climb/7987,Blodsprutmoen,8B,Boulder problem,Kvam Midtre,3,Anders Farestveit,Boulder | worked,7th May 2020,,8B,21,13.0,2020-05-07,2020
1656,https://climbing-history.org/climb/1656,Versace,8B,Boulder problem,Brione,14,Jimmy Webb,Boulder | worked,19th May 2020,,8B,21,13.0,2020-05-19,2020
5122,https://climbing-history.org/climb/5122,French Tutor,8B,Boulder problem,Phantom Spires,2,Jimmy Webb,Boulder | worked,19th May 2020,8B,8B,21,13.0,2020-05-19,2020
2208,https://climbing-history.org/climb/2208,Conquistador,8B,Boulder problem,Sklapsko,1,Jana Švecová,Boulder | worked,4th Jun 2020,,8B,21,13.0,2020-06-04,2020
4646,https://climbing-history.org/climb/4646,Osebergskipet,8B,Boulder problem,Vingsand,1,Thilo Schröter,Boulder | worked,10th Jun 2020,,8B,21,13.0,2020-06-10,2020
6113,https://climbing-history.org/climb/6113,Motorhead,8B,Boulder problem,Forestville,3,Elijah Mercado,Boulder | worked,16th Jun 2020,,8B,21,13.0,2020-06-16,2020
4612,https://climbing-history.org/climb/4612,#fucknewton,8B,Boulder problem,Glasøyfjellet,3,Thilo Schröter,Boulder | worked,20th Jun 2020,,8B,21,13.0,2020-06-20,2020
7567,https://climbing-history.org/climb/7567,Ames of Thrones,8B,Boulder problem,Blackwell Dale,4,Richard Ames,Boulder | worked,Before 30th Jun 2020,,8B,21,13.0,2020-06-30,2020
803,https://climbing-history.org/climb/803,Ebbing the Flow,8B,Boulder problem,Biblins Cave,1,Aidan Roberts,Boulder | worked,Jul 2020,,8B,21,13.0,2020-07-01,2020
7742,https://climbing-history.org/climb/7742,Balaenoptera,8B,Boulder problem,Häller,3,Markus Held,Boulder | worked,1st Jul 2020,,8B,21,13.0,2020-07-01,2020
5129,https://climbing-history.org/climb/5129,Melkespannet,8B,Boulder problem,Knatten,2,Thilo Schröter,Boulder | worked,13th Jul 2020,,8B,21,13.0,2020-07-13,2020
8124,https://climbing-history.org/climb/8124,Zwerg Bumsdi,8B,Boulder problem,Zemmschlucht,1,Adam Ondra,Boulder | flash,14th Jul 2020,,8B,21,13.0,2020-07-14,2020
4754,https://climbing-history.org/climb/4754,The Wheel Direct,8B,Boulder problem,Chaos Canyon,2,Alex Puccio,Boulder | worked,21st Jul 2020,,8B,21,13.0,2020-07-21,2020
382,https://climbing-history.org/climb/382,Outliers,8B,(approx) Boulder problem,Trowbarrow,5,Aidan Roberts,Boulder | worked,Aug 2020,8C,8B,21,13.0,2020-08-01,2020
2991,https://climbing-history.org/climb/2991,Seat at the Table,8B,Boulder problem,Trowbarrow,2,Aidan Roberts,Boulder | worked,Aug 2020,,8B,21,13.0,2020-08-01,2020
6694,https://climbing-history.org/climb/6694,Contexto,8B,Boulder problem,Casa da Cobra,1,Thiago Vaz,Boulder | worked,Before 12th Aug 2020,,8B,21,13.0,2020-08-12,2020
160,https://climbing-history.org/climb/160,The Last Dance,8B,Boulder problem,Kilnsey,2,Dan Turner,Boulder | worked,20th Aug 2020,,8B,21,13.0,2020-08-20,2020
1358,https://climbing-history.org/climb/1358,Flip Flopera,8B,Boulder problem,The Bowderstone,13,Jack Palmieri,Boulder | worked,9th Sep 2020,,8B,21,13.0,2020-09-09,2020
7371,https://climbing-history.org/climb/7371,Final Flip Flopera,8B,Boulder problem,The Bowderstone,3,Dan Varian,Boulder | worked,Before 9th Sep 2020,,8B,21,13.0,2020-09-09,2020
7134,https://climbing-history.org/climb/7134,Rite of Passage Low,8B,Boulder problem,Niagara Glen,2,Ethan Salvo,Boulder | worked,18th Sep 2020,8B (hard),8B,21,13.0,2020-09-18,2020
1491,https://climbing-history.org/climb/1491,"Half Lamb, Half Machine",8B,Boulder problem,Blackwell Dale,3,Billy Ridal,Boulder | worked,27th Sep 2020,,8B,21,13.0,2020-09-27,2020
4650,https://climbing-history.org/climb/4650,Komme seg i drift,8B,Boulder problem,Glasøyfjellet,2,Thilo Schröter,Boulder | worked,10th Oct 2020,,8B,21,13.0,2020-10-10,2020
6696,https://climbing-history.org/climb/6696,Super Dream Cream,8B,Boulder problem,Watauga Gorge,2,Nate Draughn,Boulder | worked,Before 20th Oct 2020,,8B,21,13.0,2020-10-20,2020
3592,https://climbing-history.org/climb/3592,Kalokagathia,8B,Boulder problem,the Frankenjura,1,Alex Megos,Boulder | flash,Before 1st Nov 2020,,8B,21,13.0,2020-11-01,2020
1820,https://climbing-history.org/climb/1820,Hailstorm,8B,Boulder problem,Ogden,9,Drew Ruana,Boulder | worked,Before 4th Nov 2020,,8B,21,13.0,2020-11-04,2020
3091,https://climbing-history.org/climb/3091,Blackout,8B,Boulder problem,Joe's Valley,3,Andy Lamb,Boulder | flash,4th Nov 2020,,8B,21,13.0,2020-11-04,2020
7136,https://climbing-history.org/climb/7136,The Wheel of Bonfire,8B,Boulder problem,Niagara Glen,1,Ethan Salvo,Boulder | worked,7th Nov 2020,8B (soft),8B,21,13.0,2020-11-07,2020
4289,https://climbing-history.org/climb/4289,Shuriken,8B,Boulder problem,Tahoe Mountain Road,4,Keenan Takahashi,Boulder | worked,11th Nov 2020,,8B,21,13.0,2020-11-11,2020
7906,https://climbing-history.org/climb/7906,Bipolar Bear,8B,Boulder problem,Puumala,2,Nalle Hukkataival,Boulder | worked,16th Nov 2020,8A+,8B,21,13.0,2020-11-16,2020
583,https://climbing-history.org/climb/583,Apache Static,8B,Boulder problem,Roche Abbey,1,Joe Lawson,Boulder | worked,27th Dec 2020,,8B,21,13.0,2020-12-27,2020
934,https://climbing-history.org/climb/934,Le Corridor Direct assis,8B,Boulder problem,,1,James Pearson,Boulder | worked,2021,,8B,21,13.0,2021-01-01,2021
1235,https://climbing-history.org/climb/1235,Zero,8B,Boulder problem,Ruadha nan Eallachan,4,Dave MacLeod,Boulder | worked,2021,,8B,21,13.0,2021-01-01,2021
1817,https://climbing-history.org/climb/1817,4X+1,8B,Boulder problem,The Bowderstone,2,Hamish McArthur,Boulder | worked,1st Jan 2021,,8B,21,13.0,2021-01-01,2021
1930,https://climbing-history.org/climb/1930,Hot Shots,8B,Boulder problem,The Leaping Stone,2,Dan Varian,Boulder | worked,2021,,8B,21,13.0,2021-01-01,2021
1938,https://climbing-history.org/climb/1938,Combination,8B,Boulder problem,Hartland Quay,6,Solly Kemball-Dorey,Boulder | worked,2021,,8B,21,13.0,2021-01-01,2021
2752,https://climbing-history.org/climb/2752,Ultramarine,8B,Boulder problem,the Pinnacle Ridge Boulders,1,Dave MacLeod,Boulder | worked,2021,,8B,21,13.0,2021-01-01,2021
3696,https://climbing-history.org/climb/3696,Point Ramp,8B,Boulder problem,The Wave,3,Ned Feehally,Boulder | worked,2021,,8B,21,13.0,2021-01-01,2021
820,https://climbing-history.org/climb/820,Crown Worthay,8B,Boulder problem,Trewortha Tor,5,Solly Kemball-Dorey,Boulder | worked,29th Jan 2021,,8B,21,13.0,2021-01-29,2021
170,https://climbing-history.org/climb/170,Sideshow,8B,Boulder problem,The Bowderstone,7,Dan Varian,Boulder | worked,Before 30th Jan 2021,,8B,21,13.0,2021-01-30,2021
4423,https://climbing-history.org/climb/4423,N.Bison,8B,Boulder problem,Gardom's Edge,1,Ned Feehally,Boulder | worked,1st Feb 2021,,8B,21,13.0,2021-02-01,2021
7354,https://climbing-history.org/climb/7354,Prozac Vs Heroin,8B,Boulder problem,Motorsenteret,1,Alex Raczyński,Boulder | worked,6th Feb 2021,8b (hard),8B,21,13.0,2021-02-06,2021
919,https://climbing-history.org/climb/919,Play House,8B,Boulder problem,Barnburgh Cliff,1,Mike Adams,Boulder | worked,21st Feb 2021,,8B,21,13.0,2021-02-21,2021
7245,https://climbing-history.org/climb/7245,Vintage,8B,Boulder problem,Kasagi,1,Kensuke Hamada,Boulder | worked,26th Feb 2021,,8B,21,13.0,2021-02-26,2021
4410,https://climbing-history.org/climb/4410,The Waiting Room Low Start,8B,Boulder problem,Bosley Cloud,1,Tom Newman,Boulder | worked,Mar 2021,,8B,21,13.0,2021-03-01,2021
5256,https://climbing-history.org/climb/5256,Under Control,8B,Boulder problem,Highway 140,1,Carlo Traversi,Boulder | worked,3rd Mar 2021,,8B,21,13.0,2021-03-03,2021
7292,https://climbing-history.org/climb/7292,Buisson,8B,Boulder problem,Franchard Sablons,2,Nico Pelorson,Boulder | worked,Before 9th Mar 2021,,8B,21,13.0,2021-03-09,2021
4579,https://climbing-history.org/climb/4579,Naglfar,8B,Boulder problem,Lysebotn,1,Tore Årthun,Boulder | worked,16th Mar 2021,,8B,21,13.0,2021-03-16,2021
1093,https://climbing-history.org/climb/1093,Texas Flood,8B,Boulder problem,Neath Abbey Quarry,1,Eliot Stephens,Boulder | worked,18th Mar 2021,,8B,21,13.0,2021-03-18,2021
4524,https://climbing-history.org/climb/4524,Synkende skip,8B,Boulder problem,Perleveggen,2,Leo Bøe,Boulder | worked,18th Mar 2021,,8B,21,13.0,2021-03-18,2021
8125,https://climbing-history.org/climb/8125,Hloubka Ostrosti,8B,Boulder problem,Babí Lom,1,Adam Ondra,Boulder | flash,2nd Apr 2021,,8B,21,13.0,2021-04-02,2021
1163,https://climbing-history.org/climb/1163,Mega Ten Plus,8B,Boulder problem,Dinas Rock,2,Eliot Stephens,Boulder | worked,9th Apr 2021,,8B,21,13.0,2021-04-09,2021
1177,https://climbing-history.org/climb/1177,Bloodhound,8B,Boulder problem,Howshaw Tor,2,Jim Pope,Boulder | worked,13th Apr 2021,8B,8B,21,13.0,2021-04-13,2021
7755,https://climbing-history.org/climb/7755,Contradictory Reality,8B,Boulder problem,Fallataket,2,Lorenz Ulmer,Boulder | worked,17th Apr 2021,8b (hard),8B,21,13.0,2021-04-17,2021
7882,https://climbing-history.org/climb/7882,Kasi-Bemarimiesten Seurakunta,8B,Boulder problem,Luohua,1,Tuukka Simonen,Boulder | worked,26th Apr 2021,8B/8B+,8B,21,13.0,2021-04-26,2021
1910,https://climbing-history.org/climb/1910,Nine Pinch Nails,8B,Boulder problem,the Lily Savage Boulders,6,Tim Blake,Boulder | worked,May 2021,,8B,21,13.0,2021-05-01,2021
5128,https://climbing-history.org/climb/5128,Yazzatobakk sitt,8B,Boulder problem,Justøya,3,Thilo Schröter,Boulder | worked,1st May 2021,,8B,21,13.0,2021-05-01,2021
7441,https://climbing-history.org/climb/7441,Yazzatobakk sitt,8B,Boulder problem,Justøya,3,Thilo Schröter,Boulder | worked,1st May 2021,,8B,21,13.0,2021-05-01,2021
1267,https://climbing-history.org/climb/1267,Euro Roof Low,8B,Boulder problem,Little Cottonwood Canyon,6,Natalia Grossman,Boulder | worked,4th May 2021,,8B,21,13.0,2021-05-04,2021
4616,https://climbing-history.org/climb/4616,Mini,8B,Boulder problem,Hell,5,Martin Mobråten,Boulder | worked,6th May 2021,,8B,21,13.0,2021-05-06,2021
4582,https://climbing-history.org/climb/4582,Haralds til topps,8B,Boulder problem,Gloppedalen,3,Jarle Risa,Boulder | worked,9th May 2021,,8B,21,13.0,2021-05-09,2021
5037,https://climbing-history.org/climb/5037,Vilified,8B,Boulder problem,Niagara Glen,4,Ethan Salvo,Boulder | worked,11th May 2021,8B,8B,21,13.0,2021-05-11,2021
4982,https://climbing-history.org/climb/4982,Chinese Connection,8B,Boulder problem,Mortar Rock Park,1,Analise Van Hoang,Boulder | worked,14th May 2021,,8B,21,13.0,2021-05-14,2021
7784,https://climbing-history.org/climb/7784,Fly and Cry Left Sit,8B,Boulder problem,Oppala,1,Patrick Olander,Boulder | worked,14th May 2021,,8B,21,13.0,2021-05-14,2021
7970,https://climbing-history.org/climb/7970,Eris,8B,Boulder problem,Hartland Quay,1,Solly Kemball-Dorey,Boulder | worked,Before 14th May 2021,,8B,21,13.0,2021-05-14,2021
7242,https://climbing-history.org/climb/7242,Couronne de Mousse (assis),8B,Boulder problem,Franchard Hautes Plaines,1,Griffin Whiteside,Boulder | worked,Before 17th May 2021,,8B,21,13.0,2021-05-17,2021
4645,https://climbing-history.org/climb/4645,Under Your Nose,8B,Boulder problem,Vingsand,4,Thilo Schröter,Boulder | worked,Jun 2021,,8B,21,13.0,2021-06-01,2021
4578,https://climbing-history.org/climb/4578,Pompeii sitt,8B,Boulder problem,Birkemo,2,Tore Årthun,Boulder | worked,23rd Jun 2021,,8B,21,13.0,2021-06-23,2021
4619,https://climbing-history.org/climb/4619,Bruce Banner,8B,Boulder problem,Ratvika,3,Martin Mobråten,Boulder | worked,25th Jun 2021,,8B,21,13.0,2021-06-25,2021
1350,https://climbing-history.org/climb/1350,Hustled SDS,8B,Boulder problem,the Milestone Buttress Boulders,4,Aidan Roberts,Boulder | worked,Jul 2021,,8B,21,13.0,2021-07-01,2021
1403,https://climbing-history.org/climb/1403,Out of Shadows,8B,Boulder problem,Dove Crag,2,Aidan Roberts,Boulder | worked,Aug 2021,,8B,21,13.0,2021-08-01,2021
1404,https://climbing-history.org/climb/1404,Back for Seconds,8B,Boulder problem,The Bowderstone,1,Aidan Roberts,Boulder | worked,Aug 2021,,8B,21,13.0,2021-08-01,2021
1405,https://climbing-history.org/climb/1405,Slim Pickings,8B,Boulder problem,The Bowderstone,2,Aidan Roberts,Boulder | worked,Aug 2021,,8B,21,13.0,2021-08-01,2021
2108,https://climbing-history.org/climb/2108,Nedlocks,8B,Boulder problem,Dovedale,1,Jim Pope,Boulder | worked,19th Aug 2021,,8B,21,13.0,2021-08-19,2021
3854,https://climbing-history.org/climb/3854,Konec Světa Direct,8B,Boulder problem,,2,Martin Stráník,Boulder | worked,21st Aug 2021,,8B,21,13.0,2021-08-21,2021
1420,https://climbing-history.org/climb/1420,The Diamond Inspector,8B,Boulder problem,Gallt yr Ogof,2,Tim Blake,Boulder | worked,30th Aug 2021,,8B,21,13.0,2021-08-30,2021
7511,https://climbing-history.org/climb/7511,Dear John,8B,Boulder problem,Graig-Fechan,1,Danny Cattell,Boulder | worked,Sep 2021,,8B,21,13.0,2021-09-01,2021
6862,https://climbing-history.org/climb/6862,Yamadori Sit,8B,Boulder problem,Valsaín,4,Daniel Villanova,Boulder | worked,Before 20th Sep 2021,8B,8B,21,13.0,2021-09-20,2021
3848,https://climbing-history.org/climb/3848,Crumble Fish SDS,8B,Boulder problem,Järnforsen,2,Thomas Brandt Kjær,Boulder | worked,16th Oct 2021,,8B,21,13.0,2021-10-16,2021
7143,https://climbing-history.org/climb/7143,Gekkou,8B,Boulder problem,Mimitori Pass,5,Taisei Ishimatsu,Boulder | worked,Before 17th Oct 2021,8B/8B+,8B,21,13.0,2021-10-17,2021
7961,https://climbing-history.org/climb/7961,Vorpal Blade SDS,8B,Boulder problem,The Nooks,1,Brendan Baars,Boulder | worked,31st Oct 2021,8B,8B,21,13.0,2021-10-31,2021
4108,https://climbing-history.org/climb/4108,Le Boa Right,8B,Boulder problem,Ziegelbrüke,2,Giuliano Cameroni,Boulder | worked,7th Nov 2021,,8B,21,13.0,2021-11-07,2021
1634,https://climbing-history.org/climb/1634,Uncle Bombo,8B,Boulder problem,Arisaig Cave,1,Hamish McArthur,Boulder | worked,10th Nov 2021,,8B,21,13.0,2021-11-10,2021
8279,https://climbing-history.org/climb/8279,Le llaman Dori,8B,(approx) Boulder problem,Valsaín,2,Nacho Sánchez,Boulder | worked,Before 20th Nov 2021,,8B,21,13.0,2021-11-20,2021
2173,https://climbing-history.org/climb/2173,Stand-Alone,8B,Boulder problem,,1,Toru Nakajima,Boulder | worked,Dec 2021,,8B,21,13.0,2021-12-01,2021
3354,https://climbing-history.org/climb/3354,Alter Ego,8B,Boulder problem,Alcañiz,3,Nacho Sánchez,Boulder | worked,Before 6th Dec 2021,,8B,21,13.0,2021-12-06,2021
1730,https://climbing-history.org/climb/1730,Interstellar SDS,8B,Boulder problem,Bovey Woods,1,James Squire,Boulder | worked,9th Dec 2021,,8B,21,13.0,2021-12-09,2021
7495,https://climbing-history.org/climb/7495,It's Malignant,8B,Boulder problem,Swan Falls,1,Matt Fultz,Boulder | worked,23rd Dec 2021,8B/8B+,8B,21,13.0,2021-12-23,2021
4689,https://climbing-history.org/climb/4689,The Fish-Eye Effect,8B,Boulder problem,Pine Creek Canyon,5,Niccolò Ceria,Boulder | worked,Before 29th Dec 2021,,8B,21,13.0,2021-12-29,2021
2397,https://climbing-history.org/climb/2397,Tide Lines,8B,Boulder problem,Thirlstane,1,Dan Varian,Boulder | worked,2022,,8B,21,13.0,2022-01-01,2022
4268,https://climbing-history.org/climb/4268,El Ovni,8B,Boulder problem,Zarzalejo,1,Jun Shibanuma,Boulder | flash,2022,,8B,21,13.0,2022-01-01,2022
8035,https://climbing-history.org/climb/8035,Popular Opinion,8B,Boulder problem,Acid House,2,Nalle Hukkataival,Boulder | worked,2022,,8B,21,13.0,2022-01-01,2022
1838,https://climbing-history.org/climb/1838,Flipnic in to the Crack,8B,Boulder problem,The Bowderstone,2,Aidan Roberts,Boulder | worked,5th Jan 2022,8B,8B,21,13.0,2022-01-05,2022
1759,https://climbing-history.org/climb/1759,Primitivo Stand,8B,Boulder problem,Valle Bavona,1,Jernej Kruder,Boulder | flash,13th Jan 2022,,8B,21,13.0,2022-01-13,2022
6883,https://climbing-history.org/climb/6883,Got Milk,8B,Boulder problem,,1,Spencer Schmick,Boulder | worked,25th Jan 2022,,8B,21,13.0,2022-01-25,2022
4981,https://climbing-history.org/climb/4981,Pink Lightening Ultra,8B,Boulder problem,Flagstaff,1,Courtney Arnold,Boulder | worked,7th Feb 2022,,8B,21,13.0,2022-02-07,2022
1837,https://climbing-history.org/climb/1837,XXXS,8B,Boulder problem,The Bowderstone,4,Aidan Roberts,Boulder | worked,8th Feb 2022,,8B,21,13.0,2022-02-08,2022
1800,https://climbing-history.org/climb/1800,Rift Aversion SDS,8B,Boulder problem,Caley Crags,1,Dave Barrans,Boulder | worked,10th Feb 2022,,8B,21,13.0,2022-02-10,2022
4421,https://climbing-history.org/climb/4421,Groove Aversion,8B,Boulder problem,Caley Crags,1,Dave Barrans,Boulder | worked,10th Feb 2022,,8B,21,13.0,2022-02-10,2022
5259,https://climbing-history.org/climb/5259,Sorriseto,8B,Boulder problem,Highway 140,1,Carlo Traversi,Boulder | worked,17th Feb 2022,,8B,21,13.0,2022-02-17,2022
1806,https://climbing-history.org/climb/1806,Supertussi,8B,Boulder problem,Brione,2,Eliot Stephens,Boulder | worked,21st Feb 2022,,8B,21,13.0,2022-02-21,2022
5258,https://climbing-history.org/climb/5258,Bel Sorriso,8B,Boulder problem,Highway 140,2,Carlo Traversi,Boulder | worked,22nd Feb 2022,,8B,21,13.0,2022-02-22,2022
1823,https://climbing-history.org/climb/1823,Snatch Low,8B,Boulder problem,Stanage,1,Will Bosi,Boulder | worked,10th Mar 2022,,8B,21,13.0,2022-03-10,2022
1825,https://climbing-history.org/climb/1825,Big Chief,8B,Boulder problem,Brin Rock,4,Rhys Langlands,Boulder | worked,14th Mar 2022,,8B,21,13.0,2022-03-14,2022
3503,https://climbing-history.org/climb/3503,Leda Kost,8B,Boulder problem,Holštejn,2,Will Bosi,Boulder | worked,25th Mar 2022,,8B,21,13.0,2022-03-25,2022
6874,https://climbing-history.org/climb/6874,The Leaping Lizard,8B,Boulder problem,,1,Spencer Schmick,Boulder | worked,26th Mar 2022,8B/8B+,8B,21,13.0,2022-03-26,2022
1880,https://climbing-history.org/climb/1880,Ganymede Takeover SDS,8B,Boulder problem,Brione,1,Orrin Coley,Boulder | worked,Apr 2022,,8B,21,13.0,2022-04-01,2022
1929,https://climbing-history.org/climb/1929,Eagle Huntress,8B,Boulder problem,the Mardale Head Boulders,6,Dan Varian,Boulder | worked,Apr 2022,,8B,21,13.0,2022-04-01,2022
2014,https://climbing-history.org/climb/2014,Lifestyles of the Poor and Famous,8B,Boulder problem,The Buttermilks,1,Ethan Pringle,Boulder | worked,20th Apr 2022,,8B,21,13.0,2022-04-20,2022
5094,https://climbing-history.org/climb/5094,Ginseng,8B,Boulder problem,Val Masino,2,Simone Tentori,Boulder | worked,27th Apr 2022,,8B,21,13.0,2022-04-27,2022
1907,https://climbing-history.org/climb/1907,Stamina Lamb Pump Up the Power Ram,8B,Boulder problem,Blackwell Dale,1,Felix Wilkins,Boulder | worked,May 2022,,8B,21,13.0,2022-05-01,2022
2599,https://climbing-history.org/climb/2599,Hydro,8B,Boulder problem,Ogmore,8,Eliot Stephens,Boulder | worked,May 2022,,8B,21,13.0,2022-05-01,2022
7418,https://climbing-history.org/climb/7418,Wind Waker Sit,8B,Boulder problem,Little Cottonwood Canyon,1,Sean Faulkner,Boulder | worked,4th May 2022,,8B,21,13.0,2022-05-04,2022
6693,https://climbing-history.org/climb/6693,Delusão Da Vodka,8B,Boulder problem,Iperó,1,Thiago Vaz,Boulder | worked,Before 10th May 2022,,8B,21,13.0,2022-05-10,2022
4558,https://climbing-history.org/climb/4558,Abuse of Notation,8B,Boulder problem,Tokerud,1,Jon-Pål Hamre,Boulder | worked,12th May 2022,,8B,21,13.0,2022-05-12,2022
5455,https://climbing-history.org/climb/5455,Apollon,8B,Boulder problem,O Mountain,1,Akira Waku,Boulder | worked,Before 15th May 2022,,8B,21,13.0,2022-05-15,2022
2110,https://climbing-history.org/climb/2110,Ragga,8B,Boulder problem,Dovedale,2,Aidan Roberts,Boulder | worked,21st May 2022,,8B,21,13.0,2022-05-21,2022
5859,https://climbing-history.org/climb/5859,The Bear and The Piano,8B,Boulder problem,Citadel,2,Tom O'Halloran,Boulder | worked,23rd May 2022,8A+,8B,21,13.0,2022-05-23,2022
2111,https://climbing-history.org/climb/2111,Muffin Top,8B,Boulder problem,Dovedale,2,Aidan Roberts,Boulder | worked,24th May 2022,,8B,21,13.0,2022-05-24,2022
1990,https://climbing-history.org/climb/1990,Gwyllgi,8B,Boulder problem,Yr Arfordir Du,2,Ben Bransby,Boulder | worked,26th Jul 2022,,8B,21,13.0,2022-07-26,2022
5065,https://climbing-history.org/climb/5065,The Knowing,8B,Boulder problem,Magic Wood,3,Chris Matthew,Boulder | worked,8th Aug 2022,,8B,21,13.0,2022-08-08,2022
3270,https://climbing-history.org/climb/3270,A Reason to Live,8B,Boulder problem,Carn Gloose,2,Solly Kemball-Dorey,Boulder | worked,10th Aug 2022,,8B,21,13.0,2022-08-10,2022
5499,https://climbing-history.org/climb/5499,Hellraiser,8B,Boulder problem,Hell Moss,1,Jon Freeman,Boulder | worked,20th Aug 2022,,8B,21,13.0,2022-08-20,2022
2207,https://climbing-history.org/climb/2207,Margo,8B,Boulder problem,Stará Rasovna,1,Jana Švecová,Boulder | worked,26th Aug 2022,,8B,21,13.0,2022-08-26,2022
7886,https://climbing-history.org/climb/7886,Pro Patria,8B,Boulder problem,Ängesbyn,1,Tuukka Simonen,Boulder | worked,30th Aug 2022,,8B,21,13.0,2022-08-30,2022
8219,https://climbing-history.org/climb/8219,Psilocybin,8B,Boulder problem,Spittle Hill,1,Alec McCallum,Boulder | worked,15th Sep 2022,,8B,21,13.0,2022-09-15,2022
182,https://climbing-history.org/climb/182,Flor de Loto,8B,Boulder problem,La Pedriza,3,Pablo Zamora,Boulder | worked,Oct 2022,,8B,21,13.0,2022-10-01,2022
5130,https://climbing-history.org/climb/5130,100 i benk,8B,Boulder problem,Knatten,3,Thilo Schröter,Boulder | worked,Oct 2022,8B/8B+,8B,21,13.0,2022-10-01,2022
2107,https://climbing-history.org/climb/2107,Black Magic,8B,Boulder problem,the Apron Boulders,1,Katie Lamb,Boulder | worked,2nd Oct 2022,,8B,21,13.0,2022-10-02,2022
7439,https://climbing-history.org/climb/7439,Kronprinsen,8B,Boulder problem,Lerbäck,2,Sebastian Blyckert,Boulder | worked,3rd Oct 2022,,8B,21,13.0,2022-10-03,2022
8121,https://climbing-history.org/climb/8121,Bust a Lung,8B,Boulder problem,The Rock Shop,1,Caleb Robinson,Boulder | worked,10th Oct 2022,,8B,21,13.0,2022-10-10,2022
2909,https://climbing-history.org/climb/2909,The Big Roof,8B,Boulder problem,Bovey Woods,2,James Squire,Boulder | worked,16th Oct 2022,,8B,21,13.0,2022-10-16,2022
2157,https://climbing-history.org/climb/2157,Stairway to Heaven,8B,Boulder problem,Gotthard Pass,4,Giuliano Cameroni,Boulder | worked,Before 22nd Oct 2022,,8B,21,13.0,2022-10-22,2022
6692,https://climbing-history.org/climb/6692,Momento da Verdade,8B,Boulder problem,Cocalzinho,1,Thiago Vaz,Boulder | worked,Before 26th Oct 2022,,8B,21,13.0,2022-10-26,2022
2201,https://climbing-history.org/climb/2201,Elemental,8B,Boulder problem,Klausenalm,1,Florian Wientjes,Boulder | worked,Nov 2022,,8B,21,13.0,2022-11-01,2022
6622,https://climbing-history.org/climb/6622,Cyber Bully,8B,Boulder problem,Little Cottonwood Canyon,2,Zach Galla,Boulder | worked,19th Nov 2022,,8B,21,13.0,2022-11-19,2022
2274,https://climbing-history.org/climb/2274,First Try,8B,Boulder problem,Rakchham,3,Bernd Zangerl,Boulder | worked,Dec 2022,,8B,21,13.0,2022-12-01,2022
7272,https://climbing-history.org/climb/7272,Him,8B,Boulder problem,,4,Chon Jongwon,Boulder | worked,Before 2nd Dec 2022,,8B,21,13.0,2022-12-02,2022
6932,https://climbing-history.org/climb/6932,Night Crawler,8B,Boulder problem,Iperó,3,Felipe Ho Foganholo,Boulder | worked,Before 16th Dec 2022,,8B,21,13.0,2022-12-16,2022
2410,https://climbing-history.org/climb/2410,Victimas del Crack,8B,Boulder problem,La Pedriza,1,Ignacio Mulero,Boulder | worked,2023,8B/8B+,8B,21,13.0,2023-01-01,2023
2444,https://climbing-history.org/climb/2444,Right Here Right Now,8B,Boulder problem,Eskdale Fisherground,1,Dan Varian,Boulder | worked,2023,,8B,21,13.0,2023-01-01,2023
2879,https://climbing-history.org/climb/2879,Narrow Road Between Fear and Desire,8B,Boulder problem,,1,Tom O'Halloran,Boulder | worked,2023,,8B,21,13.0,2023-01-01,2023
3147,https://climbing-history.org/climb/3147,Playing With Sticks,8B,Boulder problem,the Shawangunks,5,Adam Shahar,Boulder | worked,2023,8B/8B+,8B,21,13.0,2023-01-01,2023
5361,https://climbing-history.org/climb/5361,Alfonso Rising,8B,Boulder problem,Wuthering Heights,2,Matt Corbishley,Boulder | worked,2023,,8B,21,13.0,2023-01-01,2023
6059,https://climbing-history.org/climb/6059,Eagle Vs. Chicken Sit,8B,Boulder problem,Independence Pass,2,Griffin Whiteside,Boulder | worked,2023,,8B,21,13.0,2023-01-01,2023
7144,https://climbing-history.org/climb/7144,Ryuu No Mine,8B,Boulder problem,,5,Daisuke Ichimiya,Boulder | worked,Before 1st Jan 2023,,8B,21,13.0,2023-01-01,2023
2356,https://climbing-history.org/climb/2356,The Hatchlink Extension,8B,Boulder problem,Parisella's Cave,1,Alex Barrows,Boulder | worked,22nd Jan 2023,,8B,21,13.0,2023-01-22,2023
2369,https://climbing-history.org/climb/2369,Lion King,8B,Boulder problem,Al Tawiyan,1,Jana Švecová,Boulder | worked,25th Jan 2023,,8B,21,13.0,2023-01-25,2023
2437,https://climbing-history.org/climb/2437,The Grinch SDS,8B,Boulder problem,Eldorado Canyon,2,Isabelle Faus,Boulder | worked,Feb 2023,,8B,21,13.0,2023-02-01,2023
2391,https://climbing-history.org/climb/2391,Jumping to Conclusions,8B,Boulder problem,Medonnet,1,James Squire,Boulder | worked,11th Feb 2023,,8B,21,13.0,2023-02-11,2023
8071,https://climbing-history.org/climb/8071,Sacamuelas,8B,Boulder problem,Tamajón,1,Pol Roca Lopez,Boulder | flash,15th Feb 2023,,8B,21,13.0,2023-02-15,2023
8072,https://climbing-history.org/climb/8072,Unforgiven,8B,Boulder problem,Tamajón,1,Pol Roca Lopez,Boulder | worked,15th Feb 2023,,8B,21,13.0,2023-02-15,2023
6690,https://climbing-history.org/climb/6690,Minotauro,8B,Boulder problem,Igatu,1,Thiago Vaz,Boulder | worked,Before 15th Mar 2023,,8B,21,13.0,2023-03-15,2023
5055,https://climbing-history.org/climb/5055,Travellin' Man,8B,Boulder problem,Stone Mill,2,Aidan Roberts,Boulder | worked,Before 24th Mar 2023,,8B,21,13.0,2023-03-24,2023
7741,https://climbing-history.org/climb/7741,Reichenberg sittstart,8B,Boulder problem,Kungshamn,3,Hannes Puman,Boulder | worked,28th Mar 2023,,8B,21,13.0,2023-03-28,2023
4577,https://climbing-history.org/climb/4577,Cerebellum,8B,Boulder problem,Gyland,2,Tore Årthun,Boulder | worked,1st Apr 2023,,8B,21,13.0,2023-04-01,2023
7748,https://climbing-history.org/climb/7748,Heirloom,8B,Boulder problem,Tumlehed,1,Hannes Puman,Boulder | worked,Apr 2023,,8B,21,13.0,2023-04-01,2023
5794,https://climbing-history.org/climb/5794,After Ava Arrives,8B,Boulder problem,The Cuttings Boulderfield,2,Adam Smith,Boulder | worked,19th Apr 2023,,8B,21,13.0,2023-04-19,2023
2473,https://climbing-history.org/climb/2473,Ava's Arrived,8B,Boulder problem,The Cuttings Boulderfield,2,Adam Smith,Boulder | worked,20th Apr 2023,,8B,21,13.0,2023-04-20,2023
7897,https://climbing-history.org/climb/7897,Utopia,8B,Boulder problem,Melo,3,Tomas Kaartinen,Boulder | worked,20th Apr 2023,,8B,21,13.0,2023-04-20,2023
2481,https://climbing-history.org/climb/2481,Burnt Ends,8B,Boulder problem,Wharncliffe Crags,3,Nathan Phillips,Boulder | worked,27th Apr 2023,8B,8B,21,13.0,2023-04-27,2023
2511,https://climbing-history.org/climb/2511,Pagan Poetry Low,8B,Boulder problem,Joe's Valley,1,Allison Vest,Boulder | worked,10th May 2023,,8B,21,13.0,2023-05-10,2023
6680,https://climbing-history.org/climb/6680,Os Bacanos,8B,Boulder problem,Praia da Fortaleza,2,Samuel Silva,Boulder | worked,Before 12th May 2023,8B (soft),8B,21,13.0,2023-05-12,2023
7880,https://climbing-history.org/climb/7880,Osallistumispakko sit,8B,Boulder problem,Koivenvaara,1,Tuukka Simonen,Boulder | worked,13th Jun 2023,,8B,21,13.0,2023-06-13,2023
6114,https://climbing-history.org/climb/6114,The Leviathan,8B,Boulder problem,,2,Benn Wheeler,Boulder | worked,19th Jun 2023,,8B,21,13.0,2023-06-19,2023
2670,https://climbing-history.org/climb/2670,Weapons Cache,8B,Boulder problem,Mynydd Dinas,2,Eliot Stephens,Boulder | worked,Jul 2023,,8B,21,13.0,2023-07-01,2023
7820,https://climbing-history.org/climb/7820,Parinirvana,8B,Boulder problem,Mosjön,1,William Persson Eriksson,Boulder | worked,5th Jul 2023,,8B,21,13.0,2023-07-05,2023
2866,https://climbing-history.org/climb/2866,Paradise Lost,8B,Boulder problem,the Sustenpass Boulders,1,Stefano Carnati,Boulder | flash,8th Jul 2023,,8B,21,13.0,2023-07-08,2023
2682,https://climbing-history.org/climb/2682,Bitch!,8B,Boulder problem,Fortress,1,Allison Vest,Boulder | worked,23rd Jul 2023,,8B,21,13.0,2023-07-23,2023
2719,https://climbing-history.org/climb/2719,Last Wave Goodbye,8B,Boulder problem,The Wave,9,James Noble,Boulder | worked,30th Jul 2023,8B+,8B,21,13.0,2023-07-30,2023
2691,https://climbing-history.org/climb/2691,Villain Arc,8B,Boulder problem,Nabor Point,2,Solly Kemball-Dorey,Boulder | worked,Aug 2023,,8B,21,13.0,2023-08-01,2023
4647,https://climbing-history.org/climb/4647,The Bavarian,8B,Boulder problem,Vingsand,1,Alex Megos,Boulder | worked,Aug 2023,,8B,21,13.0,2023-08-01,2023
5857,https://climbing-history.org/climb/5857,Welcome To The Monastery,8B,Boulder problem,,1,Michael Taran,Boulder | worked,Aug 2023,,8B,21,13.0,2023-08-01,2023
4365,https://climbing-history.org/climb/4365,Low Standards,8B,Boulder problem,Grange Campsite,2,Aidan Roberts,Boulder | worked,18th Aug 2023,,8B,21,13.0,2023-08-18,2023
3713,https://climbing-history.org/climb/3713,Crystal Vein,8B,Boulder problem,Rilski Manastir,2,Daniel Woods,Boulder | worked,20th Aug 2023,,8B,21,13.0,2023-08-20,2023
2718,https://climbing-history.org/climb/2718,Giuliano,8B,Boulder problem,Holštejn,1,Will Bosi,Boulder | worked,Sep 2023,,8B,21,13.0,2023-09-01,2023
2735,https://climbing-history.org/climb/2735,Girafunk,8B,Boulder problem,Marlanval,1,Nico Pelorson,Boulder | worked,Sep 2023,,8B,21,13.0,2023-09-01,2023
2935,https://climbing-history.org/climb/2935,Pétroglyphe,8B,Boulder problem,Rocher Canon,2,Charles Albert,Boulder | worked,Sep 2023,,8B,21,13.0,2023-09-01,2023
2723,https://climbing-history.org/climb/2723,Apple Crumble,8B,Boulder problem,,1,Solly Kemball-Dorey,Boulder | worked,12th Sep 2023,,8B,21,13.0,2023-09-12,2023
8289,https://climbing-history.org/climb/8289,SkinWalker,8B,Boulder problem,Dinas Rock,2,Leo Skinner,Boulder | worked,12th Sep 2023,,8B,21,13.0,2023-09-12,2023
4335,https://climbing-history.org/climb/4335,Sosa Stand,8B,Boulder problem,Little Cottonwood Canyon,4,Zach Galla,Boulder | worked,17th Sep 2023,,8B,21,13.0,2023-09-17,2023
4556,https://climbing-history.org/climb/4556,Min Din,8B,Boulder problem,Tokerud,7,Thilo Schröter,Boulder | worked,24th Sep 2023,,8B,21,13.0,2023-09-24,2023
7040,https://climbing-history.org/climb/7040,Hare Low Start,8B,Boulder problem,Mizugaki,2,Yuta Imaizumi,Boulder | worked,25th Sep 2023,8B/8B+,8B,21,13.0,2023-09-25,2023
2983,https://climbing-history.org/climb/2983,Burden of Seams,8B,Boulder problem,Lappnor,1,Jim Pope,Boulder | worked,Oct 2023,,8B,21,13.0,2023-10-01,2023
5215,https://climbing-history.org/climb/5215,Prince Charles,8B,Boulder problem,Rocher des Princes,4,Charles Albert,Boulder | worked,Before 1st Oct 2023,,8B,21,13.0,2023-10-01,2023
7754,https://climbing-history.org/climb/7754,Livelihood,8B,Boulder problem,Finsjö,3,Thomas Brandt Kjær,Boulder | worked,18th Oct 2023,,8B,21,13.0,2023-10-18,2023
7940,https://climbing-history.org/climb/7940,Jahzara Dreaming,8B,Boulder problem,Rakchham,1,Anders Andersen,Boulder | worked,18th Oct 2023,,8B,21,13.0,2023-10-18,2023
4576,https://climbing-history.org/climb/4576,Muspelheim,8B,Boulder problem,Gloppedalen,2,Tore Årthun,Boulder | worked,21st Oct 2023,,8B,21,13.0,2023-10-21,2023
3035,https://climbing-history.org/climb/3035,Ramped Up,8B,Boulder problem,Gallt yr Ogof,4,Tim Blake,Boulder | worked,25th Oct 2023,,8B,21,13.0,2023-10-25,2023
7810,https://climbing-history.org/climb/7810,Dubbelsemlan,8B,Boulder problem,Östersund,1,Jan Rowinski,Boulder | worked,28th Oct 2023,,8B,21,13.0,2023-10-28,2023
3299,https://climbing-history.org/climb/3299,Stranger Things,8B,Boulder problem,Albarracín,1,Nathan Phillips,Boulder | worked,29th Oct 2023,,8B,21,13.0,2023-10-29,2023
7145,https://climbing-history.org/climb/7145,Niraikanai,8B,Boulder problem,,4,Isamu Kawabata,Boulder | worked,Before 29th Oct 2023,,8B,21,13.0,2023-10-29,2023
2856,https://climbing-history.org/climb/2856,After Hours,8B,Boulder problem,Huntington Canyon,8,Allison Vest,Boulder | worked,9th Nov 2023,,8B,21,13.0,2023-11-09,2023
2929,https://climbing-history.org/climb/2929,Kannagi,8B,Boulder problem,,1,Ryuichi Murai,Boulder | worked,Dec 2023,,8B,21,13.0,2023-12-01,2023
8068,https://climbing-history.org/climb/8068,Radon,8B,Boulder problem,,1,Ryuichi Murai,Boulder | worked,2nd Dec 2023,,8B,21,13.0,2023-12-02,2023
4611,https://climbing-history.org/climb/4611,Some Die Young,8B,Boulder problem,Matre,1,Knut Hatteland Sømme,Boulder | worked,5th Dec 2023,,8B,21,13.0,2023-12-05,2023
2976,https://climbing-history.org/climb/2976,Bibop (assis),8B,Boulder problem,Gros Sablons,2,Rob Denayer,Boulder | worked,16th Dec 2023,,8B,21,13.0,2023-12-16,2023
3937,https://climbing-history.org/climb/3937,Moonstruck,8B,Boulder problem,Green Lane,7,Noah Wheeler,Boulder | worked,22nd Dec 2023,8B/8B+,8B,21,13.0,2023-12-22,2023
3737,https://climbing-history.org/climb/3737,Hell is Empty and All the Devils Are Here,8B,Boulder problem,Newgale Beach,2,Aidan Roberts,Boulder | worked,2024,8B/8B+,8B,21,13.0,2024-01-01,2024
4141,https://climbing-history.org/climb/4141,Earth Ship,8B,Boulder problem,,2,Dave Graham,Boulder | worked,2024,,8B,21,13.0,2024-01-01,2024
4157,https://climbing-history.org/climb/4157,Perilous Moon,8B,Boulder problem,Little Cottonwood Canyon,1,Taylor McNeill,Boulder | worked,2024,,8B,21,13.0,2024-01-01,2024
4200,https://climbing-history.org/climb/4200,The Long Patrol,8B,Boulder problem,Harehope Canyon,3,Dan Varian,Boulder | worked,2024,8B (hard),8B,21,13.0,2024-01-01,2024
4264,https://climbing-history.org/climb/4264,Gwindel Zeit,8B,Boulder problem,Val Strem,4,Dave Graham,Boulder | worked,2024,8b+,8B,21,13.0,2024-01-01,2024
4382,https://climbing-history.org/climb/4382,Jamming,8B,Boulder problem,,1,Maximilliano Piazza,Boulder | worked,2024,,8B,21,13.0,2024-01-01,2024
4442,https://climbing-history.org/climb/4442,Flow My Tears,8B,Boulder problem,Chironico,4,Dave Graham,Boulder | worked,2024,,8B,21,13.0,2024-01-01,2024
4446,https://climbing-history.org/climb/4446,Megalomaniac,8B,Boulder problem,,2,Eric Jerome,Boulder | worked,2024,,8B,21,13.0,2024-01-01,2024
4495,https://climbing-history.org/climb/4495,Ted's Roof,8B,Boulder problem,Higher Longbeak,1,Aidan Roberts,Boulder | worked,2024,,8B,21,13.0,2024-01-01,2024
5132,https://climbing-history.org/climb/5132,Kwetsa,8B,Boulder problem,Skyline,3,Nathaniel Coleman,Boulder | worked,2024,,8B,21,13.0,2024-01-01,2024
8041,https://climbing-history.org/climb/8041,Apatite,8B,Boulder problem,Gotthard Pass,1,Dave Graham,Boulder | worked,2024,,8B,21,13.0,2024-01-01,2024
4519,https://climbing-history.org/climb/4519,Plantation,8B,Boulder problem,Rocher du Cassepot,3,Jonas Winter,Boulder | worked,Feb 2024,,8B,21,13.0,2024-02-01,2024
3206,https://climbing-history.org/climb/3206,Pin y Pon,8B,Boulder problem,La Pedriza,5,Jesús Muñoz,Boulder | worked,5th Feb 2024,,8B,21,13.0,2024-02-05,2024
3179,https://climbing-history.org/climb/3179,Wild Wild West,8B,Boulder problem,La Pedriza,2,Shauna Coxsey,Boulder | worked,23rd Feb 2024,,8B,21,13.0,2024-02-23,2024
3258,https://climbing-history.org/climb/3258,Kingdom,8B,Boulder problem,Bas Cuvier,1,Tristan Chouvy,Boulder | worked,8th Mar 2024,,8B,21,13.0,2024-03-08,2024
5241,https://climbing-history.org/climb/5241,Off the Ground,8B,Boulder problem,,1,Nicolas Bass,Boulder | worked,11th Mar 2024,,8B,21,13.0,2024-03-11,2024
6688,https://climbing-history.org/climb/6688,Doce Veneno,8B,Boulder problem,Igatu,1,Thiago Vaz,Boulder | worked,Before 11th Mar 2024,,8B,21,13.0,2024-03-11,2024
7737,https://climbing-history.org/climb/7737,Gaia,8B,Boulder problem,Ula,1,Ben Smart,Boulder | worked,12th Mar 2024,,8B,21,13.0,2024-03-12,2024
4353,https://climbing-history.org/climb/4353,The Grudge Match,8B,Boulder problem,Grandmother,3,Isaac Dunk,Boulder | worked,30th Mar 2024,,8B,21,13.0,2024-03-30,2024
7569,https://climbing-history.org/climb/7569,Extra Longwave,8B,Boulder problem,The Wave,11,James Noble,Boulder | worked,Before 15th May 2024,,8B,21,13.0,2024-05-15,2024
4555,https://climbing-history.org/climb/4555,Din Årgang,8B,Boulder problem,Tokerud,2,Leo Bøe,Boulder | worked,26th May 2024,,8B,21,13.0,2024-05-26,2024
4648,https://climbing-history.org/climb/4648,Siuhy,8B,Boulder problem,Vingsand,2,Thilo Schröter,Boulder | worked,Jun 2024,,8B,21,13.0,2024-06-01,2024
3467,https://climbing-history.org/climb/3467,Big Leviathan,8B,Boulder problem,Rhoscolyn,1,Ben Bransby,Boulder | worked,4th Jun 2024,8B,8B,21,13.0,2024-06-04,2024
4559,https://climbing-history.org/climb/4559,Shokunin,8B,Boulder problem,Østmarka,3,Joakim Louis Sæther,Boulder | worked,5th Jun 2024,,8B,21,13.0,2024-06-05,2024
3525,https://climbing-history.org/climb/3525,Afterlife,8B,Boulder problem,Felbertal,1,Michiel Nieuwenhuijsen,Boulder | flash,29th Jun 2024,,8B,21,13.0,2024-06-29,2024
3694,https://climbing-history.org/climb/3694,Longwave,8B,Boulder problem,The Wave,2,Pete Dawson,Boulder | worked,30th Jun 2024,,8B,21,13.0,2024-06-30,2024
6687,https://climbing-history.org/climb/6687,Difusão,8B,Boulder problem,Casa da Cobra,1,Thiago Vaz,Boulder | worked,Before 9th Jul 2024,,8B,21,13.0,2024-07-09,2024
5162,https://climbing-history.org/climb/5162,Goliath Extension,8B,Boulder problem,Huntsham Crags,2,Arlo Rogers,Boulder | worked,12th Jul 2024,,8B,21,13.0,2024-07-12,2024
3627,https://climbing-history.org/climb/3627,Kick Me Up,8B,Boulder problem,Éléphant,2,Luca Martins,Boulder | worked,23rd Jul 2024,,8B,21,13.0,2024-07-23,2024
3747,https://climbing-history.org/climb/3747,Big Leviathan Extended,8B,Boulder problem,Rhoscolyn,1,Ben Bransby,Boulder | worked,3rd Aug 2024,,8B,21,13.0,2024-08-03,2024
5377,https://climbing-history.org/climb/5377,Uprising,8B,Boulder problem,Bacon Hole,2,Eliot Stephens,Boulder | worked,12th Aug 2024,,8B,21,13.0,2024-08-12,2024
3759,https://climbing-history.org/climb/3759,Grizzly,8B,Boulder problem,Val Daone,1,Adam Ondra,Boulder | flash,15th Aug 2024,,8B,21,13.0,2024-08-15,2024
3869,https://climbing-history.org/climb/3869,Needle and Rabbit,8B,Boulder problem,Badger Cove,2,Will Bosi,Boulder | worked,24th Aug 2024,,8B,21,13.0,2024-08-24,2024
3822,https://climbing-history.org/climb/3822,Magic in the Woods,8B,Boulder problem,Churston Quarries,3,Jamie Rankin,Boulder | worked,Sep 2024,,8B,21,13.0,2024-09-01,2024
3925,https://climbing-history.org/climb/3925,Dente de Tubarão,8B,Boulder problem,Praia do Cavalo,1,Will Bosi,Boulder | worked,Sep 2024,,8B,21,13.0,2024-09-01,2024
3931,https://climbing-history.org/climb/3931,Crepuscular Days,8B,Boulder problem,Fair Head,1,Aidan Roberts,Boulder | worked,Sep 2024,,8B,21,13.0,2024-09-01,2024
4155,https://climbing-history.org/climb/4155,House of Rats,8B,Boulder problem,Fair Head,2,Aidan Roberts,Boulder | worked,Sep 2024,,8B,21,13.0,2024-09-01,2024
5133,https://climbing-history.org/climb/5133,Buseeggen sitt,8B,Boulder problem,Lofoten,1,Thilo Schröter,Boulder | worked,Sep 2024,,8B,21,13.0,2024-09-01,2024
4028,https://climbing-history.org/climb/4028,Moonky family,8B,Boulder problem,Albarracín,2,Marine Thevenet,Boulder | worked,Oct 2024,,8B,21,13.0,2024-10-01,2024
4254,https://climbing-history.org/climb/4254,Magma,8B,Boulder problem,Gotthard Pass,3,Dave Graham,Boulder | worked,Oct 2024,8C,8B,21,13.0,2024-10-01,2024
7966,https://climbing-history.org/climb/7966,The Combination Sit Start,8B,Boulder problem,Hartland Quay,1,Solly Kemball-Dorey,Boulder | worked,Before 1st Oct 2024,,8B,21,13.0,2024-10-01,2024
4560,https://climbing-history.org/climb/4560,Melkeveien sitt,8B,Boulder problem,Rosenholm,1,Thilo Schröter,Boulder | worked,6th Oct 2024,,8B,21,13.0,2024-10-06,2024
4496,https://climbing-history.org/climb/4496,XTRA,8B,Boulder problem,The Bowderstone,2,Callum Amos,Boulder | worked,7th Oct 2024,,8B,21,13.0,2024-10-07,2024
7879,https://climbing-history.org/climb/7879,Hirven Taivas sit,8B,Boulder problem,Luohua,1,Tuukka Simonen,Boulder | worked,24th Oct 2024,,8B,21,13.0,2024-10-24,2024
4575,https://climbing-history.org/climb/4575,Headbangers Ball,8B,Boulder problem,Songdalen,2,Tore Årthun,Boulder | worked,3rd Nov 2024,,8B,21,13.0,2024-11-03,2024
7939,https://climbing-history.org/climb/7939,The Castle sit,8B,Boulder problem,Slottet,2,Thilo Schröter,Boulder | worked,15th Nov 2024,8A+/8B,8B,21,13.0,2024-11-15,2024
4443,https://climbing-history.org/climb/4443,Excalibur Sit,8B,Boulder problem,Poudre Canyon,1,Everett Sloane,Boulder | worked,8th Dec 2024,,8B,21,13.0,2024-12-08,2024
4479,https://climbing-history.org/climb/4479,Another World SDS,8B,Boulder problem,Stanworth Quarry,1,Robin Müller,Boulder | worked,Jan 2025,,8B,21,13.0,2025-01-01,2025
4595,https://climbing-history.org/climb/4595,Louis Je Master,8B,Boulder problem,Ostaš,1,Jakub Konečný,Boulder | worked,Jan 2025,,8B,21,13.0,2025-01-01,2025
4860,https://climbing-history.org/climb/4860,Round Earth Theory,8B,Boulder problem,Bodio,1,Nathan Phillips,Boulder | worked,2025,,8B,21,13.0,2025-01-01,2025
5182,https://climbing-history.org/climb/5182,Pride of Place,8B,Boulder problem,Mirror Lake,1,Aidan Roberts,Boulder | worked,2025,,8B,21,13.0,2025-01-01,2025
5278,https://climbing-history.org/climb/5278,Ripple Effect,8B,Boulder problem,,1,Bryce Viola,Boulder | worked,2025,,8B,21,13.0,2025-01-01,2025
6430,https://climbing-history.org/climb/6430,Endless Torque Sit Start,8B,Boulder problem,Pikeburn,1,Dan Varian,Boulder | worked,2025,,8B,21,13.0,2025-01-01,2025
4497,https://climbing-history.org/climb/4497,Lupin,8B,Boulder problem,Stanton in the Woods,2,Jim Pope,Boulder | worked,16th Jan 2025,8B,8B,21,13.0,2025-01-16,2025
5517,https://climbing-history.org/climb/5517,Flirting With Your Sister,8B,Boulder problem,Oak Flat,1,Matt Fultz,Boulder | worked,23rd Jan 2025,,8B,21,13.0,2025-01-23,2025
4695,https://climbing-history.org/climb/4695,River Runs Dry,8B,Boulder problem,Pantymwyn,1,Mark Katz,Boulder | worked,2nd Feb 2025,,8B,21,13.0,2025-02-02,2025
5240,https://climbing-history.org/climb/5240,Hammered,8B,Boulder problem,Blowing Rock,1,Nicolas Bass,Boulder | worked,2nd Feb 2025,8B (hard),8B,21,13.0,2025-02-02,2025
4687,https://climbing-history.org/climb/4687,Declarative Memory,8B,Boulder problem,the Tanygrisiau Boulders,1,Tim Blake,Boulder | worked,3rd Feb 2025,,8B,21,13.0,2025-02-03,2025
7216,https://climbing-history.org/climb/7216,Chope le Gratton!,8B,Boulder problem,Buthiers,1,Nico Pelorson,Boulder | worked,Before 15th Feb 2025,,8B,21,13.0,2025-02-15,2025
5222,https://climbing-history.org/climb/5222,Burial,8B,Boulder problem,Kinder,1,Ned Feehally,Boulder | worked,Mar 2025,,8B,21,13.0,2025-03-01,2025
5336,https://climbing-history.org/climb/5336,Bloodbath,8B,Boulder problem,the Ponderosa Boulders,1,Caleb Franchere,Boulder | worked,4th Mar 2025,,8B,21,13.0,2025-03-04,2025
5002,https://climbing-history.org/climb/5002,ADHS,8B,Boulder problem,the Frankenjura,1,Michiel Nieuwenhuijsen,Boulder | flash,11th Mar 2025,,8B,21,13.0,2025-03-11,2025
5039,https://climbing-history.org/climb/5039,Octopus,8B,Boulder problem,Videlles,1,Camille Coudert,Boulder | worked,17th Mar 2025,,8B,21,13.0,2025-03-17,2025
5225,https://climbing-history.org/climb/5225,Under Fire,8B,Boulder problem,Dinas Rock,1,Eliot Stephens,Boulder | worked,21st Mar 2025,,8B,21,13.0,2025-03-21,2025
7744,https://climbing-history.org/climb/7744,Gullet low,8B,Boulder problem,Tumlehed,4,David Firnenburg,Boulder | worked,24th Mar 2025,,8B,21,13.0,2025-03-24,2025
7807,https://climbing-history.org/climb/7807,Spectrum,8B,Boulder problem,Hiei,2,Keita Dohi,Boulder | worked,26th Mar 2025,,8B,21,13.0,2025-03-26,2025
5070,https://climbing-history.org/climb/5070,Cherry Falls Sit,8B,Boulder problem,Almscliff,1,Harry Constantine,Boulder | worked,29th Mar 2025,8B,8B,21,13.0,2025-03-29,2025
5071,https://climbing-history.org/climb/5071,Hellboy,8B,Boulder problem,Ruadha nan Eallachan,1,Rhys Langlands,Boulder | worked,30th Mar 2025,,8B,21,13.0,2025-03-30,2025
5100,https://climbing-history.org/climb/5100,Jabberwocky SD,8B,Boulder problem,Merkenstein,1,Peter Kuric,Boulder | flash,7th Apr 2025,,8B,21,13.0,2025-04-07,2025
7967,https://climbing-history.org/climb/7967,Speed of Sound,8B,Boulder problem,Hartland Quay,1,Jack Palmieri,Boulder | worked,11th Apr 2025,,8B,21,13.0,2025-04-11,2025
5158,https://climbing-history.org/climb/5158,Cloud Gate Low,8B,Boulder problem,Cratcliffe Tor,1,Billy Ridal,Boulder | worked,12th Apr 2025,8B,8B,21,13.0,2025-04-12,2025
7878,https://climbing-history.org/climb/7878,La Princesse Assise,8B,Boulder problem,Viitaniemi,1,Tuukka Simonen,Boulder | worked,13th Apr 2025,,8B,21,13.0,2025-04-13,2025
5120,https://climbing-history.org/climb/5120,Stairway to Heaven Level 2,8B,Boulder problem,Kamniska Bistrica,2,Nicolai Užnik,Boulder | flash,14th Apr 2025,,8B,21,13.0,2025-04-14,2025
5125,https://climbing-history.org/climb/5125,Nussknacker,8B,Boulder problem,Zemmschlucht,1,Lukas Mayerhofer,Boulder | flash,15th Apr 2025,,8B,21,13.0,2025-04-15,2025
7885,https://climbing-history.org/climb/7885,Hatebreeder,8B,Boulder problem,Karvio,2,Tuukka Simonen,Boulder | worked,15th Apr 2025,,8B,21,13.0,2025-04-15,2025
5173,https://climbing-history.org/climb/5173,The Restless Mind,8B,Boulder problem,Zillergrund Wald,1,Karoline Sinnhuber,Boulder | worked,21st Apr 2025,,8B,21,13.0,2025-04-21,2025
7877,https://climbing-history.org/climb/7877,Joyboy,8B,Boulder problem,Petrovaara,1,Tuukka Simonen,Boulder | worked,23rd Apr 2025,,8B,21,13.0,2025-04-23,2025
5185,https://climbing-history.org/climb/5185,Take the Power Back,8B,Boulder problem,Dinas Rock,1,Paddy Buchan,Boulder | worked,28th Apr 2025,,8B,21,13.0,2025-04-28,2025
5216,https://climbing-history.org/climb/5216,Sean's Roof Right Hand,8B,Boulder problem,Blackwell Dale,3,Dave Mason,Boulder | worked,2nd May 2025,8B,8B,21,13.0,2025-05-02,2025
6928,https://climbing-history.org/climb/6928,Exodus,8B,Boulder problem,La Silla del Diablo,2,Facundo Langbehn,Boulder | worked,Before 15th May 2025,,8B,21,13.0,2025-05-15,2025
5242,https://climbing-history.org/climb/5242,Druid,8B,Boulder problem,Kamniska Bistrica,1,Nicolai Užnik,Boulder | flash,16th May 2025,,8B,21,13.0,2025-05-16,2025
7892,https://climbing-history.org/climb/7892,Kaksisarvisen Salaisuus,8B,Boulder problem,Luohua,1,Eelis Sallmen,Boulder | worked,21st May 2025,,8B,21,13.0,2025-05-21,2025
5279,https://climbing-history.org/climb/5279,The Sandworm,8B,Boulder problem,Bowden Doors,2,Dan Varian,Boulder | worked,Before 27th May 2025,,8B,21,13.0,2025-05-27,2025
6419,https://climbing-history.org/climb/6419,Raiders of the Lost Ark,8B,Boulder problem,Bomaderry Creek,1,Ryan Sklenica,Boulder | worked,10th Jun 2025,,8B,21,13.0,2025-06-10,2025
5364,https://climbing-history.org/climb/5364,XXXS RH,8B,Boulder problem,The Bowderstone,1,Jack Palmieri,Boulder | worked,18th Jun 2025,,8B,21,13.0,2025-06-18,2025
1932,https://climbing-history.org/climb/1932,Tigris,8B,Boulder problem,Magic Wood,2,Hyunbin Min,Boulder | worked,22nd Jun 2025,,8B,21,13.0,2025-06-22,2025
5627,https://climbing-history.org/climb/5627,Bite the Dust,8B,Boulder problem,Nufenenpass,1,Diego Cameroni,Boulder | flash,3rd Jul 2025,,8B,21,13.0,2025-07-03,2025
3767,https://climbing-history.org/climb/3767,Hard Times,8B,Boulder problem,Blackwell Dale,3,Harry Constantine,Boulder | worked,9th Jul 2025,,8B,21,13.0,2025-07-09,2025
5451,https://climbing-history.org/climb/5451,Poprava,8B,Boulder problem,Bor,1,Adam Ondra,Boulder | flash,18th Jul 2025,,8B,21,13.0,2025-07-18,2025
5740,https://climbing-history.org/climb/5740,The Anomaly,8B,(approx) Boulder problem,Big Bend Bouldering Area,1,Didier Berthod,Boulder | worked,Aug 2025,,8B,21,13.0,2025-08-01,2025
6177,https://climbing-history.org/climb/6177,Lizard Lizard Lizard,8B,Boulder problem,Göscheneralp,2,Dave Graham,Boulder | worked,Aug 2025,,8B,21,13.0,2025-08-01,2025
5549,https://climbing-history.org/climb/5549,Wave and Ramp,8B,Boulder problem,The Wave,1,Jack Palmieri,Boulder | worked,2nd Aug 2025,,8B,21,13.0,2025-08-02,2025
8069,https://climbing-history.org/climb/8069,Digital Populism,8B,Boulder problem,Shandy Terrace,1,Simone Tentori,Boulder | flash,3rd Aug 2025,,8B,21,13.0,2025-08-03,2025
8088,https://climbing-history.org/climb/8088,Teboho,8B,Boulder problem,Shandy Terrace,2,Michael Piccolruaz,Boulder | worked,3rd Aug 2025,,8B,21,13.0,2025-08-03,2025
5580,https://climbing-history.org/climb/5580,Zima Blue,8B,Boulder problem,Fionnay,1,Lucile Saurel,Boulder | worked,8th Aug 2025,,8B,21,13.0,2025-08-08,2025
5809,https://climbing-history.org/climb/5809,Chronic,8B,Boulder problem,the Cwm Dulyn Boulders,4,Elliot Verry,Boulder | worked,6th Sep 2025,,8B,21,13.0,2025-09-06,2025
7928,https://climbing-history.org/climb/7928,Wishful Finking,8B,Boulder problem,Swallow Crag,1,Tim Blake,Boulder | worked,24th Sep 2025,,8B,21,13.0,2025-09-24,2025
6076,https://climbing-history.org/climb/6076,Edge of Tomorrow,8B,Boulder problem,Citadel,1,Callum Mather,Boulder | worked,28th Sep 2025,,8B,21,13.0,2025-09-28,2025
6089,https://climbing-history.org/climb/6089,Contrôle Qualité,8B,Boulder problem,Plan de L'Aiguille Bouldering,2,Clément Lechaptois,Boulder | worked,Before 28th Sep 2025,,8B,21,13.0,2025-09-28,2025
6296,https://climbing-history.org/climb/6296,Jump in the Fire,8B,Boulder problem,Rioupéroux,1,Yannis Gautier,Boulder | flash,11th Oct 2025,,8B,21,13.0,2025-10-11,2025
8003,https://climbing-history.org/climb/8003,Miall's Ahead (Post-Break),8B,Boulder problem,Kanata,1,Samuel Tiukuvaara,Boulder | worked,12th Oct 2025,,8B,21,13.0,2025-10-12,2025
6315,https://climbing-history.org/climb/6315,Il Trono,8B,Boulder problem,Val Daone,2,Janja Garnbret,Boulder | worked,Before 29th Oct 2025,,8B,21,13.0,2025-10-29,2025
6316,https://climbing-history.org/climb/6316,Unraveled,8B,Boulder problem,the Camp 4 Boulders,1,Aidan Roberts,Boulder | worked,Before 29th Oct 2025,,8B,21,13.0,2025-10-29,2025
6905,https://climbing-history.org/climb/6905,Delusion of Grandeur,8B,Boulder problem,,1,Spencer Schmick,Boulder | worked,3rd Nov 2025,8B,8B,21,13.0,2025-11-03,2025
6483,https://climbing-history.org/climb/6483,Eclipse SDS,8B,Boulder problem,Little Cottonwood Canyon,2,Allison Vest,Boulder | worked,9th Nov 2025,,8B,21,13.0,2025-11-09,2025
7903,https://climbing-history.org/climb/7903,Askeleen Edellä Varjoja,8B,Boulder problem,Jerusalemi,1,Filip Väätänen,Boulder | worked,11th Nov 2025,,8B,21,13.0,2025-11-11,2025
6427,https://climbing-history.org/climb/6427,The Real Cherry Falls,8B,Boulder problem,Almscliff,2,Gus Turner,Boulder | worked,16th Nov 2025,,8B,21,13.0,2025-11-16,2025
6461,https://climbing-history.org/climb/6461,Finales Funkeln,8B,Boulder problem,Hirschwände,1,Katalin Paertan,Boulder | worked,Before 26th Nov 2025,,8B,21,13.0,2025-11-26,2025
6649,https://climbing-history.org/climb/6649,Erromako Zubia,8B,Boulder problem,Albarracín,1,Hugo Martín,Boulder | flash,Dec 2025,,8B,21,13.0,2025-12-01,2025
8118,https://climbing-history.org/climb/8118,Witches Hat,8B,Boulder problem,Boone,1,Thilo Schröter,Boulder | flash,Dec 2025,,8B,21,13.0,2025-12-01,2025
8119,https://climbing-history.org/climb/8119,The Beekeeper,8B,Boulder problem,Boone,1,Thilo Schröter,Boulder | flash,Dec 2025,,8B,21,13.0,2025-12-01,2025
6523,https://climbing-history.org/climb/6523,Durin's Day,8B,(approx) Boulder problem,,1,Chris Schulte,Boulder | worked,19th Dec 2025,,8B,21,13.0,2025-12-19,2025
6832,https://climbing-history.org/climb/6832,T-Rex,8B,Boulder problem,Malveira,1,Will Bosi,Boulder | worked,Before 26th Dec 2025,,8B,21,13.0,2025-12-26,2025
7808,https://climbing-history.org/climb/7808,Fuyu,8B,Boulder problem,Hiei,2,Ritsu Kayotani,Boulder | worked,Before 3rd Jan 2026,,8B,21,13.0,2026-01-03,2026
6833,https://climbing-history.org/climb/6833,The Navigator,8B,Boulder problem,,1,Will Bosi,Boulder | flash,Before 12th Jan 2026,,8B,21,13.0,2026-01-12,2026
6937,https://climbing-history.org/climb/6937,La Dolce Vita,8B,Boulder problem,Highway 140,1,Adam Shahar,Boulder | worked,Before 25th Jan 2026,,8B,21,13.0,2026-01-25,2026
6945,https://climbing-history.org/climb/6945,Rami's Boulder,8B,Boulder problem,,1,Paul Robinson,Boulder | worked,Before 26th Jan 2026,,8B,21,13.0,2026-01-26,2026
7064,https://climbing-history.org/climb/7064,I Krísi Tis Kírkis,8B,Boulder problem,Eastern Crete Bouldering,1,Ian Cooper,Boulder | worked,4th Feb 2026,8B,8B,21,13.0,2026-02-04,2026
7085,https://climbing-history.org/climb/7085,The Serpentine Line,8B,Boulder problem,the Ponderosa Boulders,1,Caleb Franchere,Boulder | worked,10th Feb 2026,,8B,21,13.0,2026-02-10,2026
7101,https://climbing-history.org/climb/7101,Le Grand Angle du Fond,8B,Boulder problem,Cuvier Rempart,2,Camille Coudert,Boulder | worked,17th Feb 2026,,8B,21,13.0,2026-02-17,2026
7356,https://climbing-history.org/climb/7356,Achilles,8B,Boulder problem,Haycock,1,Benn Wheeler,Boulder | worked,21st Feb 2026,,8B,21,13.0,2026-02-21,2026
7155,https://climbing-history.org/climb/7155,Taradine,8B,Boulder problem,Oukaimeden,2,Michaela Kiersch,Boulder | worked,Before 23rd Feb 2026,,8B,21,13.0,2026-02-23,2026
7193,https://climbing-history.org/climb/7193,Diamond Grit,8B,Boulder problem,Barker Dam,1,Emil Geisler,Boulder | worked,25th Feb 2026,,8B,21,13.0,2026-02-25,2026
7202,https://climbing-history.org/climb/7202,XXXL,8B,Boulder problem,The Bowderstone,1,Jack Palmieri,Boulder | worked,3rd Mar 2026,,8B,21,13.0,2026-03-03,2026
7299,https://climbing-history.org/climb/7299,Air,8B,Boulder problem,Maltatal,1,Adam Ondra,Boulder | flash,11th Mar 2026,,8B,21,13.0,2026-03-11,2026
7280,https://climbing-history.org/climb/7280,The Missing Piece,8B,Boulder problem,Biasca,1,Giuliano Cameroni,Boulder | flash,Before 15th Mar 2026,,8B,21,13.0,2026-03-15,2026
7616,https://climbing-history.org/climb/7616,Nocturnal Emissions,8B,Boulder problem,Black Velvet Canyon,1,Gavin Albright,Boulder | worked,Before 19th Mar 2026,,8B,21,13.0,2026-03-19,2026
7306,https://climbing-history.org/climb/7306,Isla Hold ‘em,8B,Boulder problem,Trowbarrow,1,Jack Palmieri,Boulder | worked,20th Mar 2026,,8B,21,13.0,2026-03-20,2026
7346,https://climbing-history.org/climb/7346,Karma Bizarre,8B,Boulder problem,Franchard Cuisiniere,1,Bryce Viola,Boulder | worked,Before 28th Mar 2026,,8B,21,13.0,2026-03-28,2026
7351,https://climbing-history.org/climb/7351,Keep in Touch (assis),8B,Boulder problem,Franchard Cuisiniere,2,Lucas Ménégatti,Boulder | worked,Before 28th Mar 2026,,8B,21,13.0,2026-03-28,2026
7387,https://climbing-history.org/climb/7387,Superfinale ligure,8B,Boulder problem,Chřiby,1,Adam Ondra,Boulder | worked,4th Apr 2026,,8B,21,13.0,2026-04-04,2026
7381,https://climbing-history.org/climb/7381,Bim Bam Bum,8B,Boulder problem,Valle Bavona,1,Giuliano Cameroni,Boulder | worked,Before 5th Apr 2026,8B/8B+,8B,21,13.0,2026-04-05,2026
7403,https://climbing-history.org/climb/7403,À Lay's Blaise (assis),8B,Boulder problem,Franchard Sablons,2,Jenya Kazbekova,Boulder | worked,Before 5th Apr 2026,,8B,21,13.0,2026-04-05,2026
7414,https://climbing-history.org/climb/7414,The Never Changing Corner,8B,Boulder problem,Brin Rock,1,Dave MacLeod,Boulder | worked,Before 11th Apr 2026,,8B,21,13.0,2026-04-11,2026
7477,https://climbing-history.org/climb/7477,Yolo Jiminy,8B,Boulder problem,Central Park,2,Austin Hoyt,Boulder | worked,Before 17th Apr 2026,,8B,21,13.0,2026-04-17,2026
7481,https://climbing-history.org/climb/7481,Fortunadrago,8B,Boulder problem,Varazze,1,Elisa Lauretano,Boulder | worked,18th Apr 2026,,8B,21,13.0,2026-04-18,2026
7695,https://climbing-history.org/climb/7695,Død Sau,8B,Boulder problem,Sotra,1,Leo Bøe,Boulder | worked,18th Apr 2026,,8B,21,13.0,2026-04-18,2026
7487,https://climbing-history.org/climb/7487,Spirit Walker,8B,Boulder problem,Ogden,1,Sera Gearhart,Boulder | worked,19th Apr 2026,,8B,21,13.0,2026-04-19,2026
7516,https://climbing-history.org/climb/7516,Free Your Mind,8B,Boulder problem,Göttinger Wald,1,Samuel Faulstich,Boulder | flash,26th Apr 2026,,8B,21,13.0,2026-04-26,2026
8084,https://climbing-history.org/climb/8084,Primal Instinct,8B,Boulder problem,Fagerhult,1,Thomas Brandt Kjær,Boulder | worked,26th Apr 2026,,8B,21,13.0,2026-04-26,2026
7546,https://climbing-history.org/climb/7546,Samadhi,8B,Boulder problem,Magic Wood,1,Billy Ridal,Boulder | worked,27th Apr 2026,,8B,21,13.0,2026-04-27,2026
7553,https://climbing-history.org/climb/7553,Trippin on Air,8B,Boulder problem,the North Wall Boulders,1,Hamish McArthur,Boulder | worked,Before 28th Apr 2026,,8B,21,13.0,2026-04-28,2026
7783,https://climbing-history.org/climb/7783,Resistancia,8B,Boulder problem,Burträsk,1,Kim Lundqvist,Boulder | worked,5th May 2026,,8B,21,13.0,2026-05-05,2026
7621,https://climbing-history.org/climb/7621,Snap Them Panties,8B,Boulder problem,Foten,1,Trym Skuggen Landmark,Boulder | worked,6th May 2026,,8B,21,13.0,2026-05-06,2026
7641,https://climbing-history.org/climb/7641,Mandela’s Gleaming Path,8B,Boulder problem,Kilnsey,1,Haydn Jones,Boulder | worked,9th May 2026,,8B,21,13.0,2026-05-09,2026
7907,https://climbing-history.org/climb/7907,Den Siste Preken,8B,Boulder problem,Presthammeren,2,Ola Vekve,Boulder | worked,3rd Jun 2026,,8B,21,13.0,2026-06-03,2026
7964,https://climbing-history.org/climb/7964,"2001, en Rymdodyssé sittstart",8B,Boulder problem,Kjugekull,1,Hannes Puman,Boulder | worked,Before 10th Jun 2026,,8B,21,13.0,2026-06-10,2026
7942,https://climbing-history.org/climb/7942,Rogue One,8B,Boulder problem,Corin Road,1,Callum Mather,Boulder | worked,11th Jun 2026,,8B,21,13.0,2026-06-11,2026
7968,https://climbing-history.org/climb/7968,Jaws Sit-Start,8B,Boulder problem,Hartland Quay,1,James Squire,Boulder | worked,Before 15th Jun 2026,,8B,21,13.0,2026-06-15,2026
7999,https://climbing-history.org/climb/7999,Voz Suave Del Mar,8B,Boulder problem,Gotthard Pass,1,Jorge Díaz-Rullo,Boulder | flash,23rd Jun 2026,,8B,21,13.0,2026-06-23,2026
8061,https://climbing-history.org/climb/8061,Frankenpranken,8B,Boulder problem,Hülloch,1,Alex Megos,Boulder | worked,5th Jul 2026,,8B,21,13.0,2026-07-05,2026
8094,https://climbing-history.org/climb/8094,Electric Eel,8B,Boulder problem,Danger Zone,1,Tom Randall,Boulder | worked,Before 14th Jul 2026,,8B,21,13.0,2026-07-14,2026
8110,https://climbing-history.org/climb/8110,Skiantos,8B,Boulder problem,Val Daone,1,Adam Ondra,Boulder | flash,20th Jul 2026,8B,8B,21,13.0,2026-07-20,2026
8111,https://climbing-history.org/climb/8111,Verdena,8B,Boulder problem,Val Daone,1,Adam Ondra,Boulder | flash,20th Jul 2026,8B (soft),8B,21,13.0,2026-07-20,2026
8112,https://climbing-history.org/climb/8112,Fuori Tempo,8B,Boulder problem,Val Daone,1,Adam Ondra,Boulder | flash,20th Jul 2026,8B (soft),8B,21,13.0,2026-07-20,2026
8140,https://climbing-history.org/climb/8140,Snake's Sake,8B,Boulder problem,Valle Bavona,1,Kim Marschner,Boulder | worked,Before 22nd Jul 2026,,8B,21,13.0,2026-07-22,2026
8232,https://climbing-history.org/climb/8232,Capetown Feelings,8B,Boulder problem,Gotthard Pass,1,David Firnenburg,Boulder | worked,26th Jul 2026,,8B,21,13.0,2026-07-26,2026
8247,https://climbing-history.org/climb/8247,The Pianoman,8B,Boulder problem,Skyline,1,Michael Piccolruaz,Boulder | worked,5th Aug 2026,,8B,21,13.0,2026-08-05,2026
8202,https://climbing-history.org/climb/8202,Death Trout,8B,Boulder problem,Lincoln Lake,2,Simone Tentori,Boulder | flash,8th Aug 2026,8A+/8B,8B,21,13.0,2026-08-08,2026
8207,https://climbing-history.org/climb/8207,Gimme a Break,8B,Boulder problem,The Coop,1,Jan-luca Posch,Boulder | flash,10th Aug 2026,,8B,21,13.0,2026-08-10,2026
8231,https://climbing-history.org/climb/8231,High Above,8B,Boulder problem,Gotthard Pass,1,David Firnenburg,Boulder | worked,14th Aug 2026,,8B,21,13.0,2026-08-14,2026
8253,https://climbing-history.org/climb/8253,Fell in Love,8B,Boulder problem,Cuzzago,1,Nicolo Balducci,Boulder | worked,17th Aug 2026,,8B,21,13.0,2026-08-17,2026
8261,https://climbing-history.org/climb/8261,Confusion,8B,Boulder problem,Skevik,1,Albin Lindskog,Boulder | worked,21st Aug 2026,,8B,21,13.0,2026-08-21,2026
8266,https://climbing-history.org/climb/8266,Bonjour Finesse,8B,Boulder problem,Gotthard Pass,1,Lucia Dörffel,Boulder | worked,22nd Aug 2026,8A+/8B,8B,21,13.0,2026-08-22,2026
8280,https://climbing-history.org/climb/8280,The Witch,8B,Boulder problem,Gotthard Pass,1,Amélie Kägi,Boulder | worked,23rd Aug 2026,,8B,21,13.0,2026-08-23,2026
8309,https://climbing-history.org/climb/8309,Loyal Companion,8B,Boulder problem,Gotthard Pass,1,David Firnenburg,Boulder | worked,Before 29th Aug 2026,,8B,21,13.0,2026-08-29,2026
8348,https://climbing-history.org/climb/8348,Chinonetsa,8B,Boulder problem,Chimanimani,1,Callum Mather,Boulder | worked,2nd Sep 2026,,8B,21,13.0,2026-09-02,2026
8338,https://climbing-history.org/climb/8338,Elektrolyte,8B,Boulder problem,Furkapass,1,Hugo Martín,Boulder | flash,Before 4th Sep 2026,,8B,21,13.0,2026-09-04,2026
171,https://climbing-history.org/climb/171,Tracky Lords,8B,Boulder problem,the Coniston Boulders,1,Hamish McArthur,Boulder | worked,,,8B,21,13.0,,
174,https://climbing-history.org/climb/174,Voyager,8B,Boulder problem,Burbage North and West,18,,,,,8B,21,13.0,,
178,https://climbing-history.org/climb/178,Cypher,8B,Boulder problem,Slipstones,16,,,,,8B,21,13.0,,
179,https://climbing-history.org/climb/179,Shallow Groove,8B,Boulder problem,Trowbarrow,3,Ryan Pasquill,Boulder | worked,2000s,,8B,21,13.0,,
189,https://climbing-history.org/climb/189,Superman,8B,Boulder problem,Crag X,26,Jerry Moffatt,Boulder | worked,1st January 1988-31st December 1989,8A+,8B,21,13.0,,
446,https://climbing-history.org/climb/446,Intergalactic,8B,Boulder problem,Glenmalure,1,Michael Duffy,Boulder | worked,,,8B,21,13.0,,
694,https://climbing-history.org/climb/694,Maximising,8B,Boulder problem,,1,Max Milne,Boulder | worked,,,8B,21,13.0,,
1791,https://climbing-history.org/climb/1791,Bloody Sunday,8B,Boulder problem,Coal Creek,1,Charles Albert,Boulder | worked,,,8B,21,13.0,,
2381,https://climbing-history.org/climb/2381,Somnolence,8B,Boulder problem,Cresciano,6,Jimmy Webb,Boulder | worked,1st November 2017-1st March 2018,,8B,21,13.0,,
2601,https://climbing-history.org/climb/2601,Geyser Sound,8B,Boulder problem,Brione,1,Giuliano Cameroni,Boulder | worked,,,8B,21,13.0,,
3055,https://climbing-history.org/climb/3055,Lemento,8B,Boulder problem,La Pedriza,1,Rubén Díaz Torres,Boulder | flash,,,8B,21,13.0,,
3152,https://climbing-history.org/climb/3152,Levity,8B,Boulder problem,Boone,17,Elijah Kiser,Boulder | worked,20th February 2021-15th March 2024,8B+,8B,21,13.0,,
3320,https://climbing-history.org/climb/3320,Wostok 1,8B,Boulder problem,Bas Cuvier,1,Thomas Willenberg,Boulder | worked,2000s,,8B,21,13.0,,
3695,https://climbing-history.org/climb/3695,Undertow,8B,Boulder problem,The Wave,1,Ned Feehally,Boulder | worked,,,8B,21,13.0,,
3996,https://climbing-history.org/climb/3996,Momentary Bliss,8B,Boulder problem,,2,Aidan Roberts,Boulder | worked,,,8B,21,13.0,,
4464,https://climbing-history.org/climb/4464,Týr,8B,Boulder problem,Trewortha Tor,1,Solly Kemball-Dorey,Boulder | worked,,,8B,21,13.0,,
4494,https://climbing-history.org/climb/4494,Aneurin's Arete,8B,Boulder problem,Higher Longbeak,2,Solly Kemball-Dorey,Boulder | worked,,,8B,21,13.0,,
5569,https://climbing-history.org/climb/5569,Fatman (assis),8B,Boulder problem,Cuvier Rempart,5,Fred Nicole,Boulder | worked,1st January-1st March 2000,8B/8B+,8B,21,13.0,,
5862,https://climbing-history.org/climb/5862,On The Beach,8B,Boulder problem,Trackside Boulders,1,Dave Graham,Boulder | worked,,,8B,21,13.0,,
7223,https://climbing-history.org/climb/7223,Capitaine Flint,8B,Boulder problem,Franchard Sablons,1,Charles Albert,Boulder | worked,,,8B,21,13.0,,
7225,https://climbing-history.org/climb/7225,Corps Accord (assis),8B,Boulder problem,Franchard Cuisiniere,1,Charles Albert,Boulder | worked,,,8B,21,13.0,,
7226,https://climbing-history.org/climb/7226,Franchard Le Cuisinier,8B,Boulder problem,Franchard Cuisiniere,1,Charles Albert,Boulder | worked,,,8B,21,13.0,,
7227,https://climbing-history.org/climb/7227,La Pichard,8B,Boulder problem,Rocher Brûlé,1,Charles Albert,Boulder | worked,,,8B,21,13.0,,
7237,https://climbing-history.org/climb/7237,Baboon Master (rallongé),8B,Boulder problem,Rocher Canon,1,Sébastien Frigault,Boulder | worked,2000s,,8B,21,13.0,,
7241,https://climbing-history.org/climb/7241,Obelis'c,8B,Boulder problem,Long Boyau,1,Thomas Bellissent,Boulder | worked,,,8B,21,13.0,,
7932,https://climbing-history.org/climb/7932,Tik Tok,8B,Boulder problem,Taradell,1,Chris Sharma,Boulder | worked,,,8B,21,13.0,,
8218,https://climbing-history.org/climb/8218,A Coward in a Sea of Heroes,8B,Boulder problem,Quantum Field,1,Stuart Kurth,Boulder | worked,1st-10th November 2016,,8B,21,13.0,,
142,https://climbing-history.org/climb/142,Superman SDS,8B+,Boulder problem,Crag X,13,Ben Moon,Boulder | worked,1994,,8B+,22,14.0,1994-01-01,1994
1159,https://climbing-history.org/climb/1159,Radja,8B+,Boulder problem,Branson,16,Fred Nicole,Boulder | worked,1st Mar 1996,,8B+,22,14.0,1996-03-01,1996
1927,https://climbing-history.org/climb/1927,Nanuk,8B+,Boulder problem,Berchtesgadener Land,5,Klem Loskot,Boulder | worked,Oct 1997,,8B+,22,14.0,1997-10-01,1997
3807,https://climbing-history.org/climb/3807,Eau Profonde,8B+,Boulder problem,Kesslerloch,3,Fred Nicole,Boulder | worked,Oct 1997,,8B+,22,14.0,1997-10-01,1997
8050,https://climbing-history.org/climb/8050,Crowbar,8B+,Boulder problem,Mariengrotte,1,Markus Bock,Boulder | worked,1999,,8B+,22,14.0,1999-01-01,1999
6828,https://climbing-history.org/climb/6828,Feuerwalze,8B+,Boulder problem,Fauerwalze,3,Harald Röker,Boulder | worked,2000,,8B+,22,14.0,2000-01-01,2000
828,https://climbing-history.org/climb/828,Brad Pit SDS,8B+,Boulder problem,Stanage,2,Thomas Willenberg,Boulder | worked,15th May 2000,8B+,8B+,22,14.0,2000-05-15,2000
508,https://climbing-history.org/climb/508,Oliphant's Dawn,8B+,Boulder problem,Riverside,10,Fred Nicole,Boulder | worked,Sep 2000,,8B+,22,14.0,2000-09-01,2000
138,https://climbing-history.org/climb/138,Dreamtime (pre break),8B+,Boulder problem,Cresciano,16,Fred Nicole,Boulder | worked,28th Oct 2000,8C,8B+,22,14.0,2000-10-28,2000
134,https://climbing-history.org/climb/134,Kaizen,8B+,Boulder problem,Woodwell,2,John Gaskins,Boulder | worked,2001,,8B+,22,14.0,2001-01-01,2001
684,https://climbing-history.org/climb/684,Bügeleisen,8B+,Boulder problem,Maltatal,16,Klem Loskot,Boulder | worked,2001,,8B+,22,14.0,2001-01-01,2001
2203,https://climbing-history.org/climb/2203,Goldfish Trombone,8B+,Boulder problem,the Happy Boulders,12,Fred Nicole,Boulder | worked,Feb 2001,,8B+,22,14.0,2001-02-01,2001
1156,https://climbing-history.org/climb/1156,Esperanza,8B+,Boulder problem,Hueco Tanks,27,Fred Nicole,Boulder | worked,15th Feb 2001,,8B+,22,14.0,2001-02-15,2001
1144,https://climbing-history.org/climb/1144,"Black Eagle (assis, pre break)",8B+,Boulder problem,Cedar Rouge,1,Fred Nicole,Boulder | worked,2002,,8B+,22,14.0,2002-01-01,2002
3908,https://climbing-history.org/climb/3908,The Saadhu,8B+,Boulder problem,Placitas,6,Timmy Fairfield,Boulder | worked,2002,,8B+,22,14.0,2002-01-01,2002
6412,https://climbing-history.org/climb/6412,Under Siege,8B+,Boulder problem,Hollow Mountain Area,2,Sharik Walker,Boulder | worked,1st Jun 2002,,8B+,22,14.0,2002-06-01,2002
6413,https://climbing-history.org/climb/6413,Pretty Hate Machine,8B+,Boulder problem,Hollow Mountain Area,2,Matt Wrigley,Boulder | worked,Jun 2002,,8B+,22,14.0,2002-06-01,2002
123,https://climbing-history.org/climb/123,New Base Line,8B+,Boulder problem,Magic Wood,43,Bernd Zangerl,Boulder | worked,Nov 2002,8C,8B+,22,14.0,2002-11-01,2002
141,https://climbing-history.org/climb/141,The Never Ending Story (Part 1+2),8B+,Boulder problem,Magic Wood,30,Chris Sharma,Boulder | worked,2003,,8B+,22,14.0,2003-01-01,2003
404,https://climbing-history.org/climb/404,Ullola,8B+,Boulder problem,Caley Crags,2,Steve Dunning,Boulder | worked,2003,8B/8B+,8B+,22,14.0,2003-01-01,2003
1154,https://climbing-history.org/climb/1154,Bhai Bon,8B+,Boulder problem,Siurana,2,Dave Graham,Boulder | worked,2003,,8B+,22,14.0,2003-01-01,2003
4625,https://climbing-history.org/climb/4625,The Never Ending Story (Part 1+2),8B+,Boulder problem,Magic Wood,30,Chris Sharma,Boulder | worked,2003,,8B+,22,14.0,2003-01-01,2003
3107,https://climbing-history.org/climb/3107,Leonardo da Vinci,8B+,Boulder problem,Meschia,2,Mauro Calibani,Boulder | worked,5th Apr 2003,,8B+,22,14.0,2003-04-05,2003
7181,https://climbing-history.org/climb/7181,Toguro,8B+,Boulder problem,Varazze,1,Christian Core,Boulder | worked,Before 10th May 2003,,8B+,22,14.0,2003-05-10,2003
5027,https://climbing-history.org/climb/5027,Riot Act,8B+,Boulder problem,the Frankenjura,5,Markus Bock,Boulder | worked,Jun 2003,,8B+,22,14.0,2003-06-01,2003
117,https://climbing-history.org/climb/117,Monk Life,8B+,Boulder problem,Kyloe-in-the-Woods,11,Malcolm Smith,Boulder | worked,Oct 2003,,8B+,22,14.0,2003-10-01,2003
133,https://climbing-history.org/climb/133,At the Heart of It All,8B+,Boulder problem,Woodwell,2,John Gaskins,Boulder | worked,Oct 2003,,8B+,22,14.0,2003-10-01,2003
1721,https://climbing-history.org/climb/1721,Hallucination (pre-break),8B+,Boulder problem,Horai,1,Dai Koyamada,Boulder | worked,17th Dec 2003,,8B+,22,14.0,2003-12-17,2003
126,https://climbing-history.org/climb/126,Pilgrimage,8B+/9a,Boulder problem,Parisella's Cave,7,Malcolm Smith,Boulder | worked,2004,9a,8B+,22,14.0,2004-01-01,2004
1588,https://climbing-history.org/climb/1588,Echale,8B+,Boulder problem,Clear Creek Canyon,41,Daniel Woods,Boulder | worked,2004,,8B+,22,14.0,2004-01-01,2004
3544,https://climbing-history.org/climb/3544,Sleepy Rave,8B+,Boulder problem,Hollow Mountain Area,3,Dai Koyamada,Boulder | worked,2004,,8B+,22,14.0,2004-01-01,2004
140,https://climbing-history.org/climb/140,The Wheel of Life,8B+/9a,Boulder problem,Hollow Mountain Area,12,Dai Koyamada,Boulder | worked,12th May 2004,8C+,8B+,22,14.0,2004-05-12,2004
6713,https://climbing-history.org/climb/6713,The Completion,8B+,Boulder problem,Flock Hill,1,Charlie Brendsen,Boulder | worked,21st May 2004,,8B+,22,14.0,2004-05-21,2004
7612,https://climbing-history.org/climb/7612,Piece of My Life,8B+,Boulder problem,Labské Údolí,1,Rosta Stefanek,Boulder | worked,2nd Jun 2004,,8B+,22,14.0,2004-06-02,2004
113,https://climbing-history.org/climb/113,Practice of the Wild,8B+,Boulder problem,Magic Wood,25,Chris Sharma,Boulder | worked,Aug 2004,,8B+,22,14.0,2004-08-01,2004
148,https://climbing-history.org/climb/148,Amandla,8B+,Boulder problem,Roadcrew,27,Fred Nicole,Boulder | worked,2005,,8B+,22,14.0,2005-01-01,2005
1713,https://climbing-history.org/climb/1713,Entlinge,8B+,Boulder problem,Murgtal,11,Fred Nicole,Boulder | worked,2005,,8B+,22,14.0,2005-01-01,2005
2210,https://climbing-history.org/climb/2210,La Force du Destin,8B+,Boulder problem,Franchard Ermitage,13,Kevin Lopata,Boulder | worked,13th Jan 2005,,8B+,22,14.0,2005-01-13,2005
761,https://climbing-history.org/climb/761,Catharsis,8B+,Boulder problem,Shiobara,6,Dai Koyamada,Boulder | worked,23rd Mar 2005,8B+,8B+,22,14.0,2005-03-23,2005
4134,https://climbing-history.org/climb/4134,UMA,8B+,Boulder problem,Shiobara,6,Dai Koyamada,Boulder | worked,26th May 2005,,8B+,22,14.0,2005-05-26,2005
2231,https://climbing-history.org/climb/2231,Memento,8B+,Boulder problem,Silvapark,7,Bernd Zangerl,Boulder | worked,5th Aug 2005,8C+,8B+,22,14.0,2005-08-05,2005
2500,https://climbing-history.org/climb/2500,Soumission,8B+,Boulder problem,,1,Fred Rouhling,Boulder | worked,2006,,8B+,22,14.0,2006-01-01,2006
3905,https://climbing-history.org/climb/3905,Aslan,8B+,Boulder problem,Chaos Canyon,10,Daniel Woods,Boulder | worked,19th Jul 2006,,8B+,22,14.0,2006-07-19,2006
1520,https://climbing-history.org/climb/1520,Scarred For Life,8B+,Boulder problem,Fionnay,8,Dave Graham,Boulder | worked,13th Sep 2006,,8B+,22,14.0,2006-09-13,2006
3907,https://climbing-history.org/climb/3907,Ode to the Modern Man,8B+,Boulder problem,Mount Evans,21,Daniel Woods,Boulder | worked,27th Sep 2006,,8B+,22,14.0,2006-09-27,2006
124,https://climbing-history.org/climb/124,Voyager SDS,8B+,Boulder problem,Burbage North and West,6,Ben Moon,Boulder | worked,Nov 2006,,8B+,22,14.0,2006-11-01,2006
6881,https://climbing-history.org/climb/6881,The Zone,8B+,(approx) Boulder problem,,3,Chris Sharma,Boulder | worked,Before 31st Dec 2006,,8B+,22,14.0,2006-12-31,2006
145,https://climbing-history.org/climb/145,Gecko (assis),8B+,Boulder problem,Rocher de Bouligny,22,Olivier Lebreton,Boulder | worked,2007,,8B+,22,14.0,2007-01-01,2007
150,https://climbing-history.org/climb/150,Warpath,8B+,Boulder problem,Taco Cave,8,James Litz,Boulder | worked,2007,,8B+,22,14.0,2007-01-01,2007
118,https://climbing-history.org/climb/118,Khéops (assis),8B+,Boulder problem,Cuvier Rempart,12,Antoine Vandeputte,Boulder | worked,19th Feb 2007,,8B+,22,14.0,2007-02-19,2007
6721,https://climbing-history.org/climb/6721,Mandala Direct SDS,8B+,Boulder problem,The Buttermilks,5,Paul Robinson,Boulder | worked,27th Mar 2007,,8B+,22,14.0,2007-03-27,2007
2150,https://climbing-history.org/climb/2150,Super Tanker,8B+,Boulder problem,Cuvier Rempart,5,Antoine Vandeputte,Boulder | worked,1st Apr 2007,,8B+,22,14.0,2007-04-01,2007
507,https://climbing-history.org/climb/507,Jade,8B+,Boulder problem,Chaos Canyon,22,Daniel Woods,Boulder | worked,19th Jun 2007,,8B+,22,14.0,2007-06-19,2007
654,https://climbing-history.org/climb/654,From Shallow Water to Riverbed,8B+,Boulder problem,Magic Wood,5,Sebastian Spauwen,Boulder | worked,23rd Sep 2007,,8B+,22,14.0,2007-09-23,2007
3789,https://climbing-history.org/climb/3789,Midnight Express,8B+,Boulder problem,Castle Rock,22,Tyler Landman,Boulder | worked,28th Nov 2007,,8B+,22,14.0,2007-11-28,2007
2425,https://climbing-history.org/climb/2425,Kakusei,8B+,Boulder problem,Ogawayama,6,Tokio Muroi,Boulder | worked,Dec 2007,,8B+,22,14.0,2007-12-01,2007
128,https://climbing-history.org/climb/128,Silk Cut,8B+,Boulder problem,Parisella's Cave,3,Neil Dyer,Boulder | worked,2008,,8B+,22,14.0,2008-01-01,2008
139,https://climbing-history.org/climb/139,Serendipity,8B+,Boulder problem,Roche Abbey,6,Dan Varian,Boulder | worked,2008,,8B+,22,14.0,2008-01-01,2008
2990,https://climbing-history.org/climb/2990,Bloody Mary,8B+,Boulder problem,the Dihedral Boulders,5,Daniel Woods,Boulder | worked,2008,,8B+,22,14.0,2008-01-01,2008
7948,https://climbing-history.org/climb/7948,Marakame,8B+,Boulder problem,Penoles,3,Diego Montull,Boulder | worked,21st Jan 2008,,8B+,22,14.0,2008-01-21,2008
7946,https://climbing-history.org/climb/7946,Boca Loca,8B+,Boulder problem,Penoles,1,Diego Montull,Boulder | worked,23rd Jan 2008,,8B+,22,14.0,2008-01-23,2008
3932,https://climbing-history.org/climb/3932,Lost in the Hood,8B+,Boulder problem,Cowell,6,Dave Graham,Boulder | worked,28th Feb 2008,,8B+,22,14.0,2008-02-28,2008
4698,https://climbing-history.org/climb/4698,Fair Weather Friend,8B+,Boulder problem,Saalachtal,1,Bernhard Schwaiger,Boulder | worked,24th Mar 2008,,8B+,22,14.0,2008-03-24,2008
7613,https://climbing-history.org/climb/7613,"Karatekid, Woe",8B+,Boulder problem,Labské Údolí,1,Rosta Stefanek,Boulder | worked,28th Mar 2008,,8B+,22,14.0,2008-03-28,2008
6280,https://climbing-history.org/climb/6280,Purring Puma,8B+,Boulder problem,Zillergrund Wald,3,Taylor Parsons,Boulder | worked,25th May 2008,,8B+,22,14.0,2008-05-25,2008
3618,https://climbing-history.org/climb/3618,Anam Cara,8B+,Boulder problem,Silvapark,4,Bernhard Schwaiger,Boulder | worked,18th Jul 2008,,8B+,22,14.0,2008-07-18,2008
434,https://climbing-history.org/climb/434,Big Long Now,8B+,Boulder problem,Nevis Bouldering,1,Dave MacLeod,Boulder | worked,Aug 2008,,8B+,22,14.0,2008-08-01,2008
436,https://climbing-history.org/climb/436,Gut Buster,8B+,Boulder problem,Dumbarton Rock,3,Malcolm Smith,Boulder | worked,Sep 2008,8B+,8B+,22,14.0,2008-09-01,2008
7611,https://climbing-history.org/climb/7611,Decent Fellow,8B+,Boulder problem,Labské Údolí,2,Rosta Stefanek,Boulder | worked,20th Oct 2008,,8B+,22,14.0,2008-10-20,2008
116,https://climbing-history.org/climb/116,Big Paw,8B+,Boulder problem,Chironico,15,Dave Graham,Boulder | worked,27th Nov 2008,,8B+,22,14.0,2008-11-27,2008
7947,https://climbing-history.org/climb/7947,Al Lado Activo del Infinito,8B+,Boulder problem,Penoles,4,Diego Montull,Boulder | worked,25th Jan 2009,8B+,8B+,22,14.0,2009-01-25,2009
4133,https://climbing-history.org/climb/4133,Konec Světa,8B+,Boulder problem,,2,Martin Stráník,Boulder | worked,21st Mar 2009,8B,8B+,22,14.0,2009-03-21,2009
7605,https://climbing-history.org/climb/7605,Metelkův Mechanický Betlém,8B+,Boulder problem,Labské Údolí,4,Rosta Stefanek,Boulder | worked,22nd Apr 2009,,8B+,22,14.0,2009-04-22,2009
1714,https://climbing-history.org/climb/1714,The Globalist,8B+,Boulder problem,Sipoo,22,Nalle Hukkataival,Boulder | worked,3rd May 2009,8B+,8B+,22,14.0,2009-05-03,2009
1760,https://climbing-history.org/climb/1760,Direct North,8B+,Boulder problem,The Buttermilks,33,Shawn Diamond,Boulder | worked,4th May 2009,,8B+,22,14.0,2009-05-04,2009
3007,https://climbing-history.org/climb/3007,NEM,8B+,Boulder problem,Varazze,6,Christian Core,Boulder | worked,Before 23rd May 2009,,8B+,22,14.0,2009-05-23,2009
2763,https://climbing-history.org/climb/2763,Sedni Si Na Kost,8B+,Boulder problem,Holštejn,2,Adam Ondra,Boulder | worked,16th Sep 2009,,8B+,22,14.0,2009-09-16,2009
3408,https://climbing-history.org/climb/3408,American Gangster,8B+,Boulder problem,Sundergrund,4,Daniel Woods,Boulder | worked,25th Nov 2009,,8B+,22,14.0,2009-11-25,2009
2195,https://climbing-history.org/climb/2195,Ninja Skills,8B+,Boulder problem,Sobrio,12,Nalle Hukkataival,Boulder | worked,21st Dec 2009,8B+,8B+,22,14.0,2009-12-21,2009
6362,https://climbing-history.org/climb/6362,Takaki Mikura SD,8B+,Boulder problem,Mizugaki,10,Tokio Muroi,Boulder | worked,Before 1st Jan 2010,,8B+,22,14.0,2010-01-01,2010
6547,https://climbing-history.org/climb/6547,Idea,8B+,Boulder problem,Horai,3,Dai Koyamada,Boulder | worked,8th Feb 2010,8C,8B+,22,14.0,2010-02-08,2010
3247,https://climbing-history.org/climb/3247,Emotion,8B+,Boulder problem,Kasagiyama,13,Dai Koyamada,Boulder | worked,Mar 2010,,8B+,22,14.0,2010-03-01,2010
7609,https://climbing-history.org/climb/7609,Insomnia,8B+,Boulder problem,Labské Údolí,1,Rosta Stefanek,Boulder | worked,30th Apr 2010,,8B+,22,14.0,2010-04-30,2010
6943,https://climbing-history.org/climb/6943,A1,8B+,Boulder problem,Jessica's,3,Taylor Parsons,Boulder | worked,20th Aug 2010,,8B+,22,14.0,2010-08-20,2010
848,https://climbing-history.org/climb/848,Warrior Up,8B+,Boulder problem,Lincoln Lake,22,Daniel Woods,Boulder | worked,4th Sep 2010,,8B+,22,14.0,2010-09-04,2010
5286,https://climbing-history.org/climb/5286,To Your Scattered Bodies Go,8B+,Boulder problem,Lincoln Lake,5,Dave Graham,Boulder | worked,10th Sep 2010,8B,8B+,22,14.0,2010-09-10,2010
4522,https://climbing-history.org/climb/4522,Blood Redemption,8B+,Boulder problem,Matre,4,Magnus Midtbø,Boulder | worked,29th Sep 2010,8C,8B+,22,14.0,2010-09-29,2010
3890,https://climbing-history.org/climb/3890,Insurgency,8B+,Boulder problem,Joe's Valley,9,James Litz,Boulder | worked,Oct 2010,,8B+,22,14.0,2010-10-01,2010
7778,https://climbing-history.org/climb/7778,Delusion,8B+,Boulder problem,Skevik,2,Per Norgren,Boulder | worked,Oct 2010,,8B+,22,14.0,2010-10-01,2010
741,https://climbing-history.org/climb/741,Ill Thrill,8B+,Boulder problem,Magic Wood,8,Paul Robinson,Boulder | worked,12th Oct 2010,,8B+,22,14.0,2010-10-12,2010
3368,https://climbing-history.org/climb/3368,Believe in Two,8B+,Boulder problem,Magic Wood,9,Taylor Parsons,Boulder | worked,16th Oct 2010,8C,8B+,22,14.0,2010-10-16,2010
120,https://climbing-history.org/climb/120,From Dirt Grows the Flowers (Left),8B+,Boulder problem,Chironico,3,Micky Page,Boulder | worked,27th Nov 2010,,8B+,22,14.0,2010-11-27,2010
406,https://climbing-history.org/climb/406,Dandelion Mind,8B+,Boulder problem,Badger Cove,20,Dan Varian,Boulder | worked,2011,8B+,8B+,22,14.0,2011-01-01,2011
3786,https://climbing-history.org/climb/3786,Seventh Circle,8B+,Boulder problem,Hueco Tanks,6,Jason Kehl,Boulder | worked,2011,,8B+,22,14.0,2011-01-01,2011
5081,https://climbing-history.org/climb/5081,Misdirection,8B+,Boulder problem,The Buttermilks,1,Daniel Beall,Boulder | worked,2011,,8B+,22,14.0,2011-01-01,2011
3933,https://climbing-history.org/climb/3933,Wood Grain Grippin',8B+,Boulder problem,Horseshoe Canyon Ranch,3,Brion Voges,Boulder | worked,11th Feb 2011,,8B+,22,14.0,2011-02-11,2011
4630,https://climbing-history.org/climb/4630,The House of Doom,8B+,Boulder problem,Hueco Tanks,4,Daniel Woods,Boulder | worked,9th Mar 2011,8B+,8B+,22,14.0,2011-03-09,2011
435,https://climbing-history.org/climb/435,Seven of Nine,8B+,Boulder problem,Nevis Bouldering,1,Dave MacLeod,Boulder | worked,Apr 2011,,8B+,22,14.0,2011-04-01,2011
6327,https://climbing-history.org/climb/6327,Agartha,8B+,Boulder problem,Toyota,2,Dai Koyamada,Boulder | worked,May 2011,,8B+,22,14.0,2011-05-01,2011
2653,https://climbing-history.org/climb/2653,Mirta,8B+,Boulder problem,Topside,11,Paul Robinson,Boulder | worked,9th Jul 2011,8B+,8B+,22,14.0,2011-07-09,2011
4626,https://climbing-history.org/climb/4626,Paranormal Activity,8B+,Boulder problem,Topside,3,Paul Robinson,Boulder | worked,29th Jul 2011,,8B+,22,14.0,2011-07-29,2011
125,https://climbing-history.org/climb/125,Bewilderness,8B+,Boulder problem,Badger Cove,18,Dan Varian,Boulder | worked,Before 24th Aug 2011,,8B+,22,14.0,2011-08-24,2011
793,https://climbing-history.org/climb/793,Golden Shadow,8B+,Boulder problem,Roadcrew,15,Adam Ondra,Boulder | worked,24th Aug 2011,,8B+,22,14.0,2011-08-24,2011
4722,https://climbing-history.org/climb/4722,Occam's Razor,8B+,Boulder problem,Buandik,3,Nalle Hukkataival,Boulder | worked,13th Sep 2011,,8B+,22,14.0,2011-09-13,2011
146,https://climbing-history.org/climb/146,Mystic Stylez,8B+,Boulder problem,Magic Wood,13,Daniel Woods,Boulder | worked,2nd Oct 2011,8B+,8B+,22,14.0,2011-10-02,2011
4132,https://climbing-history.org/climb/4132,Remembrance of Things Past,8B+,Boulder problem,Magic Wood,5,Daniel Woods,Boulder | worked,Before 2nd Oct 2011,,8B+,22,14.0,2011-10-02,2011
4507,https://climbing-history.org/climb/4507,Circus Elephant Syndrome,8B+,Boulder problem,Sipoo,11,Nalle Hukkataival,Boulder | worked,12th Oct 2011,,8B+,22,14.0,2011-10-12,2011
847,https://climbing-history.org/climb/847,The Ice Knife,8B+,Boulder problem,Guanella Pass,6,Dave Graham,Boulder | worked,18th Oct 2011,8C,8B+,22,14.0,2011-10-18,2011
2174,https://climbing-history.org/climb/2174,Tokoyo,8B+,Boulder problem,Kasagiyama,13,Dai Koyamada,Boulder | worked,Nov 2011,,8B+,22,14.0,2011-11-01,2011
681,https://climbing-history.org/climb/681,The Traphouse,8B+,Boulder problem,Cuvier Rempart,9,Paul Robinson,Boulder | worked,10th Dec 2011,8B+,8B+,22,14.0,2011-12-10,2011
7941,https://climbing-history.org/climb/7941,Papa Oso,8B+,Boulder problem,Torrelodones,5,Alberto Rocasolano Jaudenes,Boulder | worked,15th Dec 2011,8C,8B+,22,14.0,2011-12-15,2011
1750,https://climbing-history.org/climb/1750,Memory is Parallax,8B+,Boulder problem,Elkland,5,Dave Graham,Boulder | worked,31st Dec 2011,,8B+,22,14.0,2011-12-31,2011
3911,https://climbing-history.org/climb/3911,A Man Escaped,8B+,Boulder problem,Bradley Mountain,8,Tyler Landman,Boulder | worked,2012,,8B+,22,14.0,2012-01-01,2012
4701,https://climbing-history.org/climb/4701,Hibernatus (assis),8B+,Boulder problem,Dame Jouanne,4,Sébastien Frigault,Boulder | worked,Jan 2012,,8B+,22,14.0,2012-01-01,2012
7458,https://climbing-history.org/climb/7458,Modified Limited Rampage,8B+,Boulder problem,Champagne,1,Nalle Hukkataival,Boulder | worked,2012,,8B+,22,14.0,2012-01-01,2012
3464,https://climbing-history.org/climb/3464,Mirror Reality,8B+,Boulder problem,Bear Lake Road,12,Daniel Woods,Boulder | worked,4th Jan 2012,,8B+,22,14.0,2012-01-04,2012
2268,https://climbing-history.org/climb/2268,Satan i Helvete (Bas),8B+,Boulder problem,Coquibus Longs Vaux,4,Kevin Lopata,Boulder | worked,17th Jan 2012,,8B+,22,14.0,2012-01-17,2012
3263,https://climbing-history.org/climb/3263,Mind to Motion,8B+,Boulder problem,Elkland,20,Daniel Woods,Boulder | worked,29th Jan 2012,,8B+,22,14.0,2012-01-29,2012
3916,https://climbing-history.org/climb/3916,Neon Desert,8B+,Boulder problem,Hueco Tanks,10,Dave Graham,Boulder | worked,29th Feb 2012,,8B+,22,14.0,2012-02-29,2012
4703,https://climbing-history.org/climb/4703,Charlotte,8B+,Boulder problem,La Pedriza,4,Alberto Rocasolano Jaudenes,Boulder | worked,6th Mar 2012,,8B+,22,14.0,2012-03-06,2012
4505,https://climbing-history.org/climb/4505,Blood of a Young Wolf,8B+,Boulder problem,Hueco Tanks,6,Dave Graham,Boulder | worked,9th Mar 2012,,8B+,22,14.0,2012-03-09,2012
3461,https://climbing-history.org/climb/3461,The Grey,8B+,Boulder problem,Wild Basin,15,Dave Graham,Boulder | worked,27th Apr 2012,8B+,8B+,22,14.0,2012-04-27,2012
5448,https://climbing-history.org/climb/5448,Never Say Never,8B+,Boulder problem,Arapiles,6,Nalle Hukkataival,Boulder | worked,Jun 2012,,8B+,22,14.0,2012-06-01,2012
4542,https://climbing-history.org/climb/4542,Hand-Jive,8B+,Boulder problem,Gjerdalen,1,Adam Ondra,Boulder | worked,31st Jul 2012,,8B+,22,14.0,2012-07-31,2012
4288,https://climbing-history.org/climb/4288,Voimasanat,8B+,Boulder problem,Martti Servo,3,Jani Lehtola,Boulder | worked,28th Aug 2012,,8B+,22,14.0,2012-08-28,2012
7392,https://climbing-history.org/climb/7392,Nexus 10.0,8B+,Boulder problem,Hubelj,2,Bostjan Weingerl,Boulder | worked,30th Aug 2012,,8B+,22,14.0,2012-08-30,2012
845,https://climbing-history.org/climb/845,White Noise,8B+,Boulder problem,Wild Basin,11,Daniel Woods,Boulder | worked,18th Sep 2012,,8B+,22,14.0,2012-09-18,2012
7276,https://climbing-history.org/climb/7276,Minerva,8B+,Boulder problem,Mizugaki,8,Toshi Takeuchi,Boulder | worked,26th Sep 2012,8B+,8B+,22,14.0,2012-09-26,2012
1629,https://climbing-history.org/climb/1629,Insanity of Grandeur,8B+,Boulder problem,Chironico,5,Dai Koyamada,Boulder | worked,Nov 2012,,8B+,22,14.0,2012-11-01,2012
2454,https://climbing-history.org/climb/2454,Momentum,8B+,Boulder problem,Valle Bavona,9,Nalle Hukkataival,Boulder | worked,Nov 2012,8C,8B+,22,14.0,2012-11-01,2012
824,https://climbing-history.org/climb/824,Mixed Emotions,8B+,Boulder problem,Kay Nest,1,Mike Adams,Boulder | worked,18th Nov 2012,,8B+,22,14.0,2012-11-18,2012
4267,https://climbing-history.org/climb/4267,Kukuzen,8B+,Boulder problem,,2,Jun Shibanuma,Boulder | worked,2013,,8B+,22,14.0,2013-01-01,2013
443,https://climbing-history.org/climb/443,Soul Revolution Sit Start,8B+,Boulder problem,Glenmalure,3,Michael Duffy,Boulder | worked,Feb 2013,,8B+,22,14.0,2013-02-01,2013
1150,https://climbing-history.org/climb/1150,The Kingdom,8B+,Boulder problem,Brione,13,Carlo Traversi,Boulder | worked,31st Mar 2013,8C,8B+,22,14.0,2013-03-31,2013
412,https://climbing-history.org/climb/412,Das Pumpenhausen,8B+,Boulder problem,Porth Ysgo,1,Alex Megos,Boulder | worked,May 2013,8B,8B+,22,14.0,2013-05-01,2013
4330,https://climbing-history.org/climb/4330,The Purge,8B+,Boulder problem,Elkland,4,Daniel Woods,Boulder | worked,16th May 2013,,8B+,22,14.0,2013-05-16,2013
6371,https://climbing-history.org/climb/6371,The Ghost Ship,8B+,Boulder problem,Champorcher,2,Niccolò Ceria,Boulder | worked,26th May 2013,,8B+,22,14.0,2013-05-26,2013
4293,https://climbing-history.org/climb/4293,Shantaram,8B+,Boulder problem,Ramsøya,4,Bernd Zangerl,Boulder | worked,11th Jun 2013,,8B+,22,14.0,2013-06-11,2013
3254,https://climbing-history.org/climb/3254,Owning the Weather,8B+,Boulder problem,Mount Fox,4,Nalle Hukkataival,Boulder | worked,21st Jul 2013,8B+,8B+,22,14.0,2013-07-21,2013
2526,https://climbing-history.org/climb/2526,Wave Swoop,8B+,Boulder problem,Mount Fox,3,Dave Graham,Boulder | worked,28th Jul 2013,,8B+,22,14.0,2013-07-28,2013
842,https://climbing-history.org/climb/842,The Wheel of Wolvo,8B+,Boulder problem,Lincoln Lake,15,Jimmy Webb,Boulder | worked,5th Sep 2013,8C,8B+,22,14.0,2013-09-05,2013
130,https://climbing-history.org/climb/130,The Rail,8B+,Boulder problem,Bowden Doors,1,Dan Varian,Boulder | worked,10th Oct 2013,8B+,8B+,22,14.0,2013-10-10,2013
1740,https://climbing-history.org/climb/1740,The Penrose Step,8B+,Boulder problem,Leavenworth,19,Carlo Traversi,Boulder | worked,16th Oct 2013,,8B+,22,14.0,2013-10-16,2013
807,https://climbing-history.org/climb/807,Mécanique Élémentaire,8B+,Boulder problem,Recloses,15,Sébastien Frigault,Boulder | worked,29th Oct 2013,,8B+,22,14.0,2013-10-29,2013
3920,https://climbing-history.org/climb/3920,Angmar,8B+,Boulder problem,Flagstaff,3,Matt Gentile,Boulder | worked,15th Nov 2013,8B,8B+,22,14.0,2013-11-15,2013
3665,https://climbing-history.org/climb/3665,Boix Boig,8B+,Boulder problem,Fussimanya,2,Ramón Julián Puigblanque,Boulder | worked,4th Dec 2013,8B+,8B+,22,14.0,2013-12-04,2013
197,https://climbing-history.org/climb/197,Blood Sport LH,8B+,Boulder problem,Shaftoe Crags,2,Joe Wilson,Boulder | worked,17th Dec 2013,,8B+,22,14.0,2013-12-17,2013
1682,https://climbing-history.org/climb/1682,Trieste,8B+,Boulder problem,First Creek Canyon,23,Paul Robinson,Boulder | worked,1st Jan 2014,,8B+,22,14.0,2014-01-01,2014
2163,https://climbing-history.org/climb/2163,The Multiverse,8B+,Boulder problem,Neverland,15,Jimmy Webb,Boulder | worked,2014,8B+,8B+,22,14.0,2014-01-01,2014
3459,https://climbing-history.org/climb/3459,L'Étoile Du Nord,8B+,Boulder problem,Sawmill Creek Dome,1,Jim Merli,Boulder | worked,2014,,8B+,22,14.0,2014-01-01,2014
4721,https://climbing-history.org/climb/4721,The World Is Not Flat,8B+,Boulder problem,Buandik,1,Nalle Hukkataival,Boulder | worked,2014,,8B+,22,14.0,2014-01-01,2014
6610,https://climbing-history.org/climb/6610,The Lonely Crowd,8B+,Boulder problem,Hollow Mountain Area,2,Nalle Hukkataival,Boulder | worked,2014,,8B+,22,14.0,2014-01-01,2014
3480,https://climbing-history.org/climb/3480,The Reckoning,8B+,Boulder problem,the North Wall Boulders,19,Tim Clifford,Boulder | worked,Before 23rd Jan 2014,,8B+,22,14.0,2014-01-23,2014
5165,https://climbing-history.org/climb/5165,No Peace,8B+,Boulder problem,Taco Cave,2,Matt Fultz,Boulder | worked,26th Jan 2014,,8B+,22,14.0,2014-01-26,2014
575,https://climbing-history.org/climb/575,Tomahawk,8B+,Boulder problem,Roche Abbey,7,Mike Adams,Boulder | worked,Feb 2014,,8B+,22,14.0,2014-02-01,2014
5252,https://climbing-history.org/climb/5252,La Toupie Carnivore (assis),8B+,Boulder problem,Rocher Saint Germain,7,Guillaume Glairon-Mondet,Boulder | worked,2nd Mar 2014,,8B+,22,14.0,2014-03-02,2014
4307,https://climbing-history.org/climb/4307,Trieste Low,8B+,Boulder problem,First Creek Canyon,10,Daniel Woods,Boulder | worked,8th Mar 2014,8B+ (hard),8B+,22,14.0,2014-03-08,2014
1543,https://climbing-history.org/climb/1543,Big Kat,8B+,Boulder problem,Chironico,5,Jimmy Webb,Boulder | worked,28th Mar 2014,8B+ (soft),8B+,22,14.0,2014-03-28,2014
1519,https://climbing-history.org/climb/1519,Gepresster Hase,8B+,Boulder problem,the Sustenpass Boulders,2,Martin Keller,Boulder | worked,Apr 2014,8C,8B+,22,14.0,2014-04-01,2014
3447,https://climbing-history.org/climb/3447,The Phoenix,8B+,Boulder problem,Bear Lake Road,16,Michael O'Rourke,Boulder | worked,27th Apr 2014,,8B+,22,14.0,2014-04-27,2014
8026,https://climbing-history.org/climb/8026,Beginning of the End,8B+,Boulder problem,Zalog,2,Rok Klančnik,Boulder | worked,30th May 2014,,8B+,22,14.0,2014-05-30,2014
4656,https://climbing-history.org/climb/4656,Deadalus Direct,8B+,Boulder problem,the Sustenpass Boulders,4,Erik Grandelius,Boulder | worked,16th Jun 2014,8B,8B+,22,14.0,2014-06-16,2014
6062,https://climbing-history.org/climb/6062,Fortaleza,8B+,Boulder problem,Praia da Fortaleza,6,Felipe Camargo,Boulder | worked,16th Jun 2014,8C,8B+,22,14.0,2014-06-16,2014
6370,https://climbing-history.org/climb/6370,Gliese 581,8B+,Boulder problem,Champorcher,2,Niccolò Ceria,Boulder | worked,26th Jun 2014,,8B+,22,14.0,2014-06-26,2014
5452,https://climbing-history.org/climb/5452,Autofix (pre-break),8B+,Boulder problem,Sloup,2,Martin Stráník,Boulder | worked,12th Jul 2014,,8B+,22,14.0,2014-07-12,2014
2486,https://climbing-history.org/climb/2486,Speed of Sound,8B+,Boulder problem,The Saddle,16,Jimmy Webb,Boulder | worked,13th Jul 2014,,8B+,22,14.0,2014-07-13,2014
7483,https://climbing-history.org/climb/7483,Pied de Biche,8B+,Boulder problem,Plamproz,3,Samuel Ometz,Boulder | worked,27th Jul 2014,,8B+,22,14.0,2014-07-27,2014
3382,https://climbing-history.org/climb/3382,Komodo,8B+,Boulder problem,Neverland,4,Jimmy Webb,Boulder | worked,7th Nov 2014,,8B+,22,14.0,2014-11-07,2014
7328,https://climbing-history.org/climb/7328,Titan,8B+,Boulder problem,Tokyo (other),1,Akira Waku,Boulder | worked,27th Dec 2014,,8B+,22,14.0,2014-12-27,2014
428,https://climbing-history.org/climb/428,Star Power,8B+,Boulder problem,High Crag,3,Dan Varian,Boulder | worked,2015,,8B+,22,14.0,2015-01-01,2015
1724,https://climbing-history.org/climb/1724,Mona Lisa,8B+,Boulder problem,Horai,10,Dai Koyamada,Boulder | worked,2015,8B+,8B+,22,14.0,2015-01-01,2015
2667,https://climbing-history.org/climb/2667,Get Railed,8B+,Boulder problem,Roadside,11,Nalle Hukkataival,Boulder | worked,2015,,8B+,22,14.0,2015-01-01,2015
5080,https://climbing-history.org/climb/5080,Misdirected,8B+,Boulder problem,The Buttermilks,2,Daniel Beall,Boulder | worked,2015,,8B+,22,14.0,2015-01-01,2015
6608,https://climbing-history.org/climb/6608,Mind Games,8B+,Boulder problem,Devil's Playground,1,Nalle Hukkataival,Boulder | worked,2015,,8B+,22,14.0,2015-01-01,2015
6609,https://climbing-history.org/climb/6609,Rule of Thumb,8B+,Boulder problem,The Gallery,3,Nalle Hukkataival,Boulder | worked,2015,,8B+,22,14.0,2015-01-01,2015
2675,https://climbing-history.org/climb/2675,Kintsugi,8B+,Boulder problem,Mud Springs Canyon,15,Nalle Hukkataival,Boulder | worked,25th Jan 2015,8C,8B+,22,14.0,2015-01-25,2015
1745,https://climbing-history.org/climb/1745,Serenade,8B+,Boulder problem,Roche Abbey,5,Dawid Skoczylas,Boulder | worked,11th Feb 2015,,8B+,22,14.0,2015-02-11,2015
573,https://climbing-history.org/climb/573,L'Alchimiste,8B+,Boulder problem,Apremont,9,Nalle Hukkataival,Boulder | worked,5th Mar 2015,,8B+,22,14.0,2015-03-05,2015
4480,https://climbing-history.org/climb/4480,Fire in the Rain,8B+,Boulder problem,Anston Stones Wood,1,Tom Newman,Boulder | worked,15th May 2015,,8B+,22,14.0,2015-05-15,2015
1654,https://climbing-history.org/climb/1654,Noise vs. Beauty,8B+,Boulder problem,Roadside,6,Daniel Woods,Boulder | worked,18th Jun 2015,,8B+,22,14.0,2015-06-18,2015
6606,https://climbing-history.org/climb/6606,Between Earth and Sky,8B+,Boulder problem,Three Corners,2,Paul Robinson,Boulder | worked,29th Jun 2015,8B+,8B+,22,14.0,2015-06-29,2015
5574,https://climbing-history.org/climb/5574,Shakey Warrior,8B+,Boulder problem,The Section,3,Dave Graham,Boulder | worked,1st Jul 2015,,8B+,22,14.0,2015-07-01,2015
7606,https://climbing-history.org/climb/7606,Pekelně Se Soustřeď Mirečku,8B+,Boulder problem,Labské Údolí,1,Martin Stráník,Boulder | worked,29th Jul 2015,,8B+,22,14.0,2015-07-29,2015
3953,https://climbing-history.org/climb/3953,An Empty Smile,8B+,Boulder problem,Joe's Valley,2,Matt Fultz,Boulder | worked,7th Dec 2015,,8B+,22,14.0,2015-12-07,2015
2269,https://climbing-history.org/climb/2269,Phenomena,8B+,Boulder problem,Hinokage,5,Dai Koyamada,Boulder | worked,Before 24th Dec 2015,,8B+,22,14.0,2015-12-24,2015
420,https://climbing-history.org/climb/420,Traci Lords SDS,8B+,Boulder problem,the Coniston Boulders,2,Aidan Roberts,Boulder | worked,2016,,8B+,22,14.0,2016-01-01,2016
2267,https://climbing-history.org/climb/2267,Satan i Helvete,8B+,Boulder problem,Coquibus Longs Vaux,1,Alban Levier,Boulder | worked,2016,,8B+,22,14.0,2016-01-01,2016
2472,https://climbing-history.org/climb/2472,The Wagon Wheel,8B+,Boulder problem,Petit Bois,3,Charles Albert,Boulder | worked,2016,,8B+,22,14.0,2016-01-01,2016
6019,https://climbing-history.org/climb/6019,Manhattan Reine Cantonale,8B+,Boulder problem,Pralong,6,Théo Chappex,Boulder | worked,2016,,8B+,22,14.0,2016-01-01,2016
7087,https://climbing-history.org/climb/7087,Mandrágora Sit Start,8B+,Boulder problem,,1,Alberto Rocasolano Jaudenes,Boulder | worked,Before 1st Jan 2016,,8B+,22,14.0,2016-01-01,2016
556,https://climbing-history.org/climb/556,Catalan Witness the Fitness,8B+,Boulder problem,Cova de L'Ocell,8,Chris Sharma,Boulder | worked,2nd Jan 2016,,8B+,22,14.0,2016-01-02,2016
6061,https://climbing-history.org/climb/6061,Libertadores,8B+,Boulder problem,Ouro Preto,1,Felipe Ho Foganholo,Boulder | worked,24th Jan 2016,,8B+,22,14.0,2016-01-24,2016
7607,https://climbing-history.org/climb/7607,Hélios,8B+,Boulder problem,Labské Údolí,1,Martin Stráník,Boulder | worked,12th Feb 2016,,8B+,22,14.0,2016-02-12,2016
1811,https://climbing-history.org/climb/1811,Le Pied à Coulisse (Direct),8B+,Boulder problem,Rocher Gréau,1,Charles Albert,Boulder | worked,15th Feb 2016,,8B+,22,14.0,2016-02-15,2016
5078,https://climbing-history.org/climb/5078,Vercingetorix,8B+,Boulder problem,Druid Stones,1,Daniel Beall,Boulder | worked,15th Feb 2016,,8B+,22,14.0,2016-02-15,2016
4535,https://climbing-history.org/climb/4535,Independencia,8B+,Boulder problem,Cova de L'Ocell,2,Alberto Rocasolano Jaudenes,Boulder | worked,Before 1st Mar 2016,,8B+,22,14.0,2016-03-01,2016
4530,https://climbing-history.org/climb/4530,Wolverine,8B+,Boulder problem,Vingsand,5,Martin Mobråten,Boulder | worked,3rd Mar 2016,,8B+,22,14.0,2016-03-03,2016
2872,https://climbing-history.org/climb/2872,Meikyoshisui,8B+,Boulder problem,Toyamagawa,8,Dai Koyamada,Boulder | repeat,18th Mar 2016,,8B+,22,14.0,2016-03-18,2016
7818,https://climbing-history.org/climb/7818,Dagdrömmen sittstart,8B+,Boulder problem,Flarken,1,Jimmy Karlsson,Boulder | worked,30th Apr 2016,,8B+,22,14.0,2016-04-30,2016
7761,https://climbing-history.org/climb/7761,Jon Assis,8B+,Boulder problem,Jumkil,3,Alex Megos,Boulder | worked,15th May 2016,8B/8B+,8B+,22,14.0,2016-05-15,2016
4388,https://climbing-history.org/climb/4388,Biotronic,8B+,Boulder problem,Quantum Field,2,Niccolò Ceria,Boulder | worked,22nd May 2016,,8B+,22,14.0,2016-05-22,2016
1518,https://climbing-history.org/climb/1518,Highlander,8B+,Boulder problem,the Sustenpass Boulders,5,Martin Keller,Boulder | worked,Jun 2016,8C,8B+,22,14.0,2016-06-01,2016
7238,https://climbing-history.org/climb/7238,The Last Armstrong,8B+,Boulder problem,Parisella's Cave,2,Alex Megos,Boulder | worked,Jun 2016,,8B+,22,14.0,2016-06-01,2016
701,https://climbing-history.org/climb/701,Louis Cut,8B+,Boulder problem,Parisella's Cave,3,Alex Megos,Boulder | worked,10th Jun 2016,,8B+,22,14.0,2016-06-10,2016
8089,https://climbing-history.org/climb/8089,Malva Power,8B+,Boulder problem,Rocklands,1,Jan Hojer,Boulder | worked,23rd Jun 2016,,8B+,22,14.0,2016-06-23,2016
6605,https://climbing-history.org/climb/6605,The Dragon's Guardian,8B+,Boulder problem,Three Corners,2,Paul Robinson,Boulder | worked,Before 15th Jul 2016,8B+/8C,8B+,22,14.0,2016-07-15,2016
8031,https://climbing-history.org/climb/8031,Welcome to Jamrock,8B+,Boulder problem,Silvapark,1,Toby Saxton,Boulder | worked,4th Sep 2016,,8B+,22,14.0,2016-09-04,2016
4383,https://climbing-history.org/climb/4383,Domestic Cat,8B+,Boulder problem,Chaos Canyon,7,Daniel Woods,Boulder | worked,23rd Sep 2016,,8B+,22,14.0,2016-09-23,2016
3902,https://climbing-history.org/climb/3902,Throwback,8B+,Boulder problem,Flagstaff,3,Timmy Fairfield,Boulder | worked,Before 24th Sep 2016,,8B+,22,14.0,2016-09-24,2016
7752,https://climbing-history.org/climb/7752,Trainspotting,8B+,Boulder problem,Partille Station,5,Alex Megos,Boulder | worked,29th Oct 2016,,8B+,22,14.0,2016-10-29,2016
5797,https://climbing-history.org/climb/5797,La Teoría del Todo,8B+,Boulder problem,Albarracín,8,Alberto Rocasolano Jaudenes,Boulder | worked,Nov 2016,8C+,8B+,22,14.0,2016-11-01,2016
7273,https://climbing-history.org/climb/7273,Pinch Traverse,8B+,Boulder problem,,3,Chon Jongwon,Boulder | worked,Before 12th Nov 2016,,8B+,22,14.0,2016-11-12,2016
4150,https://climbing-history.org/climb/4150,Hide and Sick,8B+,Boulder problem,Maltatal,11,Jernej Kruder,Boulder | worked,11th Dec 2016,8B+,8B+,22,14.0,2016-12-11,2016
3460,https://climbing-history.org/climb/3460,Jumpman,8B+,Boulder problem,Boulder Canyon,8,Daniel Woods,Boulder | worked,27th Dec 2016,,8B+,22,14.0,2016-12-27,2016
1768,https://climbing-history.org/climb/1768,El Elegido,8B+,Boulder problem,La Pedriza,6,Alberto Rocasolano Jaudenes,Boulder | worked,2017,,8B+,22,14.0,2017-01-01,2017
1998,https://climbing-history.org/climb/1998,The Book Club,8B+,Boulder problem,Nachorizma,13,Shawn Raboutou,Boulder | worked,2017,,8B+,22,14.0,2017-01-01,2017
6702,https://climbing-history.org/climb/6702,Ogle,8B+,Boulder problem,Kasagiyama,5,Dai Koyamada,Boulder | worked,Before 1st Jan 2017,,8B+,22,14.0,2017-01-01,2017
4331,https://climbing-history.org/climb/4331,The Eagle and the Hawk,8B+,Boulder problem,Secret Garden,4,Jimmy Webb,Boulder | worked,23rd Jan 2017,,8B+,22,14.0,2017-01-23,2017
7037,https://climbing-history.org/climb/7037,Ymir,8B+,Boulder problem,Shiobara,4,Ryuichi Murai,Boulder | worked,15th Feb 2017,,8B+,22,14.0,2017-02-15,2017
135,https://climbing-history.org/climb/135,Bordello SDS,8B+,Boulder problem,Earth Quarry,2,Mike Adams,Boulder | worked,Mar 2017,8C,8B+,22,14.0,2017-03-01,2017
558,https://climbing-history.org/climb/558,Lithium,8B+,Boulder problem,Arisaig Cave,1,Dave MacLeod,Boulder | worked,Mar 2017,,8B+,22,14.0,2017-03-01,2017
4266,https://climbing-history.org/climb/4266,Amaterasu,8B+,Boulder problem,Hiei,8,Dai Koyamada,Boulder | worked,Before 1st Mar 2017,,8B+,22,14.0,2017-03-01,2017
3912,https://climbing-history.org/climb/3912,Third Eye Awakening,8B+,Boulder problem,Boone,4,Taylor McNeill,Boulder | worked,6th Mar 2017,,8B+,22,14.0,2017-03-06,2017
1155,https://climbing-history.org/climb/1155,Tron,8B+,Boulder problem,Eldorado Canyon,7,Daniel Woods,Boulder | worked,12th Mar 2017,8B+,8B+,22,14.0,2017-03-12,2017
121,https://climbing-history.org/climb/121,Ladybird Orgy,8B+,Boulder problem,Forest Rock,2,Orrin Coley,Boulder | worked,15th Apr 2017,,8B+,22,14.0,2017-04-15,2017
2811,https://climbing-history.org/climb/2811,Decided,8B+,Boulder problem,Mizugaki,17,Toru Nakajima,Boulder | worked,Before 23rd Apr 2017,,8B+,22,14.0,2017-04-23,2017
7888,https://climbing-history.org/climb/7888,King of Sting,8B+,Boulder problem,Luohua,1,Osmo Aspi,Boulder | worked,May 2017,,8B+,22,14.0,2017-05-01,2017
4329,https://climbing-history.org/climb/4329,Anti Panic,8B+,Boulder problem,Bear Lake Road,5,Daniel Woods,Boulder | worked,13th May 2017,,8B+,22,14.0,2017-05-13,2017
3904,https://climbing-history.org/climb/3904,Epidote Extension (Left),8B+,Boulder problem,Wild Basin,3,Sam Weir,Boulder | worked,24th May 2017,8B+ (soft),8B+,22,14.0,2017-05-24,2017
8199,https://climbing-history.org/climb/8199,A Simple Knowing Low,8B+,Boulder problem,Topside,3,Jimmy Webb,Boulder | worked,3rd Jun 2017,8B+,8B+,22,14.0,2017-06-03,2017
2619,https://climbing-history.org/climb/2619,Cosmic Artifact,8B+,Boulder problem,The Gallery,11,Dave Graham,Boulder | worked,Before 10th Jun 2017,8B+,8B+,22,14.0,2017-06-10,2017
818,https://climbing-history.org/climb/818,Golden Daze,8B+,Boulder problem,Silvapark,1,Toby Saxton,Boulder | worked,28th Jul 2017,,8B+,22,14.0,2017-07-28,2017
1138,https://climbing-history.org/climb/1138,Hazel Grace,8B+,Boulder problem,Gotthard Pass,23,Giuliano Cameroni,Boulder | worked,1st Aug 2017,,8B+,22,14.0,2017-08-01,2017
129,https://climbing-history.org/climb/129,Triggerocity-Upper Cut,8B+,Boulder problem,Parisella's Cave,1,Jack Palmieri,Boulder | worked,15th Sep 2017,,8B+,22,14.0,2017-09-15,2017
7858,https://climbing-history.org/climb/7858,Gravitational Wave,8B+,Boulder problem,Sipoo,2,Anthony Gullsten,Boulder | worked,19th Oct 2017,,8B+,22,14.0,2017-10-19,2017
4640,https://climbing-history.org/climb/4640,Peak Power,8B+,Boulder problem,Franchard Meyer,3,Thomas Collignon,Boulder | worked,30th Oct 2017,,8B+,22,14.0,2017-10-30,2017
218,https://climbing-history.org/climb/218,Weeding the Lip,8B+,Boulder problem,Raven Tor,5,Will Smith,Boulder | worked,4th Nov 2017,8B,8B+,22,14.0,2017-11-04,2017
7745,https://climbing-history.org/climb/7745,Sting Assis,8B+,Boulder problem,Plex,1,Samuel Ometz,Boulder | worked,4th Nov 2017,,8B+,22,14.0,2017-11-04,2017
6368,https://climbing-history.org/climb/6368,Dreamcatcher,8B+,Boulder problem,Petrohrad,3,Martin Stráník,Boulder | worked,3rd Dec 2017,,8B+,22,14.0,2017-12-03,2017
1934,https://climbing-history.org/climb/1934,The Ramp,8B+,Boulder problem,The Wave,1,Ned Feehally,Boulder | worked,2018,,8B+,22,14.0,2018-01-01,2018
3482,https://climbing-history.org/climb/3482,Reverse Cowgirl,8B+,Boulder problem,the Dihedral Boulders,8,Shawn Raboutou,Boulder | worked,2018,,8B+,22,14.0,2018-01-01,2018
7246,https://climbing-history.org/climb/7246,Crépitement Vôtre,8B+,Boulder problem,Le Salève,3,Charles Albert,Boulder | worked,2018,,8B+,22,14.0,2018-01-01,2018
1773,https://climbing-history.org/climb/1773,Iur,8B+,Boulder problem,Cresciano,2,Giuliano Cameroni,Boulder | worked,18th Jan 2018,,8B+,22,14.0,2018-01-18,2018
4684,https://climbing-history.org/climb/4684,Mithril Sit,8B+,Boulder problem,Cresciano,4,Giuliano Cameroni,Boulder | worked,31st Jan 2018,,8B+,22,14.0,2018-01-31,2018
6701,https://climbing-history.org/climb/6701,The Expanse,8B+,Boulder problem,Joe's Valley,4,Matt Fultz,Boulder | worked,12th Feb 2018,8B+/8C,8B+,22,14.0,2018-02-12,2018
7312,https://climbing-history.org/climb/7312,Malédiction (assis),8B+,Boulder problem,Rioupéroux,1,Clément Lechaptois,Boulder | worked,2nd Mar 2018,,8B+,22,14.0,2018-03-02,2018
6469,https://climbing-history.org/climb/6469,The Book of Shadows,8B+,Boulder problem,Bradley Mountain,3,Bryce Viola,Boulder | worked,18th Mar 2018,,8B+,22,14.0,2018-03-18,2018
1785,https://climbing-history.org/climb/1785,La Ligne de Bête,8B+,Boulder problem,Boissy aux Cailles,9,Dan Varian,Boulder | worked,Before 19th Mar 2018,,8B+,22,14.0,2018-03-19,2018
816,https://climbing-history.org/climb/816,Loucifer,8B+,Boulder problem,Parisella's Cave,2,Mike Hart,Boulder | worked,Apr 2018,,8B+,22,14.0,2018-04-01,2018
3266,https://climbing-history.org/climb/3266,Casavino,8B+,Boulder problem,Brione,9,Giuliano Cameroni,Boulder | worked,26th Apr 2018,,8B+,22,14.0,2018-04-26,2018
3864,https://climbing-history.org/climb/3864,Room Service Low,8B+,Boulder problem,the Grand Wall Boulders,10,Nalle Hukkataival,Boulder | worked,May 2018,,8B+,22,14.0,2018-05-01,2018
8278,https://climbing-history.org/climb/8278,Dramas y Comedias,8B+,Boulder problem,La Pedriza,2,Ignacio Mulero,Boulder | worked,Before 9th May 2018,,8B+,22,14.0,2018-05-09,2018
147,https://climbing-history.org/climb/147,Spaceship,8B+,Boulder problem,Biblins Cave,10,James Squire,Boulder | worked,19th May 2018,8B+,8B+,22,14.0,2018-05-19,2018
3465,https://climbing-history.org/climb/3465,Dark Side of the Compass,8B+,Boulder problem,Chaos Canyon,7,Dave Graham,Boulder | worked,Before 22nd May 2018,,8B+,22,14.0,2018-05-22,2018
1143,https://climbing-history.org/climb/1143,Black Eagle (assis),8B+,Boulder problem,Cedar Rouge,7,Dave Graham,Boulder | worked,Aug 2018,,8B+,22,14.0,2018-08-01,2018
1152,https://climbing-history.org/climb/1152,Skadoosh,8B+,Boulder problem,French Side,4,Aidan Roberts,Boulder | worked,Aug 2018,8B/8B+,8B+,22,14.0,2018-08-01,2018
3875,https://climbing-history.org/climb/3875,North Ridge,8B+,Boulder problem,the Apron Boulders,9,Jimmy Webb,Boulder | worked,18th Aug 2018,,8B+,22,14.0,2018-08-18,2018
132,https://climbing-history.org/climb/132,Mortal Immortal,8B+,Boulder problem,Blackwell Dale,7,Dawid Skoczylas,Boulder | worked,1st Sep 2018,,8B+,22,14.0,2018-09-01,2018
5446,https://climbing-history.org/climb/5446,Indartsu,8B+,Boulder problem,Hoyamoros,2,Jesús Muñoz,Boulder | worked,19th Sep 2018,8B+/8C,8B+,22,14.0,2018-09-19,2018
143,https://climbing-history.org/climb/143,Lord Farquhar,8B+,Boulder problem,Clashfarquhar,1,Max Milne,Boulder | worked,29th Sep 2018,,8B+,22,14.0,2018-09-29,2018
7926,https://climbing-history.org/climb/7926,Miall's Ahead (Pre-Break),8B+,Boulder problem,Kanata,2,Yves Gravelle,Boulder | worked,30th Sep 2018,,8B+,22,14.0,2018-09-30,2018
3891,https://climbing-history.org/climb/3891,No Peace Prize,8B+,Boulder problem,Taco Cave,2,Max Zolotukhin,Boulder | worked,20th Oct 2018,,8B+,22,14.0,2018-10-20,2018
3543,https://climbing-history.org/climb/3543,Happy Idiot,8B+,Boulder problem,Ginzling Wald,1,Christof Rauch,Boulder | worked,14th Nov 2018,,8B+,22,14.0,2018-11-14,2018
2855,https://climbing-history.org/climb/2855,Ukiyo,8B+,Boulder problem,Kasagiyama,4,Ryuichi Murai,Boulder | worked,21st Nov 2018,8B+ (hard),8B+,22,14.0,2018-11-21,2018
3283,https://climbing-history.org/climb/3283,Utsushiyo,8B+,Boulder problem,Kasagiyama,16,Ryuichi Murai,Boulder | worked,21st Nov 2018,,8B+,22,14.0,2018-11-21,2018
5450,https://climbing-history.org/climb/5450,Atom,8B+,Boulder problem,Sachsen,4,Martin Stráník,Boulder | worked,30th Nov 2018,8B+ (soft),8B+,22,14.0,2018-11-30,2018
3898,https://climbing-history.org/climb/3898,Nuclear Base,8B+,Boulder problem,Master Bedroom,7,Bryce Viola,Boulder | worked,5th Dec 2018,8B+,8B+,22,14.0,2018-12-05,2018
1098,https://climbing-history.org/climb/1098,Squoze,8B+,Boulder problem,Black Velvet Canyon,12,Jimmy Webb,Boulder | worked,6th Dec 2018,8B+/8C,8B+,22,14.0,2018-12-06,2018
131,https://climbing-history.org/climb/131,Bombadil,8B+,Boulder problem,Christianbury Crag,2,Dan Varian,Boulder | worked,2019,8B+,8B+,22,14.0,2019-01-01,2019
5073,https://climbing-history.org/climb/5073,Invisible Monsters,8B+,Boulder problem,Mount Woodson,1,Daniel Beall,Boulder | worked,2019,,8B+,22,14.0,2019-01-01,2019
5074,https://climbing-history.org/climb/5074,Hypnotoad,8B+,Boulder problem,Mount Woodson,1,Daniel Beall,Boulder | worked,2019,,8B+,22,14.0,2019-01-01,2019
4856,https://climbing-history.org/climb/4856,Mind Shift,8B+,Boulder problem,Suck Creek,4,Jimmy Webb,Boulder | worked,23rd Jan 2019,,8B+,22,14.0,2019-01-23,2019
2217,https://climbing-history.org/climb/2217,Pohár Nesmrtelnosti,8B+,Boulder problem,Sloup,1,Martin Stráník,Boulder | worked,26th Jan 2019,,8B+,22,14.0,2019-01-26,2019
3910,https://climbing-history.org/climb/3910,The Holy Hand Grenade,8B+,Boulder problem,the Gold Bar Boulders,4,Ben Herrington,Boulder | worked,31st Jan 2019,,8B+,22,14.0,2019-01-31,2019
5456,https://climbing-history.org/climb/5456,Birth of the Cool,8B+,Boulder problem,Shiobara,4,Ryuichi Murai,Boulder | worked,Feb 2019,,8B+,22,14.0,2019-02-01,2019
6357,https://climbing-history.org/climb/6357,Birth of the Cool,8B+,Boulder problem,Shiobara,4,Ryuichi Murai,Boulder | worked,Feb 2019,,8B+,22,14.0,2019-02-01,2019
2353,https://climbing-history.org/climb/2353,The Hatchlink,8B+,Boulder problem,Parisella's Cave,1,Jack Palmieri,Boulder | worked,26th Feb 2019,,8B+,22,14.0,2019-02-26,2019
2767,https://climbing-history.org/climb/2767,Gateway (pre-break),8B+,Boulder problem,Cresciano,1,Jimmy Webb,Boulder | worked,Mar 2019,,8B+,22,14.0,2019-03-01,2019
6400,https://climbing-history.org/climb/6400,Borsalino,8B+,Boulder problem,Ichinose Boulders,6,Shinichiro Nomura,Boulder | worked,Before 9th Mar 2019,,8B+,22,14.0,2019-03-09,2019
2389,https://climbing-history.org/climb/2389,Graceland,8B+,Boulder problem,Burgverlies,6,Dominik Bösch,Boulder | worked,20th Mar 2019,,8B+,22,14.0,2019-03-20,2019
7635,https://climbing-history.org/climb/7635,Royal Flush,8B+,Boulder problem,the Frankenjura,2,Moritz Welt,Boulder | worked,28th Mar 2019,,8B+,22,14.0,2019-03-28,2019
7859,https://climbing-history.org/climb/7859,Hyper Act,8B+,Boulder problem,Sipoo,2,Anthony Gullsten,Boulder | worked,28th Mar 2019,,8B+,22,14.0,2019-03-28,2019
8267,https://climbing-history.org/climb/8267,Maximál Bézöl,8B+,Boulder problem,Öreg-lyuk,2,Tamas Zupan,Boulder | worked,18th Apr 2019,,8B+,22,14.0,2019-04-18,2019
122,https://climbing-history.org/climb/122,Limit Breaker,8B+,Boulder problem,Forest Rock,3,Orrin Coley,Boulder | worked,1st May 2019,8B+,8B+,22,14.0,2019-05-01,2019
3892,https://climbing-history.org/climb/3892,Kenny Loggins,8B+,Boulder problem,St. Vrain,9,Matt Fultz,Boulder | worked,1st May 2019,,8B+,22,14.0,2019-05-01,2019
216,https://climbing-history.org/climb/216,The Origin,8B+,Boulder problem,Dinas Rock,6,Eliot Stephens,Boulder | worked,7th May 2019,,8B+,22,14.0,2019-05-07,2019
1783,https://climbing-history.org/climb/1783,Show Your Scars,8B+,Boulder problem,Ogden,19,Pete Lowe,Boulder | worked,Before 9th May 2019,,8B+,22,14.0,2019-05-09,2019
785,https://climbing-history.org/climb/785,Keep It Real,8B+,Boulder problem,Biblins Cave,2,James Squire,Boulder | worked,13th May 2019,,8B+,22,14.0,2019-05-13,2019
467,https://climbing-history.org/climb/467,Master and Cifuentes,8B+,Boulder problem,Alcañiz,4,Pol Roca Lopez,Boulder | worked,4th Jun 2019,,8B+,22,14.0,2019-06-04,2019
8092,https://climbing-history.org/climb/8092,Red Bottom Sky,8B+,Boulder problem,Riverside,4,Dave Graham,Boulder | worked,Before 12th Jul 2019,8C,8B+,22,14.0,2019-07-12,2019
6203,https://climbing-history.org/climb/6203,The Saifa,8B+,Boulder problem,Roadside,5,Facundo Langbehn,Boulder | worked,10th Aug 2019,8B+,8B+,22,14.0,2019-08-10,2019
8090,https://climbing-history.org/climb/8090,Deaf Leopard,8B+,Boulder problem,Area 15,3,Dave Graham,Boulder | worked,Before 15th Aug 2019,,8B+,22,14.0,2019-08-15,2019
8091,https://climbing-history.org/climb/8091,Beta Move,8B+,Boulder problem,Rocklands,1,Jimmy Webb,Boulder | worked,21st Aug 2019,,8B+,22,14.0,2019-08-21,2019
8093,https://climbing-history.org/climb/8093,Sypha,8B+,Boulder problem,Rocklands,1,Jimmy Webb,Boulder | worked,21st Aug 2019,,8B+,22,14.0,2019-08-21,2019
1936,https://climbing-history.org/climb/1936,Louis' High Society,8B+,Boulder problem,Bacon Hole,2,Eliot Stephens,Boulder | worked,8th Sep 2019,,8B+,22,14.0,2019-09-08,2019
5648,https://climbing-history.org/climb/5648,The Long Night,8B+,Boulder problem,Bacon Hole,2,Eliot Stephens,Boulder | worked,18th Sep 2019,8B+ (hard),8B+,22,14.0,2019-09-18,2019
7608,https://climbing-history.org/climb/7608,Sicarios Extension,8B+,Boulder problem,Labské Údolí,1,Martin Stráník,Boulder | worked,18th Sep 2019,,8B+,22,14.0,2019-09-18,2019
6410,https://climbing-history.org/climb/6410,Fourier's Proof,8B+,Boulder problem,Blackwall,1,Michael Tonon,Boulder | worked,29th Sep 2019,,8B+,22,14.0,2019-09-29,2019
3487,https://climbing-history.org/climb/3487,Yellow Cake,8B+,Boulder problem,Poudre Canyon,3,Sam Rothstein,Boulder | worked,3rd Oct 2019,8B,8B+,22,14.0,2019-10-03,2019
6393,https://climbing-history.org/climb/6393,MinerBuster,8B+,Boulder problem,Mizugaki,5,Toshi Takeuchi,Boulder | worked,Before 26th Oct 2019,8C,8B+,22,14.0,2019-10-26,2019
821,https://climbing-history.org/climb/821,Rocket Science,8B+,Boulder problem,Bovey Woods,2,James Squire,Boulder | worked,28th Oct 2019,,8B+,22,14.0,2019-10-28,2019
7493,https://climbing-history.org/climb/7493,Overkill,8B+,Boulder problem,Swan Falls,1,Matt Fultz,Boulder | worked,29th Oct 2019,,8B+,22,14.0,2019-10-29,2019
1210,https://climbing-history.org/climb/1210,Fotofobia SDS,8B+,Boulder problem,La Pedriza,6,Nacho Sánchez,Boulder | worked,Nov 2019,,8B+,22,14.0,2019-11-01,2019
3261,https://climbing-history.org/climb/3261,Luftig kö till nålens öga,8B+,Boulder problem,Hultastenen,5,Erik Bäcklin,Boulder | worked,10th Nov 2019,8B+,8B+,22,14.0,2019-11-10,2019
1140,https://climbing-history.org/climb/1140,Gran Paradiso,8B+,Boulder problem,,2,Giuliano Cameroni,Boulder | worked,13th Nov 2019,8B+/8C,8B+,22,14.0,2019-11-13,2019
4270,https://climbing-history.org/climb/4270,Hōtō,8B+,Boulder problem,Mizugaki,17,Keenan Takahashi,Boulder | worked,13th Nov 2019,8B+/8C,8B+,22,14.0,2019-11-13,2019
1683,https://climbing-history.org/climb/1683,Muscle Car,8B+,Boulder problem,Coal Creek,12,Daniel Woods,Boulder | worked,Before 17th Nov 2019,,8B+,22,14.0,2019-11-17,2019
3673,https://climbing-history.org/climb/3673,Brass Knuckles,8B+,Boulder problem,Dayton Pocket,9,Zach Galla,Boulder | worked,13th Dec 2019,,8B+,22,14.0,2019-12-13,2019
105,https://climbing-history.org/climb/105,Power of Now,8B+,Boulder problem,Magic Wood,23,Luca Rinaldi,Boulder | worked,2020,,8B+,22,14.0,2020-01-01,2020
151,https://climbing-history.org/climb/151,Blondie SDS,8B+,Boulder problem,Fair Head,1,Rob Hunter,Boulder | worked,2020,,8B+,22,14.0,2020-01-01,2020
933,https://climbing-history.org/climb/933,Ba-Boom,8B+,Boulder problem,Alcañiz,2,James Pearson,Boulder | worked,2020,,8B+,22,14.0,2020-01-01,2020
1179,https://climbing-history.org/climb/1179,Bhai Po,8B+,Boulder problem,Siurana,2,Alberto Rocasolano Jaudenes,Boulder | worked,2020,,8B+,22,14.0,2020-01-01,2020
3896,https://climbing-history.org/climb/3896,Shadow Walker,8B+,Boulder problem,Swissco,6,Charlie Barron,Boulder | worked,2020,,8B+,22,14.0,2020-01-01,2020
8038,https://climbing-history.org/climb/8038,Big Tech,8B+,Boulder problem,Legoland,1,Nalle Hukkataival,Boulder | worked,2020,,8B+,22,14.0,2020-01-01,2020
7358,https://climbing-history.org/climb/7358,La Lumiere,8B+,Boulder problem,Casparis,1,Sam Weir,Boulder | worked,Before 5th Jan 2020,,8B+,22,14.0,2020-01-05,2020
3893,https://climbing-history.org/climb/3893,Bone Saw,8B+,Boulder problem,Linville Gorge,6,Taylor McNeill,Boulder | worked,7th Jan 2020,,8B+,22,14.0,2020-01-07,2020
6363,https://climbing-history.org/climb/6363,Fūjin,8B+,Boulder problem,Mizugaki,4,Keenan Takahashi,Boulder | worked,Feb 2020,,8B+,22,14.0,2020-02-01,2020
576,https://climbing-history.org/climb/576,Húsafell,8B+,Boulder problem,Neath Abbey Quarry,4,Eliot Stephens,Boulder | worked,1st Mar 2020,8B+,8B+,22,14.0,2020-03-01,2020
1827,https://climbing-history.org/climb/1827,Squalo Bianco,8B+,Boulder problem,Valle Bavona,5,Giuliano Cameroni,Boulder | worked,8th Mar 2020,,8B+,22,14.0,2020-03-08,2020
5050,https://climbing-history.org/climb/5050,The Innocent Man,8B+,Boulder problem,Brione,4,Niccolò Ceria,Boulder | worked,10th Mar 2020,,8B+,22,14.0,2020-03-10,2020
5281,https://climbing-history.org/climb/5281,Be Kind,8B+,Boulder problem,Krottenseer Forst,3,Alex Megos,Boulder | worked,Before 14th Apr 2020,,8B+,22,14.0,2020-04-14,2020
3942,https://climbing-history.org/climb/3942,Stockholm Syndome,8B+,Boulder problem,Haycock,2,Noah Wheeler,Boulder | worked,16th Apr 2020,,8B+,22,14.0,2020-04-16,2020
7874,https://climbing-history.org/climb/7874,Kannabis,8B+,Boulder problem,Angelniemi Boulders,1,Anthony Gullsten,Boulder | worked,22nd Apr 2020,,8B+,22,14.0,2020-04-22,2020
4532,https://climbing-history.org/climb/4532,Motorsykkelveggen,8B+,Boulder problem,Motorsenteret,1,Thilo Schröter,Boulder | worked,26th Apr 2020,,8B+,22,14.0,2020-04-26,2020
7390,https://climbing-history.org/climb/7390,Knockout,8B+,Boulder problem,Chřiby,2,Adam Ondra,Boulder | worked,27th Apr 2020,8B+,8B+,22,14.0,2020-04-27,2020
6522,https://climbing-history.org/climb/6522,Kage,8B+,Boulder problem,,4,Sean Bailey,Boulder | worked,Before 2nd May 2020,,8B+,22,14.0,2020-05-02,2020
6434,https://climbing-history.org/climb/6434,Hades,8B+,Boulder problem,Shiobara,8,Ryuichi Murai,Boulder | worked,Before 3rd May 2020,,8B+,22,14.0,2020-05-03,2020
4077,https://climbing-history.org/climb/4077,Janja SD,8B+,Boulder problem,Holštejn,3,Martin Stráník,Boulder | worked,13th May 2020,,8B+,22,14.0,2020-05-13,2020
4753,https://climbing-history.org/climb/4753,Reverse Logic,8B+,Boulder problem,Coal Creek,2,Paul Robinson,Boulder | worked,14th May 2020,,8B+,22,14.0,2020-05-14,2020
4755,https://climbing-history.org/climb/4755,Super Low Chimichanga Right,8B+,Boulder problem,Coal Creek,2,Alex Puccio,Boulder | worked,14th May 2020,,8B+,22,14.0,2020-05-14,2020
3919,https://climbing-history.org/climb/3919,Shelob,8B+,Boulder problem,Flagstaff,2,Austin Purdy,Boulder | worked,6th Jun 2020,,8B+,22,14.0,2020-06-06,2020
4531,https://climbing-history.org/climb/4531,Panthera,8B+,Boulder problem,Glasøyfjellet,3,Thilo Schröter,Boulder | worked,15th Jul 2020,8B/8B+,8B+,22,14.0,2020-07-15,2020
3483,https://climbing-history.org/climb/3483,The Wheel of Rabbits,8B+,Boulder problem,Chaos Canyon,2,Andy Lamb,Boulder | worked,27th Jul 2020,,8B+,22,14.0,2020-07-27,2020
506,https://climbing-history.org/climb/506,Copperline,8B+,Boulder problem,the Coniston Boulders,3,Aidan Roberts,Boulder | worked,Aug 2020,,8B+,22,14.0,2020-08-01,2020
7348,https://climbing-history.org/climb/7348,Prince Albert,8B+,Boulder problem,Camp Dick,1,Daniel Woods,Boulder | worked,1st Sep 2020,,8B+,22,14.0,2020-09-01,2020
7931,https://climbing-history.org/climb/7931,Salvatge,8B+,Boulder problem,Taradell,1,Pol Roca Lopez,Boulder | worked,Sep 2020,,8B+,22,14.0,2020-09-01,2020
1096,https://climbing-history.org/climb/1096,Dicktopia,8B+,Boulder problem,Camp Dick,10,Daniel Woods,Boulder | worked,3rd Sep 2020,8B+,8B+,22,14.0,2020-09-03,2020
2393,https://climbing-history.org/climb/2393,Firestarter,8B+,Boulder problem,Stone Mill,1,Ned Feehally,Boulder | worked,12th Sep 2020,,8B+,22,14.0,2020-09-12,2020
1751,https://climbing-history.org/climb/1751,Sinawav,8B+,Boulder problem,Coal Creek,11,Isabelle Faus,Boulder | worked,18th Sep 2020,8B+,8B+,22,14.0,2020-09-18,2020
2264,https://climbing-history.org/climb/2264,Crème de la Crumb SDS,8B+,Boulder problem,Mount Evans,1,Isabelle Faus,Boulder | worked,19th Sep 2020,,8B+,22,14.0,2020-09-19,2020
3672,https://climbing-history.org/climb/3672,Zef,8B+,Boulder problem,The Rock Shop,14,Griffin Whiteside,Boulder | worked,Before 26th Sep 2020,,8B+,22,14.0,2020-09-26,2020
153,https://climbing-history.org/climb/153,Speed of Light,8B+,Boulder problem,Hartland Quay,1,Solly Kemball-Dorey,Boulder | worked,20th Oct 2020,,8B+,22,14.0,2020-10-20,2020
1752,https://climbing-history.org/climb/1752,Emasculator,8B+,Boulder problem,Camp Dick,1,Isabelle Faus,Boulder | worked,23rd Oct 2020,8c+/9a,8B+,22,14.0,2020-10-23,2020
3936,https://climbing-history.org/climb/3936,Transience,8B+,Boulder problem,Little Cottonwood Canyon,7,Jimmy Webb,Boulder | worked,5th Nov 2020,,8B+,22,14.0,2020-11-05,2020
4709,https://climbing-history.org/climb/4709,Blind Grace,8B+,Boulder problem,Bakkevannet,1,Alex Raczyński,Boulder | worked,7th Nov 2020,,8B+,22,14.0,2020-11-07,2020
6411,https://climbing-history.org/climb/6411,Sloths with Degrees,8B+,Boulder problem,Blackwall,1,Michael Tonon,Boulder | worked,10th Nov 2020,,8B+,22,14.0,2020-11-10,2020
2395,https://climbing-history.org/climb/2395,Sine of the Times,8B+,Boulder problem,The Wave,1,Ned Feehally,Boulder | worked,2021,,8B+,22,14.0,2021-01-01,2021
4378,https://climbing-history.org/climb/4378,Bone Machine into Hats for Weasels via Rubble Rouser,8B+,Boulder problem,Eastwood Rocks,1,James Noble,Boulder | worked,2021,,8B+,22,14.0,2021-01-01,2021
4702,https://climbing-history.org/climb/4702,Le Sens de la Fête,8B+,Boulder problem,Dame Jouanne,5,Nico Januel,Boulder | worked,Jan 2021,,8B+,22,14.0,2021-01-01,2021
6389,https://climbing-history.org/climb/6389,Prethem,8B+,Boulder problem,Gero,8,Ryohei Kameyama,Boulder | worked,2021,,8B+,22,14.0,2021-01-01,2021
6441,https://climbing-history.org/climb/6441,Cacahuete,8B+,Boulder problem,Albarracín,3,Rubén Díaz Torres,Boulder | worked,2021,8B+/8C,8B+,22,14.0,2021-01-01,2021
8037,https://climbing-history.org/climb/8037,Hierarchy of Liquids,8B+,Boulder problem,Acid House,1,Nalle Hukkataival,Boulder | worked,2021,,8B+,22,14.0,2021-01-01,2021
2191,https://climbing-history.org/climb/2191,Prehistorik,8B+,Boulder problem,,4,Martin Stráník,Boulder | worked,16th Jan 2021,,8B+,22,14.0,2021-01-16,2021
6394,https://climbing-history.org/climb/6394,Daishinmonkan,8B+,Boulder problem,Mizugaki,2,Toshi Takeuchi,Boulder | worked,Before 1st Feb 2021,,8B+,22,14.0,2021-02-01,2021
3486,https://climbing-history.org/climb/3486,Cosmogram,8B+,Boulder problem,Poudre Canyon,5,Sam Rothstein,Boulder | worked,4th Mar 2021,,8B+,22,14.0,2021-03-04,2021
3901,https://climbing-history.org/climb/3901,Doublecross,8B+,Boulder problem,Flagstaff,2,Matt Gentile,Boulder | worked,24th Mar 2021,,8B+,22,14.0,2021-03-24,2021
1127,https://climbing-history.org/climb/1127,Tierrany,8B+,Boulder problem,Highway 140,4,Jimmy Webb,Boulder | worked,26th Mar 2021,,8B+,22,14.0,2021-03-26,2021
4733,https://climbing-history.org/climb/4733,On the Books,8B+,Boulder problem,Clear Creek Canyon,7,Griffin Whiteside,Boulder | worked,Before 30th Mar 2021,,8B+,22,14.0,2021-03-30,2021
2581,https://climbing-history.org/climb/2581,Spidey,8B+,Boulder problem,Clear Creek Canyon,5,Griffin Whiteside,Boulder | worked,Before 1st Apr 2021,,8B+,22,14.0,2021-04-01,2021
1881,https://climbing-history.org/climb/1881,Charizard,8B+,Boulder problem,Sklapsko,2,Martin Stráník,Boulder | worked,2nd Apr 2021,,8B+,22,14.0,2021-04-02,2021
7925,https://climbing-history.org/climb/7925,Snarky Puppy,8B+,Boulder problem,Kanata,1,Yves Gravelle,Boulder | worked,4th Apr 2021,,8B+,22,14.0,2021-04-04,2021
2199,https://climbing-history.org/climb/2199,Ali Baba,8B+,Boulder problem,Kusięta,3,Piotr Schab,Boulder | worked,10th Apr 2021,,8B+,22,14.0,2021-04-10,2021
6407,https://climbing-history.org/climb/6407,Oiran,8B+,Boulder problem,Shiobara,1,Ryuichi Murai,Boulder | worked,Before 11th Apr 2021,,8B+,22,14.0,2021-04-11,2021
3437,https://climbing-history.org/climb/3437,Jack Under the Box,8B+,Boulder problem,Le Cul de Chien,2,Killian Charbier,Boulder | worked,19th Apr 2021,8B+,8B+,22,14.0,2021-04-19,2021
6406,https://climbing-history.org/climb/6406,Geisha,8B+,Boulder problem,,2,Ryuichi Murai,Boulder | worked,Before 21st Apr 2021,,8B+,22,14.0,2021-04-21,2021
7203,https://climbing-history.org/climb/7203,Rise and Fall,8B+,Boulder problem,Bacon Hole,2,Eliot Stephens,Boulder | worked,19th May 2021,8B/8B+,8B+,22,14.0,2021-05-19,2021
7349,https://climbing-history.org/climb/7349,The Dictator,8B+,Boulder problem,Camp Dick,1,Paul Robinson,Boulder | worked,25th May 2021,,8B+,22,14.0,2021-05-25,2021
4654,https://climbing-history.org/climb/4654,Når hyenene våkner,8B+,Boulder problem,Vingsand,3,Thilo Schröter,Boulder | worked,Jun 2021,,8B+,22,14.0,2021-06-01,2021
3484,https://climbing-history.org/climb/3484,Andromeda,8B+,Boulder problem,Poudre Canyon,3,Sam Rothstein,Boulder | worked,4th Jul 2021,,8B+,22,14.0,2021-07-04,2021
7210,https://climbing-history.org/climb/7210,Kang the Conqueror,8B+,Boulder problem,Lorimer Park,1,Noah Wheeler,Boulder | worked,Before 16th Jul 2021,8B+,8B+,22,14.0,2021-07-16,2021
1494,https://climbing-history.org/climb/1494,Home SDS,8B+,Boulder problem,Carrock Fell Crag,1,Aidan Roberts,Boulder | worked,Sep 2021,,8B+,22,14.0,2021-09-01,2021
1462,https://climbing-history.org/climb/1462,The Heist,8B+,Boulder problem,Hartland Quay,2,Solly Kemball-Dorey,Boulder | worked,21st Sep 2021,,8B+,22,14.0,2021-09-21,2021
3899,https://climbing-history.org/climb/3899,Flashing Lights,8B+,Boulder problem,Godzilla Boulder,2,Austin Hoyt,Boulder | worked,26th Sep 2021,,8B+,22,14.0,2021-09-26,2021
5822,https://climbing-history.org/climb/5822,Whale Rider,8B+,Boulder problem,Flock Hill,2,Josh Cornah,Boulder | worked,27th Sep 2021,,8B+,22,14.0,2021-09-27,2021
1496,https://climbing-history.org/climb/1496,Turn and Burn,8B+,Boulder problem,Kanata,1,Yves Gravelle,Boulder | worked,4th Oct 2021,,8B+,22,14.0,2021-10-04,2021
1531,https://climbing-history.org/climb/1531,Asphyxia,8B+,Boulder problem,Woodwell,2,Dan Turner,Boulder | worked,21st Oct 2021,,8B+,22,14.0,2021-10-21,2021
6402,https://climbing-history.org/climb/6402,Yokuto,8B+,Boulder problem,Gero,7,Shinichiro Nomura,Boulder | worked,6th Nov 2021,,8B+,22,14.0,2021-11-06,2021
1661,https://climbing-history.org/climb/1661,Truffles on Bicycles,8B+,Boulder problem,Langstrath,2,Aidan Roberts,Boulder | worked,Dec 2021,,8B+,22,14.0,2021-12-01,2021
3909,https://climbing-history.org/climb/3909,Sailor's Delight,8B+,Boulder problem,Boone,2,Taylor McNeill,Boulder | worked,12th Dec 2021,,8B+,22,14.0,2021-12-12,2021
6910,https://climbing-history.org/climb/6910,Tolmojon,8B+,Boulder problem,Tamajón,1,Alex Tighe,Boulder | worked,Before 18th Dec 2021,,8B+,22,14.0,2021-12-18,2021
1778,https://climbing-history.org/climb/1778,Conviction (du bas),8B+,Boulder problem,Coquibus Rumont,2,Simon Lorenzi,Boulder | worked,23rd Dec 2021,,8B+,22,14.0,2021-12-23,2021
1967,https://climbing-history.org/climb/1967,Crescendo,8B+,Boulder problem,The Bowderstone,5,Dan Varian,Boulder | worked,Before 1st Jan 2022,,8B+,22,14.0,2022-01-01,2022
2214,https://climbing-history.org/climb/2214,Cosmic Loneliness,8B+,Boulder problem,,1,Paul Robinson,Boulder | worked,2022,,8B+,22,14.0,2022-01-01,2022
2402,https://climbing-history.org/climb/2402,Maxwell's Demon,8B+,Boulder problem,Secret Garden,2,Drew Ruana,Boulder | worked,2022,,8B+,22,14.0,2022-01-01,2022
3527,https://climbing-history.org/climb/3527,Mito SDS,8B+,Boulder problem,Albarrasintra,3,Jun Shibanuma,Boulder | worked,2022,,8B+,22,14.0,2022-01-01,2022
3921,https://climbing-history.org/climb/3921,When Life Gives You Lemons Low,8B+,Boulder problem,Independence Pass,7,Dan Andrei,Boulder | worked,2022,8B,8B+,22,14.0,2022-01-01,2022
8036,https://climbing-history.org/climb/8036,Wormageddon,8B+,Boulder problem,Acid House,1,Nalle Hukkataival,Boulder | worked,2022,,8B+,22,14.0,2022-01-01,2022
7294,https://climbing-history.org/climb/7294,Blobfish Trombone,8B+,Boulder problem,the Happy Boulders,2,Noah Wheeler,Boulder | worked,5th Jan 2022,8B/8B+,8B+,22,14.0,2022-01-05,2022
4327,https://climbing-history.org/climb/4327,Sit Propera,8B+,Boulder problem,The Bowderstone,3,Aidan Roberts,Boulder | worked,11th Jan 2022,,8B+,22,14.0,2022-01-11,2022
7492,https://climbing-history.org/climb/7492,Graymalkin,8B+,Boulder problem,Swan Falls,1,Matt Fultz,Boulder | worked,12th Jan 2022,,8B+,22,14.0,2022-01-12,2022
3897,https://climbing-history.org/climb/3897,The Other Side of Infinity,8B+,Boulder problem,Sheep's Nose,4,Paul Robinson,Boulder | worked,13th Jan 2022,,8B+,22,14.0,2022-01-13,2022
1764,https://climbing-history.org/climb/1764,Below Zero,8B+,Boulder problem,Ruadha nan Eallachan,3,Will Bosi,Boulder | worked,16th Jan 2022,,8B+,22,14.0,2022-01-16,2022
7295,https://climbing-history.org/climb/7295,Yips,8B+,Boulder problem,Awaji Island,1,Kensuke Hamada,Boulder | worked,17th Jan 2022,,8B+,22,14.0,2022-01-17,2022
1821,https://climbing-history.org/climb/1821,Don't Look Up,8B+,Boulder problem,Cresciano,1,Giuliano Cameroni,Boulder | worked,11th Feb 2022,8B+/8C,8B+,22,14.0,2022-02-11,2022
3894,https://climbing-history.org/climb/3894,Hoop Dance,8B+,Boulder problem,Sandia Foothills,4,Jon Cardwell,Boulder | worked,26th Feb 2022,,8B+,22,14.0,2022-02-26,2022
6063,https://climbing-history.org/climb/6063,8 ou 80,8B+,Boulder problem,Sao Bento do Sapucaí,2,Felipe Ho Foganholo,Boulder | worked,9th Mar 2022,,8B+,22,14.0,2022-03-09,2022
3157,https://climbing-history.org/climb/3157,Uncertainty,8B+,Boulder problem,Boone,2,Matt Nunes,Boulder | worked,14th Mar 2022,,8B+,22,14.0,2022-03-14,2022
1831,https://climbing-history.org/climb/1831,Gakidō,8B+,Boulder problem,Chigomaidai,11,Shinichiro Nomura,Boulder | worked,20th Mar 2022,8B+,8B+,22,14.0,2022-03-20,2022
6529,https://climbing-history.org/climb/6529,Turpentine,8B+,Boulder problem,Pinecliffe,2,Drew Ruana,Boulder | worked,Before 26th Mar 2022,8B+ (hard),8B+,22,14.0,2022-03-26,2022
2033,https://climbing-history.org/climb/2033,Compass North,8B+,Boulder problem,Fionnay,11,Clément Lechaptois,Boulder | worked,Before 1st May 2022,8B+,8B+,22,14.0,2022-05-01,2022
1903,https://climbing-history.org/climb/1903,World at War,8B+,Boulder problem,Biblins Cave,3,Sam Blackwell,Boulder | worked,13th May 2022,8C,8B+,22,14.0,2022-05-13,2022
2002,https://climbing-history.org/climb/2002,Maulin' Angel,8B+,Boulder problem,Ukulore Valley,1,Tom O'Halloran,Boulder | worked,18th May 2022,,8B+,22,14.0,2022-05-18,2022
1933,https://climbing-history.org/climb/1933,Tigris SDS,8B+,Boulder problem,Magic Wood,4,Michaela Kiersch,Boulder | worked,Jun 2022,,8B+,22,14.0,2022-06-01,2022
1947,https://climbing-history.org/climb/1947,Megalodon,8B+,Boulder problem,Hartland Quay,2,Solly Kemball-Dorey,Boulder | worked,14th Jun 2022,,8B+,22,14.0,2022-06-14,2022
1948,https://climbing-history.org/climb/1948,Raggamuffin,8B+,Boulder problem,Dovedale,3,Aidan Roberts,Boulder | worked,14th Jun 2022,8C,8B+,22,14.0,2022-06-14,2022
3622,https://climbing-history.org/climb/3622,Menage a Trois,8B+,Boulder problem,The Coop,9,Paul Robinson,Boulder | worked,8th Jul 2022,,8B+,22,14.0,2022-07-08,2022
2054,https://climbing-history.org/climb/2054,Crescendo SDS,8B+,Boulder problem,The Bowderstone,1,Will Bosi,Boulder | worked,Sep 2022,8B+,8B+,22,14.0,2022-09-01,2022
2404,https://climbing-history.org/climb/2404,Munich,8B+,Boulder problem,Puiselet le Paradis,3,Nico Januel,Boulder | worked,Sep 2022,,8B+,22,14.0,2022-09-01,2022
2683,https://climbing-history.org/climb/2683,A Moment of Clarity,8B+,Boulder problem,Forest Rock,2,Orrin Coley,Boulder | worked,4th Sep 2022,,8B+,22,14.0,2022-09-04,2022
3941,https://climbing-history.org/climb/3941,Ghost Circles,8B+,Boulder problem,Lorimer Park,1,Benn Wheeler,Boulder | worked,22nd Sep 2022,8B/8B+,8B+,22,14.0,2022-09-22,2022
2727,https://climbing-history.org/climb/2727,Deadlift,8B+,Boulder problem,the Grand Wall Boulders,11,Lucas Uchida,Boulder | worked,25th Sep 2022,,8B+,22,14.0,2022-09-25,2022
2122,https://climbing-history.org/climb/2122,Heeling Power,8B+,Boulder problem,Kilmar Tor,2,James Squire,Boulder | worked,10th Oct 2022,8B+,8B+,22,14.0,2022-10-10,2022
7065,https://climbing-history.org/climb/7065,Freakshow (pre-break),8B+,Boulder problem,Coal Creek,1,Drew Ruana,Boulder | worked,Before 11th Oct 2022,,8B+,22,14.0,2022-10-11,2022
7138,https://climbing-history.org/climb/7138,The Bitter End,8B+,Boulder problem,Fionnay,2,Daniel Woods,Boulder | worked,17th Oct 2022,,8B+,22,14.0,2022-10-17,2022
2192,https://climbing-history.org/climb/2192,Roof Der Wildnis,8B+,Boulder problem,Nö,1,Jana Švecová,Boulder | worked,6th Nov 2022,,8B+,22,14.0,2022-11-06,2022
7043,https://climbing-history.org/climb/7043,Oxalis,8B+,Boulder problem,Shiobara,2,Taisei Ishimatsu,Boulder | worked,Before 13th Nov 2022,,8B+,22,14.0,2022-11-13,2022
3939,https://climbing-history.org/climb/3939,The Book of Bitter Aspects Low,8B+,Boulder problem,Bradley Mountain,3,Austin Hoyt,Boulder | worked,19th Nov 2022,,8B+,22,14.0,2022-11-19,2022
3103,https://climbing-history.org/climb/3103,Up In Smoke,8B+,Boulder problem,,5,Zach Galla,Boulder | worked,24th Nov 2022,,8B+,22,14.0,2022-11-24,2022
2236,https://climbing-history.org/climb/2236,Knife at the Opera,8B+,Boulder problem,The Bowderstone,1,Dan Turner,Boulder | worked,25th Nov 2022,,8B+,22,14.0,2022-11-25,2022
3943,https://climbing-history.org/climb/3943,Vulpine,8B+,Boulder problem,Green Lane,3,Noah Wheeler,Boulder | worked,26th Nov 2022,,8B+,22,14.0,2022-11-26,2022
7494,https://climbing-history.org/climb/7494,Density,8B+,Boulder problem,Swan Falls,1,Matt Fultz,Boulder | worked,27th Nov 2022,,8B+,22,14.0,2022-11-27,2022
3914,https://climbing-history.org/climb/3914,Unwind,8B+,Boulder problem,Triassic,3,Miles Perry,Boulder | worked,1st Dec 2022,,8B+,22,14.0,2022-12-01,2022
2544,https://climbing-history.org/climb/2544,Mr. Potatoe,8B+,Boulder problem,La Bisbal de Falset,2,Tom Bolger,Boulder | worked,2023,,8B+,22,14.0,2023-01-01,2023
2668,https://climbing-history.org/climb/2668,The New Abnormal,8B+,Boulder problem,Valle Bavona,2,Jimmy Webb,Boulder | worked,2023,,8B+,22,14.0,2023-01-01,2023
2720,https://climbing-history.org/climb/2720,Gaston LeGume,8B+,Boulder problem,The Wave,3,Aidan Roberts,Boulder | worked,2023,8B+,8B+,22,14.0,2023-01-01,2023
2960,https://climbing-history.org/climb/2960,Predator Pounce Low,8B+,Boulder problem,Swissco,1,Charlie Barron,Boulder | worked,2023,,8B+,22,14.0,2023-01-01,2023
2963,https://climbing-history.org/climb/2963,Severed Arm,8B+,Boulder problem,Boone,6,Elijah Kiser,Boulder | worked,2023,8B+,8B+,22,14.0,2023-01-01,2023
3545,https://climbing-history.org/climb/3545,Mr Meneer,8B+,Boulder problem,Lorraines,3,Ignacio Mulero,Boulder | worked,2023,8B/8B+,8B+,22,14.0,2023-01-01,2023
3906,https://climbing-history.org/climb/3906,Dark Waters Low,8B+,Boulder problem,Clear Creek Canyon,3,Jeramie Claussen,Boulder | worked,2023,,8B+,22,14.0,2023-01-01,2023
3915,https://climbing-history.org/climb/3915,Judge Judy,8B+,Boulder problem,the Miller River Boulders,2,Vincent Mollicone,Boulder | worked,2023,,8B+,22,14.0,2023-01-01,2023
3938,https://climbing-history.org/climb/3938,Perpetual Motion,8B+,Boulder problem,Vapor Lock Cave,2,Jake Plasco,Boulder | worked,2023,,8B+,22,14.0,2023-01-01,2023
4257,https://climbing-history.org/climb/4257,Lower Limbs,8B+,Boulder problem,Christianbury Crag,1,Dan Varian,Boulder | worked,2023,,8B+,22,14.0,2023-01-01,2023
4381,https://climbing-history.org/climb/4381,Nausicaä,8B+,Boulder problem,Boone,2,Elijah Kiser,Boulder | worked,2023,,8B+,22,14.0,2023-01-01,2023
5317,https://climbing-history.org/climb/5317,Ogu,8B+,Boulder problem,Sardinia Bouldering,3,Tanguy Merard,Boulder | worked,2023,,8B+,22,14.0,2023-01-01,2023
7884,https://climbing-history.org/climb/7884,Raven's Master,8B+,Boulder problem,Sarkanen,2,Aidan Roberts,Boulder | worked,2023,,8B+,22,14.0,2023-01-01,2023
6737,https://climbing-history.org/climb/6737,DAKIN,8B+,Boulder problem,Hinokage,11,Dai Koyamada,Boulder | worked,Before 10th Jan 2023,,8B+,22,14.0,2023-01-10,2023
2423,https://climbing-history.org/climb/2423,The Magna Strata,8B+,Boulder problem,Torridon,1,Dan Varian,Boulder | worked,Feb 2023,,8B+,22,14.0,2023-02-01,2023
2429,https://climbing-history.org/climb/2429,A Little Life,8B+,Boulder problem,The Buttermilks,4,Keenan Takahashi,Boulder | worked,Feb 2023,,8B+,22,14.0,2023-02-01,2023
3917,https://climbing-history.org/climb/3917,Hypothetical,8B+,Boulder problem,Swan Falls,4,Matt Fultz,Boulder | worked,4th Feb 2023,,8B+,22,14.0,2023-02-04,2023
3364,https://climbing-history.org/climb/3364,Ninjutsu,8B+,Boulder problem,Valle Bavona,8,Marco Müller,Boulder | worked,8th Feb 2023,,8B+,22,14.0,2023-02-08,2023
2413,https://climbing-history.org/climb/2413,Tempest in a Teapot,8B+,Boulder problem,Newgale Beach,3,Solly Kemball-Dorey,Boulder | worked,21st Feb 2023,8B+,8B+,22,14.0,2023-02-21,2023
6686,https://climbing-history.org/climb/6686,Terapia Integral,8B+,Boulder problem,Cocalzinho,1,Thiago Vaz,Boulder | worked,Before 25th Feb 2023,,8B+,22,14.0,2023-02-25,2023
2522,https://climbing-history.org/climb/2522,Imothep (du Sol),8B+,Boulder problem,Bas Cuvier,5,Camille Coudert,Boulder | worked,Before 28th Feb 2023,8B+,8B+,22,14.0,2023-02-28,2023
7699,https://climbing-history.org/climb/7699,Kokuu,8B+,Boulder problem,,3,Yuta Kaneki,Boulder | worked,11th Mar 2023,,8B+,22,14.0,2023-03-11,2023
2451,https://climbing-history.org/climb/2451,Fight Club,8B+,Boulder problem,Valle Bavona,7,Shawn Raboutou,Boulder | worked,Before 12th Mar 2023,,8B+,22,14.0,2023-03-12,2023
4262,https://climbing-history.org/climb/4262,The Mantra,8B+,Boulder problem,Little Cottonwood Canyon,7,Zach Wilson,Boulder | worked,13th Mar 2023,,8B+,22,14.0,2023-03-13,2023
4364,https://climbing-history.org/climb/4364,Jeté Croisé en Forêt,8B+,Boulder problem,Buthiers,1,Nico Pelorson,Boulder | worked,Before 1st Apr 2023,,8B+,22,14.0,2023-04-01,2023
6329,https://climbing-history.org/climb/6329,Revival,8B+,Boulder problem,,2,Ritsu Kayotani,Boulder | worked,2nd Apr 2023,,8B+,22,14.0,2023-04-02,2023
6599,https://climbing-history.org/climb/6599,Shrodinger's Cat,8B+,Boulder problem,Secret Garden,1,Drew Ruana,Boulder | worked,Before 11th Apr 2023,8B+ (hard),8B+,22,14.0,2023-04-11,2023
2483,https://climbing-history.org/climb/2483,Mammunk,8B+,Boulder problem,Marlanval,2,Nico Pelorson,Boulder | worked,28th Apr 2023,,8B+,22,14.0,2023-04-28,2023
2485,https://climbing-history.org/climb/2485,Belly Full of Nachos,8B+,Boulder problem,Raven Tor,4,Sam Prior,Boulder | worked,3rd May 2023,8B+,8B+,22,14.0,2023-05-03,2023
2516,https://climbing-history.org/climb/2516,Seven,8B+,Boulder problem,the Grand Wall Boulders,7,Lucas Uchida,Boulder | worked,10th May 2023,8C,8B+,22,14.0,2023-05-10,2023
2974,https://climbing-history.org/climb/2974,Old Man Winter,8B+,Boulder problem,,2,Carlo Traversi,Boulder | worked,Jun 2023,,8B+,22,14.0,2023-06-01,2023
3913,https://climbing-history.org/climb/3913,Echo Chamber,8B+,Boulder problem,Echo Summit,6,Carlo Traversi,Boulder | worked,4th Jun 2023,,8B+,22,14.0,2023-06-04,2023
7751,https://climbing-history.org/climb/7751,Skir,8B+,(approx) Boulder problem,Lackarebäck,1,Hannes Puman,Boulder | worked,2nd Jul 2023,,8B+,22,14.0,2023-07-02,2023
2635,https://climbing-history.org/climb/2635,Pool of Bethesda (Skindog Start),8B+,Boulder problem,the Cromlech Boulders,2,Leo Skinner,Boulder | worked,10th Jul 2023,,8B+,22,14.0,2023-07-10,2023
3763,https://climbing-history.org/climb/3763,Bilateral,8B+,Boulder problem,The Bowderstone,1,Aidan Roberts,Boulder | worked,15th Aug 2023,,8B+,22,14.0,2023-08-15,2023
4541,https://climbing-history.org/climb/4541,Mild Abuse of Terminology,8B+,Boulder problem,Tokerud,4,Jon-Pål Hamre,Boulder | worked,17th Sep 2023,,8B+,22,14.0,2023-09-17,2023
2753,https://climbing-history.org/climb/2753,Ego Death,8B+,Boulder problem,Area E,9,Keenan Takahashi,Boulder | worked,27th Sep 2023,8C,8B+,22,14.0,2023-09-27,2023
5180,https://climbing-history.org/climb/5180,Axinite,8B+,Boulder problem,Valle Bavona,6,Dave Graham,Boulder | worked,Before 29th Sep 2023,,8B+,22,14.0,2023-09-29,2023
7289,https://climbing-history.org/climb/7289,Loki Low,8B+,Boulder problem,Angora Lake,2,Keenan Takahashi,Boulder | worked,9th Oct 2023,8B+,8B+,22,14.0,2023-10-09,2023
6927,https://climbing-history.org/climb/6927,The Cypher,8B+,Boulder problem,Scharfenstein,1,Kai Theune,Boulder | worked,10th Oct 2023,,8B+,22,14.0,2023-10-10,2023
2845,https://climbing-history.org/climb/2845,L’Ombre du Voyageur,8B+,Boulder problem,Le Salève,2,Charles Albert,Boulder | worked,18th Oct 2023,9A,8B+,22,14.0,2023-10-18,2023
3918,https://climbing-history.org/climb/3918,Polyphemus,8B+,Boulder problem,Flagstaff,1,Joel Unema,Boulder | worked,18th Oct 2023,,8B+,22,14.0,2023-10-18,2023
4265,https://climbing-history.org/climb/4265,Sword in the Stone,8B+,Boulder problem,Tantalus Lookout,7,Ethan Salvo,Boulder | worked,25th Oct 2023,,8B+,22,14.0,2023-10-25,2023
2818,https://climbing-history.org/climb/2818,Batto,8B+,Boulder problem,,1,Dai Koyamada,Boulder | worked,26th Oct 2023,,8B+,22,14.0,2023-10-26,2023
6498,https://climbing-history.org/climb/6498,Kandata,8B+,Boulder problem,Gero,3,Yuta Imaizumi,Boulder | worked,3rd Nov 2023,,8B+,22,14.0,2023-11-03,2023
6308,https://climbing-history.org/climb/6308,Rude,8B+,Boulder problem,Val Daone,4,Valdo Chilese,Boulder | worked,19th Nov 2023,,8B+,22,14.0,2023-11-19,2023
6244,https://climbing-history.org/climb/6244,Doomsday,8B+,Boulder problem,The Scree,2,Nicholas Allan,Boulder | worked,Dec 2023,,8B+,22,14.0,2023-12-01,2023
5178,https://climbing-history.org/climb/5178,Space Cadet,8B+,Boulder problem,Valle Bavona,6,Giuliano Cameroni,Boulder | worked,Before 5th Dec 2023,8B,8B+,22,14.0,2023-12-05,2023
3632,https://climbing-history.org/climb/3632,There and Back Again,8B+,Boulder problem,The Buttermilks,1,Aidan Callan,Boulder | worked,8th Dec 2023,,8B+,22,14.0,2023-12-08,2023
2927,https://climbing-history.org/climb/2927,Dune,8B+,Boulder problem,Stařechovícký Lom,2,Jana Švecová,Boulder | worked,9th Dec 2023,8B,8B+,22,14.0,2023-12-09,2023
2961,https://climbing-history.org/climb/2961,The Rookery,8B+,Boulder problem,Highway 140,4,Carlo Traversi,Boulder | worked,16th Dec 2023,,8B+,22,14.0,2023-12-16,2023
4366,https://climbing-history.org/climb/4366,Kook Slams Extension,8B+,Boulder problem,Clear Creek Canyon,4,Noah Wheeler,Boulder | worked,17th Dec 2023,8B+ (soft),8B+,22,14.0,2023-12-17,2023
7933,https://climbing-history.org/climb/7933,Castle Catcher,8B+,Boulder problem,Taradell,1,Pol Roca Lopez,Boulder | worked,24th Dec 2023,,8B+,22,14.0,2023-12-24,2023
3253,https://climbing-history.org/climb/3253,Aeropressing,8B+,(approx) Boulder problem,Sardinia Bouldering,1,Niccolò Ceria,Boulder | worked,2024,,8B+,22,14.0,2024-01-01,2024
3373,https://climbing-history.org/climb/3373,Bloody Face,8B+,Boulder problem,Valle Bavona,3,Camille Coudert,Boulder | worked,2024,,8B+,22,14.0,2024-01-01,2024
3472,https://climbing-history.org/climb/3472,Old Milwaukee,8B+,Boulder problem,,1,Nathaniel Coleman,Boulder | worked,2024,,8B+,22,14.0,2024-01-01,2024
4058,https://climbing-history.org/climb/4058,Joker,8B+,Boulder problem,Iperó,2,Felipe Ho Foganholo,Boulder | worked,2024,,8B+,22,14.0,2024-01-01,2024
5192,https://climbing-history.org/climb/5192,Dusk,8B+,Boulder problem,,1,Masoud Ghasemi,Boulder | worked,2024,,8B+,22,14.0,2024-01-01,2024
6360,https://climbing-history.org/climb/6360,Bailout,8B+,Boulder problem,Hinokage,5,Yuta Kaneki,Boulder | worked,2024,,8B+,22,14.0,2024-01-01,2024
3036,https://climbing-history.org/climb/3036,Hatch Armstrong,8B+,Boulder problem,Parisella's Cave,2,Elliot Verry,Boulder | worked,17th Jan 2024,8B+,8B+,22,14.0,2024-01-17,2024
3889,https://climbing-history.org/climb/3889,Breaking the Wheel,8B+,Boulder problem,Ogden,6,Matt Willis,Boulder | worked,Before 14th Feb 2024,,8B+,22,14.0,2024-02-14,2024
6444,https://climbing-history.org/climb/6444,Wacko,8B+,Boulder problem,Bulamsan,3,Taein Kim,Boulder | worked,Before 17th Feb 2024,,8B+,22,14.0,2024-02-17,2024
3352,https://climbing-history.org/climb/3352,Bultitude,8B+,Boulder problem,Barry Valley,4,Dave MacLeod,Boulder | worked,Mar 2024,8B+,8B+,22,14.0,2024-03-01,2024
3429,https://climbing-history.org/climb/3429,Anoxia,8B+,Boulder problem,La Pedriza,1,Pablo Zamora,Boulder | worked,1st Mar 2024,8B+/8C,8B+,22,14.0,2024-03-01,2024
3485,https://climbing-history.org/climb/3485,Fallen Angel,8B+,Boulder problem,Rumbling Bald,1,Sam Rothstein,Boulder | worked,3rd Mar 2024,,8B+,22,14.0,2024-03-03,2024
3895,https://climbing-history.org/climb/3895,9 Lives,8B+,Boulder problem,the Ponderosa Boulders,3,Caleb Franchere,Boulder | worked,10th Mar 2024,,8B+,22,14.0,2024-03-10,2024
3343,https://climbing-history.org/climb/3343,Embrace Gravity,8B+,Boulder problem,Valle Bavona,5,Kim Marschner,Boulder | worked,Before 22nd Mar 2024,,8B+,22,14.0,2024-03-22,2024
3327,https://climbing-history.org/climb/3327,1-Up,8B+,Boulder problem,the Apron Boulders,3,Ethan Salvo,Boulder | worked,6th Apr 2024,,8B+,22,14.0,2024-04-06,2024
7753,https://climbing-history.org/climb/7753,Neighbourhood,8B+,Boulder problem,Finsjö,1,Thomas Brandt Kjær,Boulder | worked,21st Apr 2024,,8B+,22,14.0,2024-04-21,2024
3405,https://climbing-history.org/climb/3405,The Dark Passenger,8B+,Boulder problem,Valle Bavona,3,Daniel Woods,Boulder | worked,25th Apr 2024,,8B+,22,14.0,2024-04-25,2024
6754,https://climbing-history.org/climb/6754,KFC,8B+,Boulder problem,the North Wall Boulders,1,Jake Scharfman,Boulder | worked,8th May 2024,,8B+,22,14.0,2024-05-08,2024
4649,https://climbing-history.org/climb/4649,Stramme seg opp,8B+,Boulder problem,Glasøyfjellet,1,Thilo Schröter,Boulder | worked,9th May 2024,,8B+,22,14.0,2024-05-09,2024
7573,https://climbing-history.org/climb/7573,The Undertaker,8B+,Boulder problem,Turakirae Head,3,George Sanders,Boulder | worked,17th May 2024,,8B+,22,14.0,2024-05-17,2024
3442,https://climbing-history.org/climb/3442,Chromatic,8B+,Boulder problem,Bacon Hole,1,Eliot Stephens,Boulder | worked,25th May 2024,,8B+,22,14.0,2024-05-25,2024
3440,https://climbing-history.org/climb/3440,What's Up Are You Down?,8B+,Boulder problem,Chironico,2,Shawn Raboutou,Boulder | worked,Before 1st Jun 2024,,8B+,22,14.0,2024-06-01,2024
3493,https://climbing-history.org/climb/3493,Weeping Arete,8B+,Boulder problem,Brimham Rocks,1,Dan Varian,Boulder | worked,8th Jun 2024,,8B+,22,14.0,2024-06-08,2024
3533,https://climbing-history.org/climb/3533,A Reason to Die,8B+,Boulder problem,Carn Gloose,1,Solly Kemball-Dorey,Boulder | worked,20th Jun 2024,,8B+,22,14.0,2024-06-20,2024
3534,https://climbing-history.org/climb/3534,Last Wave Goodbye sit,8B+,Boulder problem,The Wave,3,Will Bosi,Boulder | worked,Jul 2024,,8B+,22,14.0,2024-07-01,2024
3577,https://climbing-history.org/climb/3577,Harambe,8B+,Boulder problem,Dumbarton Rock,1,Will Bosi,Boulder | worked,Jul 2024,8B+,8B+,22,14.0,2024-07-01,2024
3754,https://climbing-history.org/climb/3754,Iris,8B+,Boulder problem,Mount Evans,1,Austin Purdy,Boulder | worked,4th Jul 2024,,8B+,22,14.0,2024-07-04,2024
6092,https://climbing-history.org/climb/6092,El Cobrador del Flash,8B+,Boulder problem,Alcolea del Pinar,2,Pablo Zamora,Boulder | worked,6th Jul 2024,,8B+,22,14.0,2024-07-06,2024
3580,https://climbing-history.org/climb/3580,Kindred,8B+,Boulder problem,Kinder,4,Jim Pope,Boulder | worked,15th Jul 2024,8B/8B+,8B+,22,14.0,2024-07-15,2024
3710,https://climbing-history.org/climb/3710,Synchronicity,8B+,Boulder problem,,2,Diego Cameroni,Boulder | worked,30th Jul 2024,,8B+,22,14.0,2024-07-30,2024
7738,https://climbing-history.org/climb/7738,Arrival Fallacy,8B+,Boulder problem,Slottet,1,Ben Smart,Boulder | worked,Before 1st Aug 2024,,8B+,22,14.0,2024-08-01,2024
5469,https://climbing-history.org/climb/5469,Citrine,8B+,Boulder problem,Fortress,3,Dave Graham,Boulder | worked,Before 4th Aug 2024,,8B+,22,14.0,2024-08-04,2024
3768,https://climbing-history.org/climb/3768,Fleeting Youth,8B+/8c+,Boulder problem,Blackwell Dale,4,Alex Barrows,Boulder | worked,17th Aug 2024,8B+,8B+,22,14.0,2024-08-17,2024
3779,https://climbing-history.org/climb/3779,Quartz,8B+,Boulder problem,Lincoln Lake,1,Noah Wheeler,Boulder | worked,23rd Aug 2024,8B+/8C,8B+,22,14.0,2024-08-23,2024
3926,https://climbing-history.org/climb/3926,Dente de Tubarão Low,8B+,Boulder problem,Praia do Cavalo,1,Will Bosi,Boulder | worked,Sep 2024,,8B+,22,14.0,2024-09-01,2024
3970,https://climbing-history.org/climb/3970,Afterlife,8B+,Boulder problem,Carn Gloose,1,Aidan Roberts,Boulder | worked,Sep 2024,,8B+,22,14.0,2024-09-01,2024
3971,https://climbing-history.org/climb/3971,Valhalla,8B+,Boulder problem,Zawn Duel and Carn Gloose Area,1,Aidan Roberts,Boulder | worked,Sep 2024,,8B+,22,14.0,2024-09-01,2024
4135,https://climbing-history.org/climb/4135,Bob Ross,8B+,Boulder problem,Fair Head,3,Aidan Roberts,Boulder | worked,Sep 2024,,8B+,22,14.0,2024-09-01,2024
4156,https://climbing-history.org/climb/4156,Tunnel Full of Goats,8B+,Boulder problem,Fair Head,1,Aidan Roberts,Boulder | worked,Sep 2024,,8B+,22,14.0,2024-09-01,2024
3950,https://climbing-history.org/climb/3950,Armor of Azlan,8B+,Boulder problem,Golden Gate,1,Christopher Cosser,Boulder | worked,8th Sep 2024,,8B+,22,14.0,2024-09-08,2024
4854,https://climbing-history.org/climb/4854,Arachnobatics,8B+,Boulder problem,Redmond Caves,1,Vance Stanfield,Boulder | worked,8th Sep 2024,,8B+,22,14.0,2024-09-08,2024
3997,https://climbing-history.org/climb/3997,Tartarus,8B+,Boulder problem,Trewethet Cliff North,2,Aidan Roberts,Boulder | worked,Before 3rd Oct 2024,,8B+,22,14.0,2024-10-03,2024
4003,https://climbing-history.org/climb/4003,Tartarus Left,8B+,Boulder problem,Trewethet Cliff North,1,Solly Kemball-Dorey,Boulder | worked,3rd Oct 2024,,8B+,22,14.0,2024-10-03,2024
4168,https://climbing-history.org/climb/4168,Mr. Nobody,8B+,Boulder problem,Smuggler's Notch,1,Austin Hoyt,Boulder | worked,12th Oct 2024,8B+ (soft),8B+,22,14.0,2024-10-12,2024
4974,https://climbing-history.org/climb/4974,Champagne Supernova,8B+,Boulder problem,Mount Evans,1,Austin Purdy,Boulder | worked,24th Oct 2024,,8B+,22,14.0,2024-10-24,2024
4032,https://climbing-history.org/climb/4032,Impropa Sit Propera,8B+,Boulder problem,The Bowderstone,1,Flinn Mcinerney,Boulder | worked,26th Oct 2024,,8B+,22,14.0,2024-10-26,2024
3993,https://climbing-history.org/climb/3993,Line of Fire,8B+,Boulder problem,,3,David Fitzgerald,Boulder | worked,Nov 2024,,8B+,22,14.0,2024-11-01,2024
4169,https://climbing-history.org/climb/4169,Rocha Power,8B+,Boulder problem,San Pelayo de Guareña,1,Jesús Muñoz,Boulder | worked,Nov 2024,,8B+,22,14.0,2024-11-01,2024
4211,https://climbing-history.org/climb/4211,Backside Blowout,8B+,Boulder problem,the Apron Boulders,6,Hamish McArthur,Boulder | worked,Nov 2024,8B+,8B+,22,14.0,2024-11-01,2024
4564,https://climbing-history.org/climb/4564,Panties Low,8B+,Boulder problem,Foten,2,Thilo Schröter,Boulder | worked,8th Nov 2024,,8B+,22,14.0,2024-11-08,2024
4590,https://climbing-history.org/climb/4590,Fatal Attraction,8B+,Boulder problem,Malibu Creek,3,Vincent Lee,Boulder | worked,16th Nov 2024,,8B+,22,14.0,2024-11-16,2024
4172,https://climbing-history.org/climb/4172,Supertussi Low,8B+,Boulder problem,Brione,1,Jana Švecová,Boulder | worked,23rd Nov 2024,8B+,8B+,22,14.0,2024-11-23,2024
4219,https://climbing-history.org/climb/4219,Starstruck,8B+,Boulder problem,Green Lane,5,Noah Wheeler,Boulder | worked,30th Nov 2024,8B+/8C,8B+,22,14.0,2024-11-30,2024
7700,https://climbing-history.org/climb/7700,Expire,8B+,Boulder problem,,1,Ritsu Kayotani,Boulder | worked,Before 1st Dec 2024,,8B+,22,14.0,2024-12-01,2024
6074,https://climbing-history.org/climb/6074,Titan,8B+,Boulder problem,Rioupéroux,3,Arthur Ternant,Boulder | worked,4th Dec 2024,,8B+,22,14.0,2024-12-04,2024
4809,https://climbing-history.org/climb/4809,Coppa Bombastico,8B+,Boulder problem,Alcañiz,3,Michiel Nieuwenhuijsen,Boulder | worked,27th Dec 2024,,8B+,22,14.0,2024-12-27,2024
3353,https://climbing-history.org/climb/3353,Lost Generation,8B+,Boulder problem,Alcañiz,4,Max Räuber,Boulder | worked,Before 1st Jan 2025,,8B+,22,14.0,2025-01-01,2025
4717,https://climbing-history.org/climb/4717,Oxbow,8B+,Boulder problem,,1,Jimmy Webb,Boulder | worked,2025,,8B+,22,14.0,2025-01-01,2025
4807,https://climbing-history.org/climb/4807,Visualize,8B+,Boulder problem,,1,Dai Koyamada,Boulder | worked,2025,,8B+,22,14.0,2025-01-01,2025
5035,https://climbing-history.org/climb/5035,Yelo Stone,8B+,Boulder problem,,1,Nacho Sánchez,Boulder | worked,2025,,8B+,22,14.0,2025-01-01,2025
5218,https://climbing-history.org/climb/5218,Break of Room,8B+,Boulder problem,140 Intersection,1,Aidan Roberts,Boulder | worked,2025,,8B+,22,14.0,2025-01-01,2025
5251,https://climbing-history.org/climb/5251,The Hunkster's Roof,8B+,Boulder problem,the Grand Wall Boulders,5,Tim Doyle,Boulder | worked,Before 1st Jan 2025,,8B+,22,14.0,2025-01-01,2025
5287,https://climbing-history.org/climb/5287,Ossau Project,8B+,Boulder problem,,1,Nacho Sánchez,Boulder | worked,2025,,8B+,22,14.0,2025-01-01,2025
5302,https://climbing-history.org/climb/5302,Slime and Reason,8B+,Boulder problem,Curry Village Boulders,1,Aidan Roberts,Boulder | worked,2025,8B+/8C,8B+,22,14.0,2025-01-01,2025
5408,https://climbing-history.org/climb/5408,Lur,8B+,Boulder problem,Hoyamoros,1,Jesús Muñoz,Boulder | worked,2025,,8B+,22,14.0,2025-01-01,2025
5983,https://climbing-history.org/climb/5983,Big G,8B+,Boulder problem,Gotthard Pass,2,Elias Arriagada Krüger,Boulder | worked,2025,,8B+,22,14.0,2025-01-01,2025
6116,https://climbing-history.org/climb/6116,Dual Mission,8B+,Boulder problem,Milho Verde,1,Yannis Gautier,Boulder | worked,2025,,8B+,22,14.0,2025-01-01,2025
6550,https://climbing-history.org/climb/6550,The Lazarus Pit,8B+,Boulder problem,Lower La Cueva Canyon,1,Caleb Franchere,Boulder | worked,2025,8B+,8B+,22,14.0,2025-01-01,2025
6614,https://climbing-history.org/climb/6614,Thirst Trap Low,8B+,Boulder problem,,2,Matt Gentile,Boulder | worked,2025,,8B+,22,14.0,2025-01-01,2025
7464,https://climbing-history.org/climb/7464,Zarathustra,8B+,Boulder problem,,1,Jonas Winter,Boulder | worked,2025,,8B+,22,14.0,2025-01-01,2025
5449,https://climbing-history.org/climb/5449,Chugma,8B+,Boulder problem,Bidjigal Reserve,2,Sam Stodart,Boulder | worked,15th Jan 2025,,8B+,22,14.0,2025-01-15,2025
4971,https://climbing-history.org/climb/4971,Haram,8B+,Boulder problem,Dumbarton Rock,1,Mat Wright,Boulder | worked,22nd Jan 2025,,8B+,22,14.0,2025-01-22,2025
5819,https://climbing-history.org/climb/5819,Disorder,8B+,Boulder problem,Prebble Hill,1,Oskar Wolff,Boulder | worked,24th Jan 2025,,8B+,22,14.0,2025-01-24,2025
5501,https://climbing-history.org/climb/5501,Year of the Snake,8B+,Boulder problem,Squamish,1,Andy Lamb,Boulder | worked,26th Jan 2025,,8B+,22,14.0,2025-01-26,2025
4670,https://climbing-history.org/climb/4670,Elemental,8B+,Boulder problem,La Pedriza,1,Adam Ondra,Boulder | worked,28th Jan 2025,,8B+,22,14.0,2025-01-28,2025
4759,https://climbing-history.org/climb/4759,The Hangover,8B+,Boulder problem,Hueco Tanks,1,Matt Fultz,Boulder | worked,12th Feb 2025,,8B+,22,14.0,2025-02-12,2025
4785,https://climbing-history.org/climb/4785,Orlok,8B+,Boulder problem,Moel y Gest Quarry,1,Tim Blake,Boulder | worked,17th Feb 2025,,8B+,22,14.0,2025-02-17,2025
5082,https://climbing-history.org/climb/5082,Street Fighter Sit,8B+,Boulder problem,Alcolea del Pinar,7,Juan Alonso Mancera,Boulder | worked,Mar 2025,8C,8B+,22,14.0,2025-03-01,2025
5014,https://climbing-history.org/climb/5014,The Boss Sit,8B+,Boulder problem,Yarncliffe,1,Nathan Phillips,Boulder | worked,12th Mar 2025,,8B+,22,14.0,2025-03-12,2025
7563,https://climbing-history.org/climb/7563,Rewind,8B+,Boulder problem,Triassic,3,Austin Purdy,Boulder | worked,30th Mar 2025,8B,8B+,22,14.0,2025-03-30,2025
5111,https://climbing-history.org/climb/5111,Ta Eis Heauton,8B+,Boulder problem,,1,Toru Nakajima,Boulder | worked,Apr 2025,,8B+,22,14.0,2025-04-01,2025
5214,https://climbing-history.org/climb/5214,Le Râle du Cul (assis),8B+,Boulder problem,Rocher des Princes,2,Charles Albert,Boulder | worked,Before 3rd Apr 2025,,8B+,22,14.0,2025-04-03,2025
5220,https://climbing-history.org/climb/5220,Airbag,8B+,Boulder problem,Maltatal,4,Timo Užnik,Boulder | worked,5th Apr 2025,8B+,8B+,22,14.0,2025-04-05,2025
5166,https://climbing-history.org/climb/5166,Crash Out,8B+,Boulder problem,Elevenmile Canyon,2,Noah Wheeler,Boulder | worked,20th Apr 2025,,8B+,22,14.0,2025-04-20,2025
6685,https://climbing-history.org/climb/6685,Cine Paradiso,8B+,Boulder problem,Cocalzinho,1,Thiago Vaz,Boulder | worked,Before 25th Apr 2025,,8B+,22,14.0,2025-04-25,2025
5413,https://climbing-history.org/climb/5413,Frozen Witch Broth,8B+,Boulder problem,Vingsand,3,Thilo Schröter,Boulder | worked,May 2025,,8B+,22,14.0,2025-05-01,2025
6256,https://climbing-history.org/climb/6256,Sigma,8B+,Boulder problem,Vingsand,1,Thilo Schröter,Boulder | worked,May 2025,8B/8B+,8B+,22,14.0,2025-05-01,2025
5219,https://climbing-history.org/climb/5219,Pass on Thru,8B+,Boulder problem,Arch Rock,1,Pablo Hammack,Boulder | worked,Before 8th May 2025,,8B+,22,14.0,2025-05-08,2025
7883,https://climbing-history.org/climb/7883,Molester sit,8B+,Boulder problem,Puumala,1,Tuukka Simonen,Boulder | worked,8th May 2025,,8B+,22,14.0,2025-05-08,2025
3903,https://climbing-history.org/climb/3903,The French Connection,8B+,Boulder problem,Coal Creek,4,Austin Purdy,Boulder | worked,10th May 2025,,8B+,22,14.0,2025-05-10,2025
5483,https://climbing-history.org/climb/5483,Daybreak,8B+,Boulder problem,Hartland Boulders,1,Derek Nussbaum,Boulder | worked,10th May 2025,,8B+,22,14.0,2025-05-10,2025
5231,https://climbing-history.org/climb/5231,Carinthian Trademark,8B+,Boulder problem,Maltatal,1,Nicolai Užnik,Boulder | worked,13th May 2025,,8B+,22,14.0,2025-05-13,2025
7698,https://climbing-history.org/climb/7698,Strem,8B+,Boulder problem,Val Strem,2,Gianin Regli,Boulder | worked,14th May 2025,8b+,8B+,22,14.0,2025-05-14,2025
7979,https://climbing-history.org/climb/7979,Traumschiff,8B+,Boulder problem,Zemmschlucht,1,Philipp Göthert,Boulder | worked,24th May 2025,,8B+,22,14.0,2025-05-24,2025
3944,https://climbing-history.org/climb/3944,Blunt Sit,8B+,Boulder problem,Smuggler's Notch,3,GP Salvo,Boulder | worked,Before 27th May 2025,,8B+,22,14.0,2025-05-27,2025
5403,https://climbing-history.org/climb/5403,Forgotten Lands,8B+,Boulder problem,Dove Crag,1,Dan Varian,Boulder | worked,Jun 2025,,8B+,22,14.0,2025-06-01,2025
7909,https://climbing-history.org/climb/7909,From Dark Sakai to Sunshine,8B+,Boulder problem,Magic Wood,1,Luis Gerhardt,Boulder | worked,12th Jun 2025,,8B+,22,14.0,2025-06-12,2025
5369,https://climbing-history.org/climb/5369,L'Oppio dei Climbers,8B+,Boulder problem,Val Daone,2,Stefano Ghisolfi,Boulder | worked,21st Jun 2025,,8B+,22,14.0,2025-06-21,2025
5388,https://climbing-history.org/climb/5388,Afrodite,8B+,Boulder problem,,1,Elias Iagnemma,Boulder | worked,30th Jun 2025,,8B+,22,14.0,2025-06-30,2025
5454,https://climbing-history.org/climb/5454,Underwave,8B+,Boulder problem,The Wave,3,Ned Feehally,Boulder | worked,Jul 2025,,8B+,22,14.0,2025-07-01,2025
5457,https://climbing-history.org/climb/5457,Give Me Some Core,8B+,Boulder problem,,1,Diego Fourbet,Boulder | worked,Jul 2025,,8B+,22,14.0,2025-07-01,2025
6684,https://climbing-history.org/climb/6684,Bad Trip,8B+,Boulder problem,Cocalzinho,1,Thiago Vaz,Boulder | worked,Before 3rd Jul 2025,,8B+,22,14.0,2025-07-03,2025
5418,https://climbing-history.org/climb/5418,Hail Nails,8B+,Boulder problem,Gotthard Pass,3,Diego Cameroni,Boulder | worked,7th Jul 2025,,8B+,22,14.0,2025-07-07,2025
5547,https://climbing-history.org/climb/5547,My One Power,8B+,Boulder problem,Roadcrew,1,Adam Shahar,Boulder | worked,3rd Aug 2025,8B+/8C,8B+,22,14.0,2025-08-03,2025
5647,https://climbing-history.org/climb/5647,Dernier Uppercut,8B+,Boulder problem,Parisella's Cave,1,Jack Palmieri,Boulder | worked,18th Aug 2025,,8B+,22,14.0,2025-08-18,2025
6022,https://climbing-history.org/climb/6022,Murder Mitten,8B+,Boulder problem,Smith Rock,1,Vance Stanfield,Boulder | worked,Sep 2025,,8B+,22,14.0,2025-09-01,2025
6260,https://climbing-history.org/climb/6260,La Busta Paga,8B+,(approx) Boulder problem,,1,Niccolò Ceria,Boulder | worked,Sep 2025,,8B+,22,14.0,2025-09-01,2025
7943,https://climbing-history.org/climb/7943,Power of Zero,8B+,Boulder problem,Gotthard Pass,3,Diego Cameroni,Boulder | worked,3rd Sep 2025,8C,8B+,22,14.0,2025-09-03,2025
6028,https://climbing-history.org/climb/6028,Leftovers,8B+,Boulder problem,The Bowderstone,1,Jack Palmieri,Boulder | worked,23rd Sep 2025,,8B+,22,14.0,2025-09-23,2025
3670,https://climbing-history.org/climb/3670,Motorhead,8B+,Boulder problem,,5,Anderson Bouton,Boulder | worked,Before 6th Oct 2025,8B,8B+,22,14.0,2025-10-06,2025
6222,https://climbing-history.org/climb/6222,Sol i S’ombra Sit,8B+,Boulder problem,,1,Pol Roca Lopez,Boulder | worked,Before 13th Oct 2025,,8B+,22,14.0,2025-10-13,2025
3788,https://climbing-history.org/climb/3788,Match Made in Heaven,8B+,Boulder problem,Gandalf,2,Adlai Marquez,Boulder | worked,Before 18th Oct 2025,,8B+,22,14.0,2025-10-18,2025
6297,https://climbing-history.org/climb/6297,Fear of Success,8B+,Boulder problem,Rilski Manastir,1,Niki Rusev,Boulder | worked,21st Oct 2025,,8B+,22,14.0,2025-10-21,2025
6313,https://climbing-history.org/climb/6313,The Time Machine,8B+,Boulder problem,Tramway,2,Vincent Lee,Boulder | worked,23rd Oct 2025,,8B+,22,14.0,2025-10-23,2025
7672,https://climbing-history.org/climb/7672,Sanrinsha,8B+,Boulder problem,Mitsumine,1,Taisei Ishimatsu,Boulder | worked,24th Oct 2025,,8B+,22,14.0,2025-10-24,2025
6545,https://climbing-history.org/climb/6545,Caricature,8B+,Boulder problem,Horai,2,Mei Kotake,Boulder | worked,Before 8th Nov 2025,8B+,8B+,22,14.0,2025-11-08,2025
6387,https://climbing-history.org/climb/6387,Borrowed Time,8B+,Boulder problem,Lost World,1,Tim Kang,Boulder | worked,Before 11th Nov 2025,,8B+,22,14.0,2025-11-11,2025
6401,https://climbing-history.org/climb/6401,Apotheosis,8B+,Boulder problem,,1,Casey Webb,Boulder | worked,12th Nov 2025,,8B+,22,14.0,2025-11-12,2025
6399,https://climbing-history.org/climb/6399,The Abominable Low,8B+,Boulder problem,Boone,1,Austin Hoyt,Boulder | worked,Before 13th Nov 2025,,8B+,22,14.0,2025-11-13,2025
6458,https://climbing-history.org/climb/6458,The Choir,8B+,Boulder problem,Ortegas,1,Caleb Franchere,Boulder | worked,Before 24th Nov 2025,,8B+,22,14.0,2025-11-24,2025
7603,https://climbing-history.org/climb/7603,Chicken Vs. Evil Sit,8B+,Boulder problem,Independence Pass,1,Paul Robinson,Boulder | worked,3rd Dec 2025,,8B+,22,14.0,2025-12-03,2025
6863,https://climbing-history.org/climb/6863,Dreadnought,8B+,Boulder problem,Highway 140,1,Keenan Takahashi,Boulder | worked,4th Dec 2025,,8B+,22,14.0,2025-12-04,2025
6556,https://climbing-history.org/climb/6556,Paper Halo,8B+,Boulder problem,Smith Rock,1,Vance Stanfield,Boulder | worked,6th Dec 2025,,8B+,22,14.0,2025-12-06,2025
6613,https://climbing-history.org/climb/6613,Paper Halo,8B+,Boulder problem,Smith Rock,1,Vance Stanfield,Boulder | worked,6th Dec 2025,,8B+,22,14.0,2025-12-06,2025
6597,https://climbing-history.org/climb/6597,Air,8B+,Boulder problem,Togouchi,1,Minoru Nakano,Boulder | worked,Before 11th Dec 2025,,8B+,22,14.0,2025-12-11,2025
6602,https://climbing-history.org/climb/6602,Reality Drift,8B+,Boulder problem,Cowraik Quarry,2,Dan Varian,Boulder | worked,11th Dec 2025,,8B+,22,14.0,2025-12-11,2025
6712,https://climbing-history.org/climb/6712,Shu So Retsu Jitsu,8B+,Boulder problem,Kiinokuni Boulder Area,1,Jun Shibanuma,Boulder | worked,15th Dec 2025,,8B+,22,14.0,2025-12-15,2025
7017,https://climbing-history.org/climb/7017,Betara,8B+,Boulder problem,Mogán Valley,2,Viliam Jutka,Boulder | worked,24th Dec 2025,,8B+,22,14.0,2025-12-24,2025
7330,https://climbing-history.org/climb/7330,Tribut,8B+,Boulder problem,Göttinger Wald,2,Kai Theune,Boulder | worked,27th Dec 2025,,8B+,22,14.0,2025-12-27,2025
7479,https://climbing-history.org/climb/7479,Potion Master,8B+,Boulder problem,Mutton Bird,1,Aiden Yanev,Boulder | worked,30th Dec 2025,8B/8B+,8B+,22,14.0,2025-12-30,2025
6740,https://climbing-history.org/climb/6740,Mellon,8B+,Boulder problem,Paesana,1,Elias Iagnemma,Boulder | worked,Before 1st Jan 2026,,8B+,22,14.0,2026-01-01,2026
7598,https://climbing-history.org/climb/7598,The Blueprint,8B+,Boulder problem,,1,Hyunbin Min,Boulder | worked,2026,8B+/8C,8B+,22,14.0,2026-01-01,2026
6800,https://climbing-history.org/climb/6800,The Bee’s Knees,8B+,Boulder problem,Bridalveil Falls,1,Aidan Roberts,Boulder | worked,Before 5th Jan 2026,,8B+,22,14.0,2026-01-05,2026
6912,https://climbing-history.org/climb/6912,Kaching,8B+,Boulder problem,Little Cottonwood Canyon,1,Landers Gaydosh,Boulder | worked,18th Jan 2026,,8B+,22,14.0,2026-01-18,2026
6913,https://climbing-history.org/climb/6913,Banana Slap Sit,8B+,Boulder problem,St. Vrain,4,Nick Bradley,Boulder | worked,18th Jan 2026,,8B+,22,14.0,2026-01-18,2026
7321,https://climbing-history.org/climb/7321,The Seam Engine,8B+,Boulder problem,Hollinghead Crag,1,Dan Varian,Boulder | worked,29th Jan 2026,,8B+,22,14.0,2026-01-29,2026
7092,https://climbing-history.org/climb/7092,The Palletiser,8B+,Boulder problem,Torridon,1,Will Bosi,Boulder | worked,Before 14th Feb 2026,,8B+,22,14.0,2026-02-14,2026
7178,https://climbing-history.org/climb/7178,Road of Life,8B+,Boulder problem,Varazze,1,Stefano Ghisolfi,Boulder | worked,17th Feb 2026,,8B+,22,14.0,2026-02-17,2026
7133,https://climbing-history.org/climb/7133,Explosion Direct (assis),8B+,Boulder problem,Fenouillet,1,Tom Mezard,Boulder | worked,21st Feb 2026,,8B+,22,14.0,2026-02-21,2026
7183,https://climbing-history.org/climb/7183,Levitation,8B+,Boulder problem,Boone,1,Isaac Dunk,Boulder | worked,Before 1st Mar 2026,,8B+,22,14.0,2026-03-01,2026
7311,https://climbing-history.org/climb/7311,Hot Drop,8B+,Boulder problem,Little Cottonwood Canyon,1,Adam Shahar,Boulder | worked,Mar 2026,,8B+,22,14.0,2026-03-01,2026
7283,https://climbing-history.org/climb/7283,Abandon Ship,8B+,Boulder problem,Leavenworth,1,Ben Herrington,Boulder | worked,Before 16th Mar 2026,,8B+,22,14.0,2026-03-16,2026
3945,https://climbing-history.org/climb/3945,Hello Kitty SDS,8B+,Boulder problem,Chaos Canyon,5,Wesley White,Boulder | worked,21st Mar 2026,,8B+,22,14.0,2026-03-21,2026
7315,https://climbing-history.org/climb/7315,Cut Through Hell Extension,8B+,Boulder problem,Parisella's Cave,1,Jack Palmieri,Boulder | worked,22nd Mar 2026,,8B+,22,14.0,2026-03-22,2026
7781,https://climbing-history.org/climb/7781,Infohazzard sittstart,8B+,Boulder problem,Hultastenen,2,Linus Qvarnström,Boulder | worked,24th Mar 2026,,8B+,22,14.0,2026-03-24,2026
7344,https://climbing-history.org/climb/7344,John’s Problem,8B+,Boulder problem,Crag X,3,Matthew Mendes,Boulder | worked,26th Mar 2026,8B+ (soft),8B+,22,14.0,2026-03-26,2026
7362,https://climbing-history.org/climb/7362,The Age of Aquarius,8B+,Boulder problem,Squamish,3,Ethan Salvo,Boulder | worked,30th Mar 2026,,8B+,22,14.0,2026-03-30,2026
7359,https://climbing-history.org/climb/7359,Missing Notes,8B+,Boulder problem,Forest Rock,1,Orrin Coley,Boulder | worked,31st Mar 2026,,8B+,22,14.0,2026-03-31,2026
7360,https://climbing-history.org/climb/7360,Le Réveil de la Force,8B+,Boulder problem,Orsay,1,Théo Charmasson,Boulder | worked,31st Mar 2026,,8B+,22,14.0,2026-03-31,2026
7499,https://climbing-history.org/climb/7499,"Le Surplomb de la Mée (assis, gauche)",8B+,Boulder problem,Rocher du Potala,2,Antoine Girard,Boulder | worked,Apr 2026,,8B+,22,14.0,2026-04-01,2026
7386,https://climbing-history.org/climb/7386,Knockman,8B+,Boulder problem,Chřiby,1,Adam Ondra,Boulder | worked,6th Apr 2026,,8B+,22,14.0,2026-04-06,2026
7485,https://climbing-history.org/climb/7485,Reborn in Paradise,8B+,Boulder problem,Joe's Valley,1,Brian Squire,Boulder | worked,16th Apr 2026,8B+/8C,8B+,22,14.0,2026-04-16,2026
7570,https://climbing-history.org/climb/7570,Jiujitsu,8B+,Boulder problem,Valle Bavona,2,Dave Graham,Boulder | worked,Before 1st May 2026,,8B+,22,14.0,2026-05-01,2026
7619,https://climbing-history.org/climb/7619,Gammel ørn sitt,8B+,Boulder problem,Vingsand,1,Thilo Schröter,Boulder | worked,4th May 2026,,8B+,22,14.0,2026-05-04,2026
7675,https://climbing-history.org/climb/7675,Resurgam,8B+,Boulder problem,,1,Dai Koyamada,Boulder | worked,12th May 2026,,8B+,22,14.0,2026-05-12,2026
7688,https://climbing-history.org/climb/7688,Non Plus Ultra (low),8B+,Boulder problem,Öreg-lyuk,1,Kristóf Modrián,Boulder | worked,13th May 2026,,8B+,22,14.0,2026-05-13,2026
7687,https://climbing-history.org/climb/7687,Dead by Dawn,8B+,Boulder problem,the Ground Control Caves,1,Callum Mather,Boulder | worked,14th May 2026,,8B+,22,14.0,2026-05-14,2026
7707,https://climbing-history.org/climb/7707,Dead by Dawn,8B+,Boulder problem,the Ground Control Caves,1,Callum Mather,Boulder | worked,14th May 2026,,8B+,22,14.0,2026-05-14,2026
7765,https://climbing-history.org/climb/7765,Planeta Colleja,8B+,Boulder problem,Albarracín,1,Nacho Sánchez,Boulder | worked,Before 23rd May 2026,,8B+,22,14.0,2026-05-23,2026
7836,https://climbing-history.org/climb/7836,Bold As Love sit,8B+,Boulder problem,Telluride,3,Javier Norton,Boulder | worked,29th May 2026,,8B+,22,14.0,2026-05-29,2026
7887,https://climbing-history.org/climb/7887,Rampagista,8B+,Boulder problem,,1,Yuta Imaizumi,Boulder | worked,29th May 2026,,8B+,22,14.0,2026-05-29,2026
8013,https://climbing-history.org/climb/8013,Cheese Steeze,8B+,Boulder problem,Cheesedale,2,Shawn Raboutou,Boulder | worked,Jun 2026,,8B+,22,14.0,2026-06-01,2026
7992,https://climbing-history.org/climb/7992,Crypto Rey,8B+,Boulder problem,Hoyamoros,1,Jesús Muñoz,Boulder | worked,19th Jun 2026,,8B+,22,14.0,2026-06-19,2026
8032,https://climbing-history.org/climb/8032,More or Less Shiny,8B+,Boulder problem,Silvapark,1,Tamas Zupan,Boulder | worked,23rd Jun 2026,,8B+,22,14.0,2026-06-23,2026
8014,https://climbing-history.org/climb/8014,Quiet Storm,8B+,Boulder problem,Gotthard Pass,8,Francesco Berardino,Boulder | worked,Before 27th Jun 2026,,8B+,22,14.0,2026-06-27,2026
8059,https://climbing-history.org/climb/8059,Resistance,8B+,Boulder problem,Hülloch,1,Alex Megos,Boulder | worked,4th Jul 2026,,8B+,22,14.0,2026-07-04,2026
8062,https://climbing-history.org/climb/8062,Frankenschelle,8B+,Boulder problem,Hülloch,1,Alex Megos,Boulder | worked,5th Jul 2026,,8B+,22,14.0,2026-07-05,2026
8076,https://climbing-history.org/climb/8076,Legacy,8B+,Boulder problem,Cedar Rouge,1,James Pearson,Boulder | worked,Before 9th Jul 2026,,8B+,22,14.0,2026-07-09,2026
8143,https://climbing-history.org/climb/8143,Viper's Vape,8B+,Boulder problem,Valle Bavona,1,Kim Marschner,Boulder | worked,Before 22nd Jul 2026,,8B+,22,14.0,2026-07-22,2026
8163,https://climbing-history.org/climb/8163,Sigillo,8B+,Boulder problem,Val Daone,1,Adam Ondra,Boulder | worked,27th Jul 2026,,8B+,22,14.0,2026-07-27,2026
8206,https://climbing-history.org/climb/8206,Enjoy the Silence,8B+,Boulder problem,Val Daone,1,Adam Ondra,Boulder | worked,3rd Aug 2026,,8B+,22,14.0,2026-08-03,2026
8181,https://climbing-history.org/climb/8181,Templo de Ferro,8B+,Boulder problem,Sabará,1,Thiago Vaz,Boulder | worked,Before 4th Aug 2026,8B+/8C,8B+,22,14.0,2026-08-04,2026
8255,https://climbing-history.org/climb/8255,Hypertension,8B+,Boulder problem,Sassies,1,Tanguy Merard,Boulder | worked,Before 19th Aug 2026,,8B+,22,14.0,2026-08-19,2026
8294,https://climbing-history.org/climb/8294,Schattenspiel,8B+,Boulder problem,Stavtjørn,1,Alex Megos,Boulder | worked,19th Aug 2026,,8B+,22,14.0,2026-08-19,2026
8263,https://climbing-history.org/climb/8263,Remote Working direct,8B+,Boulder problem,Blackwell Dale,2,Nathan Phillips,Boulder | worked,21st Aug 2026,8B+/8C,8B+,22,14.0,2026-08-21,2026
8283,https://climbing-history.org/climb/8283,Norwegian Sky,8B+,Boulder problem,Moifjellet,1,Alex Megos,Boulder | worked,22nd Aug 2026,,8B+,22,14.0,2026-08-22,2026
8308,https://climbing-history.org/climb/8308,Penitent Span,8B+,Boulder problem,Fair Head,1,Aidan Roberts,Boulder | worked,Before 29th Aug 2026,,8B+,22,14.0,2026-08-29,2026
8351,https://climbing-history.org/climb/8351,El Tony,8B+,Boulder problem,Gotthard Pass,1,Jens de Louw,Boulder | worked,5th Sep 2026,,8B+,22,14.0,2026-09-05,2026
8359,https://climbing-history.org/climb/8359,Blood Eagle,8B+,Boulder problem,,1,Vance Stanfield,Boulder | worked,Before 9th Sep 2026,8B+,8B+,22,14.0,2026-09-09,2026
119,https://climbing-history.org/climb/119,Black Eagle,8B+,Boulder problem,Cedar Rouge,1,Micky Page,Boulder | worked,,,8B+,22,14.0,,
144,https://climbing-history.org/climb/144,The Island,8B+,Boulder problem,Coquibus Rumont,8,,,,,8B+,22,14.0,,
419,https://climbing-history.org/climb/419,Little Women,8B+,Boulder problem,the Kentmere Boulders,8,,,,,8B+,22,14.0,,
433,https://climbing-history.org/climb/433,Natural Method,8B+,Boulder problem,Nevis Bouldering,2,,,,,8B+,22,14.0,,
572,https://climbing-history.org/climb/572,Smiling Buttress,8B+,Boulder problem,Curbar Edge,3,,,,,8B+,22,14.0,,
1146,https://climbing-history.org/climb/1146,Off the Wagon,8B+,Boulder problem,Valle Bavona,23,,,,,8B+,22,14.0,,
2358,https://climbing-history.org/climb/2358,Fool Me Once,8B+,Boulder problem,Squamish,5,,,,,8B+,22,14.0,,
2361,https://climbing-history.org/climb/2361,HyperBallad,8B+,Boulder problem,,1,,,,,8B+,22,14.0,,
3161,https://climbing-history.org/climb/3161,La Guerra,8B+,Boulder problem,Highway 140,1,Jimmy Webb,Boulder | worked,,,8B+,22,14.0,,
3315,https://climbing-history.org/climb/3315,Ôte-moi d'un Doigt,8B+,Boulder problem,Coquibus Rumont,1,Charles Albert,Boulder | worked,,,8B+,22,14.0,,
3626,https://climbing-history.org/climb/3626,Tomba,8B+,Boulder problem,Valle Bavona,1,Jimmy Webb,Boulder | worked,,,8B+,22,14.0,,
3787,https://climbing-history.org/climb/3787,Bling,8B+,Boulder problem,Little Cottonwood Canyon,1,Isaac Caldiero,Boulder | worked,,,8B+,22,14.0,,
3900,https://climbing-history.org/climb/3900,No Additives (Post Break),8B+,Boulder problem,Joe's Valley,2,Matt Fultz,Boulder | worked,,,8B+,22,14.0,,
3922,https://climbing-history.org/climb/3922,Be Kinda Soft,8B+,Boulder problem,,1,Simon Hibbeler,Boulder | worked,,,8B+,22,14.0,,
3934,https://climbing-history.org/climb/3934,June bug (Pre-Break),8B+,Boulder problem,Bridalveil Falls,1,Randy Puro,Boulder | worked,,,8B+,22,14.0,,
3940,https://climbing-history.org/climb/3940,Skincifer,8B+,Boulder problem,the New River Gorge,3,Scotty Grayson,Boulder | worked,,,8B+,22,14.0,,
4724,https://climbing-history.org/climb/4724,Massive Dynamic,8B+,Boulder problem,Buandik,1,Nalle Hukkataival,Boulder | worked,,,8B+,22,14.0,,
4742,https://climbing-history.org/climb/4742,L'Arête de Boissy (assis),8B+,Boulder problem,Boissy aux Cailles,1,Olivier Lebreton,Boulder | worked,,,8B+,22,14.0,,
5079,https://climbing-history.org/climb/5079,Haunted House,8B+,Boulder problem,Cuvier Rempart,1,Daniel Beall,Boulder | worked,,,8B+,22,14.0,,
5444,https://climbing-history.org/climb/5444,Hachiju-hachiya,8B+,Boulder problem,Mizugaki,1,Tokio Muroi,Boulder | worked,1st November 2003-30th November 2005,8A+,8B+,22,14.0,,
5445,https://climbing-history.org/climb/5445,Hachiju-hachiya,8B+,Boulder problem,Mizugaki,1,Tokio Muroi,Boulder | worked,1st November 2003-30th November 2005,8A+,8B+,22,14.0,,
5556,https://climbing-history.org/climb/5556,White Pony,8B+,Boulder problem,,1,Vance Stanfield,Boulder | worked,,,8B+,22,14.0,,
7058,https://climbing-history.org/climb/7058,Midstillery,8B+,Boulder problem,Bridalveil Falls,1,,,,,8B+,22,14.0,,
7240,https://climbing-history.org/climb/7240,Ôte-moi d'un Doigt,8B+,Boulder problem,Coquibus Rumont,1,Charles Albert,Boulder | worked,,,8B+,22,14.0,,
7247,https://climbing-history.org/climb/7247,Under the Bridge,8B+,Boulder problem,Gorges des Usses,1,Charles Albert,Boulder | worked,,,8B+,22,14.0,,
7459,https://climbing-history.org/climb/7459,Matinée,8B+,Boulder problem,The Coop,1,Jimmy Webb,Boulder | worked,,,8B+,22,14.0,,
7519,https://climbing-history.org/climb/7519,Optimus Prime,8B+,Boulder problem,,1,Elias Iagnemma,Boulder | worked,,,8B+,22,14.0,,
7777,https://climbing-history.org/climb/7777,Clarity,8B+,Boulder problem,Skevik,2,Per Norgren,Boulder | worked,1st January-6th July 2009,,8B+,22,14.0,,
1287,https://climbing-history.org/climb/1287,Gossip,8C,Boulder problem,the Frankenjura,4,Markus Bock,Boulder | worked,2002,,8C,23,15.0,2002-01-01,2002
7322,https://climbing-history.org/climb/7322,Amazonia,8C,Boulder problem,Rocher Saint Germain,1,Francis Hélias,Boulder | worked,30th Jun 2002,,8C,23,15.0,2002-06-30,2002
107,https://climbing-history.org/climb/107,Monkey Wedding,8C,Boulder problem,Roadside,37,Fred Nicole,Boulder | worked,20th Aug 2002,8B+,8C,23,15.0,2002-08-20,2002
114,https://climbing-history.org/climb/114,Walk Away SDS,8C,Boulder problem,Fairy Steps,1,John Gaskins,Boulder | worked,Sep 2002,,8C,23,15.0,2002-09-01,2002
2499,https://climbing-history.org/climb/2499,Viva la Evolution,8C,Boulder problem,Flirsch,2,Bernd Zangerl,Boulder | worked,24th Sep 2002,8C,8C,23,15.0,2002-09-24,2002
3105,https://climbing-history.org/climb/3105,Emotional Landscapes (Pre-Break),8C,Boulder problem,Maltatal,4,Klem Loskot,Boulder | worked,10th Nov 2002,,8C,23,15.0,2002-11-10,2002
829,https://climbing-history.org/climb/829,Transdendenz,8C,Boulder problem,Sachsen,1,Thomas Willenberg,Boulder | worked,15th Feb 2003,8C/8C+,8C,23,15.0,2003-02-15,2003
7610,https://climbing-history.org/climb/7610,Transdendenz,8C,Boulder problem,Sachsen,1,Thomas Willenberg,Boulder | worked,15th Feb 2003,8C/8C+,8C,23,15.0,2003-02-15,2003
4352,https://climbing-history.org/climb/4352,L'Anarchiste,8C,Boulder problem,,1,Philip Moser,Boulder | worked,23rd Mar 2003,,8C,23,15.0,2003-03-23,2003
6661,https://climbing-history.org/climb/6661,Trip Hop,8C,Boulder problem,Boissy aux Cailles,5,Sébastien Frigault,Boulder | worked,1st May 2003,8C,8C,23,15.0,2003-05-01,2003
2577,https://climbing-history.org/climb/2577,Byakudo,8C,Boulder problem,Horai,8,Dai Koyamada,Boulder | worked,11th Nov 2003,8C,8C,23,15.0,2003-11-11,2003
1928,https://climbing-history.org/climb/1928,Zunami,8C,Boulder problem,Saalachtal,5,Bernhard Schwaiger,Boulder | worked,6th Dec 2003,,8C,23,15.0,2003-12-06,2003
3106,https://climbing-history.org/climb/3106,Tonino '78,8C,Boulder problem,Meschia,3,Mauro Calibani,Boulder | worked,24th Jan 2004,8C+,8C,23,15.0,2004-01-24,2004
417,https://climbing-history.org/climb/417,Il Pirata,8C,Boulder problem,Trowbarrow,1,John Gaskins,Boulder | worked,Feb 2004,,8C,23,15.0,2004-02-01,2004
7180,https://climbing-history.org/climb/7180,Ajna,8C,Boulder problem,Varazze,1,Christian Core,Boulder | worked,Before 1st Jun 2004,,8C,23,15.0,2004-06-01,2004
705,https://climbing-history.org/climb/705,"Satan i Helvete (assis, pre-December 2013)",8C,Boulder problem,Coquibus Longs Vaux,2,Sébastien Frigault,Boulder | worked,2005,8C,8C,23,15.0,2005-01-01,2005
787,https://climbing-history.org/climb/787,The Story of Two Worlds,8C,Boulder problem,Cresciano,31,Dave Graham,Boulder | worked,9th Jan 2005,,8C,23,15.0,2005-01-09,2005
551,https://climbing-history.org/climb/551,Witness the Fitness,8C,Boulder problem,Ozark Mountains,3,Chris Sharma,Boulder | worked,Mar 2005,,8C,23,15.0,2005-03-01,2005
3058,https://climbing-history.org/climb/3058,Montecore,8C,Boulder problem,Weihersbachtal,5,Markus Bock,Boulder | worked,Mar 2005,,8C,23,15.0,2005-03-01,2005
112,https://climbing-history.org/climb/112,From Dirt Grows the Flowers,8C,Boulder problem,Chironico,26,Dave Graham,Boulder | worked,7th Mar 2005,,8C,23,15.0,2005-03-07,2005
2205,https://climbing-history.org/climb/2205,Hydrangea (Pre 2016 Break),8C,Boulder problem,Shiobara,6,Dai Koyamada,Boulder | worked,22nd Apr 2005,,8C,23,15.0,2005-04-22,2005
1101,https://climbing-history.org/climb/1101,Terremer,8C,Boulder problem,Hueco Tanks,6,Fred Nicole,Boulder | worked,Dec 2005,8C+,8C,23,15.0,2005-12-01,2005
7179,https://climbing-history.org/climb/7179,Long Road of Life,8C,Boulder problem,Varazze,1,Christian Core,Boulder | worked,Before 1st Dec 2005,,8C,23,15.0,2005-12-01,2005
2509,https://climbing-history.org/climb/2509,Le Dernier Fléau,8C,Boulder problem,Cuvier Rempart,5,Sébastien Frigault,Boulder | worked,2006,,8C,23,15.0,2006-01-01,2006
3419,https://climbing-history.org/climb/3419,Mandoragora,8C,Boulder problem,Shiobara,7,Dai Koyamada,Boulder | worked,2006,,8C,23,15.0,2006-01-01,2006
3699,https://climbing-history.org/climb/3699,Kimera,8C,Boulder problem,Rifugio di Barbara,2,Christian Core,Boulder | worked,2006,,8C,23,15.0,2006-01-01,2006
7377,https://climbing-history.org/climb/7377,Mandoragora,8C,Boulder problem,Shiobara,7,Dai Koyamada,Boulder | worked,2006,,8C,23,15.0,2006-01-01,2006
4274,https://climbing-history.org/climb/4274,Hyper Ballad,8C,Boulder problem,Shiobara,2,Dai Koyamada,Boulder | worked,31st Mar 2006,,8C,23,15.0,2006-03-31,2006
4777,https://climbing-history.org/climb/4777,Angama (Fata I Helvete en Traversée),8C,Boulder problem,Coquibus Longs Vaux,2,Dai Koyamada,Boulder | worked,24th Oct 2006,,8C,23,15.0,2006-10-24,2006
4273,https://climbing-history.org/climb/4273,Orochi,8C,Boulder problem,Kanoto,5,Dai Koyamada,Boulder | worked,22nd Nov 2006,,8C,23,15.0,2006-11-22,2006
3061,https://climbing-history.org/climb/3061,Babel,8C,Boulder problem,Shiobara,8,Dai Koyamada,Boulder | worked,31st Jan 2007,8C/8C+,8C,23,15.0,2007-01-31,2007
115,https://climbing-history.org/climb/115,The Singularity,8C,Boulder problem,the Grand Wall Boulders,13,Tim Clifford,Boulder | worked,21st May 2007,8B+,8C,23,15.0,2007-05-21,2007
7604,https://climbing-history.org/climb/7604,Poslední Mažoret,8C,Boulder problem,Labské Údolí,2,Rosta Stefanek,Boulder | worked,9th Oct 2007,8C,8C,23,15.0,2007-10-09,2007
4276,https://climbing-history.org/climb/4276,Bongo,8C,Boulder problem,the Frankenjura,2,Dai Koyamada,Boulder | worked,28th Oct 2007,8C,8C,23,15.0,2007-10-28,2007
8027,https://climbing-history.org/climb/8027,The End,8C,Boulder problem,Zalog,1,Urh Čehovin,Boulder | worked,28th Nov 2007,,8C,23,15.0,2007-11-28,2007
3365,https://climbing-history.org/climb/3365,In Search of Time Lost,8C,Boulder problem,Magic Wood,7,Daniel Woods,Boulder | worked,9th May 2008,,8C,23,15.0,2008-05-09,2008
1172,https://climbing-history.org/climb/1172,Quoi de Neuf,8C,Boulder problem,Orsay,6,Rémy Bergasse,Boulder | worked,29th Sep 2008,,8C,23,15.0,2008-09-29,2008
4427,https://climbing-history.org/climb/4427,Epitaph (Pre-Break),8C,Boulder problem,Horai,2,Dai Koyamada,Boulder | worked,20th Jan 2009,8B+/8C,8C,23,15.0,2009-01-20,2009
1957,https://climbing-history.org/climb/1957,Bokassa's Fridge,8C,Boulder problem,Atlantiswand,5,Toni Lamprecht,Boulder | worked,7th Mar 2009,8C+,8C,23,15.0,2009-03-07,2009
3321,https://climbing-history.org/climb/3321,Shiva (pre-break),8C,Boulder problem,Cuvier Rempart,1,Thomas Willenberg,Boulder | worked,24th Apr 2009,,8C,23,15.0,2009-04-24,2009
2576,https://climbing-history.org/climb/2576,Kryptos,8C,Boulder problem,Balsthal,6,Franz Widmer,Boulder | worked,May 2009,,8C,23,15.0,2009-05-01,2009
109,https://climbing-history.org/climb/109,The Big Island,8C,Boulder problem,Coquibus Rumont,47,Vincent Pochon,Boulder | worked,2010,,8C,23,15.0,2010-01-01,2010
1595,https://climbing-history.org/climb/1595,The Game,8C,Boulder problem,Cob Rock,14,Daniel Woods,Boulder | worked,10th Feb 2010,8C,8C,23,15.0,2010-02-10,2010
1794,https://climbing-history.org/climb/1794,Desperanza,8C,Boulder problem,Hueco Tanks,5,Daniel Woods,Boulder | worked,27th Feb 2010,8B+,8C,23,15.0,2010-02-27,2010
715,https://climbing-history.org/climb/715,Lucid Dreaming,8C,Boulder problem,The Buttermilks,15,Paul Robinson,Boulder | worked,30th Mar 2010,8C,8C,23,15.0,2010-03-30,2010
1139,https://climbing-history.org/climb/1139,Dreamtime,8C,Boulder problem,Cresciano,39,Paul Robinson,Boulder | worked,25th Nov 2010,8C (soft),8C,23,15.0,2010-11-25,2010
1555,https://climbing-history.org/climb/1555,Asagimadara,8C,Boulder problem,Mizugaki,18,Tokio Muroi,Boulder | worked,2011,8C+,8C,23,15.0,2011-01-01,2011
2501,https://climbing-history.org/climb/2501,Kaiser Sauzé,8C,Boulder problem,,1,Romain Desgranges,Boulder | worked,2011,8C/8C+,8C,23,15.0,2011-01-01,2011
1782,https://climbing-history.org/climb/1782,Le Boa,8C,Boulder problem,Ziegelbrüke,3,Fred Nicole,Boulder | worked,Mar 2011,8C,8C,23,15.0,2011-03-01,2011
3085,https://climbing-history.org/climb/3085,Entropia,8C,Boulder problem,Castillo de Bayuela,7,Nacho Sánchez,Boulder | worked,Mar 2011,,8C,23,15.0,2011-03-01,2011
1892,https://climbing-history.org/climb/1892,Pata Ledovce,8C,Boulder problem,Holštejn,3,Adam Ondra,Boulder | worked,6th Sep 2011,,8C,23,15.0,2011-09-06,2011
837,https://climbing-history.org/climb/837,La Force Tranquille,8C,Boulder problem,Magic Wood,12,Daniel Woods,Boulder | worked,15th Oct 2011,,8C,23,15.0,2011-10-15,2011
7405,https://climbing-history.org/climb/7405,Cháron,8C,Boulder problem,Petrohrad,1,Adam Ondra,Boulder | worked,15th Oct 2011,,8C,23,15.0,2011-10-15,2011
3093,https://climbing-history.org/climb/3093,Airian,8C,Boulder problem,Baltzola,2,Iban Larrión,Boulder | worked,2012,,8C,23,15.0,2012-01-01,2012
4989,https://climbing-history.org/climb/4989,Dying to Live,8C,Boulder problem,Lincoln Lake,2,Daniel Woods,Boulder | worked,2012,8B+,8C,23,15.0,2012-01-01,2012
846,https://climbing-history.org/climb/846,Paint it Black,8C,Boulder problem,Bear Lake Road,22,Daniel Woods,Boulder | worked,29th Feb 2012,,8C,23,15.0,2012-02-29,2012
1772,https://climbing-history.org/climb/1772,The Story of Two Worlds (Low Start),8C,Boulder problem,Cresciano,3,Dai Koyamada,Boulder | worked,22nd Mar 2012,,8C,23,15.0,2012-03-22,2012
3092,https://climbing-history.org/climb/3092,Insomnio,8C,Boulder problem,Crevillente,1,Nacho Sánchez,Boulder | worked,3rd Apr 2012,,8C,23,15.0,2012-04-03,2012
3066,https://climbing-history.org/climb/3066,Der Mit dem Fels Tanzt,8C,Boulder problem,Chironico,9,Martin Keller,Boulder | worked,24th Apr 2012,8C,8C,23,15.0,2012-04-24,2012
5869,https://climbing-history.org/climb/5869,Wheel of Life Direct,8C,Boulder problem,Hollow Mountain Area,2,James Kassay,Boulder | worked,10th Sep 2012,8C+,8C,23,15.0,2012-09-10,2012
3094,https://climbing-history.org/climb/3094,Kemena,8C,Boulder problem,,3,Nacho Sánchez,Boulder | worked,2013,8B+,8C,23,15.0,2013-01-01,2013
3557,https://climbing-history.org/climb/3557,Wheelchair,8C/9a+,Boulder problem,Hollow Mountain Area,1,Alex Megos,Boulder | worked,2013,,8C,23,15.0,2013-01-01,2013
843,https://climbing-history.org/climb/843,The Bridge of Ashes,8C,Boulder problem,Elkland,4,Dave Graham,Boulder | worked,8th Mar 2013,8C,8C,23,15.0,2013-03-08,2013
6662,https://climbing-history.org/climb/6662,The New Chapter,8C,Boulder problem,Horseshoe Canyon Ranch,1,Paul Robinson,Boulder | worked,20th Mar 2013,,8C,23,15.0,2013-03-20,2013
2303,https://climbing-history.org/climb/2303,Hydrangea,8C,Boulder problem,Shiobara,8,Daniel Woods,Boulder | worked,Before 27th Mar 2013,,8C,23,15.0,2013-03-27,2013
1149,https://climbing-history.org/climb/1149,La Rustica,8C,Boulder problem,Valle Bavona,9,Jimmy Webb,Boulder | worked,7th Apr 2013,,8C,23,15.0,2013-04-07,2013
3367,https://climbing-history.org/climb/3367,The Understanding,8C,Boulder problem,Magic Wood,6,Nalle Hukkataival,Boulder | worked,15th Jun 2013,,8C,23,15.0,2013-06-15,2013
1432,https://climbing-history.org/climb/1432,Delirium,8C,Boulder problem,Lincoln Lake,10,Jimmy Webb,Boulder | worked,10th Sep 2013,,8C,23,15.0,2013-09-10,2013
841,https://climbing-history.org/climb/841,Foundation's Edge,8C,Boulder problem,Fionnay,22,Dave Graham,Boulder | worked,15th Oct 2013,8C,8C,23,15.0,2013-10-15,2013
1157,https://climbing-history.org/climb/1157,Defying Gravity,8C,Boulder problem,Thunder Ridge,13,Daniel Woods,Boulder | worked,16th Nov 2013,,8C,23,15.0,2013-11-16,2013
5077,https://climbing-history.org/climb/5077,Rising From the Shadows,8C,Boulder problem,Tramway,1,Daniel Beall,Boulder | worked,19th Nov 2013,,8C,23,15.0,2013-11-19,2013
851,https://climbing-history.org/climb/851,The Nest,8C,Boulder problem,First Creek Canyon,17,Daniel Woods,Boulder | worked,18th Dec 2013,,8C,23,15.0,2013-12-18,2013
1722,https://climbing-history.org/climb/1722,Vanitas,8C,Boulder problem,Horai,10,Dai Koyamada,Boulder | worked,2014,,8C,23,15.0,2014-01-01,2014
5075,https://climbing-history.org/climb/5075,The Enigma Variation,8C,Boulder problem,The Buttermilks,1,Daniel Beall,Boulder | worked,2014,,8C,23,15.0,2014-01-01,2014
6611,https://climbing-history.org/climb/6611,Road Sweet Home,8C,Boulder problem,Buandik,1,Nalle Hukkataival,Boulder | worked,2014,,8C,23,15.0,2014-01-01,2014
7945,https://climbing-history.org/climb/7945,El Diablo,8C,Boulder problem,Penoles,1,Daniel Woods,Boulder | worked,19th Jan 2014,,8C,23,15.0,2014-01-19,2014
685,https://climbing-history.org/climb/685,Bügeleisen SDS,8C,Boulder problem,Maltatal,11,Nalle Hukkataival,Boulder | worked,1st May 2014,,8C,23,15.0,2014-05-01,2014
3715,https://climbing-history.org/climb/3715,Khoikhoi,8C,Boulder problem,Weighbridge,6,Jimmy Webb,Boulder | worked,22nd Jun 2014,8B+,8C,23,15.0,2014-06-22,2014
1655,https://climbing-history.org/climb/1655,In The Depths of Solitude,8C,Boulder problem,Three Corners,2,Paul Robinson,Boulder | worked,15th Jul 2014,8C,8C,23,15.0,2014-07-15,2014
1959,https://climbing-history.org/climb/1959,Crisis,8C,Boulder problem,Crevillente,3,Nacho Sánchez,Boulder | worked,26th Dec 2014,8C/8C+,8C,23,15.0,2014-12-26,2014
2825,https://climbing-history.org/climb/2825,Shambala,8C,Boulder problem,Toyota,3,Daisuke Ichimiya,Boulder | worked,31st Dec 2014,,8C,23,15.0,2014-12-31,2014
108,https://climbing-history.org/climb/108,Arzak,8C,Boulder problem,Murgtal,7,Fred Nicole,Boulder | worked,2015,,8C,23,15.0,2015-01-01,2015
5076,https://climbing-history.org/climb/5076,The Wheel of Milk,8C,Boulder problem,The Buttermilks,1,Daniel Beall,Boulder | worked,12th Jan 2015,,8C,23,15.0,2015-01-12,2015
110,https://climbing-history.org/climb/110,Serenata,8C,Boulder problem,Roche Abbey,6,Mike Adams,Boulder | worked,3rd Feb 2015,,8C,23,15.0,2015-02-03,2015
3366,https://climbing-history.org/climb/3366,La Grosse Tarlouze,8C,Boulder problem,Magic Wood,4,Michael Piccolruaz,Boulder | worked,31st Mar 2015,,8C,23,15.0,2015-03-31,2015
4445,https://climbing-history.org/climb/4445,Eternal,8C,Boulder problem,Hinokage,4,Kazuma Watanabe,Boulder | worked,10th Apr 2015,,8C,23,15.0,2015-04-10,2015
2247,https://climbing-history.org/climb/2247,Babylon,8C,Boulder problem,Habichen Kurve,1,Toby Saxton,Boulder | worked,15th Apr 2015,,8C,23,15.0,2015-04-15,2015
2151,https://climbing-history.org/climb/2151,Horizon,8C,Boulder problem,Hiei,8,Dai Koyamada,Boulder | worked,May 2015,8C (hard),8C,23,15.0,2015-05-01,2015
103,https://climbing-history.org/climb/103,Spray of Light,8C,Boulder problem,the Dihedral Boulders,17,Daniel Woods,Boulder | worked,12th Jul 2015,,8C,23,15.0,2015-07-12,2015
8288,https://climbing-history.org/climb/8288,Das Schwert,8C,Boulder problem,,1,Klem Loskot,Boulder | worked,Before 27th Aug 2015,,8C,23,15.0,2015-08-27,2015
6607,https://climbing-history.org/climb/6607,The Stepping Stone,8C,Boulder problem,,1,Nalle Hukkataival,Boulder | worked,20th Sep 2015,8C,8C,23,15.0,2015-09-20,2015
6735,https://climbing-history.org/climb/6735,Kawakinoumi,8C,Boulder problem,Hiei,4,Dai Koyamada,Boulder | worked,Before 12th Oct 2015,8B+/8C,8C,23,15.0,2015-10-12,2015
3064,https://climbing-history.org/climb/3064,Mediomalomania,8C,Boulder problem,Lindental,2,Pirmin Bertle,Boulder | worked,4th Nov 2015,,8C,23,15.0,2015-11-04,2015
3049,https://climbing-history.org/climb/3049,Southern Drawl,8C,Boulder problem,Lookout Mountain,5,Jimmy Webb,Boulder | worked,19th Nov 2015,8B+,8C,23,15.0,2015-11-19,2015
4072,https://climbing-history.org/climb/4072,Obsesja,8C,Boulder problem,Kusięta,1,Łukasz Dudek,Boulder | worked,27th Nov 2015,,8C,23,15.0,2015-11-27,2015
3086,https://climbing-history.org/climb/3086,Ziqqurat,8C,Boulder problem,Gaby,5,Niccolò Ceria,Boulder | worked,7th Dec 2015,,8C,23,15.0,2015-12-07,2015
4978,https://climbing-history.org/climb/4978,The Matriarch,8C,Boulder problem,Rocktown,1,Jimmy Webb,Boulder | worked,22nd Dec 2015,,8C,23,15.0,2015-12-22,2015
2871,https://climbing-history.org/climb/2871,Rokudo,8C,Boulder problem,Toyamagawa,4,Dai Koyamada,Boulder | worked,2016,,8C,23,15.0,2016-01-01,2016
3063,https://climbing-history.org/climb/3063,Nehanna,8C,Boulder problem,Gero,4,Dai Koyamada,Boulder | worked,2016,,8C,23,15.0,2016-01-01,2016
6551,https://climbing-history.org/climb/6551,Soyuz (low),8C,Boulder problem,Zarzalejo,2,César Quero,Boulder | worked,2016,,8C,23,15.0,2016-01-01,2016
6734,https://climbing-history.org/climb/6734,Gargantua,8C,Boulder problem,Hiei,5,Dai Koyamada,Boulder | worked,Before 5th Jan 2016,,8C,23,15.0,2016-01-05,2016
1810,https://climbing-history.org/climb/1810,Le Pied à Coulisse,8C,Boulder problem,Rocher Gréau,11,Guillaume Glairon-Mondet,Boulder | worked,15th Jan 2016,8C+,8C,23,15.0,2016-01-15,2016
2379,https://climbing-history.org/climb/2379,Everything Gneiss,8C,Boulder problem,Clear Creek Canyon,3,Daniel Woods,Boulder | worked,23rd Apr 2016,8B+,8C,23,15.0,2016-04-23,2016
4572,https://climbing-history.org/climb/4572,Chakijana,8C,Boulder problem,the Rhino Boulders,1,Fred Nicole,Boulder | worked,Oct 2016,,8C,23,15.0,2016-10-01,2016
1141,https://climbing-history.org/climb/1141,Topaz,8C,Boulder problem,Wild Basin,9,Dave Graham,Boulder | worked,12th Oct 2016,,8C,23,15.0,2016-10-12,2016
1546,https://climbing-history.org/climb/1546,La Révolutionnaire (original),8C,Boulder problem,Gros Sablons,1,Charles Albert,Boulder | worked,Dec 2016,,8C,23,15.0,2016-12-01,2016
6552,https://climbing-history.org/climb/6552,Parálisis Espástica,8C,Boulder problem,Navalosa,1,César Quero,Boulder | worked,2017,,8C,23,15.0,2017-01-01,2017
686,https://climbing-history.org/climb/686,Délire Onirique (assis),8C,Boulder problem,Rocher Saint Germain,3,Charles Albert,Boulder | worked,8th Jan 2017,,8C,23,15.0,2017-01-08,2017
111,https://climbing-history.org/climb/111,Serenataon,8C,Boulder problem,Roche Abbey,1,Mike Adams,Boulder | worked,Mar 2017,,8C,23,15.0,2017-03-01,2017
1501,https://climbing-history.org/climb/1501,Bélial,8C,Boulder problem,Bas Cuvier,7,Charles Albert,Boulder | worked,Before 27th Apr 2017,8C,8C,23,15.0,2017-04-27,2017
2314,https://climbing-history.org/climb/2314,Kráter,8C,Boulder problem,Holštejn,4,Adam Ondra,Boulder | worked,24th Jun 2017,8C,8C,23,15.0,2017-06-24,2017
106,https://climbing-history.org/climb/106,The Finnish Line,8C,Boulder problem,The Coop,22,Nalle Hukkataival,Boulder | worked,26th Jun 2017,,8C,23,15.0,2017-06-26,2017
7921,https://climbing-history.org/climb/7921,Triangular Face,8C,Boulder problem,Triangular Lake,1,Vadim Timonov,Boulder | worked,9th Jul 2017,,8C,23,15.0,2017-07-09,2017
8073,https://climbing-history.org/climb/8073,Murano Low,8C,Boulder problem,Champorcher,3,Gabriele Moroni,Boulder | worked,7th Sep 2017,,8C,23,15.0,2017-09-07,2017
1891,https://climbing-history.org/climb/1891,Drift,8C,Boulder problem,Holštejn,6,Adam Ondra,Boulder | worked,8th Oct 2017,,8C,23,15.0,2017-10-08,2017
3017,https://climbing-history.org/climb/3017,El Indomable,8C,Boulder problem,Tamajón,4,Alberto Rocasolano Jaudenes,Boulder | worked,10th Oct 2017,8C+,8C,23,15.0,2017-10-10,2017
4290,https://climbing-history.org/climb/4290,The Outer Limits,8C,Boulder problem,Boreal,4,Jimmy Webb,Boulder | worked,11th Oct 2017,,8C,23,15.0,2017-10-11,2017
4073,https://climbing-history.org/climb/4073,Vrtule,8C,Boulder problem,Holštejn,1,Adam Ondra,Boulder | worked,13th Oct 2017,8C/8C+,8C,23,15.0,2017-10-13,2017
4170,https://climbing-history.org/climb/4170,Kaizen,8C,Boulder problem,Torrelodones,3,Alberto Rocasolano Jaudenes,Boulder | worked,Before 7th Nov 2017,9a,8C,23,15.0,2017-11-07,2017
6328,https://climbing-history.org/climb/6328,Gekirin,8C,Boulder problem,Ryutosen,5,Dai Koyamada,Boulder | worked,1st Jan 2018,,8C,23,15.0,2018-01-01,2018
4059,https://climbing-history.org/climb/4059,The Last Jedi,8C,Boulder problem,Remete-Barlang,1,Tamas Zupan,Boulder | worked,11th Jan 2018,,8C,23,15.0,2018-01-11,2018
4975,https://climbing-history.org/climb/4975,No Additives Sit (Post Break),8C,Boulder problem,Joe's Valley,1,Griffin Whiteside,Boulder | worked,17th Feb 2018,,8C,23,15.0,2018-02-17,2018
2206,https://climbing-history.org/climb/2206,Sierra Madre,8C,Boulder problem,Igent,8,Florian Schmalzl,Boulder | worked,Apr 2018,,8C,23,15.0,2018-04-01,2018
1894,https://climbing-history.org/climb/1894,Tekuté Štěstí,8C,Boulder problem,Sloup,3,Martin Stráník,Boulder | worked,22nd Jun 2018,,8C,23,15.0,2018-06-22,2018
1137,https://climbing-history.org/climb/1137,The Smile,8C,Boulder problem,Roadkill Café,10,Giuliano Cameroni,Boulder | worked,14th Jul 2018,,8C,23,15.0,2018-07-14,2018
1153,https://climbing-history.org/climb/1153,Pirate's Code,8C,Boulder problem,Three Corners,2,Paul Robinson,Boulder | worked,16th Jul 2018,,8C,23,15.0,2018-07-16,2018
102,https://climbing-history.org/climb/102,The World is Yours,8C,Boulder problem,Biblins Cave,2,James Squire,Boulder | worked,27th Aug 2018,,8C,23,15.0,2018-08-27,2018
1097,https://climbing-history.org/climb/1097,Box Therapy,8C,Boulder problem,Box Lake,6,Daniel Woods,Boulder | worked,29th Oct 2018,8C,8C,23,15.0,2018-10-29,2018
6021,https://climbing-history.org/climb/6021,Méithra,8C,Boulder problem,Arolla,2,Théo Chappex,Boulder | worked,Nov 2018,,8C,23,15.0,2018-11-01,2018
825,https://climbing-history.org/climb/825,Sleepwalker,8C,Boulder problem,Black Velvet Canyon,23,Jimmy Webb,Boulder | worked,15th Dec 2018,8C+,8C,23,15.0,2018-12-15,2018
1095,https://climbing-history.org/climb/1095,Traffic,8C,Boulder problem,Coal Creek,8,Griffin Whiteside,Boulder | worked,2019,,8C,23,15.0,2019-01-01,2019
1416,https://climbing-history.org/climb/1416,Petrichor,8C,Boulder problem,Area 15,5,Dave Graham,Boulder | worked,2019,,8C,23,15.0,2019-01-01,2019
4708,https://climbing-history.org/climb/4708,Desesparicion,8C,Boulder problem,Hueco Tanks,2,Martin Mobråten,Boulder | worked,2019,8B+,8C,23,15.0,2019-01-01,2019
4292,https://climbing-history.org/climb/4292,The Outer Gates,8C,Boulder problem,The Buttermilks,1,Daniel Beall,Top Rope | worked,Feb 2019,,8C,23,15.0,2019-02-01,2019
3056,https://climbing-history.org/climb/3056,Lemento Sit,8C,Boulder problem,La Pedriza,3,Carlos Ruano,Boulder | worked,30th Mar 2019,,8C,23,15.0,2019-03-30,2019
1142,https://climbing-history.org/climb/1142,Primitivo,8C,Boulder problem,Valle Bavona,9,Jimmy Webb,Boulder | worked,1st Apr 2019,,8C,23,15.0,2019-04-01,2019
1797,https://climbing-history.org/climb/1797,Ninja Skills SDS,8C,Boulder problem,Sobrio,2,Martin Keller,Boulder | worked,May 2019,8C/8C+,8C,23,15.0,2019-05-01,2019
381,https://climbing-history.org/climb/381,Railway,8C,Boulder problem,Wild Basin,7,Aidan Roberts,Boulder | worked,Jun 2019,8C,8C,23,15.0,2019-06-01,2019
1148,https://climbing-history.org/climb/1148,Direct Hit,8C,Boulder problem,Praia da Fortaleza,1,Daniel Woods,Boulder | worked,Jun 2019,,8C,23,15.0,2019-06-01,2019
1131,https://climbing-history.org/climb/1131,Blade Runner,8C,Boulder problem,Chaos Canyon,4,Giuliano Cameroni,Boulder | worked,15th Jun 2019,,8C,23,15.0,2019-06-15,2019
2246,https://climbing-history.org/climb/2246,Iechyd da,8C,Boulder problem,Silvapark,2,Toby Saxton,Boulder | worked,6th Jul 2019,,8C,23,15.0,2019-07-06,2019
5876,https://climbing-history.org/climb/5876,Parzival,8C,Boulder problem,The Gallery,4,Dave Graham,Boulder | worked,Before 16th Jul 2019,8C,8C,23,15.0,2019-07-16,2019
1893,https://climbing-history.org/climb/1893,Ghost Rider,8C,Boulder problem,Sloup,3,Martin Stráník,Boulder | worked,6th Aug 2019,,8C,23,15.0,2019-08-06,2019
4337,https://climbing-history.org/climb/4337,The Last Anasazi,8C,Boulder problem,Roche Abbey,1,Ned Feehally,Boulder | worked,3rd Sep 2019,,8C,23,15.0,2019-09-03,2019
2837,https://climbing-history.org/climb/2837,La Legión,8C,Boulder problem,Hoyamoros,1,Jesús Muñoz,Boulder | worked,5th Sep 2019,,8C,23,15.0,2019-09-05,2019
4291,https://climbing-history.org/climb/4291,Virgo,8C,Boulder problem,,1,Jimmy Webb,Boulder | worked,24th Oct 2019,,8C,23,15.0,2019-10-24,2019
3421,https://climbing-history.org/climb/3421,Nunavut,8C,Boulder problem,Cigánská Jeskyně,1,Adam Ondra,Boulder | worked,14th Nov 2019,,8C,23,15.0,2019-11-14,2019
3422,https://climbing-history.org/climb/3422,Pučmeloun,8C,Boulder problem,Sloup,1,Adam Ondra,Boulder | worked,14th Nov 2019,8C (hard),8C,23,15.0,2019-11-14,2019
2422,https://climbing-history.org/climb/2422,Kuzan,8C,Boulder problem,Ichinose Boulders,3,Ryohei Kameyama,Boulder | worked,2nd Dec 2019,,8C,23,15.0,2019-12-02,2019
834,https://climbing-history.org/climb/834,Metropolis,8C,Boulder problem,Lough Tay,1,Michael Duffy,Boulder | worked,2020,,8C,23,15.0,2020-01-01,2020
1888,https://climbing-history.org/climb/1888,Iceberg,8C,Boulder problem,Holštejn,4,Martin Stráník,Boulder | worked,1st Jan 2020,,8C,23,15.0,2020-01-01,2020
1715,https://climbing-history.org/climb/1715,Roadkill,8C,Boulder problem,Valle Bavona,8,Shawn Raboutou,Boulder | worked,4th Jan 2020,8C,8C,23,15.0,2020-01-04,2020
1092,https://climbing-history.org/climb/1092,Pegasus,8C,Boulder problem,Joe's Valley,14,Drew Ruana,Boulder | worked,10th Feb 2020,,8C,23,15.0,2020-02-10,2020
1145,https://climbing-history.org/climb/1145,4-Low,8C,Boulder problem,Valle Bavona,9,Daniel Woods,Boulder | worked,Mar 2020,8C,8C,23,15.0,2020-03-01,2020
7873,https://climbing-history.org/climb/7873,Listerie sit,8C,Boulder problem,Angelniemi Boulders,2,Anthony Gullsten,Boulder | worked,27th Mar 2020,8B+,8C,23,15.0,2020-03-27,2020
2751,https://climbing-history.org/climb/2751,Silver Lining,8C,Boulder problem,Piilolampi,3,Anthony Gullsten,Boulder | worked,7th Apr 2020,8C,8C,23,15.0,2020-04-07,2020
1094,https://climbing-history.org/climb/1094,Deathstar,8C,Boulder problem,Eldora,3,Daniel Woods,Boulder | worked,22nd Apr 2020,,8C,23,15.0,2020-04-22,2020
104,https://climbing-history.org/climb/104,Ambition,8C,Boulder problem,Biblins Cave,1,James Squire,Boulder | worked,16th Jun 2020,,8C,23,15.0,2020-06-16,2020
4976,https://climbing-history.org/climb/4976,Stil Vor Talent,8C,Boulder problem,Magic Wood,5,Giani Clement,Boulder | worked,1st Jul 2020,8C/8C+,8C,23,15.0,2020-07-01,2020
2310,https://climbing-history.org/climb/2310,Half-Life,8C,Boulder problem,the Frankenjura,4,Felix Knaub,Boulder | worked,Before 16th Jul 2020,,8C,23,15.0,2020-07-16,2020
510,https://climbing-history.org/climb/510,Tranquilitas,8C,Boulder problem,the Kentmere Boulders,1,Aidan Roberts,Boulder | worked,12th Sep 2020,,8C,23,15.0,2020-09-12,2020
1090,https://climbing-history.org/climb/1090,Echalo,8C,Boulder problem,Clear Creek Canyon,6,Drew Ruana,Boulder | worked,26th Sep 2020,,8C,23,15.0,2020-09-26,2020
1809,https://climbing-history.org/climb/1809,Juneru,8C,Boulder problem,Albarracín,11,Rubén Díaz Torres,Boulder | worked,18th Oct 2020,,8C,23,15.0,2020-10-18,2020
7474,https://climbing-history.org/climb/7474,Longue Promesse,8C,Boulder problem,Le Pertuis,2,Nathan Michel,Boulder | worked,21st Oct 2020,,8C,23,15.0,2020-10-21,2020
3062,https://climbing-history.org/climb/3062,Big Illusion,8C,Boulder problem,Val Daone,3,Stefan Scarperi,Boulder | worked,22nd Oct 2020,8C,8C,23,15.0,2020-10-22,2020
1960,https://climbing-history.org/climb/1960,Low Priora,8C,Boulder problem,Djan-Tugan,2,Vadim Timonov,Boulder | worked,26th Oct 2020,8C+,8C,23,15.0,2020-10-26,2020
2814,https://climbing-history.org/climb/2814,Focus Failed,8C,Boulder problem,Djan-Tugan,2,Vadim Timonov,Boulder | worked,26th Oct 2020,8C,8C,23,15.0,2020-10-26,2020
2847,https://climbing-history.org/climb/2847,Equanimity,8C,Boulder problem,Lost World,6,Carlo Traversi,Boulder | worked,3rd Nov 2020,,8C,23,15.0,2020-11-03,2020
838,https://climbing-history.org/climb/838,La Force Tranquille Direct,8C,Boulder problem,Magic Wood,1,Jakob Schubert,Boulder | worked,14th Nov 2020,,8C,23,15.0,2020-11-14,2020
6499,https://climbing-history.org/climb/6499,Ochimizu,8C,Boulder problem,Gero,5,Dai Koyamada,Boulder | worked,15th Nov 2020,,8C,23,15.0,2020-11-15,2020
4812,https://climbing-history.org/climb/4812,Witchcraft,8C,Boulder problem,Kärnten,1,Nicolai Užnik,Boulder | worked,23rd Dec 2020,,8C,23,15.0,2020-12-23,2020
1342,https://climbing-history.org/climb/1342,The Undertaker,8C,Boulder problem,Coal Creek,2,Griffin Whiteside,Boulder | worked,2021,,8C,23,15.0,2021-01-01,2021
3006,https://climbing-history.org/climb/3006,La Source,8C,Boulder problem,Gorges des Usses,2,Charles Albert,Boulder | worked,2021,,8C,23,15.0,2021-01-01,2021
3059,https://climbing-history.org/climb/3059,Upgrade U,8C,Boulder problem,the Frankenjura,1,Alex Megos,Boulder | worked,2021,,8C,23,15.0,2021-01-01,2021
1133,https://climbing-history.org/climb/1133,Crystal Ship,8C,Boulder problem,Cresciano,6,Giuliano Cameroni,Boulder | worked,8th Jan 2021,,8C,23,15.0,2021-01-08,2021
7930,https://climbing-history.org/climb/7930,Purple Panther,8C,Boulder problem,Taradell,1,Pol Roca Lopez,Boulder | worked,12th Jan 2021,,8C,23,15.0,2021-01-12,2021
3158,https://climbing-history.org/climb/3158,Apparatus,8C,Boulder problem,Boone,2,Taylor McNeill,Boulder | worked,19th Jan 2021,8C,8C,23,15.0,2021-01-19,2021
4173,https://climbing-history.org/climb/4173,Low Life,8C,Boulder problem,Dromedarblöcke,2,Moritz Perwitzschky,Boulder | worked,9th Feb 2021,,8C,23,15.0,2021-02-09,2021
1117,https://climbing-history.org/climb/1117,Ulls de Bruixa,8C,Boulder problem,Siurana,1,Will Bosi,Boulder | worked,11th Feb 2021,,8C,23,15.0,2021-02-11,2021
1219,https://climbing-history.org/climb/1219,Warrior,8C,Boulder problem,Labské Údolí,2,Martin Stráník,Boulder | worked,13th Feb 2021,,8C,23,15.0,2021-02-13,2021
1041,https://climbing-history.org/climb/1041,Le Pilier du Désert (assis),8C,Boulder problem,Apremont,6,Michiel Nieuwenhuijsen,Boulder | worked,7th Mar 2021,8C,8C,23,15.0,2021-03-07,2021
1958,https://climbing-history.org/climb/1958,Bokassa's Fridge SDS,8C,Boulder problem,Atlantiswand,1,Florian Wientjes,Boulder | worked,8th Mar 2021,8C/8C+,8C,23,15.0,2021-03-08,2021
1206,https://climbing-history.org/climb/1206,Sound of Violence,8C,Boulder problem,Joe's Valley,11,Matt Fultz,Boulder | worked,27th Mar 2021,8B+/8C,8C,23,15.0,2021-03-27,2021
1112,https://climbing-history.org/climb/1112,Dystopia,8C,Boulder problem,Camp Dick,1,Drew Ruana,Boulder | worked,30th Mar 2021,,8C,23,15.0,2021-03-30,2021
1283,https://climbing-history.org/climb/1283,Love Will Tear Us Apart,8C,Boulder problem,Highway 140,1,Pablo Hammack,Boulder | worked,5th Apr 2021,,8C,23,15.0,2021-04-05,2021
1199,https://climbing-history.org/climb/1199,Megalodonte,8C,Boulder problem,Val Masino,2,Simone Tentori,Boulder | worked,17th Apr 2021,,8C,23,15.0,2021-04-17,2021
1198,https://climbing-history.org/climb/1198,The Origin SDS,8C,Boulder problem,Dinas Rock,2,Eliot Stephens,Boulder | worked,21st Apr 2021,8C (hard),8C,23,15.0,2021-04-21,2021
1218,https://climbing-history.org/climb/1218,Black Panther,8C,Boulder problem,Vesec,1,Martin Stráník,Boulder | worked,21st Apr 2021,8C (soft),8C,23,15.0,2021-04-21,2021
3445,https://climbing-history.org/climb/3445,Ebony and Ivory,8C,Boulder problem,Logan Canyon,2,John Cohee,Boulder | worked,22nd May 2021,8C,8C,23,15.0,2021-05-22,2021
1307,https://climbing-history.org/climb/1307,Hazel Grace Low,8C,Boulder problem,Gotthard Pass,7,Giuliano Cameroni,Boulder | worked,28th Jun 2021,8C/8C+,8C,23,15.0,2021-06-28,2021
1343,https://climbing-history.org/climb/1343,Power of Now Direct,8C,Boulder problem,Magic Wood,12,Simon Lorenzi,Boulder | worked,Jul 2021,,8C,23,15.0,2021-07-01,2021
2396,https://climbing-history.org/climb/2396,Sine Language,8C,Boulder problem,The Wave,1,Ned Feehally,Boulder | worked,9th Jul 2021,,8C,23,15.0,2021-07-09,2021
3463,https://climbing-history.org/climb/3463,Variant,8C,Boulder problem,Lincoln Lake,6,Drew Ruana,Boulder | worked,Before 9th Aug 2021,,8C,23,15.0,2021-08-09,2021
7920,https://climbing-history.org/climb/7920,Whiplash,8C,Boulder problem,Lietlahti Park,1,Vadim Timonov,Boulder | worked,10th Sep 2021,,8C,23,15.0,2021-09-10,2021
1471,https://climbing-history.org/climb/1471,Low Miall's,8C,Boulder problem,Kanata,1,Yves Gravelle,Boulder | worked,24th Sep 2021,,8C,23,15.0,2021-09-24,2021
1495,https://climbing-history.org/climb/1495,So What,8C,Boulder problem,Kanata,1,Yves Gravelle,Boulder | worked,4th Oct 2021,,8C,23,15.0,2021-10-04,2021
1511,https://climbing-history.org/climb/1511,Solitary Daze,8C,Boulder problem,Fionnay,3,Clément Lechaptois,Boulder | worked,14th Oct 2021,,8C,23,15.0,2021-10-14,2021
2795,https://climbing-history.org/climb/2795,Hungry Dog,8C,Boulder problem,Tiversk,2,Sergei Skorodumov,Boulder | worked,16th Oct 2021,8C,8C,23,15.0,2021-10-16,2021
1723,https://climbing-history.org/climb/1723,Loca,8C,Boulder problem,Shiobara,3,Shinichiro Nomura,Boulder | worked,19th Oct 2021,,8C,23,15.0,2021-10-19,2021
1589,https://climbing-history.org/climb/1589,Fallen Angel,8C,Boulder problem,Echo Summit,5,Jimmy Webb,Boulder | worked,Nov 2021,,8C,23,15.0,2021-11-01,2021
1639,https://climbing-history.org/climb/1639,Leopold Von Pooch,8C,Boulder problem,Carrock Fell Crag,1,Aidan Roberts,Boulder | worked,Nov 2021,,8C,23,15.0,2021-11-01,2021
1905,https://climbing-history.org/climb/1905,Mystic River,8C,Boulder problem,Brione,3,Giuliano Cameroni,Boulder | worked,Dec 2021,,8C,23,15.0,2021-12-01,2021
3065,https://climbing-history.org/climb/3065,Le Poinçonneur des Lilas,8C,Boulder problem,Pelzli,2,Philipp Geisenhoff,Boulder | worked,19th Dec 2021,,8C,23,15.0,2021-12-19,2021
2115,https://climbing-history.org/climb/2115,Child of Hell,8C,Boulder problem,Gotthard Pass,8,Shawn Raboutou,Boulder | worked,2022,,8C,23,15.0,2022-01-01,2022
6020,https://climbing-history.org/climb/6020,Ten Criminals,8C,Boulder problem,Pralong,1,Théo Chappex,Boulder | worked,Jan 2022,,8C,23,15.0,2022-01-01,2022
1836,https://climbing-history.org/climb/1836,Forgotten Gem,8C,Boulder problem,Chironico,13,Kim Marschner,Boulder | worked,16th Feb 2022,8C,8C,23,15.0,2022-02-16,2022
8021,https://climbing-history.org/climb/8021,Live Long and Prosper,8C,Boulder problem,Hirschwände,1,Lukas Mayerhofer,Boulder | worked,16th Feb 2022,,8C,23,15.0,2022-02-16,2022
1839,https://climbing-history.org/climb/1839,Silent Singer,8C,Boulder problem,The Bowderstone,2,Aidan Roberts,Boulder | worked,23rd Feb 2022,,8C,23,15.0,2022-02-23,2022
3262,https://climbing-history.org/climb/3262,Den Nattliga Havsfärden,8C,Boulder problem,Hultastenen,2,Carl Nilsask,Boulder | worked,Mar 2022,,8C,23,15.0,2022-03-01,2022
1835,https://climbing-history.org/climb/1835,Everything the Light Touches,8C,Boulder problem,Brione,3,Aidan Roberts,Boulder | worked,17th Mar 2022,8C/8C+,8C,23,15.0,2022-03-17,2022
7916,https://climbing-history.org/climb/7916,Pinch Power sit,8C,Boulder problem,Sloup,2,Martin Stráník,Boulder | worked,18th Mar 2022,,8C,23,15.0,2022-03-18,2022
1882,https://climbing-history.org/climb/1882,Bulbasaur,8C,Boulder problem,Sklapsko,2,Will Bosi,Boulder | worked,7th Apr 2022,,8C,23,15.0,2022-04-07,2022
1877,https://climbing-history.org/climb/1877,Dire Wolf,8C,Boulder problem,Sheep's Nose,1,Drew Ruana,Boulder | worked,16th Apr 2022,,8C,23,15.0,2022-04-16,2022
3488,https://climbing-history.org/climb/3488,Sviní Ponor,8C,Boulder problem,Sloup,2,Adam Ondra,Boulder | worked,26th Apr 2022,8C,8C,23,15.0,2022-04-26,2022
1940,https://climbing-history.org/climb/1940,Trance,8C,Boulder problem,Badger Cove,9,Will Bosi,Boulder | worked,9th Jun 2022,8C,8C,23,15.0,2022-06-09,2022
6409,https://climbing-history.org/climb/6409,Activate the Hyperdrive,8C/9a,Boulder problem,Wedderburn Cave,1,Roman Hofmann,Boulder | worked,22nd Jun 2022,8B+/8C,8C,23,15.0,2022-06-22,2022
1953,https://climbing-history.org/climb/1953,Paradise Found,8C,Boulder problem,Hartland Quay,4,James Squire,Boulder | worked,27th Jun 2022,8C,8C,23,15.0,2022-06-27,2022
1971,https://climbing-history.org/climb/1971,Big Arms,8C,Boulder problem,Lincoln Lake,3,Drew Ruana,Boulder | worked,Jul 2022,,8C,23,15.0,2022-07-01,2022
1976,https://climbing-history.org/climb/1976,Beautiful Mind,8C,Boulder problem,Badger Cove,2,Will Bosi,Boulder | worked,14th Jul 2022,,8C,23,15.0,2022-07-14,2022
6408,https://climbing-history.org/climb/6408,Thermonuclear Fusion,8C/9a+,Boulder problem,Wedderburn Cave,1,Roman Hofmann,Boulder | worked,7th Sep 2022,8C,8C,23,15.0,2022-09-07,2022
3968,https://climbing-history.org/climb/3968,Alma,8C,Boulder problem,La Silla del Diablo,1,Facundo Langbehn,Boulder | worked,Oct 2022,,8C,23,15.0,2022-10-01,2022
2116,https://climbing-history.org/climb/2116,The Player,8C,Boulder problem,Cob Rock,1,Drew Ruana,Boulder | worked,7th Oct 2022,,8C,23,15.0,2022-10-07,2022
3446,https://climbing-history.org/climb/3446,Forever Endeavor,8C,Boulder problem,Death Canyon,1,Eric Jerome,Boulder | worked,7th Oct 2022,8B+/8C,8C,23,15.0,2022-10-07,2022
2202,https://climbing-history.org/climb/2202,Utopia,8C,Boulder problem,Tintorale,1,Elias Iagnemma,Boulder | worked,Nov 2022,8C/8C+,8C,23,15.0,2022-11-01,2022
2271,https://climbing-history.org/climb/2271,Cassim,8C,Boulder problem,Rodellar,1,Dave Graham,Boulder | worked,2nd Nov 2022,,8C,23,15.0,2022-11-02,2022
2216,https://climbing-history.org/climb/2216,Pohár Nesmrtelnosti (Prodloužení),8C,Boulder problem,Sloup,1,Adam Ondra,Boulder | worked,23rd Nov 2022,8C/8C+,8C,23,15.0,2022-11-23,2022
2239,https://climbing-history.org/climb/2239,Loco,8C,Boulder problem,Shiobara,1,Shinichiro Nomura,Boulder | worked,27th Nov 2022,,8C,23,15.0,2022-11-27,2022
2452,https://climbing-history.org/climb/2452,Peace Corps,8C,Boulder problem,Valle Bavona,4,Aidan Roberts,Boulder | worked,2023,,8C,23,15.0,2023-01-01,2023
2624,https://climbing-history.org/climb/2624,Shadow Women,8C,Boulder problem,the Kentmere Boulders,1,Aidan Roberts,Boulder | worked,2023,,8C,23,15.0,2023-01-01,2023
2669,https://climbing-history.org/climb/2669,Swiss Air,8C,Boulder problem,Valle Bavona,2,Jimmy Webb,Boulder | worked,2023,,8C,23,15.0,2023-01-01,2023
2736,https://climbing-history.org/climb/2736,Solar Plexus,8C,Boulder problem,Valle Bavona,3,Giuliano Cameroni,Boulder | worked,2023,8B+/8C,8C,23,15.0,2023-01-01,2023
5083,https://climbing-history.org/climb/5083,Hell Boy,8C,Boulder problem,Tamajón,1,Juan Alonso Mancera,Boulder | worked,2023,,8C,23,15.0,2023-01-01,2023
7989,https://climbing-history.org/climb/7989,Nalle’s New One,8C,Boulder problem,Base Camp,1,Nalle Hukkataival,Boulder | worked,2023,,8C,23,15.0,2023-01-01,2023
7998,https://climbing-history.org/climb/7998,Black Swan sit,8C,Boulder problem,Vernayaz,1,Sam Weir,Boulder | worked,2023,,8C,23,15.0,2023-01-01,2023
2996,https://climbing-history.org/climb/2996,Shallow Waters,8C,Boulder problem,Stone Mill,1,Aidan Roberts,Boulder | worked,30th Jan 2023,,8C,23,15.0,2023-01-30,2023
2385,https://climbing-history.org/climb/2385,Tomorrow Land,8C,Boulder problem,,1,Toru Nakajima,Boulder | worked,Feb 2023,,8C,23,15.0,2023-02-01,2023
2428,https://climbing-history.org/climb/2428,Unison,8C,Boulder problem,Brione,6,Aidan Roberts,Boulder | worked,Feb 2023,,8C,23,15.0,2023-02-01,2023
3054,https://climbing-history.org/climb/3054,Nim,8C,Boulder problem,Varazze,2,Giacomo Raimondi,Boulder | worked,10th Feb 2023,,8C,23,15.0,2023-02-10,2023
3551,https://climbing-history.org/climb/3551,Zazen,8C,Boulder problem,the Apron Boulders,5,Ethan Salvo,Boulder | worked,14th Feb 2023,8C,8C,23,15.0,2023-02-14,2023
2445,https://climbing-history.org/climb/2445,Mugen,8C,Boulder problem,Hinohara,1,Dai Koyamada,Boulder | worked,Mar 2023,,8C,23,15.0,2023-03-01,2023
2435,https://climbing-history.org/climb/2435,Ultra Instinct,8C,Boulder problem,Forest Rock,2,Orrin Coley,Boulder | worked,6th Mar 2023,8C,8C,23,15.0,2023-03-06,2023
6601,https://climbing-history.org/climb/6601,Fox and Hound Sit,8C,Boulder problem,Secret Garden,1,Drew Ruana,Boulder | worked,7th Mar 2023,,8C,23,15.0,2023-03-07,2023
3104,https://climbing-history.org/climb/3104,Emotional Landscapes,8C,Boulder problem,Maltatal,4,Nicolai Užnik,Boulder | worked,16th Mar 2023,8C+,8C,23,15.0,2023-03-16,2023
2574,https://climbing-history.org/climb/2574,Celestite,8C,Boulder problem,Valle Bavona,4,Dave Graham,Boulder | worked,28th Mar 2023,8C+,8C,23,15.0,2023-03-28,2023
2466,https://climbing-history.org/climb/2466,La Picharrête,8C,Boulder problem,Rocher Brûlé,3,Nico Pelorson,Boulder | worked,Apr 2023,,8C,23,15.0,2023-04-01,2023
2531,https://climbing-history.org/climb/2531,Blackflip,8C,Boulder problem,Djan-Tugan,1,Vadim Timonov,Boulder | worked,30th Apr 2023,,8C,23,15.0,2023-04-30,2023
2545,https://climbing-history.org/climb/2545,El Proyecto de Tu Vida,8C,Boulder problem,Hoyamoros,1,Pablo Zamora,Boulder | worked,May 2023,,8C,23,15.0,2023-05-01,2023
2542,https://climbing-history.org/climb/2542,Howl at the Moon,8C,Boulder problem,Guanella Pass,2,Drew Ruana,Boulder | worked,6th May 2023,,8C,23,15.0,2023-05-06,2023
4811,https://climbing-history.org/climb/4811,Hummingbird,8C,Boulder problem,,1,Drew Ruana,Boulder | worked,11th Jun 2023,,8C,23,15.0,2023-06-11,2023
6600,https://climbing-history.org/climb/6600,Church Channel Sit,8C,Boulder problem,,1,Drew Ruana,Boulder | worked,17th Jun 2023,,8C,23,15.0,2023-06-17,2023
2584,https://climbing-history.org/climb/2584,Nova,8C,Boulder problem,Holštejn,4,Jana Švecová,Boulder | worked,20th Jun 2023,8B+,8C,23,15.0,2023-06-20,2023
2632,https://climbing-history.org/climb/2632,Gateway,8C,Boulder problem,Mount Evans,4,Drew Ruana,Boulder | worked,Jul 2023,,8C,23,15.0,2023-07-01,2023
2648,https://climbing-history.org/climb/2648,G-Master,8C,Boulder problem,Eland,8,Vadim Timonov,Boulder | worked,19th Jul 2023,8C,8C,23,15.0,2023-07-19,2023
2764,https://climbing-history.org/climb/2764,Right Hand Man,8C,Boulder problem,The Bowderstone,1,Aidan Roberts,Boulder | worked,Aug 2023,8C (hard),8C,23,15.0,2023-08-01,2023
3053,https://climbing-history.org/climb/3053,Hipoxia,8C,Boulder problem,Navalosa,2,Jorge Díaz-Rullo,Boulder | worked,26th Aug 2023,,8C,23,15.0,2023-08-26,2023
2705,https://climbing-history.org/climb/2705,Poseidon's Wrath,8C,Boulder problem,Trewethet Cliff North,2,Solly Kemball-Dorey,Boulder | worked,28th Aug 2023,,8C,23,15.0,2023-08-28,2023
2848,https://climbing-history.org/climb/2848,Adularia,8C,Boulder problem,Gotthard Pass,14,Dave Graham,Boulder | worked,26th Sep 2023,8C,8C,23,15.0,2023-09-26,2023
2791,https://climbing-history.org/climb/2791,Okuro,8C,Boulder problem,Kasagiyama,1,Dai Koyamada,Boulder | worked,13th Oct 2023,,8C,23,15.0,2023-10-13,2023
5181,https://climbing-history.org/climb/5181,Big Snapper,8C,Boulder problem,the Sustenpass Boulders,3,Shawn Raboutou,Boulder | worked,Before 22nd Oct 2023,,8C,23,15.0,2023-10-22,2023
7149,https://climbing-history.org/climb/7149,Rumble,8C,Boulder problem,,1,Taein Kim,Boulder | worked,Before 23rd Oct 2023,8B+/8C,8C,23,15.0,2023-10-23,2023
2908,https://climbing-history.org/climb/2908,Flux,8C,Boulder problem,Gero,3,Toru Nakajima,Boulder | worked,Nov 2023,,8C,23,15.0,2023-11-01,2023
2851,https://climbing-history.org/climb/2851,Planet T,8C,Boulder problem,Triangular Lake,1,Vadim Timonov,Boulder | worked,15th Nov 2023,,8C,23,15.0,2023-11-15,2023
2928,https://climbing-history.org/climb/2928,The Doors of Perception,8C,Boulder problem,Little Cottonwood Canyon,2,Sean Bailey,Boulder | worked,Dec 2023,,8C,23,15.0,2023-12-01,2023
2962,https://climbing-history.org/climb/2962,Ashuradō,8C,Boulder problem,Chigomaidai,3,Tomoa Narasaki,Boulder | worked,Dec 2023,8C,8C,23,15.0,2023-12-01,2023
2954,https://climbing-history.org/climb/2954,El Sith Elegido,8C,Boulder problem,La Pedriza,1,Jesús Muñoz,Boulder | worked,15th Dec 2023,,8C,23,15.0,2023-12-15,2023
3005,https://climbing-history.org/climb/3005,La Colombe,8C,Boulder problem,Vernayaz,2,Sam Weir,Boulder | worked,26th Dec 2023,,8C,23,15.0,2023-12-26,2023
3076,https://climbing-history.org/climb/3076,Freakshow,8C,Boulder problem,Coal Creek,2,Daniel Woods,Boulder | worked,Jan 2024,8C,8C,23,15.0,2024-01-01,2024
3341,https://climbing-history.org/climb/3341,The Gold Standard,8C,Boulder problem,The Buttermilks,1,Keenan Takahashi,Boulder | worked,2024,,8C,23,15.0,2024-01-01,2024
3342,https://climbing-history.org/climb/3342,Eye in the Sky,8C,Boulder problem,Valle Bavona,6,Giuliano Cameroni,Boulder | worked,2024,8C (hard),8C,23,15.0,2024-01-01,2024
3451,https://climbing-history.org/climb/3451,Third Eye,8C,Boulder problem,Valle Bavona,2,Giuliano Cameroni,Boulder | worked,2024,,8C,23,15.0,2024-01-01,2024
4142,https://climbing-history.org/climb/4142,The Tesseract,8C,Boulder problem,,1,Dave Graham,Boulder | worked,2024,,8C,23,15.0,2024-01-01,2024
4384,https://climbing-history.org/climb/4384,A Long Way for a Little Guy,8C,Boulder problem,the Camp 4 Boulders,1,Aidan Roberts,Boulder | worked,2024,8C,8C,23,15.0,2024-01-01,2024
5163,https://climbing-history.org/climb/5163,Fantasmagoria,8C,Boulder problem,Yaendani,2,Naoki Shimatani,Boulder | worked,11th Jan 2024,8B+,8C,23,15.0,2024-01-11,2024
3031,https://climbing-history.org/climb/3031,Captain Nemo,8C,Boulder problem,Valle Bavona,7,Pietro Vidi,Boulder | worked,15th Jan 2024,8C,8C,23,15.0,2024-01-15,2024
3303,https://climbing-history.org/climb/3303,Yugen,8C,Boulder problem,Hinohara,1,Dai Koyamada,Boulder | worked,Mar 2024,,8C,23,15.0,2024-03-01,2024
6467,https://climbing-history.org/climb/6467,Kobayashi,8C,Boulder problem,Valle Bavona,1,Pietro Vidi,Boulder | worked,6th Mar 2024,,8C,23,15.0,2024-03-06,2024
3809,https://climbing-history.org/climb/3809,Flow State,8C,Boulder problem,Val Daone,10,Pietro Vidi,Boulder | worked,17th Apr 2024,8C+,8C,23,15.0,2024-04-17,2024
3755,https://climbing-history.org/climb/3755,Anam Cara Low,8C,Boulder problem,Silvapark,3,Lukas Mayerhofer,Boulder | worked,2nd Jul 2024,,8C,23,15.0,2024-07-02,2024
3698,https://climbing-history.org/climb/3698,Big Nose,8C,Boulder problem,Fionnay,6,Dylan Chuat,Boulder | worked,17th Jul 2024,8C,8C,23,15.0,2024-07-17,2024
3748,https://climbing-history.org/climb/3748,Big Leviathan Extended (Sans Resin),8C,Boulder problem,Rhoscolyn,1,Ben Bransby,Boulder | worked,Aug 2024,8C,8C,23,15.0,2024-08-01,2024
3751,https://climbing-history.org/climb/3751,The Final Empire,8C,Boulder problem,God's Acres,2,Matt Fultz,Boulder | worked,12th Aug 2024,,8C,23,15.0,2024-08-12,2024
3800,https://climbing-history.org/climb/3800,The Hero of Ages,8C,Boulder problem,God's Acres,3,Matt Fultz,Boulder | worked,29th Aug 2024,,8C,23,15.0,2024-08-29,2024
3801,https://climbing-history.org/climb/3801,Death's End,8C,Boulder problem,God's Acres,3,Matt Fultz,Boulder | worked,29th Aug 2024,,8C,23,15.0,2024-08-29,2024
3877,https://climbing-history.org/climb/3877,Pretence of Youth,8C/9a,Boulder problem,Blackwell Dale,3,Alex Barrows,Boulder | worked,20th Sep 2024,8C,8C,23,15.0,2024-09-20,2024
4012,https://climbing-history.org/climb/4012,The Big Bad Wolf,8C,Boulder problem,the Shawangunks,2,Austin Hoyt,Boulder | worked,18th Oct 2024,8C,8C,23,15.0,2024-10-18,2024
4253,https://climbing-history.org/climb/4253,Kaikien,8C,Boulder problem,Kasagiyama,1,Dai Koyamada,Boulder | worked,1st Dec 2024,,8C,23,15.0,2024-12-01,2024
5796,https://climbing-history.org/climb/5796,Solozabal,8C,Boulder problem,Campisábalos,1,Hugo Martín,Boulder | worked,Before 25th Dec 2024,,8C,23,15.0,2024-12-25,2024
4784,https://climbing-history.org/climb/4784,Mappō,8C,Boulder problem,Kasagi,1,Daisuke Ichimiya,Boulder | worked,2025,,8C,23,15.0,2025-01-01,2025
4803,https://climbing-history.org/climb/4803,Scaredy Cat,8C,Boulder problem,Highway 140,1,Aidan Roberts,Boulder | worked,2025,,8C,23,15.0,2025-01-01,2025
5168,https://climbing-history.org/climb/5168,Death Grip,8C,(approx) Boulder problem,Valle Bavona,1,Jimmy Webb,Boulder | worked,2025,,8C,23,15.0,2025-01-01,2025
4666,https://climbing-history.org/climb/4666,That Hideous Strength,8C,Boulder problem,Boone,2,Elijah Kiser,Boulder | worked,Before 30th Jan 2025,,8C,23,15.0,2025-01-30,2025
4808,https://climbing-history.org/climb/4808,Zircon,8C,Boulder problem,Oxwich Bay Quarry,1,Eliot Stephens,Boulder | worked,16th Feb 2025,,8C,23,15.0,2025-02-16,2025
4986,https://climbing-history.org/climb/4986,The Bookkeeper,8C,Boulder problem,Clear Creek Canyon,2,Griffin Whiteside,Boulder | worked,Before 21st Feb 2025,,8C,23,15.0,2025-02-21,2025
5064,https://climbing-history.org/climb/5064,Trio con Charlotte,8C,Boulder problem,La Pedriza,2,Pablo Zamora,Boulder | worked,Mar 2025,,8C,23,15.0,2025-03-01,2025
4861,https://climbing-history.org/climb/4861,Trap King,8C,Boulder problem,Moores Wall,1,Isaac Dunk,Boulder | worked,2nd Mar 2025,,8C,23,15.0,2025-03-02,2025
5054,https://climbing-history.org/climb/5054,El Dorado Sit,8C,Boulder problem,Malveira,1,Will Bosi,Boulder | worked,11th Mar 2025,,8C,23,15.0,2025-03-11,2025
3394,https://climbing-history.org/climb/3394,La Valse aux Adieux (Prolongé),8C,Boulder problem,Rocher Canon,3,Loïc Debry,Boulder | worked,29th Mar 2025,,8C,23,15.0,2025-03-29,2025
5179,https://climbing-history.org/climb/5179,Mammunk (assis),8C,Boulder problem,Marlanval,2,Nico Pelorson,Boulder | worked,Apr 2025,8C,8C,23,15.0,2025-04-01,2025
5224,https://climbing-history.org/climb/5224,The Malleus Maleficarum,8C,Boulder problem,Witches Point,1,Eliot Stephens,Boulder | worked,2nd Apr 2025,8C,8C,23,15.0,2025-04-02,2025
7293,https://climbing-history.org/climb/7293,Laying in the Light,8C,Boulder problem,Godzilla Boulder,1,Austin Hoyt,Boulder | worked,8th Apr 2025,8C (soft),8C,23,15.0,2025-04-08,2025
5171,https://climbing-history.org/climb/5171,Valašský Express,8C,Boulder problem,,1,Štěpán Volf,Boulder | worked,17th Apr 2025,,8C,23,15.0,2025-04-17,2025
5187,https://climbing-history.org/climb/5187,Brain Rot,8C,Boulder problem,Magic Wood,7,Will Bosi,Boulder | worked,19th Apr 2025,8C+,8C,23,15.0,2025-04-19,2025
5238,https://climbing-history.org/climb/5238,Kyanite,8C,Boulder problem,Valle Bavona,1,Will Bosi,Boulder | worked,25th Apr 2025,,8C,23,15.0,2025-04-25,2025
5340,https://climbing-history.org/climb/5340,IMAX,8C,Boulder problem,the North Wall Boulders,2,Ethan Salvo,Boulder | worked,7th May 2025,8C (soft),8C,23,15.0,2025-05-07,2025
5247,https://climbing-history.org/climb/5247,Stairway to Hell,8C,Boulder problem,Kamniska Bistrica,1,Nicolai Užnik,Boulder | worked,16th May 2025,8C/8C+,8C,23,15.0,2025-05-16,2025
5249,https://climbing-history.org/climb/5249,The Youngster's Roof,8C,Boulder problem,the Grand Wall Boulders,4,Ethan Salvo,Boulder | worked,18th May 2025,,8C,23,15.0,2025-05-18,2025
5318,https://climbing-history.org/climb/5318,Remote Working,8C,Boulder problem,Blackwell Dale,2,Will Bosi,Boulder | worked,4th Jun 2025,8C,8C,23,15.0,2025-06-04,2025
5334,https://climbing-history.org/climb/5334,Dendrobium,8C,Boulder problem,Shiobara,2,Akira Waku,Boulder | worked,12th Jun 2025,,8C,23,15.0,2025-06-12,2025
5393,https://climbing-history.org/climb/5393,Whiplash,8C,Boulder problem,Topside,1,Nicholas Allan,Boulder | worked,24th Jun 2025,,8C,23,15.0,2025-06-24,2025
5478,https://climbing-history.org/climb/5478,Dreams Never End,8C,Boulder problem,Flock Hill,1,Oskar Wolff,Boulder | worked,24th Jun 2025,,8C,23,15.0,2025-06-24,2025
6136,https://climbing-history.org/climb/6136,Les Fleurs du Mal,8C,Boulder problem,Brione,2,Giuliano Cameroni,Boulder | worked,Before 27th Jun 2025,,8C,23,15.0,2025-06-27,2025
6468,https://climbing-history.org/climb/6468,Chicken Nuggets,8C,Boulder problem,the North Wall Boulders,1,Jake Scharfman,Boulder | worked,Before 17th Jul 2025,8C,8C,23,15.0,2025-07-17,2025
5453,https://climbing-history.org/climb/5453,Autofix,8C,Boulder problem,Sloup,1,Adam Ondra,Boulder | worked,20th Jul 2025,,8C,23,15.0,2025-07-20,2025
5680,https://climbing-history.org/climb/5680,Cryolite,8C,Boulder problem,Furkapass,2,Pol Roca Lopez,Boulder | worked,Aug 2025,8C,8C,23,15.0,2025-08-01,2025
6060,https://climbing-history.org/climb/6060,Gotham City,8C,Boulder problem,Iperó,2,Felipe Ho Foganholo,Boulder | worked,Sep 2025,,8C,23,15.0,2025-09-01,2025
6084,https://climbing-history.org/climb/6084,Kora,8C,Boulder problem,Hoyamoros,1,Pablo Zamora,Boulder | worked,Sep 2025,8C/8C+,8C,23,15.0,2025-09-01,2025
6075,https://climbing-history.org/climb/6075,Titan (assis),8C,Boulder problem,Rioupéroux,4,Arthur Ternant,Boulder | worked,28th Sep 2025,,8C,23,15.0,2025-09-28,2025
6339,https://climbing-history.org/climb/6339,Theatre of Blood,8C,(approx) Boulder problem,Boone,1,Taylor McNeill,Boulder | worked,Oct 2025,,8C,23,15.0,2025-10-01,2025
6200,https://climbing-history.org/climb/6200,Risible,8C,Boulder problem,God's Acres,1,Matt Fultz,Boulder | worked,10th Oct 2025,8C,8C,23,15.0,2025-10-10,2025
6391,https://climbing-history.org/climb/6391,Till Sanningens Lov,8C,Boulder problem,Stavsjö,1,Carl Nilsask,Boulder | worked,Before 12th Nov 2025,,8C,23,15.0,2025-11-12,2025
6447,https://climbing-history.org/climb/6447,Gojira,8C,Boulder problem,Wild Basin,1,Austin Purdy,Boulder | worked,15th Nov 2025,,8C,23,15.0,2025-11-15,2025
6448,https://climbing-history.org/climb/6448,Don't Fear the Reaper,8C,Boulder problem,Wild Basin,1,Austin Purdy,Boulder | worked,15th Nov 2025,,8C,23,15.0,2025-11-15,2025
6439,https://climbing-history.org/climb/6439,King Condor,8C,Boulder problem,,1,Bryce Viola,Boulder | worked,Before 18th Nov 2025,,8C,23,15.0,2025-11-18,2025
6659,https://climbing-history.org/climb/6659,Hamburguesa de Jabalí,8C,Boulder problem,Albarracín,1,Hugo Martín,Boulder | worked,Before 17th Dec 2025,,8C,23,15.0,2025-12-17,2025
7975,https://climbing-history.org/climb/7975,Sand Worm,8C,Boulder problem,Valle Bavona,1,Dave Graham,Boulder | worked,2026,,8C,23,15.0,2026-01-01,2026
6879,https://climbing-history.org/climb/6879,Jorōgumo,8C,Boulder problem,Haycock,1,Noah Wheeler,Boulder | worked,6th Jan 2026,,8C,23,15.0,2026-01-06,2026
6911,https://climbing-history.org/climb/6911,La Part des Anges,8C,Boulder problem,Laramade,1,Rémi Duboz,Boulder | worked,6th Jan 2026,,8C,23,15.0,2026-01-06,2026
6926,https://climbing-history.org/climb/6926,Mind Flayer,8C,Boulder problem,Scharfenstein,1,Stefan Hochbaum,Boulder | worked,21st Jan 2026,,8C,23,15.0,2026-01-21,2026
7063,https://climbing-history.org/climb/7063,Baby Shark,8C,Boulder problem,Tegna,2,Giuliano Cameroni,Boulder | worked,Before 4th Feb 2026,,8C,23,15.0,2026-02-04,2026
7146,https://climbing-history.org/climb/7146,Öga för Öga,8C,Boulder problem,Hultastenen,1,Paul-Martin Luc,Boulder | worked,14th Feb 2026,,8C,23,15.0,2026-02-14,2026
7347,https://climbing-history.org/climb/7347,Tokyo Drift,8C,Boulder problem,Lidomorna,2,Jana Švecová,Boulder | worked,28th Mar 2026,,8C,23,15.0,2026-03-28,2026
7168,https://climbing-history.org/climb/7168,Freerider,8C,Boulder problem,Cuvier Rempart,2,Charles Albert,Boulder | worked,Apr 2026,8C/8C+,8C,23,15.0,2026-04-01,2026
7408,https://climbing-history.org/climb/7408,Wavelength,8C,Boulder problem,Roy,1,Daniel Woods,Boulder | worked,Before 9th Apr 2026,8C (hard),8C,23,15.0,2026-04-09,2026
7436,https://climbing-history.org/climb/7436,Trainspotting Direkt,8C,Boulder problem,Partille Station,1,Hannes Puman,Boulder | worked,Before 15th Apr 2026,8C,8C,23,15.0,2026-04-15,2026
7496,https://climbing-history.org/climb/7496,Tilde,8C,Boulder problem,Ashlu Valley,1,Hamish McArthur,Boulder | worked,Before 22nd Apr 2026,,8C,23,15.0,2026-04-22,2026
7507,https://climbing-history.org/climb/7507,Shiba Inu Sit,8C,Boulder problem,Göscheneralp,1,Lorenzo Bassi,Boulder | worked,23rd Apr 2026,,8C,23,15.0,2026-04-23,2026
7674,https://climbing-history.org/climb/7674,Trentatré Trentini,8C,Boulder problem,Gotthard Pass,1,Giuliano Cameroni,Boulder | worked,12th May 2026,,8C,23,15.0,2026-05-12,2026
7677,https://climbing-history.org/climb/7677,130 BPM,8C,Boulder problem,140 Intersection,1,Katie Lamb,Boulder | worked,Before 13th May 2026,8C (hard),8C,23,15.0,2026-05-13,2026
8016,https://climbing-history.org/climb/8016,Panthera sitt,8C,Boulder problem,Glasøyfjellet,1,Thilo Schröter,Boulder | worked,Jun 2026,,8C,23,15.0,2026-06-01,2026
7965,https://climbing-history.org/climb/7965,End My Pain,8C,Boulder problem,the Apron Boulders,1,Aidan Roberts,Boulder | worked,Before 15th Jun 2026,,8C,23,15.0,2026-06-15,2026
8055,https://climbing-history.org/climb/8055,P.I.G.,8C,Boulder problem,Gotthard Pass,1,Stefano Ghisolfi,Boulder | worked,Before 3rd Jul 2026,,8C,23,15.0,2026-07-03,2026
8211,https://climbing-history.org/climb/8211,Estate Means Summer,8C,(approx) Boulder problem,Champorcher,1,Niccolò Ceria,Boulder | worked,Before 10th Aug 2026,,8C,23,15.0,2026-08-10,2026
8248,https://climbing-history.org/climb/8248,Fell in Love sit,8C,Boulder problem,Cuzzago,1,Nicolo Balducci,Boulder | worked,17th Aug 2026,,8C,23,15.0,2026-08-17,2026
8329,https://climbing-history.org/climb/8329,Little Boy du Fond,8C,Boulder problem,Orsay,1,Adam Ondra,Boulder | worked,31st Aug 2026,8B+/8C,8C,23,15.0,2026-08-31,2026
418,https://climbing-history.org/climb/418,Shadowplay,8C,Boulder problem,the Kentmere Boulders,1,,,,,8C,23,15.0,,
2249,https://climbing-history.org/climb/2249,Bloody Sunday Low Left,8C,Boulder problem,Coal Creek,1,Drew Ruana,Boulder | worked,,,8C,23,15.0,,
2477,https://climbing-history.org/climb/2477,The Lion's Share,8C,Boulder problem,Brione,5,Aidan Roberts,Boulder | worked,18th February-9th March 2023,8C/8C+,8C,23,15.0,,
3395,https://climbing-history.org/climb/3395,Le Voyage Éternel,8C,Boulder problem,Rocher Canon,1,Robert Girard,Boulder | worked,,,8C,23,15.0,,
3982,https://climbing-history.org/climb/3982,The Revenant,8C,Boulder problem,,1,Jimmy Webb,Boulder | worked,,,8C,23,15.0,,
4037,https://climbing-history.org/climb/4037,Kolumbusfalter,8C,Boulder problem,,1,Thomas Fichtinger,Boulder | worked,,,8C,23,15.0,,
5303,https://climbing-history.org/climb/5303,Rhythm and Reason,8C,Boulder problem,Curry Village Boulders,1,Aidan Roberts,Boulder | worked,1st January-5th June 2025,8C/8C+,8C,23,15.0,,
5475,https://climbing-history.org/climb/5475,Rhythm and Reason,8C,Boulder problem,Curry Village Boulders,1,Aidan Roberts,Boulder | worked,1st January-5th June 2025,8C/8C+,8C,23,15.0,,
8296,https://climbing-history.org/climb/8296,The Tall Project,8C,Boulder problem,Kongensfjellet,1,,,,,8C,23,15.0,,
550,https://climbing-history.org/climb/550,Gioia,8C+,Boulder problem,Varazze,6,Christian Core,Boulder | worked,Before 25th Feb 2008,8C,8C+,24,16.0,2008-02-25,2008
850,https://climbing-history.org/climb/850,Livin' Large,8C+,Boulder problem,Champagne,5,Nalle Hukkataival,Boulder | worked,5th Aug 2009,8C,8C+,24,16.0,2009-08-05,2009
580,https://climbing-history.org/climb/580,Hypnotized Minds,8C+,Boulder problem,Bear Lake Road,6,Daniel Woods,Boulder | worked,21st Oct 2010,8C+,8C+,24,16.0,2010-10-21,2010
1681,https://climbing-history.org/climb/1681,Terranova,8C+,Boulder problem,Holštejn,1,Adam Ondra,Boulder | worked,10th Nov 2011,,8C+,24,16.0,2011-11-10,2011
1731,https://climbing-history.org/climb/1731,The Ice Knife SDS,8C+,Boulder problem,Guanella Pass,2,Daniel Woods,Boulder | worked,2nd Nov 2013,8C+,8C+,24,16.0,2013-11-02,2013
1151,https://climbing-history.org/climb/1151,The Process,8C+,Boulder problem,The Buttermilks,5,Daniel Woods,Boulder | worked,15th Jan 2015,,8C+,24,16.0,2015-01-15,2015
1091,https://climbing-history.org/climb/1091,Creature from the Black Lagoon,8C+,Boulder problem,Chaos Canyon,18,Daniel Woods,Boulder | worked,27th Sep 2016,8C (hard),8C+,24,16.0,2016-09-27,2016
1961,https://climbing-history.org/climb/1961,Nayuta,8C+,Boulder problem,Gero,2,Dai Koyamada,Boulder | worked,4th Apr 2017,8C+,8C+,24,16.0,2017-04-04,2017
1547,https://climbing-history.org/climb/1547,La Révolutionnaire,8C+,Boulder problem,Gros Sablons,7,Charles Albert,Boulder | worked,Nov 2017,8C+,8C+,24,16.0,2017-11-01,2017
830,https://climbing-history.org/climb/830,Off the Wagon Low,8C+,Boulder problem,Valle Bavona,12,Shawn Raboutou,Boulder | worked,27th Oct 2018,8C+,8C+,24,16.0,2018-10-27,2018
827,https://climbing-history.org/climb/827,No Kpote Only,8C+,Boulder problem,Rocher Brûlé,3,Charles Albert,Boulder | worked,Dec 2018,9A,8C+,24,16.0,2018-12-01,2018
1549,https://climbing-history.org/climb/1549,Hypothèse (assis),8C+,Boulder problem,Bas Cuvier,1,Charles Albert,Boulder | worked,Dec 2018,,8C+,24,16.0,2018-12-01,2018
1653,https://climbing-history.org/climb/1653,Karoshi,8C+,Boulder problem,Hueco Tanks,1,Paul Robinson,Boulder | worked,15th Dec 2018,8C+,8C+,24,16.0,2018-12-15,2018
1136,https://climbing-history.org/climb/1136,Poison the Well,8C+,Boulder problem,Brione,3,Giuliano Cameroni,Boulder | worked,12th Feb 2019,8C+,8C+,24,16.0,2019-02-12,2019
1135,https://climbing-history.org/climb/1135,REM,8C+,Boulder problem,Cresciano,4,Giuliano Cameroni,Boulder | worked,22nd Feb 2019,8C+,8C+,24,16.0,2019-02-22,2019
1132,https://climbing-history.org/climb/1132,Ephyra,8C+,Boulder problem,Chironico,9,Jimmy Webb,Boulder | worked,29th Mar 2019,8C+ (soft),8C+,24,16.0,2019-03-29,2019
832,https://climbing-history.org/climb/832,United,8C+,Boulder problem,Mizugaki,4,Ryuichi Murai,Boulder | worked,7th Nov 2019,,8C+,24,16.0,2019-11-07,2019
1285,https://climbing-history.org/climb/1285,Grand Illusion,8C+,Boulder problem,Little Cottonwood Canyon,11,Nathaniel Coleman,Boulder | worked,2020,8C+,8C+,24,16.0,2020-01-01,2020
1680,https://climbing-history.org/climb/1680,Ledoborec,8C+,Boulder problem,Holštejn,1,Adam Ondra,Boulder | worked,24th May 2020,8C+,8C+,24,16.0,2020-05-24,2020
1679,https://climbing-history.org/climb/1679,Brutal Rider,8C+/9b,Boulder problem,Sloup,1,Adam Ondra,Boulder | worked,25th May 2020,,8C+,24,16.0,2020-05-25,2020
101,https://climbing-history.org/climb/101,Superpowers,8C+,Boulder problem,the Coniston Boulders,1,Aidan Roberts,Boulder | worked,11th Sep 2020,8C/8C+,8C+,24,16.0,2020-09-11,2020
1406,https://climbing-history.org/climb/1406,Big Z,8C+,Boulder problem,Tahoe Mountain Road,4,Shawn Raboutou,Boulder | worked,29th Dec 2020,8C+,8C+,24,16.0,2020-12-29,2020
2543,https://climbing-history.org/climb/2543,Howl at the Moon SDS,8C+,Boulder problem,Guanella Pass,2,Griffin Whiteside,Boulder | worked,2021,,8C+,24,16.0,2021-01-01,2021
1208,https://climbing-history.org/climb/1208,Bloody Sunday SDS,8C+,Boulder problem,Coal Creek,1,Drew Ruana,Boulder | worked,30th Apr 2021,,8C+,24,16.0,2021-04-30,2021
1906,https://climbing-history.org/climb/1906,Fuck the System,8C+,Boulder problem,Fionnay,5,Shawn Raboutou,Boulder | worked,Jul 2021,,8C+,24,16.0,2021-07-01,2021
1341,https://climbing-history.org/climb/1341,Insomniac,8C+,Boulder problem,Lincoln Lake,10,Drew Ruana,Boulder | worked,9th Jul 2021,8C+,8C+,24,16.0,2021-07-09,2021
1596,https://climbing-history.org/climb/1596,Moonlight Sonata,8C+,Boulder problem,Joe's Valley,2,Taylor McNeill,Boulder | worked,3rd Oct 2021,,8C+,24,16.0,2021-10-03,2021
1535,https://climbing-history.org/climb/1535,Nexus,8C+,Boulder problem,Shiobara,3,Ryuichi Murai,Boulder | worked,23rd Oct 2021,,8C+,24,16.0,2021-10-23,2021
1691,https://climbing-history.org/climb/1691,Floatin,8C+,Boulder problem,Mizugaki,8,Ryuichi Murai,Boulder | worked,10th Dec 2021,,8C+,24,16.0,2021-12-10,2021
7279,https://climbing-history.org/climb/7279,Floatin,8C+,Boulder problem,Mizugaki,8,Ryuichi Murai,Boulder | worked,10th Dec 2021,,8C+,24,16.0,2021-12-10,2021
1720,https://climbing-history.org/climb/1720,Hallucination,8C+,Boulder problem,Horai,1,Kazuma Ise,Boulder | worked,19th Dec 2021,8C+,8C+,24,16.0,2021-12-19,2021
1980,https://climbing-history.org/climb/1980,The Story of Three Worlds,8C+,Boulder problem,Cresciano,4,Shawn Raboutou,Boulder | worked,2022,,8C+,24,16.0,2022-01-01,2022
1770,https://climbing-history.org/climb/1770,Big Conviction,8C+,Boulder problem,Coquibus Rumont,1,Simon Lorenzi,Boulder | worked,23rd Jan 2022,8C+,8C+,24,16.0,2022-01-23,2022
1777,https://climbing-history.org/climb/1777,Ganesh,8C+,Boulder problem,Tintorale,1,Elias Iagnemma,Boulder | worked,2nd Feb 2022,,8C+,24,16.0,2022-02-02,2022
1846,https://climbing-history.org/climb/1846,Epitaph,8C+,Boulder problem,Horai,2,Toru Nakajima,Boulder | worked,1st Apr 2022,8C+,8C+,24,16.0,2022-04-01,2022
1945,https://climbing-history.org/climb/1945,Daños Con-Laterales,8C+,Boulder problem,Fortuna,1,Nacho Sánchez,Boulder | worked,Apr 2022,,8C+,24,16.0,2022-04-01,2022
1898,https://climbing-history.org/climb/1898,Euclase,8C+,Boulder problem,Valle Bavona,1,Dave Graham,Boulder | worked,20th Apr 2022,8C+,8C+,24,16.0,2022-04-20,2022
1955,https://climbing-history.org/climb/1955,Brace For the Cure,8C+,Boulder problem,Chaos Canyon,2,Matt Fultz,Boulder | worked,27th Jun 2022,,8C+,24,16.0,2022-06-27,2022
2001,https://climbing-history.org/climb/2001,Distortion,8C+,Boulder problem,Lincoln Lake,2,Drew Ruana,Boulder | worked,Aug 2022,,8C+,24,16.0,2022-08-01,2022
2000,https://climbing-history.org/climb/2000,Honey Badger,8C+,Boulder problem,Badger Cove,1,Will Bosi,Boulder | worked,10th Aug 2022,8C+ (hard),8C+,24,16.0,2022-08-10,2022
2194,https://climbing-history.org/climb/2194,Vecchio Leone SDS,8C+,Boulder problem,Brione,4,Aidan Roberts,Boulder | worked,Nov 2022,,8C+,24,16.0,2022-11-01,2022
2279,https://climbing-history.org/climb/2279,Bookkeeping,8C+,Boulder problem,Clear Creek Canyon,3,Drew Ruana,Boulder | worked,21st Dec 2022,,8C+,24,16.0,2022-12-21,2022
2380,https://climbing-history.org/climb/2380,Return of the Dreamtime,8C+,Boulder problem,Cresciano,3,Yannick Flohé,Boulder | worked,31st Jan 2023,,8C+,24,16.0,2023-01-31,2023
2403,https://climbing-history.org/climb/2403,Maxwell's Demon Low,8C+,Boulder problem,Secret Garden,1,Drew Ruana,Boulder | worked,16th Feb 2023,,8C+,24,16.0,2023-02-16,2023
2482,https://climbing-history.org/climb/2482,The Wild South,8C+,Boulder problem,Raven Tor,1,Will Bosi,Boulder | worked,26th Apr 2023,8C+,8C+,24,16.0,2023-04-26,2023
2768,https://climbing-history.org/climb/2768,Gateway,8C+,Boulder problem,Cresciano,1,Martin Keller,Boulder | worked,Oct 2023,8C+,8C+,24,16.0,2023-10-01,2023
2977,https://climbing-history.org/climb/2977,The Dark Side,8C+,Boulder problem,the Camp 4 Boulders,4,Carlo Traversi,Boulder | worked,23rd Dec 2023,8C+,8C+,24,16.0,2023-12-23,2023
3051,https://climbing-history.org/climb/3051,Devilution,8C+,Boulder problem,The Buttermilks,3,Sean Bailey,Boulder | worked,Jan 2024,8C+,8C+,24,16.0,2024-01-01,2024
3456,https://climbing-history.org/climb/3456,Pneuma,8C+,(approx) Boulder problem,Lohja,1,Niccolò Ceria,Boulder | worked,2024,,8C+,24,16.0,2024-01-01,2024
3265,https://climbing-history.org/climb/3265,Muerte por Asfixia,8C+,Boulder problem,La Pedriza,2,Pablo Zamora,Boulder | worked,4th Jan 2024,,8C+,24,16.0,2024-01-04,2024
3852,https://climbing-history.org/climb/3852,Event Horizon,8C+,Boulder problem,the Grand Wall Boulders,2,Andy Lamb,Boulder | worked,10th Feb 2024,,8C+,24,16.0,2024-02-10,2024
4334,https://climbing-history.org/climb/4334,Sosa,8C+,Boulder problem,Little Cottonwood Canyon,5,Zach Galla,Boulder | worked,28th May 2024,8C+,8C+,24,16.0,2024-05-28,2024
4010,https://climbing-history.org/climb/4010,Tsunami,8C+,Boulder problem,Lofoten,2,Thilo Schröter,Boulder | worked,1st Oct 2024,,8C+,24,16.0,2024-10-01,2024
4038,https://climbing-history.org/climb/4038,Sword of Damocles,8C+,Boulder problem,Mount Evans,2,Austin Purdy,Boulder | worked,26th Oct 2024,8C+,8C+,24,16.0,2024-10-26,2024
4374,https://climbing-history.org/climb/4374,Deep Fake,8C+,Boulder problem,Brione,6,Nathan Phillips,Boulder | worked,3rd Dec 2024,8C+,8C+,24,16.0,2024-12-03,2024
4738,https://climbing-history.org/climb/4738,Obsidan,8C+,Boulder problem,Scharfenstein,1,Stefan Hochbaum,Boulder | worked,8th Feb 2025,,8C+,24,16.0,2025-02-08,2025
4995,https://climbing-history.org/climb/4995,Curve Ball,8C+,Boulder problem,Valle Bavona,3,Giuliano Cameroni,Boulder | worked,Mar 2025,8C+,8C+,24,16.0,2025-03-01,2025
5236,https://climbing-history.org/climb/5236,Last Line of Defense,8C+,Boulder problem,Curry Village Boulders,1,David Fitzgerald,Boulder | worked,25th Apr 2025,,8C+,24,16.0,2025-04-25,2025
5362,https://climbing-history.org/climb/5362,Permanent Midnight Low,8C+,Boulder problem,Fionnay,3,Clément Lechaptois,Boulder | worked,14th May 2025,,8C+,24,16.0,2025-05-14,2025
5747,https://climbing-history.org/climb/5747,Spray and Pray,8C+,Boulder problem,the Dihedral Boulders,1,Thilo Schröter,Boulder | worked,Aug 2025,,8C+,24,16.0,2025-08-01,2025
5677,https://climbing-history.org/climb/5677,The Trident,8C+,Boulder problem,Trewethet Cliff North,1,Solly Kemball-Dorey,Boulder | worked,20th Aug 2025,8C+ (hard),8C+,24,16.0,2025-08-20,2025
6831,https://climbing-history.org/climb/6831,Pôr do Sol,8C+,Boulder problem,Peninha,1,Will Bosi,Boulder | worked,5th Jan 2026,8C+,8C+,24,16.0,2026-01-05,2026
7028,https://climbing-history.org/climb/7028,Full Gem,8C+,Boulder problem,Chironico,1,Nicolai Užnik,Boulder | worked,30th Jan 2026,8C+,8C+,24,16.0,2026-01-30,2026
7341,https://climbing-history.org/climb/7341,Ear of Life,8C+,(approx) Boulder problem,The Buttermilks,1,Pablo Hammack,Boulder | worked,Feb 2026,,8C+,24,16.0,2026-02-01,2026
7284,https://climbing-history.org/climb/7284,Tanpopo,8C+,Boulder problem,Shiobara,1,Ritsu Kayotani,Boulder | worked,17th Mar 2026,,8C+,24,16.0,2026-03-17,2026
7409,https://climbing-history.org/climb/7409,Bügelbrett,8C+,Boulder problem,Maltatal,1,Nicolai Užnik,Boulder | worked,2nd Apr 2026,,8C+,24,16.0,2026-04-02,2026
7678,https://climbing-history.org/climb/7678,Prime Time,8C+,Boulder problem,Mt. Morak,1,Hyunbin Min,Boulder | worked,13th May 2026,,8C+,24,16.0,2026-05-13,2026
7712,https://climbing-history.org/climb/7712,Flower of Sulphur,8C+,Boulder problem,Squamish,1,Hamish McArthur,Boulder | worked,Before 17th May 2026,,8C+,24,16.0,2026-05-17,2026
1989,https://climbing-history.org/climb/1989,Isles of Wonder SDS,8C+,Boulder problem,the Carreg Mianog Boulders,3,,,,,8C+,24,16.0,,
3088,https://climbing-history.org/climb/3088,Adrenaline,8C+,Boulder problem,Camp Dick,1,Daniel Woods,Boulder | worked,1st January-7th February 2024,8C+ (soft),8C+,24,16.0,,
3246,https://climbing-history.org/climb/3246,Regret,8C+,Boulder problem,Kasagiyama,1,Toru Nakajima,Boulder | worked,1st January-1st March 2024,,8C+,24,16.0,,
826,https://climbing-history.org/climb/826,Burden of Dreams,9A,Boulder problem,Lappnor,7,Nalle Hukkataival,Boulder | worked,24th Oct 2016,9A,9A,25,17.0,2016-10-24,2016
849,https://climbing-history.org/climb/849,Soudain Seul,9A,Boulder problem,Coquibus Rumont,5,Simon Lorenzi,Boulder | worked,8th Feb 2021,9A,9A,25,17.0,2021-02-08,2021
1116,https://climbing-history.org/climb/1116,Return of the Sleepwalker,9A,Boulder problem,Black Velvet Canyon,8,Daniel Woods,Boulder | worked,31st Mar 2021,9A,9A,25,17.0,2021-03-31,2021
1919,https://climbing-history.org/climb/1919,Alphane,9A,Boulder problem,Chironico,7,Shawn Raboutou,Boulder | worked,6th Apr 2022,9A,9A,25,17.0,2022-04-06,2022
2532,https://climbing-history.org/climb/2532,Blackflip SDS,9A,Boulder problem,Djan-Tugan,1,Vadim Timonov,Boulder | worked,17th May 2023,8C+/9A,9A,25,17.0,2023-05-17,2023
2862,https://climbing-history.org/climb/2862,Spots of Time,9A,Boulder problem,Swirl Crags,2,Aidan Roberts,Boulder | worked,Feb 2024,9A,9A,25,17.0,2024-02-01,2024
4136,https://climbing-history.org/climb/4136,Shaolin,9A,Boulder problem,First Creek Canyon,5,Sean Bailey,Boulder | worked,17th Feb 2024,,9A,25,17.0,2024-02-17,2024
2596,https://climbing-history.org/climb/2596,Arrival of the Birds,9A,Boulder problem,Chironico,2,Aidan Roberts,Boulder | worked,Mar 2024,9A,9A,25,17.0,2024-03-01,2024
4493,https://climbing-history.org/climb/4493,The Big Slamm,9A,Boulder problem,Tintorale,1,Elias Iagnemma,Boulder | worked,12th Jan 2025,9A,9A,25,17.0,2025-01-12,2025
4855,https://climbing-history.org/climb/4855,Mount Doom,9A,Boulder problem,Maltatal,2,Nicolai Užnik,Boulder | worked,1st Mar 2025,,9A,25,17.0,2025-03-01,2025
5246,https://climbing-history.org/climb/5246,Realm of Tor’ment,9A,Boulder problem,Raven Tor,1,Will Bosi,Boulder | worked,11th May 2025,9A (soft),9A,25,17.0,2025-05-11,2025
2942,https://climbing-history.org/climb/2942,Charlatan,9A,(approx) Boulder problem,Franchard Isatis,1,Charles Albert,Boulder | worked,Before 29th Mar 2026,,9A,25,17.0,2026-03-29,2026
1147,https://climbing-history.org/climb/1147,Megatron,9A,Boulder problem,Eldorado Canyon,3,,,,,9A,25,17.0,,
4158,https://climbing-history.org/climb/4158,No One Mourns the Wicked,9A,Boulder problem,Thunder Ridge,4,,,,,9A,25,17.0,,
6431,https://climbing-history.org/climb/6431,Exodia,9A+,Boulder problem,Rifugio di Barbara,1,Elias Iagnemma,Boulder | worked,11th Nov 2025,9A+,9A+,26,18.0,2025-11-11,2025
