climb_name,climb_url,type,grade,ascents_recorded,notes,exclude_reason,page
The Big Island,https://climbing-history.org/climb/109/the-big-island,Boulder problem,8C,47,,,1
Keen Roof,https://climbing-history.org/climb/167/keen-roof,Boulder problem,8A+,43,"Keen Roof is one of the most popular hard boulder problems in the peak district, and in the UK as a whole, largely due to it's roadside location and high number of ascents meaning beta is easy to come by.",,1
New Base Line,https://climbing-history.org/climb/123/new-base-line,Boulder problem,8B+,43,"A classic boulder problem first climbed by Bernd Zangerl in 2002. The problem follows an overhanging rising crack with a challenging mix of crimps, slopers, and shoulder moves. Known for its technical demands and aesthetic line, it has become a popular test piece.",,1
The Ace,https://climbing-history.org/climb/157/the-ace,Boulder problem,8B,42,Alex Megos :,,1
Echale,https://climbing-history.org/climb/1588/echale,Boulder problem,8B+,41,,,1
Shelter,https://climbing-history.org/climb/3775/shelter,Boulder problem,8A+,40,,,1
Bat Route,https://climbing-history.org/climb/9/bat-route,Sport route,8c,39,"7b in to 7B with a kneebar rest, followed by an 8a+ headwall.",,1
Dreamtime,https://climbing-history.org/climb/1139/dreamtime,Boulder problem,8C,39,"Originally considered 8B+/C, the crux pinch broke off around November 2009 and it is now considered 8C.",,1
Monkey Wedding,https://climbing-history.org/climb/107/monkey-wedding,Boulder problem,8C,37,Originally put up at 8B+ but is now considered 8C and a contender for the world's first 8C boulder.,,1
Action Directe,https://climbing-history.org/climb/515/action-directe,Sport route,9a,35,Action Directe is a legendary sport route in the Waldkopf area of the Frankenjura in Germany. It was first climbed by Wolfgang Güllich in 1991 who suggested a UIAA grade of XI (roughly 8c+/9a). It has since settled at 9a making it one of the first climbs at the grade in the world.,,1
Direct North,https://climbing-history.org/climb/1760/direct-north,Boulder problem,8B+,33,,,1
To Bolt or Not to Be,https://climbing-history.org/climb/1575/to-bolt-or-not-to-be,Sport route,8b+,33,"Among the most famous routes in the world, this wall of relentless edges played a seminal role in the consolidation of Sport Climbing being announced as the first 5.14a in North America.",,1
Gaia,https://climbing-history.org/climb/585/gaia,Trad climb,E8,32,A classic Johnny Dawes test piece. A hard move gains entry to the groove where easier climbing awaits before a terrifying finale.,,1
Steppenwolf,https://climbing-history.org/climb/183/steppenwolf,Boulder problem,8B,32,,,1
Fat Lip,https://climbing-history.org/climb/168/fat-lip,Boulder problem,8B,31,,,1
Perky Pinky,https://climbing-history.org/climb/4415/perky-pinky,Boulder problem (indoor),8B,31,"A School Room classic, set by the prime Malcolm Smith",,1
The Story of Two Worlds,https://climbing-history.org/climb/787/the-story-of-two-worlds,Boulder problem,8C,31,,,1
End of the Affair,https://climbing-history.org/climb/586/end-of-the-affair,Trad climb,E8,30,,,1
Slasher,https://climbing-history.org/climb/2004/slasher,Boulder problem,8B,30,,,1
The Never Ending Story (Part 1+2),https://climbing-history.org/climb/141/the-never-ending-story-(part-1+2),Boulder problem,8B+,30,,,1
Mecca Extension,https://climbing-history.org/climb/6/mecca-extension,Sport route,8c,29,A long standing project of Mark Leach's . Unfortunately after working out the extension he was unable to repeat Mecca so the first ascent had to wait for Steve McClure .,,2
The Nose,https://climbing-history.org/climb/990/the-nose,Aid Climb,A2,29,,,2
Amandla,https://climbing-history.org/climb/148/amandla,Boulder problem,8B+,27,,,2
Esperanza,https://climbing-history.org/climb/1156/esperanza,Boulder problem,8B+,27,,,2
The Master's Edge,https://climbing-history.org/climb/545/the-masters-edge,Trad climb,E7,27,"A Peak District test piece, the soaring arête was so named because, while working the line, Jerry Moffatt proclaimed:",,2
True North,https://climbing-history.org/climb/82/true-north,Sport route,8c,27,Kilnsey's first 8c. In 2024 a hold came off on the upper section making the route a little harder.,,2
From Dirt Grows the Flowers,https://climbing-history.org/climb/112/from-dirt-grows-the-flowers,Boulder problem,8C,26,,,2
Off the Wagon,https://climbing-history.org/climb/1146/off-the-wagon,Boulder problem,8B+,26,"An old project from Chris Sharma and Dave Graham , features in dosage (vol 4?)",,2
Superman,https://climbing-history.org/climb/189/superman,Boulder problem,8B,26,"Immortalised in the 1994 film One Summer , Superman was one of the hardest problems around at the time of its first ascent, c.1989. The problem is somewhat eliminate; an easier version using all the holds is known as Superwoman.",,2
Estado Crítico,https://climbing-history.org/climb/98/estado-crítico,Sport route,9a,25,Estado Crítico is notable for being the first ever 9a to be onsighted after Alex Megos climbed it in March 2012.,,2
Mooiste Meisie,https://climbing-history.org/climb/175/mooiste-meisie,Boulder problem,8B,25,,,2
Practice of the Wild,https://climbing-history.org/climb/113/practice-of-the-wild,Boulder problem,8B+,25,,,2
The Swarm,https://climbing-history.org/climb/1123/the-swarm,Boulder problem,8B,25,8B/+.,,2
Careless Torque,https://climbing-history.org/climb/547/careless-torque,Boulder problem,8A,24,,,2
Cobra Crack,https://climbing-history.org/climb/661/cobra-crack,Trad climb,E9,24,[1] https://open.spotify.com/episode/2Ydq78HiAujHdEy0t4hp1R?,,2
Era Vella,https://climbing-history.org/climb/47/era-vella,Sport route,9a,24,,,2
Greenspit,https://climbing-history.org/climb/696/greenspit,Trad climb,E9,24,,,2
Isles of Wonder,https://climbing-history.org/climb/209/isles-of-wonder,Boulder problem,8B,24,,,2
Biographie,https://climbing-history.org/climb/513/biographie,Sport route,9a+,23,"Bolted and named by Céüse pioneer and Alpine legend Jean-Christophe Lafaille in 1988, Arnaud Petit climbed the pitch to a half-height anchor in 1996 at a grade of 8c+. Chris Sharma climbed the the full pitch in 2001, after working it on-and-off for a few years and taking over 30 falls from the crux. In keeping with his style at the time, he did not grade the route [4], but it became widely credited as the first 9a+ in the world for a period; Open Air from 1996 was later upgraded to 9a+ to take that title.",,2
Esclatamàsters,https://climbing-history.org/climb/58/esclatamàsters,Sport route,9a,23,,,2
Foundation's Edge,https://climbing-history.org/climb/841/foundations-edge,Boulder problem,8C,23,,,3
Hazel Grace,https://climbing-history.org/climb/1138/hazel-grace,Boulder problem,8B+,23,The naming is somewhat confusing as first ascentionis Giuliano Cameroni has used it to refer to both the stand and the low. This is the stand start.,,3
Karma,https://climbing-history.org/climb/1160/karma,Boulder problem,8A+,23,"Originally 8A, upgraded to 8A+ after holds were chipped off in June 2001.",,3
Paint it Black,https://climbing-history.org/climb/846/paint-it-black,Boulder problem,8C,23,,,3
Power of Now,https://climbing-history.org/climb/105/power-of-now,Boulder problem,8B+,23,,,3
Sleepwalker,https://climbing-history.org/climb/825/sleepwalker,Boulder problem,8C,23,"Sleepwalker is a boulder problem in Red Rocks in the USA. Nalle Hukkataival first cleaned and tried the line, and was then joined by Jimmy Webb and Daniel Woods in trying it. Jimmy Webb made the first ascent, shortly followed by Daniel Woods. After a prolonged battle with skin and conditions Nalle was able to make the third ascent.",,3
The Dagger,https://climbing-history.org/climb/683/the-dagger,Boulder problem,8B,23,,,3
Trieste,https://climbing-history.org/climb/1682/trieste,Boulder problem,8B+,23,,,3
El Corazon,https://climbing-history.org/climb/3396/el-corazon,Boulder problem,8B,22,,,3
Fish Eye,https://climbing-history.org/climb/84/fish-eye,Sport route,8c,22,,,3
Freerider,https://climbing-history.org/climb/804/freerider,Trad climb,E7,22,"Originally climbed as an easier variation of Salathé Wall , avoiding the hard crack pitches on the headwall, Freerider is now one of the most popular free routes on the main face of El Capitan .",,3
Gecko (assis),https://climbing-history.org/climb/145/gecko-(assis),Boulder problem,8B+,22,,,3
Jade,https://climbing-history.org/climb/507/jade,Boulder problem,8B+,22,"Previously a Dave Graham project before Daniel Woods made the first ascent in 2007. In 2015 Adam Ondra flashed the problem, a wild piece of climbing.",,3
Meadowlark Lemon,https://climbing-history.org/climb/844/meadowlark-lemon,Boulder problem,8B,22,"Originally given 8C but due to a chipped hold, some soft rock and vigorous brushing holds have changed and it is now more like 8B/+.",,3
Midnight Express,https://climbing-history.org/climb/3789/midnight-express,Boulder problem,8B+,22,,,3
The Finnish Line,https://climbing-history.org/climb/106/the-finnish-line,Boulder problem,8C,22,,,3
The Globalist,https://climbing-history.org/climb/1714/the-globalist,Boulder problem,8B+,22,,,3
The Hourglass,https://climbing-history.org/climb/154/the-hourglass,Boulder problem,8B,22,,,3
The Riverbed,https://climbing-history.org/climb/163/the-riverbed,Boulder problem,8B,22,,,3
Warrior Up,https://climbing-history.org/climb/848/warrior-up,Boulder problem,8B+,22,,,3
We Can Build You,https://climbing-history.org/climb/2049/we-can-build-you,Boulder problem,8B,22,,,4
Ben's Roof,https://climbing-history.org/climb/275/bens-roof,Boulder problem,7C,21,,,4
La Rambla,https://climbing-history.org/climb/514/la-rambla,Sport route,9a+,21,"First climbed to an intermediate lower off ( La Rambla (L1) (8c+)) by Alex Huber in 1994, it was then extended to the current lower off by Ramón Julián Puigblanque in 2003 for which he suggested 9a+, while also suggesting Alex's original line was likely harder than the 8c+ that was originally suggested.",,4
Meshuga,https://climbing-history.org/climb/596/meshuga,Trad climb,E9,21,"The prow at Black Rocks is one of the most impressive and uncompromising features on gritstone and for decades was regarded as a Last Great Problem. Attention in the late ‘80s and early ‘90s focused on the prow’s left arête, with climbing said to be around 8b.",,4
Mind to Motion,https://climbing-history.org/climb/3263/mind-to-motion,Boulder problem,8B+,21,,,4
Ode to the Modern Man,https://climbing-history.org/climb/3907/ode-to-the-modern-man,Boulder problem,8B+,21,,,4
Predator,https://climbing-history.org/climb/305/predator,Sport route,8b,21,,,4
The Arch,https://climbing-history.org/climb/3631/the-arch,Boulder problem,8B,21,,,4
The Guest List,https://climbing-history.org/climb/1417/the-guest-list,Boulder problem,8B,21,,,4
The Vice,https://climbing-history.org/climb/165/the-vice,Boulder problem,8B,21,,,4
Vecchio Leone,https://climbing-history.org/climb/180/vecchio-leone,Boulder problem,8B,21,,,4
Ammagamma,https://climbing-history.org/climb/196/ammagamma,Boulder problem,8B,20,"Originally climbed from a slightly higher start and called Ummagumma , Klem Loskot added the lower start a week later.",,4
Austrian Oak,https://climbing-history.org/climb/306/austrian-oak,Sport route,8b,20,,,4
Dandelion Mind,https://climbing-history.org/climb/406/dandelion-mind,Boulder problem,8B+,20,,,4
Dreamcatcher,https://climbing-history.org/climb/1434/dreamcatcher,Sport route,9a,20,[1] https://fanatic-climbing.com/il-etait-une-voie-once-upon-a-line-dreamcatcher/,,4
Le Voyage,https://climbing-history.org/climb/840/le-voyage,Trad climb,E10,20,[1] https://fanatic-climbing.com/il-etait-une-voie-once-upon-a-line-les-voillage-faurmes-la-jenaice-aka-le-voyage/,,4
Nordic Flower,https://climbing-history.org/climb/400/nordic-flower,Sport route,8c,20,"Originally given 9a, consensus is around 8c/+.",,4
Progress,https://climbing-history.org/climb/65/progress,Sport route,8c+,20,Ted Kingsnorth on hold deterioration:,,4
Sky,https://climbing-history.org/climb/796/sky,Boulder problem,8B,20,"Very morpho. 8B if you are tall enough to span the first move, otherwise you have to dyno which is worth 8B+.",,4
Strawberries,https://climbing-history.org/climb/687/strawberries,Trad climb,E7,20,"A defining route of the Ron Fawcett era, and one of the most prized onsights in the UK. The route tackles a tasty crackline, followed by a fruity runout up the Vector headwall.",,4
The Mandala SDS,https://climbing-history.org/climb/215/the-mandala-sds,Boulder problem,8B,20,,,5
Cry Freedom,https://climbing-history.org/climb/12/cry-freedom,Sport route,8c,19,First climbed by Mark Leach after one of the most legendary sieges on Yorkshire limestone.,,5
Mecca - The Mid-life Crisis,https://climbing-history.org/climb/296/mecca---the-mid-life-crisis,Sport route,8b+,19,Originally given E8.,,5
Mind Control,https://climbing-history.org/climb/83/mind-control,Sport route,8c,19,,,5
Muy Verdes,https://climbing-history.org/climb/2733/muy-verdes,Sport route,8c,19,,,5
Odin's Eye,https://climbing-history.org/climb/100/odins-eye,Sport route,8c+,19,The first 8c+ in Norway.,,5
Papichulo,https://climbing-history.org/climb/860/papichulo,Sport route,9a+,19,,,5
Raindogs,https://climbing-history.org/climb/344/raindogs,Sport route,8a,19,,,5
Show Your Scars,https://climbing-history.org/climb/1783/show-your-scars,Boulder problem,8B+,19,,,5
The Penrose Step,https://climbing-history.org/climb/1740/the-penrose-step,Boulder problem,8B+,19,,,5
The Reckoning,https://climbing-history.org/climb/3480/the-reckoning,Boulder problem,8B+,19,,,5
Thor's Hammer,https://climbing-history.org/climb/1985/thors-hammer,Sport route,9a,19,First 9a route in Norway.,,5
Voyager,https://climbing-history.org/climb/174/voyager,Boulder problem,8B,19,Around 2019 some pebbles broke on the crux holds making the problem slightly harder.,,5
Asagimadara,https://climbing-history.org/climb/1555/asagimadara,Boulder problem,8C,18,,,5
Bewilderness,https://climbing-history.org/climb/125/bewilderness,Boulder problem,8B+,18,,,5
Creature from the Black Lagoon,https://climbing-history.org/climb/1091/creature-from-the-black-lagoon,Boulder problem,8C+,18,Previously called the Black 90 project a reference to Jade which was called the Green 45 project before it was climbed.,,5
Mission Impossible,https://climbing-history.org/climb/637/mission-impossible,Trad climb,E9,18,"Around 8a+ to 8b difficulty wise, protected by pegs and small wires. The in-situ gear has changed since the first ascent:",,5
Right Wall,https://climbing-history.org/climb/530/right-wall,Trad climb,E5,18,"A psychological breakthrough hailed at the time as one of the most difficult routes in the UK. Whilst clearly a step-up from the Brown - Whillans era, with the benefit of hindsight, there were already a number of harder routes by the time of its first ascent. Nonetheless it possessed a considerable cachet until attaining trade-route status by the mid-1980s.",,5
The Nose,https://climbing-history.org/climb/6215/the-nose,Trad climb,E9,18,"The Nose is one of the most monumental and iconic rock climbs in the world, taking the most prominent line up the middle of El Capitan .",,5
Cypher,https://climbing-history.org/climb/178/cypher,Boulder problem,8B,17,,,5
Decided,https://climbing-history.org/climb/2811/decided,Boulder problem,8B+,17,,,6
Divided Years,https://climbing-history.org/climb/625/divided-years,Trad climb,E9,17,"One of the most compelling single pitch lines out there, Divided Years tackles a 55m prow at Buzzard's Roost in the Mournes. It was the first route to be given E10 in the world in 1994, and was said to feature 8c climbing. It now rates E9, with climbing around 8a+.",,6
Hōtō,https://climbing-history.org/climb/4270/hōtō,Boulder problem,8B+,17,5D in the Japanese bouldering grading system.,,6
Houdini Assis Left,https://climbing-history.org/climb/7767/houdini-assis-left,Boulder problem,8B,17,,,6
Hypergravity,https://climbing-history.org/climb/2982/hypergravity,Boulder problem,8B,17,,,6
Illusionist,https://climbing-history.org/climb/55/illusionist,Sport route,9a,17,,,6
Isla de Encanta,https://climbing-history.org/climb/199/isla-de-encanta,Boulder problem,8B,17,,,6
Just Do It,https://climbing-history.org/climb/69/just-do-it,Sport route,8c+,17,The first 8c+ in the USA.,,6
Knockin' on Heaven's Door,https://climbing-history.org/climb/644/knockin-on-heavens-door,Trad climb,E8,17,One of the eight ‘last great problem’ projects listed in the Derwent Grit guide. [1],,6
Levity,https://climbing-history.org/climb/3152/levity,Boulder problem,8B,17,"Originally put up as 8B+, the consensus seems to have shifted to 8B.",,6
Louis Armstrong,https://climbing-history.org/climb/158/louis-armstrong,Boulder problem,8A+,17,A new sequence with kneebars has significantly reduced the difficulty compared to the original sequence.,,6
Nordic Plumber,https://climbing-history.org/climb/86/nordic-plumber,Sport route,8c,17,,,6
Partage,https://climbing-history.org/climb/2612/partage,Boulder problem,8A+,17,"The 'Mona Lisa of bouldering', according to Niccolò Ceria , this stunning arête is one of the quintessential problems of Fontainebleau.",,6
Pinky Perky,https://climbing-history.org/climb/4416/pinky-perky,Boulder problem (indoor),8B,17,Alex Megos 's contribution to the legendary School 50. A modern classic.,,6
Spray of Light,https://climbing-history.org/climb/103/spray-of-light,Boulder problem,8C,17,,,6
Supercool,https://climbing-history.org/climb/319/supercool,Sport route,8a+,17,,,6
The Boss,https://climbing-history.org/climb/388/the-boss,Boulder problem,8B,17,"Named after John Allen , a prolific force in the Peak District, who sadly died shortly before the first ascent.",,6
The Nest,https://climbing-history.org/climb/851/the-nest,Boulder problem,8C,17,,,6
The Vault,https://climbing-history.org/climb/1209/the-vault,Boulder problem,8A+,17,,,6
Brad Pit,https://climbing-history.org/climb/285/brad-pit,Boulder problem,7C,16,"Originally climbed with a desperate feet low sequence (~8B), this was subsequently improved slightly with a toe on the rail (abely demonstrated by Ben Moon in Hard Grit) before some heel hooking technique was applied which lowered the grade to 7C.",,6
Bügeleisen,https://climbing-history.org/climb/684/bügeleisen,Boulder problem,8B+,16,,,7
Director's Cut,https://climbing-history.org/climb/206/directors-cut,Boulder problem,8A+,16,Lou Ferrino in to Trigger Cut .,,7
Dreamtime (pre break),https://climbing-history.org/climb/138/dreamtime-(pre-break),Boulder problem,8B+,16,"The first proposed 8C, it was later downgraded to 8B+ when Dave Graham found a heel hook. There were also suggestions of hold improvement. Around November 2009 the crux pinch broke off making the problem harder. Dreamtime is now considered 8C again.",,7
High Fidelity,https://climbing-history.org/climb/176/high-fidelity,Boulder problem,8B,16,,,7
Jungle Speed,https://climbing-history.org/climb/57/jungle-speed,Sport route,9a,16,Generally considered to be 8c+/9a.,,7
Kaaba,https://climbing-history.org/climb/68/kaaba,Sport route,8c+,16,Climber :,,7
Khéops,https://climbing-history.org/climb/4515/khéops,Boulder problem,8B,16,,,7
Lucid Dreaming,https://climbing-history.org/climb/715/lucid-dreaming,Boulder problem,8C,16,Originally given 8C+ but later a downgrade to 8C was suggested by the FA Paul Robinson .,,7
Midnight Lightning,https://climbing-history.org/climb/975/midnight-lightning,Boulder problem,7B,16,Allegedly conceptualised by John Yablonski whilst under the influence of LSD. Named after the Jimi Hendrix song as it was considered as unlikely as lightning striking at midnight and for the lightning bolt shaped hold.,,7
Pure Imagination,https://climbing-history.org/climb/1334/pure-imagination,Sport route,8c+,16,"Initially given 9a which would have made Adam Ondra's 2012 ascent the first onsight of the grade. However Adam felt the route was more 8c+ and Daniel Woods , who flashed the route on the same day, agreed.",,7
Radja,https://climbing-history.org/climb/1159/radja,Boulder problem,8B+,16,Considered to be one of the first 8B+s in the world.,,7
Spectre,https://climbing-history.org/climb/1706/spectre,Boulder problem,8B,16,,,7
Speed of Sound,https://climbing-history.org/climb/2486/speed-of-sound,Boulder problem,8B+,16,,,7
The Phoenix,https://climbing-history.org/climb/3447/the-phoenix,Boulder problem,8B+,16,,,7
Utsushiyo,https://climbing-history.org/climb/3283/utsushiyo,Boulder problem,8B+,16,,,7
Aberration,https://climbing-history.org/climb/345/aberration,Sport route,8a,15,,,7
Amber,https://climbing-history.org/climb/155/amber,Boulder problem,8B,15,,,7
Belly Full of Bad Berries,https://climbing-history.org/climb/746/belly-full-of-bad-berries,Trad climb,E8,15,,,7
Big Paw,https://climbing-history.org/climb/116/big-paw,Boulder problem,8B+,15,,,7
Electric Avenue,https://climbing-history.org/climb/2225/electric-avenue,Trad climb,E8,15,,,7
Elephunk,https://climbing-history.org/climb/204/elephunk,Boulder problem,8B,15,,,8
Evolution,https://climbing-history.org/climb/67/evolution,Sport route,8c+,15,"Jerry Moffatt 's hardest and final route at Raven Tor , blasting up a line of punishing crimps. Ben Moon , who repeated the route aged 52:",,8
Golden Gate,https://climbing-history.org/climb/1532/golden-gate,Trad climb,E8,15,Golden Gate climbs the first 21 pitches of Salathe/Freerider then ~9 new pitches links it into the last 7 pitches of El Corazon.,,8
Golden Shadow,https://climbing-history.org/climb/793/golden-shadow,Boulder problem,8B+,15,,,8
Kintsugi,https://climbing-history.org/climb/2675/kintsugi,Boulder problem,8B+,15,,,8
Make it Funky,https://climbing-history.org/climb/10/make-it-funky,Sport route,8c,15,,,8
Mécanique Élémentaire,https://climbing-history.org/climb/807/mécanique-élémentaire,Boulder problem,8B+,15,,,8
Muy Caliente!,https://climbing-history.org/climb/604/muy-caliente!,Trad climb,E9,15,,,8
Quintessential,https://climbing-history.org/climb/3471/quintessential,Boulder problem,8B,15,,,8
Rainshadow,https://climbing-history.org/climb/7/rainshadow,Sport route,9a,15,Originally a project of Mark Leach's before Steve McClure took up the reins and made the first ascent.,,8
Salathé Wall,https://climbing-history.org/climb/814/salathé-wall,Trad climb,E8,15,"5.13c/8b, and likely E9, if the headwall is climbed in a single pitch.",,8
The 1938 Route,https://climbing-history.org/climb/2642/the-1938-route,Alpine,ED2,15,,,8
The Angel's Share,https://climbing-history.org/climb/900/the-angels-share,Boulder problem,7C,15,Originally climbed without pads at E8. As with other lines on this bloc it utilises a large carved runnel to get established on the base of the slab. The runnel is believed to be a historical 'drip edge detail' for a dwelling or shelter that once stood under the roof.,,8
The Golden Ticket,https://climbing-history.org/climb/1333/the-golden-ticket,Sport route,8c+,15,,,8
The Grey,https://climbing-history.org/climb/3461/the-grey,Boulder problem,8B+,15,,,8
The Multiverse,https://climbing-history.org/climb/2163/the-multiverse,Boulder problem,8B+,15,,,8
The Valkyrie,https://climbing-history.org/climb/2762/the-valkyrie,Sport route,8c,15,,,8
The Wheel of Wolvo,https://climbing-history.org/climb/842/the-wheel-of-wolvo,Boulder problem,8B+,15,The difficulty is pretty dependent on height. Taller climbers can use a low foothold which makes it substantially easier. [1],,8
Tilted World,https://climbing-history.org/climb/4983/tilted-world,Boulder problem,8B,15,,,8
Trust Issues,https://climbing-history.org/climb/379/trust-issues,Boulder problem,8B,15,,,8
8 Ball,https://climbing-history.org/climb/2063/8-ball,Boulder problem,8A+,14,,,9
Adularia,https://climbing-history.org/climb/2848/adularia,Boulder problem,8C,14,,,9
Armoton,https://climbing-history.org/climb/7869/armoton,Boulder problem,8B,14,,,9
First Ley,https://climbing-history.org/climb/43/first-ley,Sport route,9a+,14,,,9
Goldfish Trombone,https://climbing-history.org/climb/2203/goldfish-trombone,Boulder problem,8B+,14,,,9
Heritage,https://climbing-history.org/climb/1676/heritage,Boulder problem,8B,14,,,9
Kaluza Klein,https://climbing-history.org/climb/635/kaluza-klein,Trad climb,E7,14,,,9
La Danse des Balrogs,https://climbing-history.org/climb/1158/la-danse-des-balrogs,Boulder problem,8B,14,"One of the first 8Bs in the world, though improvements to the sequence have led many to suggest 8A+ is more appropriate.",,9
La Fabelita,https://climbing-history.org/climb/1359/la-fabelita,Sport route,8c,14,,,9
Moon Shadow,https://climbing-history.org/climb/3586/moon-shadow,Boulder problem,8B,14,,,9
Obsession Fatale,https://climbing-history.org/climb/890/obsession-fatale,Trad climb,E8,14,,,9
Pegasus,https://climbing-history.org/climb/1092/pegasus,Boulder problem,8C,14,,,9
Rare Lichen,https://climbing-history.org/climb/561/rare-lichen,Trad climb,E9,14,,,9
Super Tweak,https://climbing-history.org/climb/1272/super-tweak,Sport route,8c,14,The first 14b in America.,,9
The Cad,https://climbing-history.org/climb/779/the-cad,Trad climb,E6,14,,,9
The Game,https://climbing-history.org/climb/1595/the-game,Boulder problem,8C,14,,,9
The Mandala,https://climbing-history.org/climb/149/the-mandala,Boulder problem,8A+,14,,,9
The Zone,https://climbing-history.org/climb/610/the-zone,Trad climb,E9,14,,,9
Unjustified,https://climbing-history.org/climb/11/unjustified,Sport route,8b+,14,"Originally climbed with a sika'd hold by Nic Sellars in 1992 and named 'Justified and Ancient', a song by The KLF. Then claimed as Yorkshire's first 8c after being reclimbed by Tony Mitchell without the sika'd hold. Subsequently an easier method looping out right was discovered, resulting in the route settling at 8b+",,9
Urgent Action,https://climbing-history.org/climb/744/urgent-action,Sport route,8a+,14,,,9
Versace,https://climbing-history.org/climb/1656/versace,Boulder problem,8B,14,,,10
Zef,https://climbing-history.org/climb/3672/zef,Boulder problem,8B+,14,,,10
Zeke the Freak,https://climbing-history.org/climb/303/zeke-the-freak,Sport route,8b,14,,,10
Black Lung,https://climbing-history.org/climb/2090/black-lung,Boulder problem,8B,13,Ben Moon :,,10
Boogalagga,https://climbing-history.org/climb/1738/boogalagga,Boulder problem,8B,13,,,10
Ciudad del Dios,https://climbing-history.org/climb/44/ciudad-del-dios,Sport route,9a,13,Generally considered to be 9a/+.,,10
Defying Gravity,https://climbing-history.org/climb/1157/defying-gravity,Boulder problem,8C,13,"The crux first move is 8B+ on it's own, with a tricky ~8Aish sequence still to do after you stick the start.",,10
Emotion,https://climbing-history.org/climb/3247/emotion,Boulder problem,8B+,13,"Mt. Kasagiyama, Ena, Gifu, Japan",,10
Flip Flopera,https://climbing-history.org/climb/1358/flip-flopera,Boulder problem,8B,13,,,10
Forgotten Gem,https://climbing-history.org/climb/1836/forgotten-gem,Boulder problem,8C,13,Previously a project of Bernd Zangerl's .,,10
Gravediggers,https://climbing-history.org/climb/688/gravediggers,Trad climb,E8,13,,,10
Hubble,https://climbing-history.org/climb/5/hubble,Sport route,9a,13,"Hubble is a route at Raven Tor in the UK's Peak District. Ben Moon made the first ascent of the full line in 1990 suggesting a grade of 8c+, making it the hardest route in the world at the time. It is now considered closer to 9a, making it both the first 8c+ and the first 9a!",,10
HYDRA,https://climbing-history.org/climb/6367/hydra,Boulder problem,8B,13,,,10
Kale Borroka,https://climbing-history.org/climb/297/kale-borroka,Sport route,8b+,13,,,10
Kryptonite,https://climbing-history.org/climb/1319/kryptonite,Sport route,9a,13,One of the first 9as established in the USA.,,10
La Force du Destin,https://climbing-history.org/climb/2210/la-force-du-destin,Boulder problem,8B+,13,,,10
Lord of the Flies,https://climbing-history.org/climb/529/lord-of-the-flies,Trad climb,E6,13,,,10
Milk It,https://climbing-history.org/climb/4414/milk-it,Boulder problem (indoor),8B,13,"Considered the hardest of the 8B trio, with some today considering it 8B+. This didnt see a repeat for nearly 20 years until Alex Megos repeated it in 2016",,10
Moonshine,https://climbing-history.org/climb/6015/moonshine,Sport route,9a,13,,,10
Mystic Stylez,https://climbing-history.org/climb/146/mystic-stylez,Boulder problem,8B+,13,,,10
Off the Wagon Low,https://climbing-history.org/climb/830/off-the-wagon-low,Boulder problem,8C+,13,,,11
Point Blank,https://climbing-history.org/climb/634/point-blank,Trad climb,E8,13,,,11
Prinzip Hoffnung,https://climbing-history.org/climb/600/prinzip-hoffnung,Trad climb,E9,13,,,11
Punks in the Gym,https://climbing-history.org/climb/519/punks-in-the-gym,Sport route,8b+,13,One of the first 8b+s in the world. Possibly slightly easier now than for Güllich and Glowacz since the construction of the birdbath hold subsequent to their ascents.,,11
Ray's Roof,https://climbing-history.org/climb/2709/rays-roof,Trad climb,E7,13,,,11
Super Crackinette,https://climbing-history.org/climb/464/super-crackinette,Sport route,9a+,13,,,11
Superman SDS,https://climbing-history.org/climb/142/superman-sds,Boulder problem,8B+,13,Originally thought to be 8B/+. A 'crucial' side pull broke after the first ascent but it was later re-climbed without the side pull.,,11
The Book Club,https://climbing-history.org/climb/1998/the-book-club,Boulder problem,8B+,13,,,11
The Kingdom,https://climbing-history.org/climb/1150/the-kingdom,Boulder problem,8B+,13,,,11
The Singularity,https://climbing-history.org/climb/115/the-singularity,Boulder problem,8C,13,Around 2018 the crux hold was chipped making the problem slightly easier. [1],,11
Tokoyo,https://climbing-history.org/climb/2174/tokoyo,Boulder problem,8B+,13,,,11
Tuataket,https://climbing-history.org/climb/4533/tuataket,Boulder problem,8B,13,,,11
Ubik (assis),https://climbing-history.org/climb/1775/ubik-(assis),Boulder problem,8B,13,,,11
All Out,https://climbing-history.org/climb/454/all-out,Sport route,8c,12,,,11
Arctandria,https://climbing-history.org/climb/7854/arctandria,Trad climb,E9,12,,,11
Astroman,https://climbing-history.org/climb/1237/astroman,Trad climb,E5,12,5.11c,,11
Bügeleisen SDS,https://climbing-history.org/climb/685/bügeleisen-sds,Boulder problem,8C,12,,,11
Butter Arms,https://climbing-history.org/climb/7812/butter-arms,Trad climb,E7,12,,,11
Dalriada,https://climbing-history.org/climb/636/dalriada,Trad climb,E7,12,"Named after Dál Riata, a Gaelic kingdom that spanned the western coast of Scotland and north-eastern Ireland.",,11
Es Pontas,https://climbing-history.org/climb/1205/es-pontas,Deep water solo,9a+,12,,,11
Gancho Perfecto,https://climbing-history.org/climb/213/gancho-perfecto,Sport route,9a,12,,,12
Groove Train,https://climbing-history.org/climb/799/groove-train,Sport route,8c,12,,,12
Khéops (assis),https://climbing-history.org/climb/118/khéops-(assis),Boulder problem,8B+,12,,,12
La Fabela pa la Enmienda,https://climbing-history.org/climb/754/la-fabela-pa-la-enmienda,Sport route,9a,12,,,12
La Force Tranquille,https://climbing-history.org/climb/837/la-force-tranquille,Boulder problem,8C,12,,,12
La Proue,https://climbing-history.org/climb/1763/la-proue,Boulder problem,8B,12,,,12
La Rose et le Vampire,https://climbing-history.org/climb/984/la-rose-et-le-vampire,Sport route,8b,12,,,12
Life of Villains,https://climbing-history.org/climb/2880/life-of-villains,Sport route,9a,12,,,12
Little Badder,https://climbing-history.org/climb/3780/little-badder,Sport route,9a,12,,,12
London Wall,https://climbing-history.org/climb/871/london-wall,Trad climb,E5,12,,,12
Mandela,https://climbing-history.org/climb/714/mandela,Sport route,8a+,12,So-named because it was said it would never go free.,,12
Mirror Reality,https://climbing-history.org/climb/3464/mirror-reality,Boulder problem,8B+,12,,,12
Monkey Business,https://climbing-history.org/climb/3581/monkey-business,Boulder problem,8B,12,,,12
Monk Life,https://climbing-history.org/climb/117/monk-life,Boulder problem,8B+,12,,,12
Muscle Car,https://climbing-history.org/climb/1683/muscle-car,Boulder problem,8B+,12,,,12
My Piano,https://climbing-history.org/climb/805/my-piano,Trad climb,E8,12,,,12
Ninja Skills,https://climbing-history.org/climb/2195/ninja-skills,Boulder problem,8B+,12,,,12
Nuthin' But Sunshine,https://climbing-history.org/climb/222/nuthin-but-sunshine,Boulder problem,8B,12,,,12
Once Upon a Time in the Southwest,https://climbing-history.org/climb/562/once-upon-a-time-in-the-southwest,Trad climb,E9,12,Johnny Dawes likely abseiled the line in 1989. Nick White writing in Mountain 129:,,12
One Summer in Paradise,https://climbing-history.org/climb/656/one-summer-in-paradise,Boulder problem,8B,12,,,12
Permanent Midnight,https://climbing-history.org/climb/2696/permanent-midnight,Boulder problem,8A+,12,,,13
Power of Now Direct,https://climbing-history.org/climb/1343/power-of-now-direct,Boulder problem,8C,12,A more direct start to Power of Now avoiding some reachy moves on the original.,,13
Rätt Lätt,https://climbing-history.org/climb/7855/rätt-lätt,Trad climb,E8,12,Overhanging groove right of Minaret (E8).,,13
Requiem,https://climbing-history.org/climb/505/requiem,Trad climb,E8,12,"A groundbreaking route, taking on the impressive central crack line up the centre of Dumbarton Rock . Originally graded E7 when first climbed by Dave 'Cubby' Cuthbertson in 1983, it was upgraded to E8 by Dave MacLeod in 2000.",,13
Silbergeier,https://climbing-history.org/climb/1330/silbergeier,Sport route,8b+,12,,,13
Squoze,https://climbing-history.org/climb/1098/squoze,Boulder problem,8B+,12,,,13
The Big Issue,https://climbing-history.org/climb/603/the-big-issue,Trad climb,E9,12,,,13
The Walk of Life,https://climbing-history.org/climb/581/the-walk-of-life,Trad climb,E9,12,A stunning coastal slab adventure whose immense proportions are perhaps only exceeded by the size of the grading controversy that accompanied its first ascent.,,13
The Wheel of Life,https://climbing-history.org/climb/140/the-wheel-of-life,Boulder problem,8B+,12,[1] https://www.ukclimbing.com/news/2019/07/australian_access_issues_-_breaking_up_is_hard_to_do-72012,,13
Voie Petit,https://climbing-history.org/climb/3841/voie-petit,Sport route,8b,12,,,13
Wrestling With an Alligator,https://climbing-history.org/climb/1832/wrestling-with-an-alligator,Boulder problem,8B,12,,,13
Aitzol,https://climbing-history.org/climb/4461/aitzol,Sport route,8c,11,,,13
A Maze of Death,https://climbing-history.org/climb/5109/a-maze-of-death,Boulder problem,8A+,11,,,13
Bain de Sang,https://climbing-history.org/climb/517/bain-de-sang,Sport route,9a,11,,,13
Braille Trail,https://climbing-history.org/climb/3475/braille-trail,Trad climb,E7,11,,,13
C'Était Demain,https://climbing-history.org/climb/1250/cétait-demain,Boulder problem,8A,11,"The first 8A in the forest, climbed by Jacky Godoffe after six months of effort.",,13
Chilam Balam,https://climbing-history.org/climb/789/chilam-balam,Sport route,9a+,11,"85m long, 200+ moves, 24 quickdraws and 1hr+ to climb it!",,13
Chouca,https://climbing-history.org/climb/590/chouca,Sport route,8a+,11,,,13
Circus Elephant Syndrome,https://climbing-history.org/climb/4507/circus-elephant-syndrome,Boulder problem,8B+,11,,,13
Compass North,https://climbing-history.org/climb/2033/compass-north,Boulder problem,8B+,11,,,13
Cosmic Artifact,https://climbing-history.org/climb/2619/cosmic-artifact,Boulder problem,8B+,11,,,14
DAKIN,https://climbing-history.org/climb/6737/dakin,Boulder problem,8B+,11,,,14
Deadlift,https://climbing-history.org/climb/2727/deadlift,Boulder problem,8B+,11,,,14
Duel,https://climbing-history.org/climb/1526/duel,Boulder problem,8A,11,,,14
Entlinge,https://climbing-history.org/climb/1713/entlinge,Boulder problem,8B+,11,"Originally given 8C, now considered 8B+.",,14
Extra Longwave,https://climbing-history.org/climb/7569/extra-longwave,Boulder problem,8B,11,,,14
Gakidō,https://climbing-history.org/climb/1831/gakidō,Boulder problem,8B+,11,,,14
Get Railed,https://climbing-history.org/climb/2667/get-railed,Boulder problem,8B+,11,,,14
Grand Illusion,https://climbing-history.org/climb/1285/grand-illusion,Boulder problem,8C+,11,,,14
Hide and Sick,https://climbing-history.org/climb/4150/hide-and-sick,Boulder problem,8B+,11,,,14
Indian Face,https://climbing-history.org/climb/601/indian-face,Trad climb,E9,11,"Perhaps the most celebrated and revered route in the UK, Johnny Dawes ' ascent in 1986 gave the country its first E9. Although only around 7b/+ to top rope, the route is exceptionally bold, running it out way above bodyweight-only RPs in suspect placements. A fall from the precarious crux at around 40m would likely end on the ground.",,14
Juneru,https://climbing-history.org/climb/1809/juneru,Boulder problem,8C,11,,,14
Keen Roof - Nachos Start,https://climbing-history.org/climb/1922/keen-roof---nachos-start,Boulder problem,8B,11,"From the start of Ben's Roof climb direct into Keen Roof, do not go to the kneebar.",,14
Kook Slams,https://climbing-history.org/climb/4370/kook-slams,Boulder problem,8B,11,,,14
La Moustache Qui Fâche,https://climbing-history.org/climb/2415/la-moustache-qui-fâche,Sport route,9a+,11,,,14
Le Pied à Coulisse,https://climbing-history.org/climb/1810/le-pied-à-coulisse,Boulder problem,8C,11,"While working the problem Charles Albert found a more direct alternative sequence. His sequence is reliant on using a pocket with your toe, so it is generally considered as a separate problem Le Pied à Coulisse (Direct) .",,14
L'Insoutenable Légèreté de l'Être,https://climbing-history.org/climb/2007/linsoutenable-légèreté-de-lêtre,Boulder problem,8B,11,"Originally 8B+, a contender for the first of the grade in the Forest. After a hold broke it became 8B.",,14
Middle Trifecta,https://climbing-history.org/climb/198/middle-trifecta,Boulder problem,8B,11,,,14
Mirta,https://climbing-history.org/climb/2653/mirta,Boulder problem,8B+,11,,,14
Nagual,https://climbing-history.org/climb/1652/nagual,Boulder problem,8B,11,,,14
Oliphant's Dawn,https://climbing-history.org/climb/508/oliphants-dawn,Boulder problem,8B+,11,,,15
Revelations (Pre-1999),https://climbing-history.org/climb/310/revelations-(pre-1999),Sport route,8a+,11,"One of the first sport routes in the UK to be climbed in 'red point' style, where the moves were practised before the final ascent. Prior to this routes were more typically climbed onsight or in yoyo style where pre-practicing the moves wasn't allowed.",,15
Rhythm,https://climbing-history.org/climb/177/rhythm,Boulder problem,8B,11,,,15
Sinawav,https://climbing-history.org/climb/1751/sinawav,Boulder problem,8B+,11,,,15
Sound of Violence,https://climbing-history.org/climb/1206/sound-of-violence,Boulder problem,8C,11,A left hand finish to Pegasus .,,15
The Bells! The Bells!,https://climbing-history.org/climb/628/the-bells!-the-bells!,Trad climb,E7,11,,,15
The Final Round,https://climbing-history.org/climb/599/the-final-round,Trad climb,E9,11,~8a+ on ok-ish gear.,,15
The Traverse of the Gods,https://climbing-history.org/climb/1356/the-traverse-of-the-gods,Traverse,8b+,11,,,15
Victimes del Futur,https://climbing-history.org/climb/1476/victimes-del-futur,Sport route,9a,11,Originally given 8c/+ repeat ascenionists then suggested 8c+. Around 2018/2019 some holds broke on the crux and it is now considered more 9a.,,15
White Noise,https://climbing-history.org/climb/845/white-noise,Boulder problem,8B+,11,,,15
Aslan,https://climbing-history.org/climb/3905/aslan,Boulder problem,8B+,10,,,15
Attraverso il Pesce,https://climbing-history.org/climb/1447/attraverso-il-pesce,Trad climb,E6,10,One of the most famous routes in the dolomites.,,15
Back Street Mime Artist,https://climbing-history.org/climb/236/back-street-mime-artist,Boulder problem,8A,10,,,15
Balance It Is,https://climbing-history.org/climb/621/balance-it-is,Trad climb,E7,10,,,15
Beau Geste,https://climbing-history.org/climb/854/beau-geste,Trad climb,E7,10,"A historic gritstone king line, which was solved well ahead of its time by Jonny Woodward in 1982, in non-sticky boots.",,15
Black Beauty,https://climbing-history.org/climb/6885/black-beauty,Boulder problem (indoor),8B,10,"The board climb, set  as a replica/trainer for lucid dreaming on the 2016 Moon Board",,15
Catxasa,https://climbing-history.org/climb/394/catxasa,Sport route,9a+,10,,,15
Cenotaph Corner,https://climbing-history.org/climb/1373/cenotaph-corner,Trad climb,E1,10,"Perhaps the most famous and celebrated trad route in Britain, taking on the obvious challenge of the open-book corner of Dinas Cromlech .",,15
City Park,https://climbing-history.org/climb/1469/city-park,Trad climb,E8,10,,,15
Delirium,https://climbing-history.org/climb/1432/delirium,Boulder problem,8C,10,,,15
Dicktopia,https://climbing-history.org/climb/1096/dicktopia,Boulder problem,8B+,10,,,16
Dominated,https://climbing-history.org/climb/5036/dominated,Boulder problem,8B,10,,,16
Draumkvedet,https://climbing-history.org/climb/4691/draumkvedet,Sport route,8c,10,,,16
Empath,https://climbing-history.org/climb/1944/empath,Sport route,8c+,10,,,16
Eye of the Tiger,https://climbing-history.org/climb/535/eye-of-the-tiger,Trad climb,E7,10,Formerly an aid route.,,16
Flow State,https://climbing-history.org/climb/3809/flow-state,Boulder problem,8C,10,,,16
Fräulein,https://climbing-history.org/climb/4706/fräulein,Sport route,8c,10,First climbed as an aid route in the 90s,,16
Hugh,https://climbing-history.org/climb/46/hugh,Sport route,9a,10,The first 9a in France.,,16
Insomniac,https://climbing-history.org/climb/1341/insomniac,Boulder problem,8C+,10,Links The Wheel of Wolvo in to We Can Build You .,,16
King of Limbs,https://climbing-history.org/climb/195/king-of-limbs,Boulder problem,8B,10,,,16
La Cabane au Canada,https://climbing-history.org/climb/397/la-cabane-au-canada,Sport route,9a,10,,,16
La Furia de Jabali,https://climbing-history.org/climb/1109/la-furia-de-jabali,Sport route,9a+,10,,,16
Lucifer,https://climbing-history.org/climb/2881/lucifer,Sport route,8c+,10,,,16
Marathon,https://climbing-history.org/climb/6002/marathon,Sport route,8b,10,First 8b route in Norway.,,16
Menage a Trois,https://climbing-history.org/climb/3622/menage-a-trois,Boulder problem,8B+,10,,,16
Messiah,https://climbing-history.org/climb/2162/messiah,Trad climb,E7,10,,,16
Mona Lisa,https://climbing-history.org/climb/1724/mona-lisa,Boulder problem,8B+,10,,,16
Necessary Evil,https://climbing-history.org/climb/552/necessary-evil,Sport route,8c+,10,"The first 8c+ in America established by an American, the soon to be famous Chris Sharma . Jim Thornburg writing in Climbing magazine #168:",,16
Neon Desert,https://climbing-history.org/climb/3916/neon-desert,Boulder problem,8B+,10,,,16
Normipäivä,https://climbing-history.org/climb/7870/normipäivä,Boulder problem,8B,10,,,16
Reticent Wall,https://climbing-history.org/climb/4201/reticent-wall,Aid Climb,A4+,10,,,17
Room Service,https://climbing-history.org/climb/3859/room-service,Boulder problem,8A+,10,,,17
Room Service Low,https://climbing-history.org/climb/3864/room-service-low,Boulder problem,8B+,10,,,17
Salathé Wall,https://climbing-history.org/climb/7355/salathé-wall,Aid Climb,A2,10,"Named after Yosemite climbing pioneer John Salathé . After fixing to the Heart Ledges, the remainder of the route was climbed on-sight. This was a notable improvement in style over the multi-season siege of The Nose (A2)",,17
Spaceship,https://climbing-history.org/climb/147/spaceship,Boulder problem,8B+,10,,,17
Takaki Mikura SD,https://climbing-history.org/climb/6362/takaki-mikura-sd,Boulder problem,8B+,10,A Mizugaki testpiece on the historic Kotei Iwa boulder.,,17
The Buttermilker,https://climbing-history.org/climb/1779/the-buttermilker,Boulder problem,8A+,10,"Chris Sharma's original line, and world famous testpiece. Start sitting on the right facing fin, then wrestle your way up and right through the sick, sloping features.",,17
The Phoenix,https://climbing-history.org/climb/523/the-phoenix,Trad climb,E7,10,,,17
The Revolution is Coming,https://climbing-history.org/climb/233/the-revolution-is-coming,Boulder problem,8A,10,,,17
The Smile,https://climbing-history.org/climb/1137/the-smile,Boulder problem,8C,10,,,17
Trieste Low,https://climbing-history.org/climb/4307/trieste-low,Boulder problem,8B+,10,First ascentionist Daniel Woods :,,17
Tsunami,https://climbing-history.org/climb/235/tsunami,Boulder problem,8A,10,,,17
Underground,https://climbing-history.org/climb/591/underground,Sport route,9a,10,,,17
Vanitas,https://climbing-history.org/climb/1722/vanitas,Boulder problem,8C,10,,,17
Witchhammer,https://climbing-history.org/climb/4526/witchhammer,Sport route,9a,10,,,17
You Can Go Now,https://climbing-history.org/climb/203/you-can-go-now,Boulder problem,8B,10,,,17
4-Low,https://climbing-history.org/climb/1145/4-low,Boulder problem,8C,9,,,17
Aladdin,https://climbing-history.org/climb/15/aladdin,Sport route,8b+,9,,,17
Amaterasu,https://climbing-history.org/climb/4266/amaterasu,Boulder problem,8B+,9,,,17
A Midsummer Night's Dream,https://climbing-history.org/climb/1075/a-midsummer-nights-dream,Trad climb,E6,9,"Ed Drummond climbed the first pitch at a slightly lower level than the current line, top-roping it first, placing a bolt, pitons and using skyhooks (a total of 5 points of aid) on the 8th July 1973. This was omitted from the 1976 guide on ethical grounds although other routes of the time had employed similar amounts of aid.",,17
A Wreath of Deadly Nightshade,https://climbing-history.org/climb/1633/a-wreath-of-deadly-nightshade,Trad climb,E7,9,,,18
Bansosha,https://climbing-history.org/climb/2426/bansosha,Boulder problem,8B,9,[1] 2017 list of ascentionists,,18
Believe in Two,https://climbing-history.org/climb/3368/believe-in-two,Boulder problem,8B+,9,Right hand line to Steppenwolf (8B),,18
Blood Sport,https://climbing-history.org/climb/3547/blood-sport,Boulder problem,8A+,9,,,18
Brass Knuckles,https://climbing-history.org/climb/3673/brass-knuckles,Boulder problem,8B+,9,,,18
Burden of Dreams,https://climbing-history.org/climb/826/burden-of-dreams,Boulder problem,9A,9,"The first 9A boulder problem in the world. Nalle Hukkataival made the first ascent in October 2016 and the problem received significant attention from many of the strongest boulderers in the world ( Toru Nakajima , Shawn Raboutou and Aidan Roberts to name a few) before Will Bosi made the second ascent in April 2023.",,18
Casavino,https://climbing-history.org/climb/3266/casavino,Boulder problem,8B+,9,,,18
Comici-Dimai,https://climbing-history.org/climb/2286/comici-dimai,Trad climb,E3,9,[1] Alpine Journal 1960 page 182-185 by Chris Bonnington https://www.alpinejournal.org.uk/Contents/Contents_1960_files/AJ%201960%20182-185%20Bonington%20Tre%20Cime.pdf,,18
Dead Meadow,https://climbing-history.org/climb/6115/dead-meadow,Boulder problem,8B,9,,,18
Delusions of Grandeur,https://climbing-history.org/climb/156/delusions-of-grandeur,Boulder problem,8A+,9,,,18
Der Mit dem Fels Tanzt,https://climbing-history.org/climb/3066/der-mit-dem-fels-tanzt,Boulder problem,8C,9,,,18
Dominator,https://climbing-history.org/climb/546/dominator,Boulder problem,8A+,9,Originally climbed by pinching the right hand starting hold and making a powerful move to the first crimp and given 8B with this sequence. Subsequently the beta has improved and now involves guppying the starting right hand hold and using a left heel to make the first move static.,,18
Doug,https://climbing-history.org/climb/1467/doug,Trad climb,E8,9,,,18
Drink the Sea,https://climbing-history.org/climb/7148/drink-the-sea,Boulder problem,8B,9,,,18
Ego Death,https://climbing-history.org/climb/2753/ego-death,Boulder problem,8B+,9,,,18
Ephyra,https://climbing-history.org/climb/1132/ephyra,Boulder problem,8C+,9,Goes left from a similar start to From the Dirt Grows the Flowers .,,18
Erebor,https://climbing-history.org/climb/678/erebor,Sport route,9b,9,,,18
Eternal Flame,https://climbing-history.org/climb/2293/eternal-flame,Trad climb,E8,9,"A pioneering route up Trango's Nameless Tower, encompassing hard free and mixed climbing at 6000m.",,18
Fingerslut,https://climbing-history.org/climb/3000/fingerslut,Boulder problem,8B,9,,,18
Fyysikko,https://climbing-history.org/climb/7896/fyysikko,Boulder problem,8B,9,,,18
Gabriel,https://climbing-history.org/climb/5396/gabriel,Trad climb,E7,9,,,19
Grateful Dead,https://climbing-history.org/climb/4568/grateful-dead,Boulder problem,8B,9,,,19
Gribin Wall Climb,https://climbing-history.org/climb/619/gribin-wall-climb,Trad climb,E9,9,,,19
Hailstorm,https://climbing-history.org/climb/1820/hailstorm,Boulder problem,8B,9,,,19
Heart of Stone,https://climbing-history.org/climb/1348/heart-of-stone,Trad climb,E7,9,Named after the late Ed Stone . [1],,19
Impact Day,https://climbing-history.org/climb/1240/impact-day,Trad climb,E8,9,,,19
Impropa Opera,https://climbing-history.org/climb/1238/impropa-opera,Boulder problem,7C,9,,,19
Insurgency,https://climbing-history.org/climb/3890/insurgency,Boulder problem,8B+,9,,,19
Kenny Loggins,https://climbing-history.org/climb/3892/kenny-loggins,Boulder problem,8B+,9,,,19
L'Alchimiste,https://climbing-history.org/climb/573/lalchimiste,Boulder problem,8B+,9,"First climbed by Marc le Menestrel in 1996 before a hold broke. Re-ascended by Nalle Hukkataival in 2015 via a minor variation in line, finishing slightly right. Original line re-ascended by Charles Albert in 2016.",,19
La Ligne de Bête,https://climbing-history.org/climb/1785/la-ligne-de-bête,Boulder problem,8B+,9,,,19
La Planta de Shiva,https://climbing-history.org/climb/492/la-planta-de-shiva,Sport route,9b,9,,,19
Lapsus,https://climbing-history.org/climb/493/lapsus,Sport route,9a+,9,Does the start of Noia before linking in to the hard end section of Anaconda via some difficult moves.,,19
La Rustica,https://climbing-history.org/climb/1149/la-rustica,Boulder problem,8C,9,,,19
Last Wave Goodbye,https://climbing-history.org/climb/2719/last-wave-goodbye,Boulder problem,8B,9,,,19
Magnetic Fields,https://climbing-history.org/climb/520/magnetic-fields,Sport route,8b,9,,,19
Momentum,https://climbing-history.org/climb/2454/momentum,Boulder problem,8B+,9,,,19
Nightmayer,https://climbing-history.org/climb/531/nightmayer,Trad climb,E8,9,The hardest route on Dinas Cromlech . 8a climbing with spicy gear.,,19
North Ridge,https://climbing-history.org/climb/3875/north-ridge,Boulder problem,8B+,9,,,19
One Chromosome's Missing,https://climbing-history.org/climb/3476/one-chromosomes-missing,Trad climb,E7,9,,,19
Parthian Shot (Pre-2011 Break),https://climbing-history.org/climb/598/parthian-shot-(pre-2011-break),Trad climb,E9,9,,,20
Pedigree Chum,https://climbing-history.org/climb/745/pedigree-chum,Traverse,8c+,9,,,20
Primitivo,https://climbing-history.org/climb/1142/primitivo,Boulder problem,8C,9,,,20
Ray of Light,https://climbing-history.org/climb/1577/ray-of-light,Boulder problem,8B,9,,,20
Rimmonruta (pre-1998 Rockfall),https://climbing-history.org/climb/4740/rimmonruta-(pre-1998-rockfall),Trad climb,E3,9,,,20
Rock Atrocity,https://climbing-history.org/climb/271/rock-atrocity,Boulder problem,7C,9,The name comes from the infamous chipped pockets that make the problem possible.,,20
Rollito Sharma Extension,https://climbing-history.org/climb/292/rollito-sharma-extension,Sport route,8c,9,,,20
Ronny Medelsvensson,https://climbing-history.org/climb/1422/ronny-medelsvensson,Trad climb,E9,9,,,20
Ropes of Maui,https://climbing-history.org/climb/414/ropes-of-maui,Boulder problem,8A+,9,Initially given 8B.,,20
Sanction,https://climbing-history.org/climb/194/sanction,Boulder problem,8B,9,,,20
Selecció Natural,https://climbing-history.org/climb/393/selecció-natural,Sport route,9a,9,,,20
Separate Reality,https://climbing-history.org/climb/992/separate-reality,Trad climb,E5,9,Originally graded 12a (~7a+) in the mid-80s it went down to 11d after a block at the end of the route broke off leaving a good edge .,,20
Slashface,https://climbing-history.org/climb/996/slashface,Boulder problem,8B,9,,,20
Stingray,https://climbing-history.org/climb/1444/stingray,Trad climb,E9,9,,,20
The Ashes,https://climbing-history.org/climb/2650/the-ashes,Sport route,7c+,9,,,20
The Automator,https://climbing-history.org/climb/1735/the-automator,Boulder problem,8B,9,,,20
The Book of Hate,https://climbing-history.org/climb/2913/the-book-of-hate,Trad climb,E9,9,,,20
The Groove,https://climbing-history.org/climb/1073/the-groove,Sport route,8a+,9,,,20
The Island,https://climbing-history.org/climb/144/the-island,Boulder problem,8B+,9,,,20
The New Statesman,https://climbing-history.org/climb/652/the-new-statesman,Trad climb,E8,9,John Dunne :,,20
The Path,https://climbing-history.org/climb/649/the-path,Trad climb,E9,9,,,21
The Promise,https://climbing-history.org/climb/704/the-promise,Trad climb,E8,9,"Originally climbed with no pads and a single ball nut for protection. James gave it E10, believing any fall would involve hitting the ground. Subsequent ascents tested the ball nut (above pads) and found it to be better than expected with the ball nut holding around 20 falls. Based on this, grades around E7 to E8 were suggested.",,21
The Screaming Dream,https://climbing-history.org/climb/751/the-screaming-dream,Boulder problem,8A,9,Originally climbed as a trad route at ~E7.,,21
The Traphouse,https://climbing-history.org/climb/681/the-traphouse,Boulder problem,8B+,9,Start as for Gourmandise and finish as for Le Dernier Fléau .,,21
Topaz,https://climbing-history.org/climb/1141/topaz,Boulder problem,8C,9,,,21
Trance,https://climbing-history.org/climb/1940/trance,Boulder problem,8C,9,,,21
10 O'Clock Saturday Morning,https://climbing-history.org/climb/2056/10-oclock-saturday-morning,Trad climb,E7,8,"First top-roped by Johnny Dawes in 1989, the name refers to the time that he was born.",,21
Achemine,https://climbing-history.org/climb/567/achemine,Trad climb,E9,8,"The first E9 in Scotland. Repeats have taken a slight variation through a line of least resistance, rather than MacLeod's original. [1]",,21
After Hours,https://climbing-history.org/climb/2856/after-hours,Boulder problem,8B,8,,,21
Akira,https://climbing-history.org/climb/475/akira,Sport route,9a,8,"Akira is a route with a complicated history and a degree of controversy, largely because first ascentionist Fred Rouhling suggested a grade of 9b, at a time when 9a was the cutting edge and no routes had been proposed at 9a+ (though some routes from the era have subsequently been upgraded to 9a+, for example Mutation at Raven Tor ). Subsequent ascentionists have suggested 9a is more appropriate. To complicate things even further, the repeat ascentionists chose not use kneebars but suggested that using them would lower the grade further.",,21
Ali Hulk (extension total sit start),https://climbing-history.org/climb/476/ali-hulk-(extension-total-sit-start),Sport route,9a+,8,,,21
Alphane,https://climbing-history.org/climb/1919/alphane,Boulder problem,9A,8,First discovered by Dave Graham it was a project for a long time before Shawn Raboutou made the first ascent.,,21
A Man Escaped,https://climbing-history.org/climb/3911/a-man-escaped,Boulder problem,8B+,8,,,21
Ambrosia,https://climbing-history.org/climb/2259/ambrosia,Boulder problem,8A,8,"Before Kevin Jorgeson made the first ascent George Ulrich , starting off a ladder, climbed the highball section but was unable to do the hard start.",,21
Anaesthesia,https://climbing-history.org/climb/421/anaesthesia,Boulder problem,8A+,8,,,21
A Simple Knowing,https://climbing-history.org/climb/809/a-simple-knowing,Boulder problem,8B,8,,,21
Atrésie,https://climbing-history.org/climb/3334/atrésie,Boulder problem,8A,8,,,21
Authentic Desire,https://climbing-history.org/climb/1203/authentic-desire,Trad climb,E7,8,,,21
Babel,https://climbing-history.org/climb/3061/babel,Boulder problem,8C,8,,,21
Belly of the Beast,https://climbing-history.org/climb/166/belly-of-the-beast,Boulder problem,8B,8,"Originally climbed without knee bars and given 8C, now considered to be 8B.",,21
Big Fish Low,https://climbing-history.org/climb/4607/big-fish-low,Boulder problem,8B,8,,,22
Blå blomster sitt,https://climbing-history.org/climb/4545/blå-blomster-sitt,Boulder problem,8B,8,,,22
Bleu Sacré,https://climbing-history.org/climb/4521/bleu-sacré,Boulder problem,8B,8,,,22
Bronx,https://climbing-history.org/climb/775/bronx,Sport route,8c+,8,,,22
Butterballs,https://climbing-history.org/climb/5459/butterballs,Trad climb,E4,8,A Steve Wunsch project before Barber's impressive nuts-only protected onsight ascent.,,22
Byakudo,https://climbing-history.org/climb/2577/byakudo,Boulder problem,8C,8,"Iwagoya Boulder, Horai, Aichi, Japan",,22
Caroline,https://climbing-history.org/climb/252/caroline,Boulder problem,7C+,8,,,22
Catalan Witness the Fitness,https://climbing-history.org/climb/556/catalan-witness-the-fitness,Boulder problem,8B+,8,,,22
Central Buttress,https://climbing-history.org/climb/3435/central-buttress,Trad climb,E1,8,FRCC Scawfell Guide 1924:,,22
Change P1,https://climbing-history.org/climb/3969/change-p1,Sport route,9a+,8,,,22
Child of Hell,https://climbing-history.org/climb/2115/child-of-hell,Boulder problem,8C,8,,,22
Corona,https://climbing-history.org/climb/1570/corona,Sport route,9a+,8,The first 9a+ in Germany.,,22
Crackoholic,https://climbing-history.org/climb/3738/crackoholic,Trad climb,E8,8,,,22
Dawes Rides a Shovelhead,https://climbing-history.org/climb/641/dawes-rides-a-shovelhead,Trad climb,E8,8,After making the first ascent with 2 pegs in place Dave Birkett placed a bolt just above the pegs. This was quickly chopped.,,22
Dead and Bloated,https://climbing-history.org/climb/186/dead-and-bloated,Boulder problem,8B,8,,,22
Demencia Senil,https://climbing-history.org/climb/1323/demencia-senil,Sport route,9a+,8,,,22
Diamanten,https://climbing-history.org/climb/4548/diamanten,Boulder problem,8B,8,,,22
Din Dean,https://climbing-history.org/climb/4557/din-dean,Boulder problem,8B,8,,,22
El Corazón,https://climbing-history.org/climb/1597/el-corazón,Trad climb,E8,8,"El Corazón takes features originally aid climbed by Flight of the Albatross, Heart Route and Son of Heart linked by some new climbing. The name means The Heart in Spanish.",,22
Epic Adventures,https://climbing-history.org/climb/79/epic-adventures,Sport route,8b+,8,,,22
Flipnic,https://climbing-history.org/climb/1733/flipnic,Boulder problem,8B,8,,,23
Floatin,https://climbing-history.org/climb/1691/floatin,Boulder problem,8C+,8,The leaning wall to the right of Launch Pad . The line had been a longstanding project.,,23
Fuck the System,https://climbing-history.org/climb/396/fuck-the-system,Sport route,9a,8,,,23
Full Tilt,https://climbing-history.org/climb/1288/full-tilt,Sport route,8b,8,,,23
Gathering Sun,https://climbing-history.org/climb/623/gathering-sun,Trad climb,E7,8,,,23
G-Master,https://climbing-history.org/climb/2648/g-master,Boulder problem,8C,8,Reverses Master Key before climbing Guest List .,,23
Grooved Arete,https://climbing-history.org/climb/1072/grooved-arete,Sport route,8a+,8,,,23
Hades,https://climbing-history.org/climb/6434/hades,Boulder problem,8B+,8,,,23
Hajj,https://climbing-history.org/climb/92/hajj,Sport route,8c,8,,,23
Hare,https://climbing-history.org/climb/7039/hare,Boulder problem,8A+,8,,,23
Hipster Whale,https://climbing-history.org/climb/3587/hipster-whale,Boulder problem,8B,8,,,23
Horizon,https://climbing-history.org/climb/2151/horizon,Boulder problem,8C,8,,,23
Hotel Supramonte,https://climbing-history.org/climb/2921/hotel-supramonte,Sport route,8b,8,"400m
11 pitches: 7b+, 7c+, 8b, 8a+, 8b, 7c, 7a+, 7b+, 7b, 7b, 6b",,23
Hulk,https://climbing-history.org/climb/6861/hulk,Boulder problem,8B,8,"Crown jewel of the somewhat obscure crag of Valsaín, Segovia, next to the river conditions are tricky as it is wet most of the winter. Sit start, it is also done from a stand as an 8A, same name.",,23
Hydrangea,https://climbing-history.org/climb/2303/hydrangea,Boulder problem,8C,8,,,23
Hydro,https://climbing-history.org/climb/2599/hydro,Boulder problem,8B,8,,,23
Ill Thrill,https://climbing-history.org/climb/741/ill-thrill,Boulder problem,8B+,8,"This boulder was originally named ""Ill Trill"", however, the Magic Wood guidebook has it incorrectly listed as ""Ill Thrill"" and most other sources have followed suit.",,23
Iron Resolution,https://climbing-history.org/climb/3589/iron-resolution,Boulder problem,8B,8,,,23
Joe Blau,https://climbing-history.org/climb/399/joe-blau,Sport route,8c+,8,,,23
JoeDan,https://climbing-history.org/climb/4536/joedan,Sport route,9a,8,,,23
Jumpman,https://climbing-history.org/climb/3460/jumpman,Boulder problem,8B+,8,,,24
Jungle Boogie,https://climbing-history.org/climb/1941/jungle-boogie,Sport route,9a+,8,,,24
Kangaroo's Limb,https://climbing-history.org/climb/3043/kangaroos-limb,Sport route,9a+,8,,,24
La Teoría del Todo,https://climbing-history.org/climb/5797/la-teoría-del-todo,Boulder problem,8B+,8,,,24
Liquid Ambar,https://climbing-history.org/climb/66/liquid-ambar,Sport route,8c+,8,"Originally given 8c but upgraded following repeats. Jerry Moffatt named the route in memory of his brother, who loved Liquidambar trees.",,24
L'Isola che no c'é,https://climbing-history.org/climb/4109/lisola-che-no-cé,Sport route,9a,8,,,24
Little Women,https://climbing-history.org/climb/419/little-women,Boulder problem,8B+,8,,,24
Los Humildes pa Casa,https://climbing-history.org/climb/2554/los-humildes-pa-casa,Sport route,8b+,8,,,24
Lucky,https://climbing-history.org/climb/8006/lucky,Boulder problem,8B,8,,,24
Magic Line,https://climbing-history.org/climb/570/magic-line,Trad climb,E10,8,"8c/+ on trad gear. The breakdown is roughly an 8A boulder in to 8b route in to 7C boulder. Footholds, some glue-reinforced, have broken since the first ascent.",,24
Maginot Line,https://climbing-history.org/climb/973/maginot-line,Sport route,8c,8,,,24
Meikyoshisui,https://climbing-history.org/climb/2872/meikyoshisui,Boulder problem,8B+,8,,,24
Merlin's Beard,https://climbing-history.org/climb/1392/merlins-beard,Boulder problem,8B,8,,,24
Minerva,https://climbing-history.org/climb/7276/minerva,Boulder problem,8B+,8,,,24
Mo'Stef,https://climbing-history.org/climb/7955/mostef,Boulder problem,8B,8,,,24
Ninjutsu,https://climbing-history.org/climb/3364/ninjutsu,Boulder problem,8B+,8,,,24
Ninth Life,https://climbing-history.org/climb/534/ninth-life,Trad climb,E7,8,"Named after Jerry Moffatt who decked from the upper reaches of the route on a previous attempt at the FA. Miraculously he survived relatively unscathed, using up one of his nine lives. Having completed all the hard, dangerous climbing and found a good runner he was stumped by the dirty top section so decided to lower off the runner. The runner failed and he landed flat on his back and was knocked unconscious, but miraculously awoke unscathed.",,24
Nordic Flower L1,https://climbing-history.org/climb/2702/nordic-flower-l1,Sport route,8b+,8,,,24
Northern Lights,https://climbing-history.org/climb/391/northern-lights,Sport route,9a,8,"Tried extensively by Ben Moon . Despite coming close around 1995 was unable to finish the route due to a combination of poor conditions and injury. Steve McClure's successful ascent in July 2000 represented a passing of the torch, with him taking on the mantle as the UK's pre-eminent sport climber by finishing off Ben's old project.",,24
Orbayu,https://climbing-history.org/climb/1754/orbayu,Sport route,8c,8,,,24
Peace,https://climbing-history.org/climb/3831/peace,Sport route,8b,8,,,25
Pilgrimage,https://climbing-history.org/climb/126/pilgrimage,Boulder problem,8B+,8,A very long boulder problem. Around 8c+ to 9a as a sport route depending on how many knee bars you find.,,25
Poppy,https://climbing-history.org/climb/374/poppy,Sport route,8b+,8,,,25
preMuir,https://climbing-history.org/climb/5423/premuir,Trad climb,E8,8,Free version of the Muir Wall with some variations in line.,,25
Prethem,https://climbing-history.org/climb/6389/prethem,Boulder problem,8B+,8,,,25
Propellen,https://climbing-history.org/climb/4569/propellen,Boulder problem,8B,8,,,25
Quiet Storm,https://climbing-history.org/climb/8014/quiet-storm,Boulder problem,8B+,8,,,25
Raining Bats and Dogs,https://climbing-history.org/climb/80/raining-bats-and-dogs,Sport route,8c,8,,,25
Rayu,https://climbing-history.org/climb/2302/rayu,Sport route,8c,8,Eneko Pou :,,25
Renegade Master,https://climbing-history.org/climb/1386/renegade-master,Trad climb,E8,8,"Originally led but now typically done above a big pile of mats at about 7C+. On the first ascent Jerry Moffatt took a fairly direct line at the top, whereas people typically traverse round to the right before topping out when climbing the line above pads.",,25
Return of the Sleepwalker,https://climbing-history.org/climb/1116/return-of-the-sleepwalker,Boulder problem,9A,8,"Initial attempts at a sit start to Sleepwalker were coming in from the left, but after shifting a boulder out of the way a line coming in from the right was made possible.",,25
Reverse Cowgirl,https://climbing-history.org/climb/3482/reverse-cowgirl,Boulder problem,8B+,8,,,25
Rhapsody,https://climbing-history.org/climb/582/rhapsody,Trad climb,E11,8,"Rhapsody is a trad route at Dumbarton Rock in Scotland first climbed by Dave MacLeod in 2006. It was the hardest trad route in the world at the time and maintains a substantial reputation, featuring 8c+ climbing, and potential for huge falls onto tiny gear from the 8A crux at the top of the route.",,25
Roadkill,https://climbing-history.org/climb/1715/roadkill,Boulder problem,8C,8,,,25
San Simian,https://climbing-history.org/climb/742/san-simian,Trad climb,E8,8,,,25
Scarred For Life,https://climbing-history.org/climb/1520/scarred-for-life,Boulder problem,8B+,8,So named because first ascentionist Dave Graham was recovering from a nasty hand injury when he established the problem.,,25
Serenity,https://climbing-history.org/climb/765/serenity,Boulder problem,8B,8,,,25
Sierra Madre,https://climbing-history.org/climb/2206/sierra-madre,Boulder problem,8C,8,,,25
Slab and Crack,https://climbing-history.org/climb/622/slab-and-crack,Trad climb,E8,8,"The route had previously been climbed in two parts: the bottom half as One Step Beyond Direct by Ron Fawcett , and the top as Homeward Bound by Peter Beal . Johnny combined the two to complete the natural line up the middle of the wall.",,25
Speed Intégrale,https://climbing-history.org/climb/49/speed-intégrale,Sport route,9a,8,,,25
Statement of Youth,https://climbing-history.org/climb/362/statement-of-youth,Sport route,8a,8,One of the first 8as in the UK. The name is a play on the book Testament of Youth and the fact Ben Moon was a mere 18 years old when he made the first ascent.,,26
Steinbukken,https://climbing-history.org/climb/4667/steinbukken,Boulder problem,8A+,8,,,26
Stoking the Fire,https://climbing-history.org/climb/502/stoking-the-fire,Sport route,9b,8,,,26
Stolen,https://climbing-history.org/climb/312/stolen,Sport route,8b,8,Currently (2023) the hardest first ascent by a woman in the UK after Karin Magog made the first ascent in 2006.,,26
Syncro,https://climbing-history.org/climb/7863/syncro,Sport route,8c+,8,,,26
Taylor Made,https://climbing-history.org/climb/273/taylor-made,Boulder problem,7C,8,,,26
The Fly,https://climbing-history.org/climb/54/the-fly,Sport route,9a,8,A very short route or a highball boulder with a bit of a funky landing. When climbed as a route both the bolts on the route are usually pre-clipped.,,26
The Naked Edge,https://climbing-history.org/climb/1686/the-naked-edge,Trad climb,E4,8,,,26
The Power of Goodbye,https://climbing-history.org/climb/3073/the-power-of-goodbye,Boulder problem,8B,8,,,26
The Power of One,https://climbing-history.org/climb/3598/the-power-of-one,Boulder problem,8B,8,,,26
The Rising Son,https://climbing-history.org/climb/2463/the-rising-son,Trad climb,E8,8,,,26
The Troll Hammer,https://climbing-history.org/climb/87/the-troll-hammer,Sport route,8c,8,,,26
The Watchtower (assis),https://climbing-history.org/climb/6255/the-watchtower-(assis),Boulder problem,8B,8,,,26
The Young,https://climbing-history.org/climb/2618/the-young,Boulder problem,7C+,8,Dan Varian :,,26
Traffic,https://climbing-history.org/climb/1095/traffic,Boulder problem,8C,8,,,26
Twenty Four Karats,https://climbing-history.org/climb/4653/twenty-four-karats,Sport route,8c+,8,,,26
Ulysses' Bow,https://climbing-history.org/climb/881/ulysses-bow,Trad climb,E6,8,,,26
Verden på lørdag,https://climbing-history.org/climb/3591/verden-på-lørdag,Boulder problem,8B,8,,,26
Walk the Line,https://climbing-history.org/climb/6212/walk-the-line,Trad climb,E8,8,,,26
Wallstreet,https://climbing-history.org/climb/518/wallstreet,Sport route,8c,8,Equipped by Ernst Hunsicker in 1987 and one of the first routes graded 8c when Wolfgang Güllich made the first ascent in the same year.,,26
Warpath,https://climbing-history.org/climb/150/warpath,Boulder problem,8B+,8,,,27
White Lines,https://climbing-history.org/climb/5732/white-lines,Trad climb,E7,8,,,27
Yma O Hyd,https://climbing-history.org/climb/3865/yma-o-hyd,Trad climb,E10,8,,,27
American Hustle,https://climbing-history.org/climb/1574/american-hustle,Sport route,8c,7,,,27
A Muerte,https://climbing-history.org/climb/56/a-muerte,Sport route,8c+,7,Some say 8c+/9a.,,27
Arzak,https://climbing-history.org/climb/108/arzak,Boulder problem,8C,7,,,27
Bachar-Yerian,https://climbing-history.org/climb/1687/bachar-yerian,Trad climb,E6,7,,,27
Bad Girl's Club,https://climbing-history.org/climb/48/bad-girls-club,Sport route,8c+,7,,,27
Bélial,https://climbing-history.org/climb/1501/bélial,Boulder problem,8C,7,Finish without the rib.,,27
Bélial (Droite),https://climbing-history.org/climb/3042/bélial-(droite),Boulder problem,8B,7,As for Bélial but finishing right with the rib.,,27
Bellavista,https://climbing-history.org/climb/1533/bellavista,Trad climb,E9,7,"Bellavista pushed multi-pitch climbing in the Dolomites to new levels of difficulty via some wildly overhanging territory. The route tackles the enormous roofs of Cime Ovest overhanging some 60m over its 283m length. Lead protection comes primarily from pegs and some trad gear. Alexander Huber spent 5 weeks working the route prior to making the first ascent, describing it as “by far the wildest route on an alpine face”. [2]",,27
Bibliographie,https://climbing-history.org/climb/466/bibliographie,Sport route,9b+,7,First bolted by Ethan Pringle who quickly abandoned it as too hard for him. It took Alex Megos a lot of effort over multiple years to finally make the first ascent. Initially proposed at 9c it later settled at 9b+ after a relatively quick repeat by Stefano Ghisolfi .,,27
Big Golden,https://climbing-history.org/climb/3332/big-golden,Boulder problem,7C+,7,"A 1988 test piece, the line and method is quite strict, with many an aspirant taking the tick, then finding they have actually done the easier variant Fucking Golden .",,27
Black Eagle (assis),https://climbing-history.org/climb/1143/black-eagle-(assis),Boulder problem,8B+,7,,,27
Bombardino,https://climbing-history.org/climb/1866/bombardino,Sport route,9a+,7,,,27
Bone Tomahawk,https://climbing-history.org/climb/2104/bone-tomahawk,Sport route,9a+,7,,,27
Bonsai,https://climbing-history.org/climb/4553/bonsai,Boulder problem,8A+,7,,,27
Brain Rot,https://climbing-history.org/climb/5187/brain-rot,Boulder problem,8C,7,,,27
Bulbhaul,https://climbing-history.org/climb/2737/bulbhaul,Boulder problem,8B,7,,,27
Captain Nemo,https://climbing-history.org/climb/3031/captain-nemo,Boulder problem,8C,7,Named after a large fish-shaped feature in the middle of the problem.,,27
Cosi Fan Tutte,https://climbing-history.org/climb/1605/cosi-fan-tutte,Sport route,8c+,7,,,28
Crown of Aragorn,https://climbing-history.org/climb/747/crown-of-aragorn,Boulder problem,8B,7,,,28
Dark Side of the Compass,https://climbing-history.org/climb/3465/dark-side-of-the-compass,Boulder problem,8B+,7,,,28
Darwin Dixit,https://climbing-history.org/climb/555/darwin-dixit,Sport route,8b+,7,"The route has suffered various breaks. It started off at 8c, then was around 8b+ when Dave Macleod made his solo ascent in 2008 but had gone back up to 8c by the time Jorge Díaz-Rullo made his solo ascent in 2021.",,28
Deep Fake,https://climbing-history.org/climb/4374/deep-fake,Boulder problem,8C+,7,,,28
Domestic Cat,https://climbing-history.org/climb/4383/domestic-cat,Boulder problem,8B+,7,,,28
Dynamitten,https://climbing-history.org/climb/4594/dynamitten,Boulder problem,8B,7,,,28
Edge of Darkness,https://climbing-history.org/climb/7889/edge-of-darkness,Boulder problem,8B,7,,,28
Ego Land,https://climbing-history.org/climb/3833/ego-land,Sport route,8c,7,,,28
El Niño,https://climbing-history.org/climb/2315/el-niño,Trad climb,E8,7,"The third route to be free climbed on El Capitan , after Salathé Wall and The Nose .",,28
Entropia,https://climbing-history.org/climb/3085/entropia,Boulder problem,8C,7,The first 8C in Spain.,,28
Fight Club,https://climbing-history.org/climb/2451/fight-club,Boulder problem,8B+,7,,,28
Flake Route,https://climbing-history.org/climb/8349/flake-route,Trad climb,VD,7,,,28
Fly,https://climbing-history.org/climb/8277/fly,Sport route,8c,7,,,28
Flykræsj,https://climbing-history.org/climb/7594/flykræsj,Sport route,8c,7,,,28
General Disarray,https://climbing-history.org/climb/192/general-disarray,Boulder problem,8B,7,,,28
Hasta la Vista,https://climbing-history.org/climb/1517/hasta-la-vista,Sport route,8c,7,[1] https://touchstoneclimbing.com/hasta-la-vista-with-ethan-pringle/,,28
Hazel Grace Low,https://climbing-history.org/climb/1307/hazel-grace-low,Boulder problem,8C,7,Originally a project of Dave Graham's from 2004. Dave gave up on the project before Giuliano Cameroni established first the stand and then the sit. Dave then returned to climb both the stand and the sit.,,28
Heart Route,https://climbing-history.org/climb/5410/heart-route,Trad climb,E8,7,"5.13c or 5.13b, V10.",,28
Hydrangea (Pre 2016 Break),https://climbing-history.org/climb/2205/hydrangea-(pre-2016-break),Boulder problem,8C,7,,,28
In Search of Time Lost,https://climbing-history.org/climb/3365/in-search-of-time-lost,Boulder problem,8C,7,,,29
Janus,https://climbing-history.org/climb/642/janus,Trad climb,E7,7,,,29
Kingda Ka,https://climbing-history.org/climb/2651/kingda-ka,Boulder problem,8B,7,,,29
King Slayer,https://climbing-history.org/climb/3594/king-slayer,Boulder problem,8B,7,,,29
La Pequeña Mowgli,https://climbing-history.org/climb/1826/la-pequeña-mowgli,Sport route,8c,7,,,29
La Reina Mora,https://climbing-history.org/climb/1795/la-reina-mora,Sport route,9a,7,,,29
La Révolutionnaire,https://climbing-history.org/climb/1547/la-révolutionnaire,Boulder problem,8C+,7,,,29
La Toupie Carnivore (assis),https://climbing-history.org/climb/5252/la-toupie-carnivore-(assis),Boulder problem,8B+,7,,,29
L'Espiadimonis,https://climbing-history.org/climb/2320/lespiadimonis,Sport route,8c,7,,,29
Le Super Plafond,https://climbing-history.org/climb/776/le-super-plafond,Sport route,8c+,7,A link of Maginot Line and Terminator .,,29
Lethal Design,https://climbing-history.org/climb/2858/lethal-design,Boulder problem,8A+,7,,,29
Lou Ferrino,https://climbing-history.org/climb/262/lou-ferrino,Boulder problem,7C+,7,,,29
Lurking Fear,https://climbing-history.org/climb/7305/lurking-fear,Aid Climb,A2+,7,Named after the H P Lovecraft short story.,,29
Madiba,https://climbing-history.org/climb/3610/madiba,Boulder problem,8B,7,,,29
Magic Mushroom,https://climbing-history.org/climb/1126/magic-mushroom,Trad climb,E10,7,12 of the pitches are 7c+/5.13 or harder including two 8b+/5.14a. Due to its sustained nature it may be the second-hardest free wall on El Capitan (2025).,,29
Mandoragora,https://climbing-history.org/climb/7377/mandoragora,Boulder problem,8C,7,,,29
Master's Wall,https://climbing-history.org/climb/713/masters-wall,Trad climb,E7,7,Jerry Moffatt 's solution to the Last Great Problem on Clogwyn Du'r Arddu 's Great Wall. It has been the scene of some the most stomach-turning epics in British climbing.,,29
Mechanical Bull,https://climbing-history.org/climb/1813/mechanical-bull,Trad climb,E9,7,,,29
Memento,https://climbing-history.org/climb/2231/memento,Boulder problem,8B+,7,Originally graded as a tentative 8C+ before settling at 8B+.,,29
Min Din,https://climbing-history.org/climb/4556/min-din,Boulder problem,8B,7,,,29
Moonlight Buttress,https://climbing-history.org/climb/2288/moonlight-buttress,Trad climb,E6,7,"Originally graded 5.13b, the route is currently 5.12b; the route continues to be a popular aid route, which has enlarged cracks and holds in the soft sandstone.",,30
Moonstruck,https://climbing-history.org/climb/3937/moonstruck,Boulder problem,8B,7,,,30
Mortal Immortal,https://climbing-history.org/climb/132/mortal-immortal,Boulder problem,8B+,7,,,30
New Dimensions,https://climbing-history.org/climb/5429/new-dimensions,Trad climb,E4,7,The first 5.11 in Yosemite.,,30
No Pain No Gain,https://climbing-history.org/climb/2153/no-pain-no-gain,Sport route,9a+,7,,,30
Nuclear Base,https://climbing-history.org/climb/3898/nuclear-base,Boulder problem,8B+,7,,,30
Olwen,https://climbing-history.org/climb/2504/olwen,Trad climb,E9,7,In Welsh mythology Olwen is the goddess of the sun.,,30
On the Books,https://climbing-history.org/climb/4733/on-the-books,Boulder problem,8B+,7,,,30
Overnite Sensation,https://climbing-history.org/climb/320/overnite-sensation,Sport route,8a+,7,,,30
Pachamama,https://climbing-history.org/climb/1717/pachamama,Sport route,9a+,7,,,30
Pool of Bethesda (Malc's Start),https://climbing-history.org/climb/794/pool-of-bethesda-(malcs-start),Boulder problem,8B,7,The first 8B in Wales.,,30
Pornographie,https://climbing-history.org/climb/2012/pornographie,Sport route,9a,7,,,30
Poseidon's Kiss,https://climbing-history.org/climb/2243/poseidons-kiss,Deep water solo,8c,7,,,30
Powerplant,https://climbing-history.org/climb/347/powerplant,Sport route,8a,7,,,30
Pump Fiction,https://climbing-history.org/climb/7033/pump-fiction,Sport route,8b+,7,"One of the hardest at the time.
Norway",,30
Railway,https://climbing-history.org/climb/381/railway,Boulder problem,8C,7,,,30
Regular Northwest Face,https://climbing-history.org/climb/2895/regular-northwest-face,Trad climb,HVS,7,,,30
Reservoir Dogs,https://climbing-history.org/climb/2967/reservoir-dogs,Trad climb,E8,7,The route lost a 'crucial' pebble in the late '90s and didn't see further ascents until 2008.,,30
Scarface,https://climbing-history.org/climb/1608/scarface,Sport route,8b+,7,The first 14a/8b+ established by an American ( Scott Franklin ) in the US. There is debate about the grade with some suggesting 8b (or 13d).,,30
Seven,https://climbing-history.org/climb/2516/seven,Boulder problem,8B+,7,[1] https://gripped.com/news/lucas-uchida-makes-first-ascent-of-wild-squamish-v14/,,30
Shaolin,https://climbing-history.org/climb/4136/shaolin,Boulder problem,9A,7,"To the right of Trieste . 8B into two hard, low percentage moves.",,31
Sideshow,https://climbing-history.org/climb/170/sideshow,Boulder problem,8B,7,,,31
Simbas Pride,https://climbing-history.org/climb/1066/simbas-pride,Trad climb,E8,7,,,31
Southern Smoke,https://climbing-history.org/climb/1732/southern-smoke,Sport route,8c+,7,,,31
Southern Smoke Direct,https://climbing-history.org/climb/1197/southern-smoke-direct,Sport route,9a,7,,,31
Steck-Salathé,https://climbing-history.org/climb/5428/steck-salathé,Trad climb,E2,7,5.10b,,31
Street Fighter Sit,https://climbing-history.org/climb/5082/street-fighter-sit,Boulder problem,8B+,7,,,31
Superbloc,https://climbing-history.org/climb/592/superbloc,Boulder problem,8A+,7,"Originally given E8, the landing has since been substantially improved to make for a more approachable 8A+.",,31
Surgical Lust,https://climbing-history.org/climb/1016/surgical-lust,Trad climb,E7,7,,,31
Sword in the Stone,https://climbing-history.org/climb/4265/sword-in-the-stone,Boulder problem,8B+,7,,,31
Tainted Love,https://climbing-history.org/climb/2672/tainted-love,Trad climb,E8,7,,,31
Team Work,https://climbing-history.org/climb/231/team-work,Boulder problem,8A,7,,,31
Terremer,https://climbing-history.org/climb/1101/terremer,Boulder problem,8C,7,Terremer starts at Diaphanous Sea and does the first 2 moves then moves left to meet up with Terre de Sienne .,,31
The Dark Side,https://climbing-history.org/climb/4537/the-dark-side,Trad climb,E8,7,,,31
The Death Star,https://climbing-history.org/climb/8/the-death-star,Sport route,8c,7,,,31
The Direct Line,https://climbing-history.org/climb/6378/the-direct-line,Trad climb,E8,7,"...I don't have a preference. It's called The Direct Line, but it was known as the Platinum Wall before it was ever established, for the simple explanation that I was up there a long, long time. So, in the sense we don't get to choose our nicknames, mine being Platinum...",,31
The Elder Statesman,https://climbing-history.org/climb/1542/the-elder-statesman,Sport route,9a,7,,,31
The Mantra,https://climbing-history.org/climb/4262/the-mantra,Boulder problem,8B+,7,,,31
The Quarryman,https://climbing-history.org/climb/699/the-quarryman,Trad climb,E8,7,,,31
Three Degrees of Separation,https://climbing-history.org/climb/1849/three-degrees-of-separation,Sport route,9a+,7,,,31
Tomahawk,https://climbing-history.org/climb/575/tomahawk,Boulder problem,8B+,7,,,32
Transience,https://climbing-history.org/climb/3936/transience,Boulder problem,8B+,7,,,32
Trauma,https://climbing-history.org/climb/1819/trauma,Trad climb,E9,7,,,32
Trice,https://climbing-history.org/climb/1228/trice,Boulder problem,8A+,7,One of the hardest problems in the world at the time and a contender for the first 8A+.,,32
Tron,https://climbing-history.org/climb/1155/tron,Boulder problem,8B+,7,,,32
Unfamiliar,https://climbing-history.org/climb/574/unfamiliar,Trad climb,E7,7,A Johnny Dawes project which he was trying ground up before Robin Barker applied his considerable talents to the problem. 7C highballing to some gear in the break and a still-tricky finish.,,32
Unison,https://climbing-history.org/climb/2428/unison,Boulder problem,8C,7,,,32
Unplugged,https://climbing-history.org/climb/4185/unplugged,Sport route,9a,7,"The second 9a in the Frankenjura, after Action Directe .",,32
Víctimas Pérez,https://climbing-history.org/climb/2015/víctimas-pérez,Sport route,9a,7,,,32
WADzilla,https://climbing-history.org/climb/190/wadzilla,Boulder problem,8B,7,,,32
When Life Gives You Lemons Low,https://climbing-history.org/climb/3921/when-life-gives-you-lemons-low,Boulder problem,8B+,7,,,32
White Zombie,https://climbing-history.org/climb/1313/white-zombie,Sport route,8c,7,,,32
Yokuto,https://climbing-history.org/climb/6402/yokuto,Boulder problem,8B+,7,,,32
Zodiac,https://climbing-history.org/climb/6568/zodiac,Trad climb,E9,7,The free version takes a different line for the first 5 pitches.,,32
Accelerator,https://climbing-history.org/climb/1324/accelerator,Sport route,8b+,6,,,32
Ace of Spades,https://climbing-history.org/climb/1843/ace-of-spades,Sport route,9a+,6,,,32
Agincourt,https://climbing-history.org/climb/460/agincourt,Sport route,8c,6,Ben Moon :,,32
Air Star,https://climbing-history.org/climb/4584/air-star,Boulder problem,8B,6,,,32
Ali Bomaye,https://climbing-history.org/climb/1191/ali-bomaye,Sport route,8c,6,,,32
Ali Hulk,https://climbing-history.org/climb/6658/ali-hulk,Sport route,9a,6,,,32
Antidote,https://climbing-history.org/climb/1913/antidote,Boulder problem,8B,6,,,33
Appointment with Death,https://climbing-history.org/climb/612/appointment-with-death,Trad climb,E9,6,,,33
Art Nouveau,https://climbing-history.org/climb/1710/art-nouveau,Trad climb,E6,6,Although given E6 it is now typically done above a pile of pads at a highball ~7A. The pad-less version is a scary prospect!,,33
Axinite,https://climbing-history.org/climb/5180/axinite,Boulder problem,8B+,6,,,33
Backside Blowout,https://climbing-history.org/climb/4211/backside-blowout,Boulder problem,8B+,6,,,33
Beginning,https://climbing-history.org/climb/5121/beginning,Sport route,9a+,6,,,33
Beyond,https://climbing-history.org/climb/2987/beyond,Sport route,9a+,6,,,33
Big Boss,https://climbing-history.org/climb/3331/big-boss,Boulder problem,7C,6,,,33
Big Nose,https://climbing-history.org/climb/3698/big-nose,Boulder problem,8C,6,Named after a big hold in the middle of the problem.,,33
Blood of a Young Wolf,https://climbing-history.org/climb/4505/blood-of-a-young-wolf,Boulder problem,8B+,6,,,33
Bobok,https://climbing-history.org/climb/6436/bobok,Trad climb,E5,6,An adventurous Pen Llŷn sandbag whose reputation far exceeds its modest grade.,,33
Bonderomantikk,https://climbing-history.org/climb/4529/bonderomantikk,Boulder problem,8B,6,One of the hardest boulders in Sogn.,,33
Bone Saw,https://climbing-history.org/climb/3893/bone-saw,Boulder problem,8B+,6,,,33
Bon Voyage,https://climbing-history.org/climb/2388/bon-voyage,Trad climb,E12,6,"Bon Voyage is an extremely hard trad route in Annot , France. It starts up Le Voyage before breaking left across poor pockets to an arete.",,33
Borsalino,https://climbing-history.org/climb/6400/borsalino,Boulder problem,8B+,6,,,33
Botanics,https://climbing-history.org/climb/3502/botanics,Sport route,8b,6,,,33
Box Therapy,https://climbing-history.org/climb/1097/box-therapy,Boulder problem,8C,6,"Initially 8C+ was suggested and the first few repeats seemed to agree with this. In 2023 Katie Lamb climbed the problem, which would have made her the first woman to climb 8C+, but subsequent ascentionists have suggested that 8C is more appropriate and Daniel Woods (who made the first ascent) has retrospectively adjusted his opinion to 8C.",,33
Breakaway,https://climbing-history.org/climb/3003/breakaway,Trad climb,"E6
                        (approx)",6,"Conveniently situated near the graveyard of the Morewenstow Church, Henna is the highest precipice on the Culm coast and the most frightening.  The only route up the main cliff might well be available when other crags hereabouts become too overcrowded. A huge boulder lies ominously beneath the central fault-line.  Terrordactyls, ice-screws, stakes and a strong belief in one’s immortality are the main requirements for an ascent. After pitch 2 retreat would be at best extremely difficult or at worst terminally easy. [1]",,33
Breaking the Wheel,https://climbing-history.org/climb/3889/breaking-the-wheel,Boulder problem,8B+,6,,,33
Brunhilde L2,https://climbing-history.org/climb/4606/brunhilde-l2,Sport route,8c,6,,,33
Butterfly Circus,https://climbing-history.org/climb/3406/butterfly-circus,Trad climb,E9,6,,,34
Carnage,https://climbing-history.org/climb/2711/carnage,Boulder problem,8B,6,,,34
Catharsis,https://climbing-history.org/climb/761/catharsis,Boulder problem,8B+,6,,,34
Caviar,https://climbing-history.org/climb/376/caviar,Sport route,8a+,6,,,34
Cemetery Gates,https://climbing-history.org/climb/1296/cemetery-gates,Trad climb,E1,6,the name spotted on the destination board of a bus in Chester as they returned home which fitted well with the tone of the adjacent routes Cenotaph Corner and Ivy Sepulchre.,,34
Century Crack,https://climbing-history.org/climb/662/century-crack,Trad climb,E10,6,"A 40m long off-width roof crack in the White Rim : an outrageous adventure into horizontal suffering, and the hardest off-width in the world at the time of the first ascent.",,34
Change,https://climbing-history.org/climb/469/change,Sport route,9b+,6,The first 9b+ in the world.,,34
Cherry Falls,https://climbing-history.org/climb/3030/cherry-falls,Boulder problem,8A+,6,,,34
Combination,https://climbing-history.org/climb/1938/combination,Boulder problem,8B,6,,,34
Comedy,https://climbing-history.org/climb/2965/comedy,Sport route,7c,6,,,34
Coronary Country,https://climbing-history.org/climb/3711/coronary-country,Trad climb,E7,6,"An easier variation has become popular, where you climb to a slightly higher spike on Fay .",,34
Countdown to Disaster,https://climbing-history.org/climb/569/countdown-to-disaster,Trad climb,E8,6,,,34
Coup de Grace,https://climbing-history.org/climb/1490/coup-de-grace,Sport route,9a,6,,,34
Crystal Ship,https://climbing-history.org/climb/1133/crystal-ship,Boulder problem,8C,6,,,34
Death Wish,https://climbing-history.org/climb/866/death-wish,Trad climb,E7,6,,,34
Des Kaisers neue Kleider,https://climbing-history.org/climb/1481/des-kaisers-neue-kleider,Sport route,8b+,6,,,34
Directa Cornualles,https://climbing-history.org/climb/1787/directa-cornualles,Sport route,8c,6,,,34
Divine Providence,https://climbing-history.org/climb/5778/divine-providence,Alpine,ED4,6,,,34
Don't Get Too Greedy,https://climbing-history.org/climb/3384/dont-get-too-greedy,Boulder problem,8B,6,,,34
Drift,https://climbing-history.org/climb/1891/drift,Boulder problem,8C,6,,,34
Dynamics of Change,https://climbing-history.org/climb/690/dynamics-of-change,Trad climb,E9,6,"A hard direct start to Braille Trail which lands you on the 'rest' with no gear, meaning the precarious upper slab is unprotected. The name is from a geography module Pete Whittaker was studying in school at the time he made the first ascent.",,35
Eagle Huntress,https://climbing-history.org/climb/1929/eagle-huntress,Boulder problem,8B,6,,,35
East Face Route,https://climbing-history.org/climb/2649/east-face-route,Trad climb,E1,6,,,35
Echalo,https://climbing-history.org/climb/1090/echalo,Boulder problem,8C,6,,,35
Echo Chamber,https://climbing-history.org/climb/3913/echo-chamber,Boulder problem,8B+,6,,,35
Edge Lane,https://climbing-history.org/climb/869/edge-lane,Trad climb,E5,6,,,35
El Elegido,https://climbing-history.org/climb/1768/el-elegido,Boulder problem,8B+,6,,,35
Equanimity,https://climbing-history.org/climb/2847/equanimity,Boulder problem,8C,6,,,35
Equinox,https://climbing-history.org/climb/5211/equinox,Trad climb,E6,6,,,35
Euro Roof Low,https://climbing-history.org/climb/1267/euro-roof-low,Boulder problem,8B,6,,,35
Evil Backwards,https://climbing-history.org/climb/2546/evil-backwards,Boulder problem,8B,6,,,35
Eye in the Sky,https://climbing-history.org/climb/3342/eye-in-the-sky,Boulder problem,8C,6,,,35
Face de Rat,https://climbing-history.org/climb/373/face-de-rat,Sport route,8a+,6,,,35
Fallingwater,https://climbing-history.org/climb/1217/fallingwater,Sport route,8c,6,Bolted in 2006 by Ally Smith and Freddy Mead they then tried the route in 2007 before abandoning it. Freddy then came back 16 years later and finished off the line!,,35
Femme Fatale,https://climbing-history.org/climb/2136/femme-fatale,Trad climb,E8,6,,,35
Fight or Flight,https://climbing-history.org/climb/486/fight-or-flight,Sport route,9b,6,,,35
Flex Luthor,https://climbing-history.org/climb/1325/flex-luthor,Sport route,9a+,6,,,35
Fortaleza,https://climbing-history.org/climb/6062/fortaleza,Boulder problem,8B+,6,,,35
Fotofobia SDS,https://climbing-history.org/climb/1210/fotofobia-sds,Boulder problem,8B+,6,,,35
Fourmis Rouge,https://climbing-history.org/climb/3330/fourmis-rouge,Boulder problem,7C,6,,,35
Fragile Steps,https://climbing-history.org/climb/211/fragile-steps,Boulder problem,8A+,6,,,36
From a Distance,https://climbing-history.org/climb/1415/from-a-distance,Trad climb,E7,6,,,36
G.B.H.,https://climbing-history.org/climb/318/g.b.h.,Sport route,8a+,6,,,36
Gioia,https://climbing-history.org/climb/550/gioia,Boulder problem,8C+,6,A contender for the first 8C+.,,36
Godzilla SDS,https://climbing-history.org/climb/191/godzilla-sds,Boulder problem,8B,6,,,36
Gogoan,https://climbing-history.org/climb/4567/gogoan,Boulder problem,8B,6,,,36
Graceland,https://climbing-history.org/climb/2389/graceland,Boulder problem,8B+,6,,,36
Harder Faster,https://climbing-history.org/climb/584/harder-faster,Trad climb,E9,6,"Harder Faster is the harder, scarier direct finish to Gaia .",,36
Hestehullet sitt,https://climbing-history.org/climb/4547/hestehullet-sitt,Boulder problem,8B,6,Stand start 8A+,,36
Hupolup Kempf,https://climbing-history.org/climb/2692/hupolup-kempf,Deep water solo,8a+,6,,,36
Hypnotized Minds,https://climbing-history.org/climb/580/hypnotized-minds,Boulder problem,8C+,6,A contender for the world's first 8C+ boulder.,,36
Indecent Exposure,https://climbing-history.org/climb/538/indecent-exposure,Sport route,7c,6,,,36
Inertia Reel Traverse,https://climbing-history.org/climb/3067/inertia-reel-traverse,Boulder problem,8A+,6,,,36
Iñi Ameriketan,https://climbing-history.org/climb/3849/iñi-ameriketan,Sport route,9a+,6,,,36
Jason's Roof,https://climbing-history.org/climb/3039/jasons-roof,Boulder problem,8A,6,,,36
Joe-Cita,https://climbing-history.org/climb/1709/joe-cita,Sport route,9a,6,A link up combining the lower part of Joe Blau with the upper part of La Marroncita .,,36
Joe Mama,https://climbing-history.org/climb/1489/joe-mama,Sport route,9a+,6,,,36
Jules Verne,https://climbing-history.org/climb/6155/jules-verne,Trad climb,E5,6,,,36
Jumpin' on a Beetle,https://climbing-history.org/climb/2318/jumpin-on-a-beetle,Trad climb,E6,6,The original line stepped left out of the gutter before making a couple of slab moves to the arete. An easier pop-to-the-top straight from the gutter was later discovered.,,36
Kakusei,https://climbing-history.org/climb/2425/kakusei,Boulder problem,8B+,6,"One of the hardest slab problems in the world. The impeccably smooth Fukano Slab (""impossible slab"") was one of the last great problems in Ogawayama bouldering, initially solved by Toshimichi Kusano 's Zutsu (8B), which starts centrally and traverses off left.",,36
Karma,https://climbing-history.org/climb/6738/karma,Trad climb,E9,6,,,37
Khoikhoi,https://climbing-history.org/climb/3715/khoikhoi,Boulder problem,8C,6,,,37
Kryptos,https://climbing-history.org/climb/2576/kryptos,Boulder problem,8C,6,,,37
La Capella,https://climbing-history.org/climb/42/la-capella,Sport route,9a+,6,,,37
La Mission,https://climbing-history.org/climb/1609/la-mission,Sport route,8b,6,,,37
L'Apparemment (bas),https://climbing-history.org/climb/712/lapparemment-(bas),Boulder problem,8B,6,,,37
La Rubia,https://climbing-history.org/climb/2200/la-rubia,Sport route,8c+,6,,,37
Le Bombé Bleu,https://climbing-history.org/climb/4932/le-bombé-bleu,Sport route,9b,6,"Le Bombé Bleu was a legendary project bolted by Marc Le Menestrel in 1991. In an era when chipping was prolific Marc wanted to keep the route unchipped, as a challenge for future generatons, and in return opened the project up for all to try. In 2026 Erwan Legrand , son of François Legrand , made the first ascent in a relatively quick 15 sessions.",,37
Le Dernier Atrocity,https://climbing-history.org/climb/184/le-dernier-atrocity,Boulder problem,8B,6,,,37
Le Miroir des Vanités,https://climbing-history.org/climb/4113/le-miroir-des-vanités,Boulder problem,8B,6,,,37
Le Pilier du Désert (assis),https://climbing-history.org/climb/1041/le-pilier-du-désert-(assis),Boulder problem,8C,6,Jonas Winter :,,37
Le Tajine,https://climbing-history.org/climb/3338/le-tajine,Boulder problem,8B,6,,,37
Lexicon,https://climbing-history.org/climb/1439/lexicon,Trad climb,E11,6,A counter line to Impact Day . About 8b+ with a very spicy runout.,,37
Livet är en fest (låg start),https://climbing-history.org/climb/7750/livet-är-en-fest-(låg-start),Boulder problem,8B,6,,,37
Livin' Large,https://climbing-history.org/climb/850/livin-large,Boulder problem,8C+,6,"One of the most iconic and compelling highballs in the world. Initially graded 8C, but now considered a contender for the world's first 8C+ boulder.",,37
Longhope Route,https://climbing-history.org/climb/2212/longhope-route,Trad climb,E7,6,"A superb effort, free climbing the majority of the Longhope Route (A2), tackled ground-up by John Arran and Dave Turnbull ], taking in some of the most adventurous climbing in the UK.",,37
Lord of the Rings,https://climbing-history.org/climb/2034/lord-of-the-rings,Sport route,8b,6,"Bolted by Kim Carrigan in 1982 this route was ahead of its time ( Kanal im Rücken , typically considered the first 8b in the world, was only climbed in 1984). Carrigan came tantalizingly close to making the first ascent but it had to wait for Stefan Glowcaz to finish it off .",,37
Lost in the Hood,https://climbing-history.org/climb/3932/lost-in-the-hood,Boulder problem,8B+,6,,,37
Loverboy,https://climbing-history.org/climb/8130/loverboy,Trad climb,E8,6,,,37
Manhattan Reine Cantonale,https://climbing-history.org/climb/6019/manhattan-reine-cantonale,Boulder problem,8B+,6,,,37
Martin Krpan,https://climbing-history.org/climb/2497/martin-krpan,Sport route,9a,6,,,38
Master Key,https://climbing-history.org/climb/380/master-key,Boulder problem,8B,6,,,38
Masterpiece,https://climbing-history.org/climb/1749/masterpiece,Boulder problem,8B,6,,,38
Mechanical Bull,https://climbing-history.org/climb/7756/mechanical-bull,Boulder problem,8B,6,,,38
Meltdown,https://climbing-history.org/climb/1424/meltdown,Trad climb,E11,6,A project of Ron Kauk's before he suffered an injury which stopped him trying the line. Beth Rodden then invested substantial time and energy in to the line before making the first ascent in 2008. The line then waited an incredible 10 years before receiving a second ascent from Carlo Traversi .,,38
Mercia Wall,https://climbing-history.org/climb/1530/mercia-wall,Trad climb,E8,6,,,38
Minnerisset,https://climbing-history.org/climb/7813/minnerisset,Trad climb,E8,6,Norwegian grade 9-. Named in memory of Robert Caspersen's brother who died while abseiling Presten .,,38
Mona Lisa Integral,https://climbing-history.org/climb/4362/mona-lisa-integral,Sport route,9a+,6,,,38
Monoblock,https://climbing-history.org/climb/1765/monoblock,Boulder problem,8A,6,"The peak of old school, vert micro crimping? One of the hardest problems in the UK when it was established and rarely repeated to this day.",,38
Montecore,https://climbing-history.org/climb/3058/montecore,Boulder problem,8C,6,,,38
Move,https://climbing-history.org/climb/474/move,Sport route,9b,6,Adam originally suggested 9b/+ but Sébastien Bouin suggested a rare upgrade after his ascent.,,38
Necronomicon,https://climbing-history.org/climb/2138/necronomicon,Trad climb,E9,6,8b/+ depending on how well you fit the thin hands section.,,38
NEM,https://climbing-history.org/climb/3007/nem,Boulder problem,8B+,6,,,38
Netsuke,https://climbing-history.org/climb/3554/netsuke,Boulder problem,8B,6,,,38
Never Never Land,https://climbing-history.org/climb/6082/never-never-land,Trad climb,E7,6,,,38
Never Say Never,https://climbing-history.org/climb/5448/never-say-never,Boulder problem,8B+,6,,,38
New World Order,https://climbing-history.org/climb/5554/new-world-order,Sport route,8c+,6,,,38
Nine Pinch Nails,https://climbing-history.org/climb/1910/nine-pinch-nails,Boulder problem,8B,6,,,38
Noia,https://climbing-history.org/climb/1516/noia,Sport route,8c+,6,The first 8c+ in Italy.,,38
Noise vs. Beauty,https://climbing-history.org/climb/1654/noise-vs.-beauty,Boulder problem,8B+,6,,,38
Omaha Beach,https://climbing-history.org/climb/2121/omaha-beach,Sport route,8b+,6,,,39
Open Your Mind Direct R1,https://climbing-history.org/climb/1196/open-your-mind-direct-r1,Sport route,9a,6,"Initially Ramón Julián Puigblanque climbed the full line, then at a later date an intermediate lower off was added that avoided the upper 8b+ section, as this is frequently wet.",,39
Ormen Lange,https://climbing-history.org/climb/3590/ormen-lange,Boulder problem,8B,6,,,39
Pamplemousse,https://climbing-history.org/climb/4140/pamplemousse,Boulder problem,7C+,6,Grade might have changed sightly with holds changing over time.,,39
Pan Aroma,https://climbing-history.org/climb/7470/pan-aroma,Sport route,8c,6,"Four new pitches 8b+, 8c, 6c, 6c linking Bellavista (E10)  with the Cassin Route (E5)",,39
Panthalassa,https://climbing-history.org/climb/4523/panthalassa,Boulder problem,8B,6,12 moves,,39
Patanics,https://climbing-history.org/climb/1260/patanics,Sport route,9a+,6,,,39
Pieces of Eight,https://climbing-history.org/climb/5189/pieces-of-eight,Trad climb,E8,6,,,39
Positron,https://climbing-history.org/climb/4119/positron,Trad climb,E5,6,,,39
Powerband,https://climbing-history.org/climb/274/powerband,Boulder problem,7C,6,"First climbed by Jerry Moffatt after a long layoff, during which he got into fast motorbikes. A powerband on a bike is the specific RPM range where an engine produces its maximum torque and power.",,39
Prisoners of the Sun,https://climbing-history.org/climb/1286/prisoners-of-the-sun,Trad climb,E9,6,,,39
Pump up the Stamina,https://climbing-history.org/climb/152/pump-up-the-stamina,Traverse,8c+,6,,,39
Quoi de Neuf,https://climbing-history.org/climb/1172/quoi-de-neuf,Boulder problem,8C,6,In early 2025 the large flake which makes up the start of the problem broke off. [1],,39
Ratstaman Vibrations,https://climbing-history.org/climb/1991/ratstaman-vibrations,Sport route,9b,6,Tried by Sébastien Bouin and Charles Albert before Alex Megos made the first ascent. Named because it's on the Face de Rat .,,39
ReBirth,https://climbing-history.org/climb/6736/rebirth,Boulder problem,8B,6,"Originally proposed as '4-dan or harder' (4-dan equates to 8A+/8B), this 6m-tall king line is listed as 5-dan 8B+ on Rocktopo and v13/14 in repeater's videos. Either way, likely to be one of the hardest crack boulders in the world.",,39
Reve de Faire,https://climbing-history.org/climb/3714/reve-de-faire,Boulder problem,8A+,6,,,39
Rock Fucks,https://climbing-history.org/climb/2830/rock-fucks,Sport route,8b+,6,Named for a dislike of RockFax.,,39
Roof of a Baby Buddha,https://climbing-history.org/climb/1454/roof-of-a-baby-buddha,Boulder problem,7C+,6,,,39
Rustam Direct,https://climbing-history.org/climb/3636/rustam-direct,Boulder problem,8B,6,,,39
Samson,https://climbing-history.org/climb/2088/samson,Boulder problem,8A,6,,,39
Sea of Dreams,https://climbing-history.org/climb/4205/sea-of-dreams,Aid Climb,A4+,6,,,40
Second Coming,https://climbing-history.org/climb/402/second-coming,Boulder problem,8B,6,,,40
Selecció Anal,https://climbing-history.org/climb/1951/selecció-anal,Sport route,9a+,6,,,40
Selvmordsblomster,https://climbing-history.org/climb/4544/selvmordsblomster,Boulder problem,8A+,6,"Trolldalen, Norway",,40
Separate Feehality,https://climbing-history.org/climb/4206/separate-feehality,Boulder problem,8A+,6,,,40
Serenata,https://climbing-history.org/climb/110/serenata,Boulder problem,8C,6,,,40
Serendipity,https://climbing-history.org/climb/139/serendipity,Boulder problem,8B+,6,,,40
Seventh Circle,https://climbing-history.org/climb/3786/seventh-circle,Boulder problem,8B+,6,,,40
Severed Arm,https://climbing-history.org/climb/2963/severed-arm,Boulder problem,8B+,6,,,40
Shadowfax,https://climbing-history.org/climb/1807/shadowfax,Boulder problem,8B,6,,,40
Shadow Walker,https://climbing-history.org/climb/3896/shadow-walker,Boulder problem,8B+,6,,,40
Somnolence,https://climbing-history.org/climb/2381/somnolence,Boulder problem,8B,6,[1] https://vimeo.com/292355899?fl=pl&fe=cm,,40
Sosa,https://climbing-history.org/climb/4334/sosa,Boulder problem,8C+,6,,,40
Soudain Seul,https://climbing-history.org/climb/849/soudain-seul,Boulder problem,9A,6,A long standing project that saw a lot of attention before finally succumbing to Simon Lorenzi after 25 days of work.,,40
South Face,https://climbing-history.org/climb/6660/south-face,Trad climb,E7,6,An estimated 5.13b including a hard-to-grade horizontal dyno for his free ascent.,,40
Space Cadet,https://climbing-history.org/climb/5178/space-cadet,Boulder problem,8B+,6,,,40
Springflo,https://climbing-history.org/climb/4554/springflo,Boulder problem,8B,6,,,40
Stevolution,https://climbing-history.org/climb/769/stevolution,Sport route,9a,6,Links Evolution in to the end of Kaa'bah .,,40
Superman,https://climbing-history.org/climb/76/superman,Sport route,8c+,6,,,40
Supreme Manliness,https://climbing-history.org/climb/5392/supreme-manliness,Trad climb,E7,6,,,40
T1 Full Equip,https://climbing-history.org/climb/14/t1-full-equip,Sport route,8c,6,,,41
Tabou Zizi,https://climbing-history.org/climb/1610/tabou-zizi,Sport route,8b,6,,,41
Talib,https://climbing-history.org/climb/4669/talib,Boulder problem,8A+,6,,,41
Terre de Sienne,https://climbing-history.org/climb/1707/terre-de-sienne,Boulder problem,8B,6,,,41
The Beast,https://climbing-history.org/climb/91/the-beast,Sport route,8c,6,Extension to The Brute .,,41
The Brute,https://climbing-history.org/climb/315/the-brute,Sport route,8b,6,,,41
The Bulge,https://climbing-history.org/climb/1298/the-bulge,Sport route,8a,6,"The original aid route was called The Bulge , but when Craig Smith made the first free ascent he renamed it Let Them Eat Jellybeans (because people were scratching around for lines at Malham Cove while he made the FA). However the original name stuck.",,41
The Cider Soak,https://climbing-history.org/climb/361/the-cider-soak,Sport route,8a,6,,,41
The Cleaver,https://climbing-history.org/climb/2955/the-cleaver,Trad climb,E8,6,,,41
The Complete Scream,https://climbing-history.org/climb/791/the-complete-scream,Trad climb,E8,6,,,41
The Cowboy Direct,https://climbing-history.org/climb/7415/the-cowboy-direct,Trad climb,"E8
                        (approx)",6,East Face of Nameless Tower. Initially given VII 5.13a.,,41
The Crackhouse,https://climbing-history.org/climb/5395/the-crackhouse,Traverse,7c+,6,,,41
The Cumbrian,https://climbing-history.org/climb/4912/the-cumbrian,Trad climb,E5,6,,,41
The Hatchling,https://climbing-history.org/climb/251/the-hatchling,Boulder problem,8A,6,In August 2024 the boulder tipped from it's precarious perch and cracked in half. [1],,41
The Hollow Man,https://climbing-history.org/climb/1004/the-hollow-man,Trad climb,E8,6,,,41
The Ice Knife,https://climbing-history.org/climb/847/the-ice-knife,Boulder problem,8B+,6,,,41
The Journey,https://climbing-history.org/climb/2118/the-journey,Sport route,9a+,6,,,41
The Origin,https://climbing-history.org/climb/216/the-origin,Boulder problem,8B+,6,,,41
The Power of the Dark Side,https://climbing-history.org/climb/959/the-power-of-the-dark-side,Trad climb,E7,6,,,41
The Queen Mother,https://climbing-history.org/climb/7774/the-queen-mother,Boulder problem,8B,6,,,41
The Saadhu,https://climbing-history.org/climb/3908/the-saadhu,Boulder problem,8B+,6,,,42
The Understanding,https://climbing-history.org/climb/3367/the-understanding,Boulder problem,8C,6,,,42
The Wheel of Chaos,https://climbing-history.org/climb/1677/the-wheel-of-chaos,Boulder problem,8B,6,,,42
The World is NOT Enough,https://climbing-history.org/climb/6902/the-world-is-not-enough,Boulder problem (indoor),8B+,6,"Opened as the first v14 on the TB2 Spray, and has since become one of the most widely repeated board v14s.",,42
Thriller,https://climbing-history.org/climb/986/thriller,Boulder problem,7C+,6,,,42
Tolerance,https://climbing-history.org/climb/2595/tolerance,Trad climb,E8,6,,,42
Trip Tik Tonik,https://climbing-history.org/climb/3312/trip-tik-tonik,Sport route,9a,6,,,42
Trofeo dell’Adriatico,https://climbing-history.org/climb/1798/trofeo-dell’adriatico,Sport route,9a+,6,,,42
Ty Pwmpty,https://climbing-history.org/climb/3619/ty-pwmpty,Trad climb,E9,6,[1] https://www.instagram.com/p/C9nrL6ZN_g8/,,42
UMA,https://climbing-history.org/climb/4134/uma,Boulder problem,8B+,6,,,42
Unbreakable,https://climbing-history.org/climb/7867/unbreakable,Boulder problem,8B,6,,,42
Variant,https://climbing-history.org/climb/3463/variant,Boulder problem,8C,6,,,42
Vodni Svet,https://climbing-history.org/climb/2238/vodni-svet,Sport route,9a,6,,,42
Voyager SDS,https://climbing-history.org/climb/124/voyager-sds,Boulder problem,8B+,6,,,42
Walk On By,https://climbing-history.org/climb/259/walk-on-by,Boulder problem,7C+,6,"So far under the radar it's almost antipodean, Walk On By was likely one of the hardest problems in the world when it was first climbed in 1980. The climb is located at Curbar Edge in the heart of the Peak District and features old-school crimping on tiny edges up a vertical quarried wall. In an instructive example of British grading, it was given E3 6c.",,42
Welcome to Tijuana,https://climbing-history.org/climb/1727/welcome-to-tijuana,Sport route,8c,6,,,42
Westie Face,https://climbing-history.org/climb/6678/westie-face,Trad climb,E7,6,,,42
Wet Lycra Nightmare,https://climbing-history.org/climb/2282/wet-lycra-nightmare,Sport route,8b,6,,,42
White Wedding,https://climbing-history.org/climb/1856/white-wedding,Sport route,8b+,6,,,42
WoGü,https://climbing-history.org/climb/1329/wogü,Sport route,8c,6,Named after Wolfgang Güllich .,,42
Yeah Man!,https://climbing-history.org/climb/2364/yeah-man!,Sport route,8b+,6,,,43
Yellow Edge,https://climbing-history.org/climb/2999/yellow-edge,Trad climb,E3,6,,,43
Za Staro Kolo In Majhnega Psa,https://climbing-history.org/climb/2447/za-staro-kolo-in-majhnega-psa,Sport route,8c+,6,One of the hardest routes in the world at the time alongside Hubble and Action Directe .,,43
Zerberus,https://climbing-history.org/climb/6554/zerberus,Boulder problem,8B,6,,,43
Zero,https://climbing-history.org/climb/1408/zero,Trad climb,E7,6,"Livesey's original line was slightly indirect, moving right and then back left at the top of the route at about E6. This was then (unintentionally!) straightened out by Andy Pollitt on his second ascent [1], [2].",,43
1up,https://climbing-history.org/climb/3992/1up,Boulder problem,8B,5,,,43
A Bigger Belly,https://climbing-history.org/climb/768/a-bigger-belly,Boulder problem,8B,5,,,43
Academia,https://climbing-history.org/climb/1452/academia,Trad climb,E8,5,,,43
Adjudicator Wall,https://climbing-history.org/climb/3927/adjudicator-wall,Trad climb,E3,5,,,43
Adrenochrome,https://climbing-history.org/climb/1274/adrenochrome,Deep water solo,8a,5,,,43
Always the Sun,https://climbing-history.org/climb/1412/always-the-sun,Trad climb,E7,5,,,43
Antediluvian,https://climbing-history.org/climb/161/antediluvian,Boulder problem,8B,5,,,43
Anti Panic,https://climbing-history.org/climb/4329/anti-panic,Boulder problem,8B+,5,,,43
Appointment with Fear,https://climbing-history.org/climb/1347/appointment-with-fear,Trad climb,E7,5,,,43
Archangel,https://climbing-history.org/climb/3126/archangel,Trad climb,E3,5,"Archangel is the quintessential gritstone arête: bold, insecure and utterly compelling.",,43
Autobahn,https://climbing-history.org/climb/3954/autobahn,Trad climb,E9,5,,,43
Bailout,https://climbing-history.org/climb/6360/bailout,Boulder problem,8B+,5,,,43
Beginner's Mind,https://climbing-history.org/climb/648/beginners-mind,Trad climb,E7,5,,,43
Benign Lives,https://climbing-history.org/climb/5798/benign-lives,Trad climb,E7,5,,,43
Big Kat,https://climbing-history.org/climb/1543/big-kat,Boulder problem,8B+,5,,,43
Birch Problem,https://climbing-history.org/climb/4367/birch-problem,Boulder problem,8B,5,,,44
Black Mamba,https://climbing-history.org/climb/2850/black-mamba,Trad climb,E9,5,,,44
Blomu R3,https://climbing-history.org/climb/63/blomu-r3,Sport route,8c+,5,,,44
Bloody Mary,https://climbing-history.org/climb/2990/bloody-mary,Boulder problem,8B+,5,,,44
Bokassa's Fridge,https://climbing-history.org/climb/1957/bokassas-fridge,Boulder problem,8C,5,,,44
Boot Boys,https://climbing-history.org/climb/323/boot-boys,Sport route,8a+,5,,,44
Bricktop,https://climbing-history.org/climb/1978/bricktop,Sport route,8b,5,The route gets it's name from a scene in the film Snatch where the character Brick Top gives a speech where he defines the word Nemesis .,,44
Bullet,https://climbing-history.org/climb/326/bullet,Sport route,8a+,5,,,44
Catatonica,https://climbing-history.org/climb/3255/catatonica,Boulder problem,8A,5,,,44
Chimaera,https://climbing-history.org/climb/767/chimaera,Sport route,8a+,5,"On the southern sandstone where the ethic is to top rope routes, due to the fragile nature of the rock.",,44
Chimpanzodrome,https://climbing-history.org/climb/1120/chimpanzodrome,Sport route,7c+,5,The first 7c+ in France.,,44
China Doll,https://climbing-history.org/climb/1423/china-doll,Trad climb,E9,5,"Bolted in the 1990s by Bob Horan, China Doll received its first gear-only ascent (including an extension) when Mike Patz free climbed the route, without clipping the bolts, on July 5, 2007. The route received a second gear-only ascent by Matt Segal on April 23, 2008.",,44
Chupacabra,https://climbing-history.org/climb/1637/chupacabra,Trad climb,E8,5,,,44
"Clippity Clop, Clippity Clop, Clippity Clop","https://climbing-history.org/climb/1052/clippity-clop,-clippity-clop,-clippity-clop",Trad climb,E7,5,,,44
Clockwork Orange,https://climbing-history.org/climb/2328/clockwork-orange,Boulder problem,7C,5,,,44
Cœur de Leon,https://climbing-history.org/climb/4633/cœur-de-leon,Boulder problem,8B,5,,,44
Cold Snap,https://climbing-history.org/climb/5254/cold-snap,Boulder problem,8B,5,,,44
Concepción,https://climbing-history.org/climb/2654/concepción,Trad climb,E8,5,Formerly a two pitch aid route called Acromaniac before Dean Potter linked the two pitches to produce the current free version.,,44
Cosmogram,https://climbing-history.org/climb/3486/cosmogram,Boulder problem,8B+,5,,,44
County Ethics,https://climbing-history.org/climb/749/county-ethics,Boulder problem,7C+,5,,,44
Crescendo,https://climbing-history.org/climb/1967/crescendo,Boulder problem,8B+,5,,,45
Crown Worthay,https://climbing-history.org/climb/820/crown-worthay,Boulder problem,8B,5,,,45
Dalliance,https://climbing-history.org/climb/1225/dalliance,Sport route,8b+,5,,,45
Daydream,https://climbing-history.org/climb/3328/daydream,Trad climb,E9,5,Probably the hardest crack climb in Japan.,,45
Death of Villains,https://climbing-history.org/climb/3242/death-of-villains,Sport route,9a+,5,,,45
Defcon 3,https://climbing-history.org/climb/1312/defcon-3,Sport route,8a,5,,,45
Délire Onrique,https://climbing-history.org/climb/5142/délire-onrique,Boulder problem,8A+,5,,,45
Derailed,https://climbing-history.org/climb/4627/derailed,Boulder problem,8B,5,,,45
Desperanza,https://climbing-history.org/climb/1794/desperanza,Boulder problem,8C,5,,,45
Diarrhea Mouth,https://climbing-history.org/climb/6220/diarrhea-mouth,Sport route,9a,5,,,45
Digital Crack,https://climbing-history.org/climb/5776/digital-crack,Sport route,8a,5,[1] https://www.ukclimbing.com/news/2022/01/digital_crack_-_now_and_then-72975,,45
Directa Jabalí,https://climbing-history.org/climb/2989/directa-jabalí,Sport route,8c,5,,,45
Direct North Buttress,https://climbing-history.org/climb/6201/direct-north-buttress,Trad climb,E3,5,"V 5.10b, although opinions on the technical grade vary.",,45
Divine Moments of Truth,https://climbing-history.org/climb/615/divine-moments-of-truth,Trad climb,E9,5,,,45
Dolby Surround,https://climbing-history.org/climb/7685/dolby-surround,Sport route,9a,5,,,45
Do You Know Where Your Children Are?,https://climbing-history.org/climb/3549/do-you-know-where-your-children-are,Trad climb,E8,5,,,45
Earle Struggs,https://climbing-history.org/climb/5398/earle-struggs,Trad climb,E7,5,Near Joshua Tree,,45
El Bon Combat,https://climbing-history.org/climb/564/el-bon-combat,Sport route,9b,5,"Chris Sharma , the first ascenionist:",,45
El Matador,https://climbing-history.org/climb/5274/el-matador,Boulder problem,8A,5,,,45
El Monstruo de las Regletas,https://climbing-history.org/climb/4762/el-monstruo-de-las-regletas,Boulder problem,8B,5,Primer 8b propuesto de España,,45
Elm Street,https://climbing-history.org/climb/903/elm-street,Boulder problem,7C+,5,Originally soloed at E7 and given E8 in the 2005 guide. Now more commonly climbed above a big stack of pads.,,46
Embrace Gravity,https://climbing-history.org/climb/3343/embrace-gravity,Boulder problem,8B+,5,,,46
End of Silence,https://climbing-history.org/climb/1480/end-of-silence,Sport route,8b+,5,,,46
En Forbundsfiende,https://climbing-history.org/climb/7061/en-forbundsfiende,Trad climb,E6,5,Norwegian grade 8-,,46
Eurothing,https://climbing-history.org/climb/5159/eurothing,Trad climb,E8,5,Originally climbed on bolts by Gary Gibson before Ian Vickers made the first trad ascent.,,46
Everything is Karate,https://climbing-history.org/climb/2821/everything-is-karate,Sport route,8c+,5,,,46
Evilution Direct,https://climbing-history.org/climb/2263/evilution-direct,Boulder problem,8A,5,"A more direct exit to Evilution (8A+), which moves left at the lip.",,46
Excalibur,https://climbing-history.org/climb/1280/excalibur,Deep water solo,8a,5,,,46
Fallen Angel,https://climbing-history.org/climb/1589/fallen-angel,Boulder problem,8C,5,,,46
Fata Morgana (départ bas),https://climbing-history.org/climb/7211/fata-morgana-(départ-bas),Boulder problem,8A+,5,,,46
Fatman,https://climbing-history.org/climb/792/fatman,Boulder problem,8A+,5,One of the first problems in Fontainebleau to be suggested at 8B alongside Enigma . In 2001 a disgruntled local destroyed the problem by knocking off holds with a hammer. [1] Prior to the vandalism Fred Nicole climbed a sitstart rating it 8B/+.,,46
Fatman (assis),https://climbing-history.org/climb/5569/fatman-(assis),Boulder problem,8B,5,"Originally graded 8B/8B+, making it perhaps the hardest climb in the forest at the time.",,46
"First Round, First Minute","https://climbing-history.org/climb/487/first-round,-first-minute",Sport route,9b,5,,,46
Flash Flood,https://climbing-history.org/climb/2248/flash-flood,Boulder problem,8B,5,,,46
Flat Mountain,https://climbing-history.org/climb/1357/flat-mountain,Sport route,9a,5,Asia's first 9a.,,46
Fool Me Once,https://climbing-history.org/climb/2358/fool-me-once,Boulder problem,8B+,5,,,46
Freaks of the Industry,https://climbing-history.org/climb/3791/freaks-of-the-industry,Boulder problem,8B,5,,,46
From Shallow Water to Riverbed,https://climbing-history.org/climb/654/from-shallow-water-to-riverbed,Boulder problem,8B+,5,,,46
Frowned Upon,https://climbing-history.org/climb/1734/frowned-upon,Trad climb,E8,5,,,46
Fuck the System,https://climbing-history.org/climb/1906/fuck-the-system,Boulder problem,8C+,5,Dave Graham in The Wizard | Film :,,46
Full on Action,https://climbing-history.org/climb/1956/full-on-action,Sport route,8b+,5,,,47
Fully Infatuated,https://climbing-history.org/climb/7357/fully-infatuated,Boulder problem,8B,5,,,47
Gargantua,https://climbing-history.org/climb/6734/gargantua,Boulder problem,8C,5,,,47
Gekirin,https://climbing-history.org/climb/6328/gekirin,Boulder problem,8C,5,,,47
Gekkou,https://climbing-history.org/climb/7143/gekkou,Boulder problem,8B,5,,,47
Gigantic,https://climbing-history.org/climb/889/gigantic,Trad climb,E8,5,,,47
Gourmandise,https://climbing-history.org/climb/2510/gourmandise,Boulder problem,8B,5,"Right of Fatman (8A+), start standing at the back of the roof with the first underclings on the right. Traverse along the lip of the roof and finish via the left arête.",,47
Hades,https://climbing-history.org/climb/4052/hades,Sport route,9a,5,,,47
Hasse-Brandler,https://climbing-history.org/climb/525/hasse-brandler,Trad climb,E5,5,,,47
Hello Kitty SDS,https://climbing-history.org/climb/3945/hello-kitty-sds,Boulder problem,8B+,5,,,47
Highlander,https://climbing-history.org/climb/1518/highlander,Boulder problem,8B+,5,,,47
Histoire Sans Fin,https://climbing-history.org/climb/5432/histoire-sans-fin,Sport route,8b+,5,,,47
Houdini Assis OG,https://climbing-history.org/climb/7766/houdini-assis-og,Boulder problem,8B,5,,,47
House of Shock,https://climbing-history.org/climb/4111/house-of-shock,Sport route,9a,5,,,47
Huecool,https://climbing-history.org/climb/710/huecool,Sport route,8b,5,,,47
Hunger,https://climbing-history.org/climb/53/hunger,Sport route,9a,5,,,47
Húsafell,https://climbing-history.org/climb/576/húsafell,Boulder problem,8B+,5,,,47
Imothep (du Sol),https://climbing-history.org/climb/2522/imothep-(du-sol),Boulder problem,8B+,5,,,47
Insanity of Grandeur,https://climbing-history.org/climb/1629/insanity-of-grandeur,Boulder problem,8B+,5,,,47
Inuit,https://climbing-history.org/climb/822/inuit,Sport route,8b+,5,,,47
I Shot the Sheriff,https://climbing-history.org/climb/3858/i-shot-the-sheriff,Boulder problem,8B,5,,,48
Ixeia,https://climbing-history.org/climb/811/ixeia,Sport route,8b,5,,,48
J1,https://climbing-history.org/climb/5870/j1,Boulder problem,8B,5,,,48
Jaws II,https://climbing-history.org/climb/2005/jaws-ii,Sport route,9a+,5,Originally a Dave Graham 8c called Jaws . Several key holds broke making the line significantly harder.,,48
Jerry's Roof,https://climbing-history.org/climb/385/jerrys-roof,Boulder problem,7C,5,,,48
"Juega, Juega","https://climbing-history.org/climb/4636/juega,-juega",Boulder problem,8B,5,,,48
Kawaschuwu,https://climbing-history.org/climb/4853/kawaschuwu,Sport route,8c+,5,,,48
King of Thieves,https://climbing-history.org/climb/456/king-of-thieves,Sport route,8c+,5,,,48
Kingslayer,https://climbing-history.org/climb/1513/kingslayer,Sport route,8c,5,,,48
Kuudou,https://climbing-history.org/climb/7044/kuudou,Boulder problem,8A+,5,,,48
La Fabela,https://climbing-history.org/climb/1729/la-fabela,Sport route,8c+,5,,,48
La Fuerza de la Gravedad,https://climbing-history.org/climb/2161/la-fuerza-de-la-gravedad,Trad climb,E9,5,,,48
La Ligne Claire,https://climbing-history.org/climb/923/la-ligne-claire,Sport route,8c+,5,,,48
La Novena Enmienda,https://climbing-history.org/climb/1316/la-novena-enmienda,Sport route,9a+,5,,,48
La Pierre Philosophale,https://climbing-history.org/climb/5562/la-pierre-philosophale,Boulder problem,8B,5,Listed as 8B+ (8B) in 2016 guide.,,48
Lazarus,https://climbing-history.org/climb/2003/lazarus,Boulder problem,8B,5,,,48
Le Carnage,https://climbing-history.org/climb/2518/le-carnage,Boulder problem,7B+,5,"The first 7B in Fontainebleau. Climbed in 1977, key holds were manufactured by Jérôme Jean-Charles , who believed that the possibilities for hard climbing on natural rock had been exhausted and the only way to progress would be to add holds to 'unclimbable' rock.",,48
Le Dernier Fléau,https://climbing-history.org/climb/2509/le-dernier-fléau,Boulder problem,8C,5,"Sit start as for Fatman (assis) , climb up through the roof, traversing right to join Gourmandise , and finish directly.",,48
Lee Majors,https://climbing-history.org/climb/5174/lee-majors,Sport route,8c+,5,,,48
Left Wall,https://climbing-history.org/climb/2068/left-wall,Trad climb,E2,5,,,48
Le Minimum,https://climbing-history.org/climb/974/le-minimum,Sport route,8b+,5,"Fourth 8b+ in the world, but an important foot hold for the crux move has broken. Before the break it was probably a solid 8b+, but for modern ascentionists it may be more 8c",,49
Leoline Extension,https://climbing-history.org/climb/4528/leoline-extension,Sport route,8c+,5,,,49
Le Sens de la Fête,https://climbing-history.org/climb/4702/le-sens-de-la-fête,Boulder problem,8B+,5,,,49
Le Spectre du Sur-Mutant,https://climbing-history.org/climb/1607/le-spectre-du-sur-mutant,Sport route,8b+,5,,,49
Le Toit de Ben,https://climbing-history.org/climb/3377/le-toit-de-ben,Trad climb,E7,5,[1] https://gripped.com/news/the-story-of-an-iconic-canadian-roof-crack/,,49
L'Extremacura,https://climbing-history.org/climb/3752/lextremacura,Sport route,8c,5,,,49
Liberator,https://climbing-history.org/climb/1320/liberator,Trad climb,E5,5,,,49
Linden,https://climbing-history.org/climb/863/linden,Trad climb,E6,5,,,49
L'Insoutenable Légèreté de L'Autre,https://climbing-history.org/climb/4863/linsoutenable-légèreté-de-lautre,Boulder problem,8B,5,,,49
Longhope Route Direct,https://climbing-history.org/climb/835/longhope-route-direct,Trad climb,E9,5,Initially climbed as an audacious multi-day aid ascent by Ed Drummond and Oliver Hill in 1970. John Arran and Dave Turnbull then free climbed a variation on the line which then became known as Longhope Route . Dave MacLeod then straightened out the free line to something closer to the original aid line by climbing a very hard pitch up a thin crack line that was originally aided.,,49
Loskot and Two Smoking Barrels,https://climbing-history.org/climb/1339/loskot-and-two-smoking-barrels,Deep water solo,8a+,5,,,49
Lost Arrow Chimney,https://climbing-history.org/climb/6196/lost-arrow-chimney,Trad climb,E3,5,5.10a,,49
Luftig kö till nålens öga,https://climbing-history.org/climb/3261/luftig-kö-till-nålens-öga,Boulder problem,8B+,5,,,49
Lurking Fear,https://climbing-history.org/climb/1841/lurking-fear,Trad climb,E9,5,[1] https://www.climbing.com/places/how-hard-can-slab-climbs-actually-get/,,49
Mandala Direct SDS,https://climbing-history.org/climb/6721/mandala-direct-sds,Boulder problem,8B+,5,,,49
Master of Stone,https://climbing-history.org/climb/429/master-of-stone,Boulder problem,8B,5,,,49
Meadowlark Lemon Stand,https://climbing-history.org/climb/3048/meadowlark-lemon-stand,Boulder problem,8A+,5,,,49
Megalopa,https://climbing-history.org/climb/70/megalopa,Sport route,8c+,5,Neil Dyer and Pete Robins battled it out for the first ascent with Robins eventually grabbing the FA.,,49
Megatron,https://climbing-history.org/climb/1147/megatron,Boulder problem,9A,5,"Previously tried by Daniel Woods before Shawn Raboutou made the first ascent. Also tried extensively by Drew Ruana who, at the time of writing, had put 75 sessions in to it.",,49
Mejorando Imagen,https://climbing-history.org/climb/1193/mejorando-imagen,Sport route,9a+,5,,,49
Memory is Parallax,https://climbing-history.org/climb/1750/memory-is-parallax,Boulder problem,8B+,5,,,50
Menopause,https://climbing-history.org/climb/1613/menopause,Trad climb,E5,5,,,50
MinerBuster,https://climbing-history.org/climb/6393/minerbuster,Boulder problem,8B+,5,,,50
Mini,https://climbing-history.org/climb/4616/mini,Boulder problem,8B,5,,,50
Monumentti,https://climbing-history.org/climb/7894/monumentti,Boulder problem,8B,5,,,50
Motorhead,https://climbing-history.org/climb/3670/motorhead,Boulder problem,8B+,5,"Tahoe, CA",,50
Mount Doom,https://climbing-history.org/climb/4855/mount-doom,Boulder problem,9A,5,,,50
Mr. Big,https://climbing-history.org/climb/1009/mr.-big,Sport route,9a,5,,,50
Mr. Hyde,https://climbing-history.org/climb/75/mr.-hyde,Sport route,8c+,5,,,50
Mutation,https://climbing-history.org/climb/392/mutation,Sport route,9a+,5,Originally given 9a but now considered 9a+. Chris Sharma :,,50
Nanuk,https://climbing-history.org/climb/1927/nanuk,Boulder problem,8B+,5,One of the earliest problems to get the 8B+ grade.,,50
Neanderthal,https://climbing-history.org/climb/496/neanderthal,Sport route,9b,5,,,50
Niobe,https://climbing-history.org/climb/6654/niobe,Sport route,8c+,5,Named after the Greek goddess of the same name.,,50
Nobody Is Perfect,https://climbing-history.org/climb/3745/nobody-is-perfect,Sport route,8c,5,,,50
No One Mourns the Wicked,https://climbing-history.org/climb/4158/no-one-mourns-the-wicked,Boulder problem,9A,5,The name comes from a song in the musical Wicked which also has a song called Defying Gravity .,,50
Nothing to Fear,https://climbing-history.org/climb/3691/nothing-to-fear,Trad climb,E8,5,,,50
Nowt Burra Flee'in Thing,https://climbing-history.org/climb/1669/nowt-burra-fleein-thing,Trad climb,E8,5,,,50
Ochimizu,https://climbing-history.org/climb/6499/ochimizu,Boulder problem,8C,5,5D in the Japanese bouldering grading system.,,50
Ödmjuk,https://climbing-history.org/climb/4643/ödmjuk,Boulder problem,8B,5,Sweden,,50
Ogle,https://climbing-history.org/climb/6702/ogle,Boulder problem,8B+,5,"Mt. Kasagi, Gifu, Japan",,50
Orochi,https://climbing-history.org/climb/4273/orochi,Boulder problem,8C,5,,,51
Outliers,https://climbing-history.org/climb/382/outliers,Boulder problem,"8B
                        (approx)",5,"There is some debate over this problem. Aidan Roberts first ascent used a brutal shoulder move and crimp in the roof. Will Bosi using a wobbly block in the roof, he also broke 3 feet in the lower section of the problem. Both gave the problem 8C.",,51
Overtime,https://climbing-history.org/climb/5056/overtime,Boulder problem,8B,5,,,51
Papa Oso,https://climbing-history.org/climb/7941/papa-oso,Boulder problem,8B+,5,,,51
Paper Mullat,https://climbing-history.org/climb/2729/paper-mullat,Sport route,8b+,5,,,51
Parthian Shot,https://climbing-history.org/climb/597/parthian-shot,Trad climb,E10,5,"A route with history. Originally climbed by John Dunne who thought the gear behind the flake wouldn't hold a fall. Seb Grieve eventually broke the spell 8 years after the first ascent by making the second ascent and taking some memorable falls in the process, with the route slowly gaining a reputation for being relatively safe. Seb's ascent was caught on film for Hard Grit with Niall Grimes memorably commenting",,51
Pati Noso,https://climbing-history.org/climb/3209/pati-noso,Sport route,8c+,5,,,51
Persian Dawn,https://climbing-history.org/climb/1192/persian-dawn,Sport route,8c+,5,A direct finish to Make it Funky at Raven Tor .,,51
Petrichor,https://climbing-history.org/climb/1416/petrichor,Boulder problem,8C,5,,,51
Phenomena,https://climbing-history.org/climb/2269/phenomena,Boulder problem,8B+,5,,,51
Phoenix From The Ashes,https://climbing-history.org/climb/7135/phoenix-from-the-ashes,Boulder problem,8B,5,,,51
Pinch 2,https://climbing-history.org/climb/1627/pinch-2,Boulder problem,8A+,5,'Classic' limestone eliminate bouldering.,,51
Pineapple Express Variation,https://climbing-history.org/climb/3853/pineapple-express-variation,Trad climb,E8,5,,,51
Pin y Pon,https://climbing-history.org/climb/3206/pin-y-pon,Boulder problem,8B,5,,,51
Playing With Sticks,https://climbing-history.org/climb/3147/playing-with-sticks,Boulder problem,8B,5,,,51
Pool of Bethesda,https://climbing-history.org/climb/2634/pool-of-bethesda,Boulder problem,8A+,5,"A Jerry Moffatt project, featuring one of the hardest moves around at the time, it succumbed to the mighty strength of Paul Higginson . Less powerful sequences now exist.",,51
Power Inverter,https://climbing-history.org/climb/1695/power-inverter,Sport route,9a+,5,,,51
Private World,https://climbing-history.org/climb/3002/private-world,Trad climb,E5,5,Mick Fowler . Shale. Need we say more?,,51
Psychogramm,https://climbing-history.org/climb/3830/psychogramm,Trad climb,E9,5,,,51
Punt'X,https://climbing-history.org/climb/2491/puntx,Sport route,9a+,5,Originally suggested at 9a it has since lost several holds and is now considered 9a+.,,51
Puro Dreaming,https://climbing-history.org/climb/6304/puro-dreaming,Sport route,8c+,5,,,52
Qui,https://climbing-history.org/climb/1194/qui,Sport route,9a+,5,Originally given 8c+ but later upgraded to 9a+. Some holds may have been lost.,,52
Ramadán,https://climbing-history.org/climb/307/ramadán,Sport route,8a+,5,,,52
Rasberry Dream,https://climbing-history.org/climb/7734/rasberry-dream,Trad climb,E5,5,,,52
Ravage,https://climbing-history.org/climb/7857/ravage,Sport route,8b+,5,[1] https://fanatic-climbing.com/il-etait-une-voie-once-upon-a-line-ravage/,,52
Remembrance of Things Past,https://climbing-history.org/climb/4132/remembrance-of-things-past,Boulder problem,8B+,5,,,52
Return of the Jedi,https://climbing-history.org/climb/1326/return-of-the-jedi,Trad climb,E8,5,,,52
Return of the King,https://climbing-history.org/climb/616/return-of-the-king,Trad climb,E9,5,,,52
Rêve du Papillon,https://climbing-history.org/climb/365/rêve-du-papillon,Sport route,8a,5,,,52
Rich Marcus,https://climbing-history.org/climb/7793/rich-marcus,Sport route,8c,5,,,52
Riot Act,https://climbing-history.org/climb/5027/riot-act,Boulder problem,8B+,5,,,52
Rite of Passage,https://climbing-history.org/climb/7137/rite-of-passage,Boulder problem,8A+,5,,,52
Ryuu No Mine,https://climbing-history.org/climb/7144/ryuu-no-mine,Boulder problem,8B,5,Secret location due to sensitive access.,,52
Sad Amongst Friends,https://climbing-history.org/climb/2973/sad-amongst-friends,Trad climb,E7,5,,,52
San Simian,https://climbing-history.org/climb/8169/san-simian,Deep water solo,8a,5,,,52
Sean's Roof,https://climbing-history.org/climb/2087/seans-roof,Boulder problem,8A+,5,"Originally climbed as a sport route at around 8b+, now typically climbed above pads.",,52
Serenade,https://climbing-history.org/climb/1745/serenade,Boulder problem,8B+,5,A variation finish to Serenity .,,52
Serpentine,https://climbing-history.org/climb/977/serpentine,Sport route,8a,5,,,52
Seventh Direction,https://climbing-history.org/climb/3682/seventh-direction,Sport route,8c,5,,,52
Shadowboxing,https://climbing-history.org/climb/1854/shadowboxing,Sport route,9a,5,,,52
Shakey Graves,https://climbing-history.org/climb/5382/shakey-graves,Boulder problem,8B,5,,,53
Shrike,https://climbing-history.org/climb/3154/shrike,Trad climb,E2,5,,,53
Sideways Daze,https://climbing-history.org/climb/1747/sideways-daze,Boulder problem,8B,5,"The starting hold has now fallen off, the problem is likely no longer possible.",,53
Sledgehammer,https://climbing-history.org/climb/4527/sledgehammer,Sport route,8c+,5,,,53
Sleeping Lion,https://climbing-history.org/climb/2449/sleeping-lion,Sport route,9b,5,,,53
Slopestyle sitt,https://climbing-history.org/climb/4571/slopestyle-sitt,Boulder problem,8B,5,,,53
Snap Decision,https://climbing-history.org/climb/1630/snap-decision,Trad climb,E7,5,"The route originally had a thin peg runner at the top of the groove, providing some protection for the crux reach around the overhang. By the early 2000s it was in a poor state and by 2008 it was gone, leaving ascentionists to run it out to top a long way above the single remaining peg (replaced around 2008).",,53
Something for Nothing,https://climbing-history.org/climb/447/something-for-nothing,Sport route,8c,5,,,53
Southern Drawl,https://climbing-history.org/climb/3049/southern-drawl,Boulder problem,8C,5,,,53
South Face Mount Watkins,https://climbing-history.org/climb/6349/south-face-mount-watkins,Aid Climb,"A3
                        (approx)",5,Mixed aid and free (5.9) on the first ascent,,53
Spanish Caravan,https://climbing-history.org/climb/3868/spanish-caravan,Sport route,8c,5,,,53
Spidey,https://climbing-history.org/climb/2581/spidey,Boulder problem,8B+,5,,,53
Spirit Quest,https://climbing-history.org/climb/3474/spirit-quest,Sport route,9a,5,,,53
Sputnik,https://climbing-history.org/climb/4057/sputnik,Boulder problem,8B,5,,,53
Squalo Bianco,https://climbing-history.org/climb/1827/squalo-bianco,Boulder problem,8B+,5,,,53
Stamina Boys,https://climbing-history.org/climb/802/stamina-boys,Traverse,8c+,5,,,53
Starstruck,https://climbing-history.org/climb/4219/starstruck,Boulder problem,8B+,5,,,53
Stil Vor Talent,https://climbing-history.org/climb/4976/stil-vor-talent,Boulder problem,8C,5,,,53
St. John's Head Original Route,https://climbing-history.org/climb/5025/st.-johns-head-original-route,Trad climb,E3,5,,,53
Stranger Than Fiction,https://climbing-history.org/climb/2839/stranger-than-fiction,Trad climb,E10,5,,,53
Street Fighter,https://climbing-history.org/climb/5412/street-fighter,Sport route,8c,5,The first 8c in Aouth Africa.,,54
Sunday Sport,https://climbing-history.org/climb/5657/sunday-sport,Trad climb,"E6
                        (approx)",5,HXS.,,54
Superstition,https://climbing-history.org/climb/764/superstition,Trad climb,E8,5,,,54
Super Tanker,https://climbing-history.org/climb/2150/super-tanker,Boulder problem,8B+,5,An 8Aish traverse into Atrésie (8A),,54
Sway On,https://climbing-history.org/climb/3358/sway-on,Boulder problem,8A,5,,,54
Takes a Village,https://climbing-history.org/climb/5552/takes-a-village,Boulder problem,8B,5,"Infamous ""Trout of the World"" project on Five Star.",,54
TCT,https://climbing-history.org/climb/593/tct,Sport route,9a,5,Named after the young Italian climber Tito Claudio Traversa who sadly died in a climbing accident.,,54
Tea with Elmarie,https://climbing-history.org/climb/227/tea-with-elmarie,Boulder problem,8A,5,,,54
The 39 Slaps,https://climbing-history.org/climb/6710/the-39-slaps,Trad climb,E7,5,,,54
The Angry Pirate Finish,https://climbing-history.org/climb/5391/the-angry-pirate-finish,Trad climb,E7,5,,,54
The Arete With the Pocket,https://climbing-history.org/climb/6321/the-arete-with-the-pocket,Boulder problem,8A,5,,,54
The Bad and the Beautiful,https://climbing-history.org/climb/993/the-bad-and-the-beautiful,Trad climb,E7,5,,,54
The Big Bang,https://climbing-history.org/climb/51/the-big-bang,Sport route,9a,5,Jerry Moffatt had some early attempts on the route but gave up on the line.,,54
The Buttermilker Sit,https://climbing-history.org/climb/3040/the-buttermilker-sit,Boulder problem,8B,5,Start down to left,,54
The Clown,https://climbing-history.org/climb/1021/the-clown,Trad climb,E7,5,,,54
The Dark Side,https://climbing-history.org/climb/2977/the-dark-side,Boulder problem,8C+,5,"Featuring some of the slopiest holds that have ever been stuck, The Dark Side climbs a subtle ramp feature left of the Camp 4 classic The Force (7C).",,54
The Dark Side,https://climbing-history.org/climb/748/the-dark-side,Trad climb,E9,5,,,54
The Escapist,https://climbing-history.org/climb/3600/the-escapist,Boulder problem,8B,5,,,54
The Fish-Eye Effect,https://climbing-history.org/climb/4689/the-fish-eye-effect,Boulder problem,8B,5,,,54
The Full Journey,https://climbing-history.org/climb/2117/the-full-journey,Sport route,9b,5,,,54
The Great Escape,https://climbing-history.org/climb/5604/the-great-escape,Trad climb,E8,5,The route takes the sole weakness in one of the UK's largest sweeps of granite.,,55
The Great Escape,https://climbing-history.org/climb/800/the-great-escape,Sport route,8b+,5,Alternative finish to Cry Freedom .,,55
The Hunkster's Roof,https://climbing-history.org/climb/5251/the-hunksters-roof,Boulder problem,8B+,5,,,55
The Jackals,https://climbing-history.org/climb/5212/the-jackals,Trad climb,E8,5,,,55
The Lion's Share,https://climbing-history.org/climb/2477/the-lions-share,Boulder problem,8C,5,Adam Ondra :,,55
The Medium,https://climbing-history.org/climb/1188/the-medium,Sport route,8a,5,,,55
The Meltdown,https://climbing-history.org/climb/52/the-meltdown,Sport route,9a,5,"One of the hardest slab routes around (unless you think it’s more of a vertical wall…), featuring some truly unique movement. Bolted and named by Johnny Dawes in 1985, he came close to success before breaking a hold, his best link perhaps being 8c. James McHaffie made the first ascent in 2012.",,55
The Moon,https://climbing-history.org/climb/4918/the-moon,Trad climb,E3,5,There is some confuision around whether Alex Sharpe and Brian Hall or John Allen and Steve Bancroft made the first free ascent in 1974.,,55
The Price of Evil,https://climbing-history.org/climb/2684/the-price-of-evil,Trad climb,E8,5,,,55
The Process,https://climbing-history.org/climb/1151/the-process,Boulder problem,8C+,5,Adds an 8B on top of Blood Meridian before a spicy 7C+ sequence at ~20ft to gain the slab.,,55
The Prow,https://climbing-history.org/climb/1786/the-prow,Boulder problem,8A,5,"There is some variation in the line taken by each of the ascenionists so far. Andy Earl climbed a line very close to the arete, Dan Varian and Will Bosi ended up slightly more on the right face at the top and Franco Cookson moved on to the right hand face earlier still, avoiding a couple of moves up the prow [1]. Franco amusingly named his variation Varian the Librarian .",,55
The Prow,https://climbing-history.org/climb/1504/the-prow,Boulder problem,7C,5,,,55
The Regular North Face,https://climbing-history.org/climb/1268/the-regular-north-face,Trad climb,E4,5,,,55
The Saifa,https://climbing-history.org/climb/6203/the-saifa,Boulder problem,8B+,5,,,55
The Shaft,https://climbing-history.org/climb/6381/the-shaft,Trad climb,E8,5,Free version of Muir Wall with some variations in line including final pitches of The Shield.,,55
The Shining,https://climbing-history.org/climb/2261/the-shining,Boulder problem,8B,5,,,55
The Thimble,https://climbing-history.org/climb/976/the-thimble,Trad climb,"E6
                        (approx)",5,"A pioneering 'very high highball' with V5 climbing, done ground-up in 1961 by John Gill . It is alternatively considered as a route which probably makes it the first 5.12 in the USA. The car park fence originally extended into the landing zone but has since been removed. The climb is now usually attempted above a large stack of pads.",,55
The Thrilla in Manilla,https://climbing-history.org/climb/3089/the-thrilla-in-manilla,Boulder problem,8B,5,,,55
The Thumb,https://climbing-history.org/climb/2629/the-thumb,Sport route,8a,5,,,55
The Very Big and the Very Small,https://climbing-history.org/climb/797/the-very-big-and-the-very-small,Sport route,8b+,5,"A slab masterpiece, first climbed by Johnny Dawes in 1990 and still one of the hardest true slab routes around.",,55
The Waterman,https://climbing-history.org/climb/202/the-waterman,Boulder problem,8B,5,,,56
Tierra Negra,https://climbing-history.org/climb/2806/tierra-negra,Sport route,9a,5,,,56
Tiger Style,https://climbing-history.org/climb/6122/tiger-style,Boulder problem,8B,5,,,56
Top Loader,https://climbing-history.org/climb/945/top-loader,Trad climb,E7,5,,,56
Top Notch,https://climbing-history.org/climb/7929/top-notch,Boulder problem,8B,5,,,56
To Your Scattered Bodies Go,https://climbing-history.org/climb/5286/to-your-scattered-bodies-go,Boulder problem,8B+,5,,,56
Trainspotting,https://climbing-history.org/climb/7752/trainspotting,Boulder problem,8B+,5,,,56
Transform,https://climbing-history.org/climb/450/transform,Sport route,8c,5,,,56
Trench Warfare,https://climbing-history.org/climb/3260/trench-warfare,Trad climb,E7,5,"A monster off-width roof crack. A bit of a strange one in that after 60’ of roof wrestling across a cavern you can just step off, as first ascensionist Jonny Woodward did.",,56
Trip Hop,https://climbing-history.org/climb/6661/trip-hop,Boulder problem,8C,5,,,56
Tristesse,https://climbing-history.org/climb/3333/tristesse,Boulder problem,7C,5,,,56
Trollkjerringruta,https://climbing-history.org/climb/7720/trollkjerringruta,Trad climb,E4,5,,,56
Tuppence,https://climbing-history.org/climb/1173/tuppence,Sport route,8b,5,,,56
Ubik,https://climbing-history.org/climb/3339/ubik,Boulder problem,8A,5,"For a many years a campus power testpiece at 8A+, a toehook was discovered in the early 2020s, reducing the difficulty.",,56
Ultimate Sacrifice,https://climbing-history.org/climb/697/ultimate-sacrifice,Sport route,8c+,5,,,56
Under the Greenwood Tree,https://climbing-history.org/climb/4823/under-the-greenwood-tree,Boulder problem,7C,5,,,56
Une Jeune Fille Quatre Vingt Dix Ans,https://climbing-history.org/climb/1178/une-jeune-fille-quatre-vingt-dix-ans,Trad climb,E8,5,,,56
Up In Smoke,https://climbing-history.org/climb/3103/up-in-smoke,Boulder problem,8B+,5,,,56
Valhalla,https://climbing-history.org/climb/3994/valhalla,Sport route,9a,5,,,56
Vennerne,https://climbing-history.org/climb/357/vennerne,Sport route,8a,5,Originally given 7c+ but widely considered to be 8a.,,56
Walk Away,https://climbing-history.org/climb/221/walk-away,Boulder problem,8B,5,,,57
Walker Spur,https://climbing-history.org/climb/2646/walker-spur,Alpine,ED1,5,,,57
Wall of Horrors,https://climbing-history.org/climb/1756/wall-of-horrors,Trad climb,E3,5,,,57
Watching the Ocean,https://climbing-history.org/climb/2280/watching-the-ocean,Trad climb,E6,5,,,57
Way Out West,https://climbing-history.org/climb/3524/way-out-west,Trad climb,E8,5,,,57
Wedgie Wall,https://climbing-history.org/climb/999/wedgie-wall,Boulder problem,8B,5,,,57
Weeding the Lip,https://climbing-history.org/climb/218/weeding-the-lip,Boulder problem,8B+,5,Links Weedkiller Traverse in to Fat Lip .,,57
Wolverine,https://climbing-history.org/climb/4530/wolverine,Boulder problem,8B+,5,,,57
Wonderwall,https://climbing-history.org/climb/1353/wonderwall,Sport route,8c,5,"After the first ascent a hold fell off in the mid-section. It was glued back on but then came back off again, at which point a suitor took the hold home and kept it in his change jar ready to re-glue. Unfortunately he lost interest in the route and the edge remained in the jar for several years until our unlucky suitor was burgled and the thieves took the jar, complete with edge.",,57
Working Class Sit Start,https://climbing-history.org/climb/4328/working-class-sit-start,Boulder problem,8B,5,,,57
Zazen,https://climbing-history.org/climb/3551/zazen,Boulder problem,8C,5,,,57
Ziqqurat,https://climbing-history.org/climb/3086/ziqqurat,Boulder problem,8C,5,,,57
Zoo York,https://climbing-history.org/climb/750/zoo-york,Boulder problem,8A,5,,,57
Zunami,https://climbing-history.org/climb/1928/zunami,Boulder problem,8C,5,,,57
A Bad Skin Day,https://climbing-history.org/climb/4712/a-bad-skin-day,Trad climb,E7,4,,,57
Absolutely Fabulous,https://climbing-history.org/climb/5917/absolutely-fabulous,Trad climb,E6,4,"E6 6b/c, 1a, 5a. The free climb of London monument Nelson's Column . Pitch 3 climbs the column itself, an endurance pinch-fest said to be the crux.",,57
Abstraksjon,https://climbing-history.org/climb/4562/abstraksjon,Boulder problem,8A+,4,,,57
Admission,https://climbing-history.org/climb/5634/admission,Sport route,7c+,4,Originally a hybrid trad route. Retro-bolted in 1998.,,57
Affinità Elettive,https://climbing-history.org/climb/7876/affinità-elettive,Sport route,9a+,4,,,57
A Fist Full of Crystals,https://climbing-history.org/climb/1704/a-fist-full-of-crystals,Trad climb,E6,4,Named after a comment by Johnny Woodward after a top rope ascent:,,57
Against the Current,https://climbing-history.org/climb/1401/against-the-current,Traverse,8c,4,,,58
Agnes Buen,https://climbing-history.org/climb/4566/agnes-buen,Sport route,9a,4,,,58
Airbag,https://climbing-history.org/climb/5220/airbag,Boulder problem,8B+,4,,,58
Air Show,https://climbing-history.org/climb/1295/air-show,Sport route,8a+,4,,,58
Ali Hulk (extension sit start),https://climbing-history.org/climb/477/ali-hulk-(extension-sit-start),Sport route,9a+,4,,,58
A Little Life,https://climbing-history.org/climb/2429/a-little-life,Boulder problem,8B+,4,,,58
Al Lado Activo del Infinito,https://climbing-history.org/climb/7947/al-lado-activo-del-infinito,Boulder problem,8B+,4,,,58
Alta,https://climbing-history.org/climb/5300/alta,Boulder problem,7C,4,"First climbed by Alain Ghersen , with an undercling that broke off soon after. Over time, more holds have broken, the most recent in November 2023, which may now make this problem more difficult than 7C.",,58
American Direct,https://climbing-history.org/climb/5774/american-direct,Alpine,ED1,4,,,58
American Gangster,https://climbing-history.org/climb/3408/american-gangster,Boulder problem,8B+,4,,,58
Ames of Thrones,https://climbing-history.org/climb/7567/ames-of-thrones,Boulder problem,8B,4,,,58
Anam Cara,https://climbing-history.org/climb/3618/anam-cara,Boulder problem,8B+,4,,,58
Angel of Pain,https://climbing-history.org/climb/856/angel-of-pain,Sport route,8b+,4,,,58
Animal Magnetism,https://climbing-history.org/climb/2112/animal-magnetism,Deep water solo,8b+,4,An old Klem Loskot project that was eventually climbed by Jernej Kruder .,,58
Any Given Sunday,https://climbing-history.org/climb/7959/any-given-sunday,Boulder problem,8A+,4,,,58
A Place To Be,https://climbing-history.org/climb/5612/a-place-to-be,Trad climb,E7,4,,,58
Apocalipsis de la Gioconda,https://climbing-history.org/climb/3112/apocalipsis-de-la-gioconda,Sport route,9a+,4,"Originally 9b was suggested, but subsequent ascentionists found better beta in the upper section.",,58
Armstrong ss,https://climbing-history.org/climb/7770/armstrong-ss,Boulder problem,8B,4,,,58
Army of the Dead,https://climbing-history.org/climb/3313/army-of-the-dead,Boulder problem,8B,4,,,58
Atom,https://climbing-history.org/climb/5450/atom,Boulder problem,8B+,4,,,58
Atomic Garden,https://climbing-history.org/climb/2367/atomic-garden,Boulder problem,8A,4,,,59
Baboonmaster Edge,https://climbing-history.org/climb/4679/baboonmaster-edge,Boulder problem,8A,4,,,59
Banana Slap Sit,https://climbing-history.org/climb/6913/banana-slap-sit,Boulder problem,8B+,4,,,59
Bara Brith Low,https://climbing-history.org/climb/2997/bara-brith-low,Boulder problem,7C+,4,,,59
Barriers in Time,https://climbing-history.org/climb/1705/barriers-in-time,Trad climb,E6,4,,,59
Batman,https://climbing-history.org/climb/1234/batman,Sport route,9a,4,,,59
Bear Toss,https://climbing-history.org/climb/3599/bear-toss,Boulder problem,8B,4,,,59
Before the Rain,https://climbing-history.org/climb/2685/before-the-rain,Boulder problem,8A,4,,,59
Belly Full of Nachos,https://climbing-history.org/climb/2485/belly-full-of-nachos,Boulder problem,8B+,4,"Links Belly of the Beast in to Keen Roof - Nachos Start , skipping the no-hands kneebar on Ben's Roof .",,59
Berlin Wall,https://climbing-history.org/climb/3863/berlin-wall,Trad climb,E8,4,,,59
Bermuda Dunes,https://climbing-history.org/climb/6548/bermuda-dunes,Aid Climb,A3+,4,Some pitches are used by Freerider .,,59
Big Chief,https://climbing-history.org/climb/1825/big-chief,Boulder problem,8B,4,,,59
Big John,https://climbing-history.org/climb/3120/big-john,Trad climb,E5,4,Takes the soaring arete to the left of Longhope Route . Not many routes compare.,,59
Big Z,https://climbing-history.org/climb/1406/big-z,Boulder problem,8C+,4,,,59
Bimbaluna,https://climbing-history.org/climb/810/bimbaluna,Sport route,9a+,4,,,59
Birth of the Cool,https://climbing-history.org/climb/6357/birth-of-the-cool,Boulder problem,8B+,4,,,59
Black Label,https://climbing-history.org/climb/7831/black-label,Sport route,9a,4,,,59
Black Shadow,https://climbing-history.org/climb/4672/black-shadow,Boulder problem,8A+,4,,,59
Blade Runner,https://climbing-history.org/climb/1131/blade-runner,Boulder problem,8C,4,,,59
Bleed in Hell,https://climbing-history.org/climb/609/bleed-in-hell,Trad climb,E8,4,,,59
Blood Redemption,https://climbing-history.org/climb/4522/blood-redemption,Boulder problem,8B+,4,,,60
Blue Eyes and Exit Wounds,https://climbing-history.org/climb/405/blue-eyes-and-exit-wounds,Boulder problem,8B,4,,,60
Bo-Ko,https://climbing-history.org/climb/4657/bo-ko,Boulder problem,8B,4,,,60
Booby Prize,https://climbing-history.org/climb/2222/booby-prize,Trad climb,E6,4,,,60
Bow Wall,https://climbing-history.org/climb/3647/bow-wall,Trad climb,E2,4,,,60
Brian,https://climbing-history.org/climb/64/brian,Sport route,8c+,4,,,60
Bultitude,https://climbing-history.org/climb/3352/bultitude,Boulder problem,8B+,4,"The problem is on The Animal Boulder , so named because it looks like a bear.",,60
Bunda De Fora,https://climbing-history.org/climb/6044/bunda-de-fora,Sport route,9a,4,,,60
Bungles Arete,https://climbing-history.org/climb/1305/bungles-arete,Sport route,8b,4,One of the harder routes on slate alongside The Meltdown and The Very Big and the Very Small .,,60
Captain Invincible,https://climbing-history.org/climb/691/captain-invincible,Trad climb,E9,4,"Despite being one of the most striking lines on grit and ‘the best 8b in the Peak’, according to second ascensionist Robin Barker [2], Captain Invincible has seen very few ascents. Masquerading as an E8, it was likely the hardest trad route in the UK in 1991.",,60
Carmen Picasso,https://climbing-history.org/climb/1344/carmen-picasso,Trad climb,E8,4,,,60
Cascavel,https://climbing-history.org/climb/1528/cascavel,Sport route,8c,4,,,60
Cassin Route,https://climbing-history.org/climb/2645/cassin-route,Alpine,TD,4,,,60
Castellan,https://climbing-history.org/climb/4943/castellan,Trad climb,E5,4,,,60
Catapult,https://climbing-history.org/climb/2405/catapult,Boulder problem,8A+,4,,,60
Caveman,https://climbing-history.org/climb/1663/caveman,Trad climb,E6,4,,,60
Celestite,https://climbing-history.org/climb/2574/celestite,Boulder problem,8C,4,,,60
Central Pillar of Freney,https://climbing-history.org/climb/2026/central-pillar-of-freney,Alpine,ED1,4,,,60
Chabal,https://climbing-history.org/climb/3579/chabal,Boulder problem,8A+,4,,,60
Chahala SDS,https://climbing-history.org/climb/3857/chahala-sds,Boulder problem,8B,4,,,60
Chaos,https://climbing-history.org/climb/2971/chaos,Boulder problem,8B,4,,,61
Charity Bouldern,https://climbing-history.org/climb/164/charity-bouldern,Boulder problem,8B,4,,,61
Charlotte,https://climbing-history.org/climb/4703/charlotte,Boulder problem,8B+,4,"La Pedriza, Spain",,61
Chaxi,https://climbing-history.org/climb/1694/chaxi,Sport route,9a+,4,A variation on Chaxiraxi bypassing the hard boulder problem at the bottom.,,61
Chimes of Freedom,https://climbing-history.org/climb/3199/chimes-of-freedom,Sport route,8a+,4,Initially the route has a large block underneath the roof which made the now-crux substantially easier. The block departed company with the wall and Ben Moon reclimbed it in it's new state in 1990.,,61
China Beach,https://climbing-history.org/climb/16/china-beach,Sport route,8c,4,[1] https://open.spotify.com/episode/4va65XUWxTsRYMIktAO1Yp,,61
Ching,https://climbing-history.org/climb/342/ching,Sport route,8a,4,,,61
Chouinard Herbert,https://climbing-history.org/climb/6195/chouinard-herbert,Trad climb,E5,4,5.11c,,61
Christine,https://climbing-history.org/climb/1255/christine,Deep water solo,8a,4,Named after Ken Palmer's Mum.,,61
Chronic,https://climbing-history.org/climb/5809/chronic,Boulder problem,8B,4,,,61
Circe,https://climbing-history.org/climb/2082/circe,Trad climb,E5,4,,,61
Clan of the Cave Bears,https://climbing-history.org/climb/8120/clan-of-the-cave-bears,Boulder problem,8B,4,,,61
Compact Culture,https://climbing-history.org/climb/210/compact-culture,Boulder problem,8B,4,,,61
Confessions,https://climbing-history.org/climb/1712/confessions,Boulder problem,8B,4,,,61
Corridors of Power,https://climbing-history.org/climb/232/corridors-of-power,Boulder problem,7C+,4,,,61
Crac Yr Meistri,https://climbing-history.org/climb/1924/crac-yr-meistri,Trad climb,E9,4,"The name roughly translates to The Master's Crack , a play on Master's Wall on Clogwyn Du'r Arddu (Cloggy) .",,61
Crassostrea Gigas,https://climbing-history.org/climb/8225/crassostrea-gigas,Trad climb,E9,4,,,61
Cream,https://climbing-history.org/climb/1557/cream,Trad climb,E4,4,,,61
Dark Edges,https://climbing-history.org/climb/426/dark-edges,Boulder problem,8B,4,,,61
Darkinbad the Brightdayler,https://climbing-history.org/climb/2906/darkinbad-the-brightdayler,Trad climb,E5,4,,,61
Dark Waters Low,https://climbing-history.org/climb/3906/dark-waters-low,Boulder problem,8B+,4,8B post-break,,62
Deadalus Direct,https://climbing-history.org/climb/4656/deadalus-direct,Boulder problem,8B+,4,,,62
De L'Autre Côté du Ciel,https://climbing-history.org/climb/853/de-lautre-côté-du-ciel,Sport route,9a,4,,,62
Delicatessen,https://climbing-history.org/climb/4324/delicatessen,Sport route,8b,4,Established in 1992 by Arnaud Petit and Stéphane Husson.,,62
Démonia,https://climbing-history.org/climb/7497/démonia,Boulder problem,8A,4,[1] https://audio.ausha.co/nrv62iEjL74Y.mp3?t=1776871113,,62
De Quincy,https://climbing-history.org/climb/620/de-quincy,Trad climb,E7,4,,,62
Dhalism,https://climbing-history.org/climb/3376/dhalism,Boulder problem,8A+,4,,,62
Diaphanous Sea,https://climbing-history.org/climb/1801/diaphanous-sea,Boulder problem,8A,4,,,62
Digital System,https://climbing-history.org/climb/1728/digital-system,Sport route,8c,4,,,62
Dihedral Wall,https://climbing-history.org/climb/1742/dihedral-wall,Trad climb,E9,4,,,62
Dihedral Wall,https://climbing-history.org/climb/6228/dihedral-wall,Aid Climb,A3,4,The third route to be climbed on the main face of El Capitan and the first from non-locals. A siege ascent requiring 42 days of climbing over eight months with fixed ropes almost the entire length of the route.,,62
Død åt alla blonda vikingar,https://climbing-history.org/climb/7733/død-åt-alla-blonda-vikingar,Aid Climb,A4,4,,,62
Doomsday Clock,https://climbing-history.org/climb/7557/doomsday-clock,Sport route,8c+,4,,,62
Downhill Racer,https://climbing-history.org/climb/920/downhill-racer,Trad climb,E4,4,,,62
Dreadnought,https://climbing-history.org/climb/2914/dreadnought,Trad climb,E3,4,,,62
Dreams and Screams,https://climbing-history.org/climb/1028/dreams-and-screams,Trad climb,E6,4,,,62
Dream Topping,https://climbing-history.org/climb/1037/dream-topping,Trad climb,E7,4,,,62
Dr Snuggles,https://climbing-history.org/climb/6206/dr-snuggles,Trad climb,E10,4,,,62
Dune,https://climbing-history.org/climb/3348/dune,Boulder problem,8B,4,,,62
Dunn-Westbay Direct,https://climbing-history.org/climb/8298/dunn-westbay-direct,Trad climb,E10,4,Crux is an 80m 5.14a/b pitch at 4000m altitude.,,62
Eagle-4,https://climbing-history.org/climb/484/eagle-4,Sport route,9b,4,The name is a pun based on the fact the equipper Elie Morieux is known for some impressive power screams. [2],,63
Elder Statesman,https://climbing-history.org/climb/762/elder-statesman,Trad climb,E8,4,,,63
Electric Ant,https://climbing-history.org/climb/4552/electric-ant,Boulder problem,8B,4,,,63
Elfe,https://climbing-history.org/climb/3804/elfe,Sport route,8c+,4,,,63
El Gran Bellanco,https://climbing-history.org/climb/2838/el-gran-bellanco,Sport route,9a,4,,,63
El Indomable,https://climbing-history.org/climb/3017/el-indomable,Boulder problem,8C,4,,,63
El Pussy,https://climbing-history.org/climb/5472/el-pussy,Boulder problem,8A+,4,,,63
Emotional Landscapes,https://climbing-history.org/climb/3104/emotional-landscapes,Boulder problem,8C,4,,,63
Emotional Landscapes (Pre-Break),https://climbing-history.org/climb/3105/emotional-landscapes-(pre-break),Boulder problem,8C,4,,,63
Equilibrium,https://climbing-history.org/climb/606/equilibrium,Trad climb,E10,4,"The first E10 on grit, climbed by Neil Bentley in 2000, Equilibrium has held its grade and repelled all but the most dedicated – or reckless. Neil Gresham stepped up in 2002 after a sustained effort (and yoga), whilst keen youth James Pearson sketched through the no-fall zone in 2005. The route has not been repeated since.",,63
Eroica,https://climbing-history.org/climb/1427/eroica,Trad climb,E4,4,,,63
Espacío Tiempo,https://climbing-history.org/climb/587/espacío-tiempo,Sport route,8c,4,,,63
Eternal,https://climbing-history.org/climb/4445/eternal,Boulder problem,8C,4,,,63
Eternal Fall,https://climbing-history.org/climb/2055/eternal-fall,Trad climb,E8,4,,,63
Eugenics,https://climbing-history.org/climb/4149/eugenics,Sport route,8b+,4,,,63
Eurofighter,https://climbing-history.org/climb/4546/eurofighter,Boulder problem,8B,4,,,63
Evil Twin,https://climbing-history.org/climb/6895/evil-twin,Boulder problem (indoor),8B+,4,"A Sean Houchins-McCallum classic, the most repeated V14/8B+ on the TB2 Mirror. Featuring shoulder move after shoulder move at a steep 55°.",,63
Excalibur,https://climbing-history.org/climb/2384/excalibur,Sport route,9b+,4,"Approximately 8B/+ to a bad rest in to an 8B+/C boulder [1], 18 moves with Stefano Ghisolfi's sequence. As well as the line Stefano climbed there is also the potential for adding a hard 4 move boulder problem in to the start of the route.",,63
Extinction,https://climbing-history.org/climb/1472/extinction,Trad climb,E8,4,,,63
Face Your Fear,https://climbing-history.org/climb/4225/face-your-fear,Deep water solo,8b,4,,,63
Fated Path,https://climbing-history.org/climb/3743/fated-path,Sport route,7c+,4,Initially climbed with 3 bolts and 3 pegs in 40m at E7. Retro-bolted in 1998.,,64
Father and Son,https://climbing-history.org/climb/3846/father-and-son,Sport route,8c,4,,,64
Feed the Need,https://climbing-history.org/climb/3037/feed-the-need,Boulder problem,8A+,4,,,64
Fish Pie,https://climbing-history.org/climb/272/fish-pie,Boulder problem,7C,4,,,64
Fleeting Youth,https://climbing-history.org/climb/3768/fleeting-youth,Boulder problem,8B+,4,,,64
Flow My Tears,https://climbing-history.org/climb/4442/flow-my-tears,Boulder problem,8B,4,,,64
Foxy Lady,https://climbing-history.org/climb/1899/foxy-lady,Boulder problem,8A,4,,,64
Freakshow,https://climbing-history.org/climb/13/freakshow,Sport route,8c,4,,,64
Freeing Atlas,https://climbing-history.org/climb/7032/freeing-atlas,Boulder problem (indoor),8B+,4,Set on the Tension Board 2 mirror by Sean Houchins-McCallum .,,64
Fūjin,https://climbing-history.org/climb/6363/fūjin,Boulder problem,8B+,4,,,64
Fuyu no hi,https://climbing-history.org/climb/6361/fuyu-no-hi,Boulder problem,8A+,4,,,64
Galacticus,https://climbing-history.org/climb/2611/galacticus,Sport route,8b,4,,,64
Ganymede Takeover,https://climbing-history.org/climb/1665/ganymede-takeover,Boulder problem,8A+,4,,,64
Gateway,https://climbing-history.org/climb/2632/gateway,Boulder problem,8C,4,,,64
Gecko,https://climbing-history.org/climb/3257/gecko,Boulder problem,8A+,4,,,64
Genesis,https://climbing-history.org/climb/5872/genesis,Boulder problem,8B,4,,,64
Gentleman's Arete,https://climbing-history.org/climb/219/gentlemans-arete,Boulder problem,8B,4,,,64
Ginger Ninja,https://climbing-history.org/climb/3473/ginger-ninja,Trad climb,E7,4,,,64
Glen Ross,https://climbing-history.org/climb/4055/glen-ross,Boulder problem,8A+,4,,,64
God's Own Stone,https://climbing-history.org/climb/4218/gods-own-stone,Sport route,8b+,4,,,64
Goliath,https://climbing-history.org/climb/1067/goliath,Trad climb,E4,4,,,65
Gossip,https://climbing-history.org/climb/1287/gossip,Boulder problem,8C,4,A contender for the first 8C in the world. Some holds have changed over time but it is unclear to what extent this affects the problem. [2],,65
Grandad's Slab,https://climbing-history.org/climb/961/grandads-slab,Trad climb,E8,4,,,65
Grand Alliance,https://climbing-history.org/climb/1418/grand-alliance,Trad climb,E4,4,Cleasby and Matheson 's first new route together. Cleasby suggested that they were a good team and decided to name the route Grand Alliance to commemorate their climbing partnership (1:38-1:46).,,65
Grand Illusion,https://climbing-history.org/climb/1430/grand-illusion,Trad climb,E8,4,One of the hardest routes at the time it was put up with a sport grade of 8a+.,,65
Great Wall,https://climbing-history.org/climb/1762/great-wall,Trad climb,E4,4,Pete Crew :,,65
Green in the Face,https://climbing-history.org/climb/2515/green-in-the-face,Boulder problem,8B,4,,,65
Gullet low,https://climbing-history.org/climb/7744/gullet-low,Boulder problem,8B,4,,,65
Gwindel Zeit,https://climbing-history.org/climb/4264/gwindel-zeit,Boulder problem,8B,4,,,65
Hagakure Low,https://climbing-history.org/climb/4165/hagakure-low,Boulder problem,8B,4,,,65
Half-Life,https://climbing-history.org/climb/2310/half-life,Boulder problem,8C,4,,,65
Hall of Mirrors,https://climbing-history.org/climb/5742/hall-of-mirrors,Trad climb,E6,4,"16 pitches of slab climbing joy/misery, questing up some of the glassiest, most glacier-polished granite out there. By modern standards the grade of 5.12c R might seem modest, but the route has seen only a handful of ascents in its near-50 year history.",,65
Helicopters On Beaches,https://climbing-history.org/climb/3298/helicopters-on-beaches,Boulder problem,8B,4,,,65
Hibernatus (assis),https://climbing-history.org/climb/4701/hibernatus-(assis),Boulder problem,8B+,4,,,65
Hiding in the shadows,https://climbing-history.org/climb/6603/hiding-in-the-shadows,Boulder problem,8A+,4,,,65
Highball That You Bastards!,https://climbing-history.org/climb/3448/highball-that-you-bastards!,Trad climb,E7,4,,,65
Him,https://climbing-history.org/climb/7272/him,Boulder problem,8B,4,,,65
"Hold Fast, Hold True","https://climbing-history.org/climb/638/hold-fast,-hold-true",Trad climb,E10,4,,,65
Honey Cane,https://climbing-history.org/climb/4354/honey-cane,Deep water solo,8c,4,,,65
Hoop Dance,https://climbing-history.org/climb/3894/hoop-dance,Boulder problem,8B+,4,,,65
Hotline,https://climbing-history.org/climb/7035/hotline,Trad climb,E5,4,An early Yosemite 5.12. 5.10 other than a short hard section on the second pitch. Named for the direct Washington-Moscow telephone link established after the Cuban missile crisis.,,66
Hustled SDS,https://climbing-history.org/climb/1350/hustled-sds,Boulder problem,8B,4,,,66
Hyperborea,https://climbing-history.org/climb/1594/hyperborea,Trad climb,E7,4,,,66
Hypothetical,https://climbing-history.org/climb/3917/hypothetical,Boulder problem,8B+,4,,,66
Iceberg,https://climbing-history.org/climb/1888/iceberg,Boulder problem,8C,4,,,66
Ice Cream,https://climbing-history.org/climb/1438/ice-cream,Sport route,9a,4,,,66
Il Duce,https://climbing-history.org/climb/3004/il-duce,Trad climb,E5,4,,,66
Impossible Traverse,https://climbing-history.org/climb/3947/impossible-traverse,Boulder problem,8B,4,,,66
Impulse,https://climbing-history.org/climb/2176/impulse,Trad climb,E8,4,,,66
Incubator,https://climbing-history.org/climb/3540/incubator,Boulder problem,8A+,4,,,66
Indian Summer,https://climbing-history.org/climb/577/indian-summer,Sport route,8b+,4,,,66
Infamous,https://climbing-history.org/climb/2930/infamous,Boulder problem,8B,4,A left hand finish to Devon Sent .,,66
Inshallah Factor,https://climbing-history.org/climb/6214/inshallah-factor,Trad climb,E4,4,Fr6c or ED1,,66
Insomnia,https://climbing-history.org/climb/4990/insomnia,Trad climb,E4,4,,,66
Intermezzo XY Gelöst,https://climbing-history.org/climb/1464/intermezzo-xy-gelöst,Sport route,9a,4,,,66
Internationale,https://climbing-history.org/climb/3561/internationale,Trad climb,E7,4,,,66
In Tokyo!,https://climbing-history.org/climb/6651/in-tokyo!,Boulder problem,7C+,4,,,66
Irreversible,https://climbing-history.org/climb/2805/irreversible,Boulder problem,8B,4,,,66
Isles of Wonder SDS,https://climbing-history.org/climb/1989/isles-of-wonder-sds,Boulder problem,8C+,4,Aidan Roberts :,,66
Is Not Always Pasqua?,https://climbing-history.org/climb/663/is-not-always-pasqua,Trad climb,E9,4,,,66
Jean-Claude van Lamb,https://climbing-history.org/climb/188/jean-claude-van-lamb,Boulder problem,8B,4,https://www.youtube.com/watch?v=nK0zOIEsuSc,,67
Jehovakill,https://climbing-history.org/climb/893/jehovakill,Sport route,8b+,4,,,67
Jenny Wren,https://climbing-history.org/climb/1411/jenny-wren,Trad climb,E5,4,,,67
Jour de Chasse,https://climbing-history.org/climb/136/jour-de-chasse,Boulder problem,8B,4,,,67
Judge Jules,https://climbing-history.org/climb/6131/judge-jules,Trad climb,E8,4,,,67
Jumbo Love,https://climbing-history.org/climb/490/jumbo-love,Sport route,9b,4,The first confirmed 9b in the world when Chris Sharma made the first ascent in 2008. Akira and Chilam Balam were both claimed at 9b before but Akira has settled at 9a following repeats and the it is believed that Chilam Balam was not actually climbed until later.,,67
Jungfraumarathon,https://climbing-history.org/climb/1965/jungfraumarathon,Sport route,9a,4,,,67
Kaeru,https://climbing-history.org/climb/5913/kaeru,Boulder problem,7C+,4,,,67
Kage,https://climbing-history.org/climb/6522/kage,Boulder problem,8B+,4,,,67
Kali Yuga,https://climbing-history.org/climb/951/kali-yuga,Sport route,8b,4,Previously a project of Gavin Ellis' .,,67
Kani,https://climbing-history.org/climb/5544/kani,Boulder problem,7C+,4,"An obvious traverse line across the Ninja Gaeshi boulder, finishing up that climb.",,67
Kansannousu,https://climbing-history.org/climb/7900/kansannousu,Sport route,8c,4,,,67
Kawakinoumi,https://climbing-history.org/climb/6735/kawakinoumi,Boulder problem,8C,4,,,67
Kindred,https://climbing-history.org/climb/3580/kindred,Boulder problem,8B+,4,,,67
Kings of Sonlerto,https://climbing-history.org/climb/1675/kings-of-sonlerto,Boulder problem,8A+,4,,,67
Kipling Groove,https://climbing-history.org/climb/3681/kipling-groove,Trad climb,HVS,4,"So named because it's ""ruddy 'ard"", as in Rudyard Kipling .",,67
Kobe,https://climbing-history.org/climb/3345/kobe,Boulder problem,8A,4,,,67
Komodo,https://climbing-history.org/climb/3382/komodo,Boulder problem,8B+,4,,,67
Kook Slams Extension,https://climbing-history.org/climb/4366/kook-slams-extension,Boulder problem,8B+,4,,,67
Kráter,https://climbing-history.org/climb/2314/kráter,Boulder problem,8C,4,,,67
Kunne vært verre,https://climbing-history.org/climb/7593/kunne-vært-verre,Sport route,8c,4,,,68
L'Abbé Résina,https://climbing-history.org/climb/979/labbé-résina,Boulder problem,7C,4,The first 7C in the forest.,,68
La Castagne,https://climbing-history.org/climb/2244/la-castagne,Sport route,9a+,4,,,68
Lada Miestä Kuljettaa,https://climbing-history.org/climb/7890/lada-miestä-kuljettaa,Boulder problem,8B,4,,,68
La Fiesta de los Metallos,https://climbing-history.org/climb/3478/la-fiesta-de-los-metallos,Sport route,8b,4,,,68
La Force,https://climbing-history.org/climb/1171/la-force,Traverse,9a,4,,,68
La Grosse Tarlouze,https://climbing-history.org/climb/3366/la-grosse-tarlouze,Boulder problem,8C,4,,,68
La Merveille,https://climbing-history.org/climb/1282/la-merveille,Boulder problem,8A+,4,"The steep prow on Le Bloc aux Mille Visages was for many years a last great problem, before Marc Le Menestrel succeeded in 1999.",,68
La Novena Puerta,https://climbing-history.org/climb/4598/la-novena-puerta,Sport route,8c+,4,,,68
La Rage de Vivre,https://climbing-history.org/climb/1587/la-rage-de-vivre,Sport route,8b+,4,The first 8b+ in France and one of the earliest 8b+s in the world.,,68
Las Meninas R2,https://climbing-history.org/climb/1261/las-meninas-r2,Sport route,9a+,4,Approximately 9a in to 8b+.,,68
La Soucoupe,https://climbing-history.org/climb/4550/la-soucoupe,Boulder problem,8B,4,Chironico,,68
Le Bidule,https://climbing-history.org/climb/1121/le-bidule,Sport route,8a+,4,The first 8a+ in France.,,68
Le Cadafist,https://climbing-history.org/climb/1107/le-cadafist,Sport route,9a,4,,,68
Legacy,https://climbing-history.org/climb/1954/legacy,Sport route,9a,4,There was some controversy around the first ascent as Fred Nicole had been trying the line for several years before Giuliano Cameroni asked to try it and shortly afterwards made the first ascent.,,68
Les Mains Sales,https://climbing-history.org/climb/1611/les-mains-sales,Sport route,8b,4,,,68
Light Weight Baby,https://climbing-history.org/climb/3424/light-weight-baby,Sport route,8c+,4,,,68
Living in Oxford,https://climbing-history.org/climb/4002/living-in-oxford,Trad climb,E7,4,,,68
L'Odi Social,https://climbing-history.org/climb/2376/lodi-social,Sport route,8c+,4,The first 8c+ in Siurana.,,68
Lost Generation,https://climbing-history.org/climb/3353/lost-generation,Boulder problem,8B+,4,,,68
Lost Horizons,https://climbing-history.org/climb/8182/lost-horizons,Sport route,8c,4,,,69
Love Amongst the Butterflies,https://climbing-history.org/climb/314/love-amongst-the-butterflies,Sport route,8b,4,,,69
Lubyanka,https://climbing-history.org/climb/4920/lubyanka,Trad climb,E3,4,,,69
Lurppikerho,https://climbing-history.org/climb/7895/lurppikerho,Boulder problem,8B,4,,,69
Lynx,https://climbing-history.org/climb/8056/lynx,Boulder problem,8A,4,,,69
M35 (A35),https://climbing-history.org/climb/5949/m35-(a35),Trad climb,E6,4,,,69
Macumba Club,https://climbing-history.org/climb/1889/macumba-club,Sport route,8c,4,,,69
Madball Sit Start,https://climbing-history.org/climb/6416/madball-sit-start,Boulder problem,8B,4,,,69
Mad Maxx,https://climbing-history.org/climb/5730/mad-maxx,Boulder problem,8B,4,L'Autre Toit roof linkup at Cul de Chien.,,69
Magic Touch,https://climbing-history.org/climb/2748/magic-touch,Boulder problem,8B,4,,,69
Manic Strain,https://climbing-history.org/climb/1170/manic-strain,Sport route,8a,4,"The first 8a on slate, and one of the early 8as in the UK alongside Jerry Moffatt's Masterclass and Ben Moon's Statement of Youth .",,69
Manphibian,https://climbing-history.org/climb/3870/manphibian,Sport route,9a,4,,,69
Margins of the Mind,https://climbing-history.org/climb/1034/margins-of-the-mind,Trad climb,E8,4,"Originally E7, but a candidate for the UK's first E8, according to second ascentionist Nick Dixon . Now rated E8 in the 2025 Llanberis guide, the route is said to contain 7c/+ climbing in a very serious position. An astounding ascent for 1984, climbed after a cursory abseil inspection by John Redhead . [1]",,69
Marrow Bone Jelly,https://climbing-history.org/climb/2319/marrow-bone-jelly,Trad climb,E7,4,"Apparently named because the route is between P sycho, A drenaline Rush and L ittle Cenotaph, and PAL was a dogfood at the time which contained marrowbone jelly. [1]",,69
Martial Law,https://climbing-history.org/climb/2579/martial-law,Sport route,9a+,4,,,69
Massive Attack,https://climbing-history.org/climb/1984/massive-attack,Boulder problem,8A+,4,,,69
Master and Cifuentes,https://climbing-history.org/climb/467/master-and-cifuentes,Boulder problem,8B+,4,,,69
Maturity,https://climbing-history.org/climb/4301/maturity,Sport route,9a+,4,The first 9a+ in Japan.,,69
Mayan Skies,https://climbing-history.org/climb/3531/mayan-skies,Trad climb,E7,4,Originally established with four bolt runners and a bolted belay. These were later removed and the climb re-led in a single pitch by Gary Gibson .,,69
Mean Streak,https://climbing-history.org/climb/6154/mean-streak,Trad climb,E6,4,,,69
Mégalithe,https://climbing-history.org/climb/257/mégalithe,Boulder problem,7C+,4,,,70
Meiose,https://climbing-history.org/climb/1498/meiose,Sport route,9a,4,,,70
Mescalito,https://climbing-history.org/climb/6566/mescalito,Aid Climb,A3,4,"Originally called End All . 85 holes drilled on the first ascent, a much smaller number than on the nearby Wall of Early Morning Light (A3) climbed three years previously. Now a popular classic route.",,70
Metelkův Mechanický Betlém,https://climbing-history.org/climb/7605/metelkův-mechanický-betlém,Boulder problem,8B+,4,,,70
Midnight Way,https://climbing-history.org/climb/3964/midnight-way,Sport route,9a+,4,,,70
Mild Abuse of Terminology,https://climbing-history.org/climb/4541/mild-abuse-of-terminology,Boulder problem,8B+,4,,,70
Minaret,https://climbing-history.org/climb/4051/minaret,Trad climb,E8,4,,,70
Mind Shift,https://climbing-history.org/climb/4856/mind-shift,Boulder problem,8B+,4,,,70
Misanthropie,https://climbing-history.org/climb/4082/misanthropie,Boulder problem,8A,4,,,70
Mithril,https://climbing-history.org/climb/2383/mithril,Boulder problem,8B,4,,,70
Mithril Sit,https://climbing-history.org/climb/4684/mithril-sit,Boulder problem,8B+,4,,,70
Moby Dick,https://climbing-history.org/climb/8107/moby-dick,Boulder problem,8A+,4,,,70
Modified,https://climbing-history.org/climb/5270/modified,Sport route,9a+,4,,,70
Mojave,https://climbing-history.org/climb/1804/mojave,Sport route,8c+,4,One of the first 8c+ routes in Spain.,,70
Monster Crack,https://climbing-history.org/climb/5655/monster-crack,Trad climb,"E4
                        (approx)",4,XS.,,70
Monumental Armblaster,https://climbing-history.org/climb/1612/monumental-armblaster,Sport route,8a+,4,One of the best lines on Peak limestone.,,70
Moon Madness,https://climbing-history.org/climb/1563/moon-madness,Trad climb,E7,4,,,70
Morse Code,https://climbing-history.org/climb/5818/morse-code,Boulder problem,7C,4,,,70
Mother Night,https://climbing-history.org/climb/3617/mother-night,Boulder problem,8B,4,,,70
Mr. Lambtastic,https://climbing-history.org/climb/1390/mr.-lambtastic,Boulder problem,8B,4,,,70
Nandralone,https://climbing-history.org/climb/5188/nandralone,Trad climb,E8,4,,,71
Nehanna,https://climbing-history.org/climb/3063/nehanna,Boulder problem,8C,4,,,71
Ninja,https://climbing-history.org/climb/5209/ninja,Sport route,8b+,4,Only 4 bolts in 25 meters!,,71
Niraikanai,https://climbing-history.org/climb/7145/niraikanai,Boulder problem,8B,4,,,71
North America Wall,https://climbing-history.org/climb/6234/north-america-wall,Aid Climb,A3,4,"The first route to breach the south east face of El Capitan by the all-star team of Robbins , Pratt , Frost and Chouinard . After several exploratory attempts by Robbins with Glen Denny and Frost the ascent was accomplished in one push with no fixed ropes. This was the first time a route had been established in this style on El Capitan and in marked contrast to the extensive fixed ropes employed on the multi-month ascents of The Nose and Dihedral Wall. It was graded A5 and regarded as probably the hardest in the world of its genre at the time of ascent.",,71
Nova,https://climbing-history.org/climb/2584/nova,Boulder problem,8C,4,A short version of Terranova (8C+) first climbed as a problem in it's own right by Jana Švecová .,,71
No Way Jose,https://climbing-history.org/climb/3847/no-way-jose,Trad climb,E8,4,,,71
Obaba,https://climbing-history.org/climb/7924/obaba,Sport route,8c+,4,"Around 2017 a hold on the final boulder problem broke, potentially making the route more 9a.",,71
Olympiad,https://climbing-history.org/climb/1256/olympiad,Deep water solo,8b,4,"Neil Gresham called the route Olympiad as he made the ascent on the 27th July 2012, the same day the London olympics started. Unusually, Steve McClure then made the second ascent on trad gear, suggesting a grade of E10.",,71
One Hundred Proof,https://climbing-history.org/climb/2169/one-hundred-proof,Sport route,9a,4,,,71
One Piece,https://climbing-history.org/climb/4056/one-piece,Sport route,8c,4,,,71
Order of the Phoenix,https://climbing-history.org/climb/703/order-of-the-phoenix,Trad climb,E8,4,,,71
Ouijaboard,https://climbing-history.org/climb/355/ouijaboard,Sport route,8a,4,,,71
Owning the Weather,https://climbing-history.org/climb/3254/owning-the-weather,Boulder problem,8B+,4,,,71
"Pain Makes Me Stronger, Every Day","https://climbing-history.org/climb/1884/pain-makes-me-stronger,-every-day",Sport route,8c,4,,,71
Paint it Black,https://climbing-history.org/climb/269/paint-it-black,Boulder problem,7C,4,,,71
Paisano Overhang,https://climbing-history.org/climb/1599/paisano-overhang,Trad climb,E6,4,,,71
Palace of the Brine,https://climbing-history.org/climb/1397/palace-of-the-brine,Sport route,8b,4,,,71
Paradise Found,https://climbing-history.org/climb/1953/paradise-found,Boulder problem,8C,4,,,71
Paralogism,https://climbing-history.org/climb/718/paralogism,Trad climb,E7,4,,,71
Partage (assis),https://climbing-history.org/climb/2613/partage-(assis),Boulder problem,8B,4,,,72
Partenaire Particulier,https://climbing-history.org/climb/1115/partenaire-particulier,Boulder problem,8A,4,,,72
Parzival,https://climbing-history.org/climb/5876/parzival,Boulder problem,8C,4,,,72
Paying the Rent,https://climbing-history.org/climb/6871/paying-the-rent,Sport route,8b+,4,"The first 5.14 in Arkansas. First ascended by Chris Sharma as a way to get free lodging, hence the name.",,72
Peace Corps,https://climbing-history.org/climb/2452/peace-corps,Boulder problem,8C,4,,,72
Peckitt's Traverse,https://climbing-history.org/climb/264/peckitts-traverse,Boulder problem,7C,4,,,72
Perfecto Mundo,https://climbing-history.org/climb/471/perfecto-mundo,Sport route,9b+,4,"Originally bolted by Chris Sharma who was making good progress on the line, though he ultimately shifted his focus to try La Dura Dura instead.",,72
Picaflor,https://climbing-history.org/climb/3304/picaflor,Sport route,8b,4,,,72
Piece of Mind,https://climbing-history.org/climb/1702/piece-of-mind,Trad climb,E6,4,,,72
Pink Ginsane,https://climbing-history.org/climb/3821/pink-ginsane,Trad climb,E6,4,,,72
Pishtaco,https://climbing-history.org/climb/7724/pishtaco,Trad climb,E6,4,"First aid climbed at A2, Free climbed at Norwegian 8",,72
Pistolero,https://climbing-history.org/climb/8186/pistolero,Trad climb,E6,4,,,72
Pit and the Pendulum,https://climbing-history.org/climb/8191/pit-and-the-pendulum,Trad climb,E6,4,,,72
Prehistorik,https://climbing-history.org/climb/2191/prehistorik,Boulder problem,8B+,4,,,72
Pressure,https://climbing-history.org/climb/438/pressure,Boulder problem,8B,4,,,72
Prince Charles,https://climbing-history.org/climb/5215/prince-charles,Boulder problem,8B,4,"In March 2026, it was discovered that a crux hold had been enlarged by chipping. The problem is likely to be downgraded.",,72
Project Fear,https://climbing-history.org/climb/7471/project-fear,Sport route,8c,4,"Free climbs some of the old Bauer aid directissima before climbing independent pitches to join Pan Aroma (8c) before the latter's crux traverse. MacLeod, a Scottish Nationalist, named it after the unofficial description of the Unionist campaign in the Scottish independence referendum of 2014.",,72
Psycho! (Free),https://climbing-history.org/climb/4306/psycho!-(free),Trad climb,E6,4,Free climbing the roof pitch increases the difficulty significantly.,,72
Psykovsky's Sequins,https://climbing-history.org/climb/1487/psykovskys-sequins,Trad climb,E9,4,,,72
Pungitopo,https://climbing-history.org/climb/7317/pungitopo,Sport route,8c+,4,,,72
Pura Vida,https://climbing-history.org/climb/4699/pura-vida,Boulder problem,8A+,4,,,73
Purgatory,https://climbing-history.org/climb/813/purgatory,Trad climb,E8,4,,,73
Quimera,https://climbing-history.org/climb/3297/quimera,Boulder problem,8B,4,,,73
Rainbow Jambaia,https://climbing-history.org/climb/6165/rainbow-jambaia,Trad climb,E7,4,"First free ascent of the main angel falls amphitheatre wall by a substantially new line. Its 31 pitches included nine E7s and took the seven-person team nineteen days to climb. The route overhangs some 60m in its 1,000m length, making it a contender for the most overhanging big wall in the world.",,73
Rainbow Rocket,https://climbing-history.org/climb/3336/rainbow-rocket,Boulder problem,8A,4,[1] https://www.youtube.com/watch?v=gWZdlNqTfEE,,73
Rainman,https://climbing-history.org/climb/4/rainman,Sport route,9b,4,The first 9b in the UK and the hardest route climbed by a Brit at the time it was first climbed.,,73
Ramped Up,https://climbing-history.org/climb/3035/ramped-up,Boulder problem,8B,4,,,73
Raubritter,https://climbing-history.org/climb/2958/raubritter,Sport route,8c,4,,,73
RED,https://climbing-history.org/climb/1736/red,Sport route,9a,4,The first 9a in Australia (if you ignore The Wheel of Life ). Lee Cossey spent some time working the route while it was a project but it had to wait for a visiting Alex Megos to seal the deal in 2013.,,73
Red Bottom Sky,https://climbing-history.org/climb/8092/red-bottom-sky,Boulder problem,8B+,4,,,73
Red Ram,https://climbing-history.org/climb/2152/red-ram,Sport route,9a+,4,,,73
Red Square,https://climbing-history.org/climb/5467/red-square,Trad climb,E2,4,,,73
REM,https://climbing-history.org/climb/1135/rem,Boulder problem,8C+,4,,,73
Resisting Arrest,https://climbing-history.org/climb/2103/resisting-arrest,Sport route,9a,4,,,73
Revelations,https://climbing-history.org/climb/1553/revelations,Sport route,8b,4,,,73
Rokudo,https://climbing-history.org/climb/2871/rokudo,Boulder problem,8C,4,,,73
Rollito Sharma,https://climbing-history.org/climb/4469/rollito-sharma,Sport route,8b+,4,,,73
Route of All Evil,https://climbing-history.org/climb/1437/route-of-all-evil,Sport route,8b+,4,,,73
Rude,https://climbing-history.org/climb/6308/rude,Boulder problem,8B+,4,,,73
Rude Boys,https://climbing-history.org/climb/7664/rude-boys,Sport route,8a+,4,,,73
Rumble in the Jungle,https://climbing-history.org/climb/4671/rumble-in-the-jungle,Boulder problem,8A+,4,,,74
Sabotage,https://climbing-history.org/climb/72/sabotage,Sport route,8c+,4,,,74
Sachidananda,https://climbing-history.org/climb/3090/sachidananda,Sport route,9a+,4,,,74
Salty Beverage,https://climbing-history.org/climb/2801/salty-beverage,Deep water solo,8b+,4,A right hand finish to The Weatherman .,,74
Sardine,https://climbing-history.org/climb/532/sardine,Sport route,7b+,4,Ron Fawcett's free ascent of this route marked the start of the change of Raven Tor from an aid climbing crag to a free climbing crag.,,74
Satan i Helvete (Bas),https://climbing-history.org/climb/2268/satan-i-helvete-(bas),Boulder problem,8B+,4,"This problem had previously been climbed in 2010 and 2012, but as the sit had been climbed it was not considered an independent line. After a hold broke on Satan i Helvete in December 2013 the the assis has not been repeated, however Oriane Bertone managed to re-climb the low start in 2020.",,74
Satan i Helvete (pre-December 2013),https://climbing-history.org/climb/2266/satan-i-helvete-(pre-december-2013),Boulder problem,8B,4,In December 2013 a hold broke making the problem harder.,,74
Scoop de Grace,https://climbing-history.org/climb/6295/scoop-de-grace,Boulder problem,7C+,4,'Over the Moors' guidebook:,,74
Sea of Tranquility,https://climbing-history.org/climb/60/sea-of-tranquility,Sport route,8c+,4,"Originally graded 8c, now considered to be 8c+.",,74
Sever The Wicked Hand,https://climbing-history.org/climb/2488/sever-the-wicked-hand,Sport route,9a,4,,,74
S-Groove,https://climbing-history.org/climb/4046/s-groove,Trad climb,E7,4,Initially climbed with side runners at E5 and called Against All Odds . Gareth Parry was the first to solo it and restored the route's working name.,,74
Shallow Groove,https://climbing-history.org/climb/179/shallow-groove,Boulder problem,8B,4,,,74
Shantaram,https://climbing-history.org/climb/4293/shantaram,Boulder problem,8B+,4,,,74
Show Your Teeth,https://climbing-history.org/climb/7142/show-your-teeth,Sport route,9a,4,,,74
Shuriken,https://climbing-history.org/climb/4289/shuriken,Boulder problem,8B,4,,,74
Silence,https://climbing-history.org/climb/465/silence,Sport route,9c,4,"Silence was established by Adam Ondra in 2017. It was the first route to be graded 9c and is still a contender for the hardest sport climb in the world. Bolted by Ondra and originally dubbed Project Hard , it features a notoriously strange boulder problem crux with feet-first jamming through a slopey crack. Ondra rated this section alone 8C, whilst Will Bosi and Stefano Ghisolfi thought 8C+ was more appropriate.",,74
Skadoosh,https://climbing-history.org/climb/1152/skadoosh,Boulder problem,8B+,4,,,74
Smiling Buttress,https://climbing-history.org/climb/572/smiling-buttress,Boulder problem,8B+,4,"One of the last great problems on grit. Tried by Ben Moon , Steve McClure and Ned Feehally before Tyler Landman made the first ascent. Hard and scary!",,74
Smoked Salmon,https://climbing-history.org/climb/4123/smoked-salmon,Trad climb,E8,4,Unlikely to have been repeated since the loss of pebbles around 2002/3.,,74
Solitary Souls,https://climbing-history.org/climb/1914/solitary-souls,Sport route,8c+,4,,,74
Something's Burning,https://climbing-history.org/climb/602/somethings-burning,Trad climb,E9,4,~8a+ on fiddly and not-amazing gear.,,75
Sosa Stand,https://climbing-history.org/climb/4335/sosa-stand,Boulder problem,8B,4,,,75
Speed,https://climbing-history.org/climb/4344/speed,Sport route,8c+,4,,,75
Spinal Twist,https://climbing-history.org/climb/7486/spinal-twist,Boulder problem,8B,4,,,75
Spomin,https://climbing-history.org/climb/5591/spomin,Sport route,8c,4,Multi-pitch monster on Anića Kuk.,,75
Stairway to Heaven,https://climbing-history.org/climb/2157/stairway-to-heaven,Boulder problem,8B,4,,,75
Star Slinger,https://climbing-history.org/climb/3496/star-slinger,Boulder problem,8A+,4,,,75
Storm Warning Variation,https://climbing-history.org/climb/372/storm-warning-variation,Sport route,8a,4,,,75
Suicide Wall,https://climbing-history.org/climb/3637/suicide-wall,Trad climb,E1,4,,,75
Supersize Me,https://climbing-history.org/climb/193/supersize-me,Boulder problem,8B,4,,,75
Surreal Appeal,https://climbing-history.org/climb/1335/surreal-appeal,Trad climb,E7,4,,,75
Suser Gjennom Harryland,https://climbing-history.org/climb/7721/suser-gjennom-harryland,Aid Climb,A3,4,,,75
Svenskeruta,https://climbing-history.org/climb/7717/svenskeruta,Trad climb,E4,4,,,75
Sviní Mor,https://climbing-history.org/climb/1873/sviní-mor,Boulder problem,8B,4,,,75
Tarragó,https://climbing-history.org/climb/6274/tarragó,Sport route,8b+,4,,,75
Tea Garden Roof,https://climbing-history.org/climb/4195/tea-garden-roof,Boulder problem,7C,4,,,75
Tempi Moderni,https://climbing-history.org/climb/2290/tempi-moderni,Trad climb,E5,4,,,75
Tender Homecoming,https://climbing-history.org/climb/5626/tender-homecoming,Trad climb,E8,4,,,75
Tengil ss,https://climbing-history.org/climb/7527/tengil-ss,Boulder problem,7C+,4,,,75
Tequila Mockingbird,https://climbing-history.org/climb/536/tequila-mockingbird,Sport route,7c+,4,"Originally climbed using yo-yo tactics it was later redpointed by Jean-Pierre Bouvier who renamed it Gandalf le Magicien claiming he had made the first real ascent, which did not sit very well with the local climbers of the time who viewed the frenchman's redpoint tactics as poor style. The new name and claim didn't stick.",,75
Thai Boxing,https://climbing-history.org/climb/3453/thai-boxing,Trad climb,E7,4,,,76
The Abattoir,https://climbing-history.org/climb/5085/the-abattoir,Boulder problem,8B,4,,,76
The Bastard,https://climbing-history.org/climb/77/the-bastard,Sport route,8c+,4,Originally given 8c but upgraded to 8c+. Approximately font 8A+/B in to font 7C.,,76
The Boldest,https://climbing-history.org/climb/1757/the-boldest,Trad climb,E4,4,,,76
The Bridge of Ashes,https://climbing-history.org/climb/843/the-bridge-of-ashes,Boulder problem,8C,4,Named after the sci-fi novel of the same name by Roger Zelazny.,,76
The Brothers Karamazov,https://climbing-history.org/climb/6143/the-brothers-karamazov,Trad climb,E8,4,,,76
The Crack of Destiny,https://climbing-history.org/climb/2575/the-crack-of-destiny,Trad climb,E9,4,,,76
The Dawn Wall,https://climbing-history.org/climb/1718/the-dawn-wall,Trad climb,E12,4,"The Dawn Wall, arguably the hardest big wall in the world, was the product of seven years' work by Tommy Caldwell and Kevin Jorgeson . Both climbers led every pitch in a single continuous push over 19 days. The ascent became an international news story, with their tribulations covered by John Branch in the New York Times [2]. Upon topping out, the pair received a message of congratulations from President Barack Obama.",,76
The Eagle and the Hawk,https://climbing-history.org/climb/4331/the-eagle-and-the-hawk,Boulder problem,8B+,4,,,76
The Ego Has Landed,https://climbing-history.org/climb/3168/the-ego-has-landed,Trad climb,E8,4,Adam Hocking :,,76
The Essential,https://climbing-history.org/climb/4697/the-essential,Sport route,9a,4,,,76
The Expanse,https://climbing-history.org/climb/6701/the-expanse,Boulder problem,8B+,4,,,76
The French Connection,https://climbing-history.org/climb/3903/the-french-connection,Boulder problem,8B+,4,,,76
The Full Package,https://climbing-history.org/climb/6877/the-full-package,Boulder problem,8B,4,Dosage III classic in Arkansas.,,76
The Great Arch,https://climbing-history.org/climb/3874/the-great-arch,Trad climb,E8,4,,,76
The Great Shark Hunt,https://climbing-history.org/climb/1666/the-great-shark-hunt,Boulder problem,8A+,4,,,76
The Great Wall of China,https://climbing-history.org/climb/2865/the-great-wall-of-china,Trad climb,E3,4,"One of the longest continuous rock climbs at ~9000ft long. Graded 5.9 R by the first ascentionists, the more recent repeaters suggest it has some sections of 5.10+ R.",,76
The Groove,https://climbing-history.org/climb/664/the-groove,Trad climb,E9,4,,,76
The Hallucinogen Wall,https://climbing-history.org/climb/2799/the-hallucinogen-wall,Trad climb,E9,4,Originally an 5.10 A5 mixed free and aid climb.,,76
The Holy Hand Grenade,https://climbing-history.org/climb/3910/the-holy-hand-grenade,Boulder problem,8B+,4,,,76
The Holy Rails sit,https://climbing-history.org/climb/4752/the-holy-rails-sit,Boulder problem,8B,4,,,77
The House of Doom,https://climbing-history.org/climb/4630/the-house-of-doom,Boulder problem,8B+,4,USA,,77
The Innocent Man,https://climbing-history.org/climb/5050/the-innocent-man,Boulder problem,8B+,4,,,77
The Joker,https://climbing-history.org/climb/1774/the-joker,Boulder problem,8A,4,,,77
The Mote in God's Eye,https://climbing-history.org/climb/4862/the-mote-in-gods-eye,Boulder problem,8B,4,,,77
The Naked Ape,https://climbing-history.org/climb/4893/the-naked-ape,Trad climb,E6,4,,,77
The Never Ending Story (Part 1+2+3),https://climbing-history.org/climb/2776/the-never-ending-story-(part-1+2+3),Sport route,9a,4,,,77
The Other Side of Infinity,https://climbing-history.org/climb/3897/the-other-side-of-infinity,Boulder problem,8B+,4,,,77
The Outer Limits,https://climbing-history.org/climb/4290/the-outer-limits,Boulder problem,8C,4,,,77
The Pirate,https://climbing-history.org/climb/94/the-pirate,Sport route,8c,4,,,77
The Prow Wall,https://climbing-history.org/climb/6010/the-prow-wall,Sport route,8b+,4,,,77
The Pura Pura,https://climbing-history.org/climb/695/the-pura-pura,Trad climb,E10,4,"This links a pumpy boulder problem traverse into Greenspit for a long, tiring excursion.",,77
The Purge,https://climbing-history.org/climb/4330/the-purge,Boulder problem,8B+,4,,,77
The Real Keelhaul,https://climbing-history.org/climb/201/the-real-keelhaul,Boulder problem,8B,4,,,77
The Recovery Drink,https://climbing-history.org/climb/689/the-recovery-drink,Trad climb,E10,4,,,77
The Rookery,https://climbing-history.org/climb/2961/the-rookery,Boulder problem,8B+,4,,,77
The Sissy,https://climbing-history.org/climb/707/the-sissy,Sport route,8a,4,Named for Ben Moon's remark on routes that require footwork.,,77
The Skull,https://climbing-history.org/climb/4283/the-skull,Trad climb,E4,4,,,77
The Story of Three Worlds,https://climbing-history.org/climb/1980/the-story-of-three-worlds,Boulder problem,8C+,4,,,77
The Yeti,https://climbing-history.org/climb/8123/the-yeti,Boulder problem,8B,4,,,77
The Yorkshire Ripper,https://climbing-history.org/climb/1580/the-yorkshire-ripper,Sport route,8b,4,,,78
The Youngster's Roof,https://climbing-history.org/climb/5249/the-youngsters-roof,Boulder problem,8C,4,,,78
The Zone,https://climbing-history.org/climb/6881/the-zone,Boulder problem,"8B+
                        (approx)",4,"Although neither ascentionist offered a grade, it is safe to assume it is hard. Spencer Schmick stated that it took him longer than any boulder he had previously done.",,78
Third Eye Awakening,https://climbing-history.org/climb/3912/third-eye-awakening,Boulder problem,8B+,4,,,78
Tierrany,https://climbing-history.org/climb/1127/tierrany,Boulder problem,8B+,4,When established in 2021 it was the hardest problem in the valley.,,78
Tiger Cat,https://climbing-history.org/climb/89/tiger-cat,Sport route,8c,4,,,78
Tigris SDS,https://climbing-history.org/climb/1933/tigris-sds,Boulder problem,8B+,4,,,78
Time Regained,https://climbing-history.org/climb/911/time-regained,Trad climb,E8,4,,,78
Tirali Valent,https://climbing-history.org/climb/4347/tirali-valent,Sport route,8a+,4,,,78
Titan (assis),https://climbing-history.org/climb/6075/titan-(assis),Boulder problem,8C,4,,,78
Toltec Twostep,https://climbing-history.org/climb/2966/toltec-twostep,Trad climb,E6,4,,,78
Tombola,https://climbing-history.org/climb/2022/tombola,Trad climb,E7,4,Nesscliffe Guidebook 2007:,,78
Tom et je Ris,https://climbing-history.org/climb/1162/tom-et-je-ris,Sport route,8b+,4,,,78
Totally Wired 9,https://climbing-history.org/climb/4277/totally-wired-9,Trad climb,E8,4,,,78
Tourniquet,https://climbing-history.org/climb/243/tourniquet,Boulder problem,8A,4,,,78
Trinity sitt,https://climbing-history.org/climb/4644/trinity-sitt,Boulder problem,8B,4,,,78
Triple Direct,https://climbing-history.org/climb/6311/triple-direct,Aid Climb,A2,4,Link-up of Freeblast (Salathe) + Muir Wall + 3 linking pitches + The Nose from Camp 4 to the summit.,,78
Two Hands,https://climbing-history.org/climb/5871/two-hands,Boulder problem,8B,4,,,78
Ukiyo,https://climbing-history.org/climb/2855/ukiyo,Boulder problem,8B+,4,,,78
Ultimatum,https://climbing-history.org/climb/6011/ultimatum,Sport route,9a+,4,,,78
Uncertain Emotions,https://climbing-history.org/climb/2125/uncertain-emotions,Trad climb,E6,4,A bold E6 with 3 bolts. Retro-bolted by Dave Cuthbertson in 1995.,,79
Under Your Nose,https://climbing-history.org/climb/4645/under-your-nose,Boulder problem,8B,4,,,79
Unendliche Geschichte,https://climbing-history.org/climb/4376/unendliche-geschichte,Sport route,8b+,4,,,79
United,https://climbing-history.org/climb/832/united,Boulder problem,8C+,4,,,79
Unknown Pleasures,https://climbing-history.org/climb/8166/unknown-pleasures,Trad climb,E6,4,Top pitch had previously been climbed by Richard Harrison at E3.,,79
Utsusemi,https://climbing-history.org/climb/6404/utsusemi,Boulder problem,8B,4,,,79
Vecchio Leone SDS,https://climbing-history.org/climb/2194/vecchio-leone-sds,Boulder problem,8C+,4,,,79
Vember,https://climbing-history.org/climb/1371/vember,Trad climb,E1,4,,,79
Verbal Abuse,https://climbing-history.org/climb/2072/verbal-abuse,Trad climb,E7,4,"Originally a trad route climbed on glued pegs. These have now been replaced with some bolts. Originally the bolts were going to replace the pegs on a like for like basis, but ended up in a spaced configuration to maintain a trad feel without it requiring double ropes to climb.",,79
Vice President,https://climbing-history.org/climb/181/vice-president,Boulder problem,8B,4,,,79
Victorian Overmantel,https://climbing-history.org/climb/3989/victorian-overmantel,Boulder problem,7C+,4,"A diminutive put beguiling mantel problem from Johnny Dawes . Dawes mantled the sloping shelf, pressing it out directly; others have used heels, pebbles or other holds to try and avoid the eye-popping move.",,79
Vilified,https://climbing-history.org/climb/5037/vilified,Boulder problem,8B,4,,,79
Vorpal Blade,https://climbing-history.org/climb/3753/vorpal-blade,Boulder problem,8B,4,,,79
Wagyu,https://climbing-history.org/climb/5026/wagyu,Boulder problem,8A+,4,,,79
Wall of Early Morning Light,https://climbing-history.org/climb/4994/wall-of-early-morning-light,Aid Climb,A3,4,[1] [https://climbing-history.org/library/8192/comment-on-the-two-ascents-of-the-wall-of-morning-light](https://climbing-history.org/library/8192/comment-on-the-two-ascents-of-the-wall-of-morning-light),,79
War and Peace,https://climbing-history.org/climb/3792/war-and-peace,Trad climb,E6,4,,,79
Water Colors,https://climbing-history.org/climb/3115/water-colors,Boulder problem,8A,4,,,79
Way of the Jive Monkeys,https://climbing-history.org/climb/4357/way-of-the-jive-monkeys,Trad climb,E7,4,,,79
Weiße Rose,https://climbing-history.org/climb/1114/weiße-rose,Sport route,9a,4,Named after the non-violent resistance group formed in Munich in 1942 to oppose the Nazi party. [1],,79
Welcome to Fight Club,https://climbing-history.org/climb/6880/welcome-to-fight-club,Boulder problem,8B,4,"Located in Horseshoe Canyon Ranch, Arkansas. Is a traverse that combines 'Bloody Knuckles' V11 and '8 Rules of Fight Club' V12",,79
West Face,https://climbing-history.org/climb/7304/west-face,Aid Climb,A1,4,,,80
West Route,https://climbing-history.org/climb/2902/west-route,Trad climb,E6,4,,,80
Whore of Babylon,https://climbing-history.org/climb/8257/whore-of-babylon,Sport route,8c,4,,,80
Wild Público,https://climbing-history.org/climb/1070/wild-público,Sport route,9a,4,,,80
Windows of Perception,https://climbing-history.org/climb/1168/windows-of-perception,Trad climb,E6,4,,,80
Witness the Fitness,https://climbing-history.org/climb/551/witness-the-fitness,Boulder problem,8C,4,The problem has suffered many breakages over time.,,80
Xaxid Hostel,https://climbing-history.org/climb/4426/xaxid-hostel,Sport route,9a,4,,,80
X Integral,https://climbing-history.org/climb/8162/x-integral,Sport route,9a+,4,,,80
XXXS,https://climbing-history.org/climb/1837/xxxs,Boulder problem,8B,4,,,80
Yamadori Sit,https://climbing-history.org/climb/6862/yamadori-sit,Boulder problem,8B,4,,,80
Yeti,https://climbing-history.org/climb/6865/yeti,Boulder problem,8B,4,,,80
Ymir,https://climbing-history.org/climb/7037/ymir,Boulder problem,8B+,4,5D in the Japanese system.,,80
Y Tarw,https://climbing-history.org/climb/4101/y-tarw,Trad climb,E8,4,,,80
Zahir,https://climbing-history.org/climb/3845/zahir,Sport route,8b+,4,,,80
Zero,https://climbing-history.org/climb/1235/zero,Boulder problem,8B,4,,,80
Zoolook,https://climbing-history.org/climb/1561/zoolook,Sport route,8a,4,The first 8a at Malham Cove .,,80
Zutsu,https://climbing-history.org/climb/5494/zutsu,Boulder problem,8B,4,"Slab right of Bansosha , moving left to finish up that route. Kakusei is the direct finish.",,80
"10,000 Days","https://climbing-history.org/climb/6897/10,000-days",Boulder problem (indoor),8B+,3,"A TB2 Mirror classic! Set in the original Board Lords video for Zach Galla , Ben Burkhalter , and Noah Wheeler at 50° but later done at 55° by Sean Houchins-McCallum .",,80
100 i benk,https://climbing-history.org/climb/5130/100-i-benk,Boulder problem,8B,3,,,80
1-Up,https://climbing-history.org/climb/3327/1-up,Boulder problem,8B+,3,,,80
29 Dots,https://climbing-history.org/climb/3385/29-dots,Boulder problem,8A+,3,,,81
30 is the New 40,https://climbing-history.org/climb/1475/30-is-the-new-40,Sport route,8c,3,,,81
42,https://climbing-history.org/climb/1297/42,Sport route,8b+,3,So named because first ascenionist John Hart was 42 at the time.,,81
9 Lives,https://climbing-history.org/climb/3895/9-lives,Boulder problem,8B+,3,,,81
A1,https://climbing-history.org/climb/6943/a1,Boulder problem,8B+,3,,,81
Absinthium,https://climbing-history.org/climb/7910/absinthium,Sport route,9a,3,,,81
Adam Smith's Invisible Hand,https://climbing-history.org/climb/2316/adam-smiths-invisible-hand,Trad climb,E6,3,,,81
After Midnight,https://climbing-history.org/climb/5791/after-midnight,Boulder problem,7C+,3,,,81
Ai No Corrida,https://climbing-history.org/climb/5942/ai-no-corrida,Trad climb,E5,3,,,81
Airdrawn Dagger,https://climbing-history.org/climb/667/airdrawn-dagger,Trad climb,E8,3,,,81
Ajo Crudo,https://climbing-history.org/climb/2687/ajo-crudo,Sport route,8c,3,,,81
Akkurat Der,https://climbing-history.org/climb/7617/akkurat-der,Boulder problem,7C+,3,,,81
Alasha,https://climbing-history.org/climb/1273/alasha,Deep water solo,9a,3,The crux is an 8A boulder 15m up!,,81
Ali Baba,https://climbing-history.org/climb/2199/ali-baba,Boulder problem,8B+,3,45 moves of roof climbing.,,81
Alter Ego,https://climbing-history.org/climb/3354/alter-ego,Boulder problem,8B,3,,,81
Ambivalens,https://climbing-history.org/climb/7749/ambivalens,Boulder problem,8B,3,,,81
American Whale,https://climbing-history.org/climb/4463/american-whale,Sport route,8b+,3,,,81
Amicalement Blues,https://climbing-history.org/climb/8033/amicalement-blues,Sport route,9a,3,,,81
Anam Cara Low,https://climbing-history.org/climb/3755/anam-cara-low,Boulder problem,8C,3,,,81
Andromeda,https://climbing-history.org/climb/3484/andromeda,Boulder problem,8B+,3,"Line put up in Chambers Lake Colorado, part of the Roosevelt Forest Preserve.",,81
And the Ass Saw the Angel,https://climbing-history.org/climb/5875/and-the-ass-saw-the-angel,Boulder problem,8B,3,,,82
Angmar,https://climbing-history.org/climb/3920/angmar,Boulder problem,8B+,3,,,82
Animalistic,https://climbing-history.org/climb/2113/animalistic,Deep water solo,8c,3,A direct start to Animal Magnetism which adds a hard boulder problem.,,82
Antonio Vivaldi,https://climbing-history.org/climb/4593/antonio-vivaldi,Boulder problem,8B,3,,,82
Anxiety Neurosis,https://climbing-history.org/climb/4987/anxiety-neurosis,Trad climb,E5,3,,,82
Apophenia,https://climbing-history.org/climb/7620/apophenia,Trad climb,E7,3,,,82
A Present For the Future,https://climbing-history.org/climb/3290/a-present-for-the-future,Sport route,9a,3,,,82
Arch Wall,https://climbing-history.org/climb/7693/arch-wall,Trad climb,E7,3,,,82
Ard Ay,https://climbing-history.org/climb/2947/ard-ay,Boulder problem,8A+,3,,,82
Arrival of the Birds,https://climbing-history.org/climb/2596/arrival-of-the-birds,Boulder problem,9A,3,,,82
A Scanner Darkly,https://climbing-history.org/climb/4304/a-scanner-darkly,Boulder problem,8A+,3,,,82
Ashuradō,https://climbing-history.org/climb/2962/ashuradō,Boulder problem,8C,3,,,82
A Simple Knowing Low,https://climbing-history.org/climb/8199/a-simple-knowing-low,Boulder problem,8B+,3,,,82
Ataxia Hiperextension,https://climbing-history.org/climb/478/ataxia-hiperextension,Sport route,9a,3,,,82
Atrésie (assis),https://climbing-history.org/climb/5139/atrésie-(assis),Boulder problem,8A+,3,,,82
"B4, XS","https://climbing-history.org/climb/1788/b4,-xs",Trad climb,E7,3,,,82
Bachelorette,https://climbing-history.org/climb/6377/bachelorette,Boulder problem,8B,3,Horai in Japan,,82
Badman,https://climbing-history.org/climb/1857/badman,Sport route,8b+,3,,,82
Balaenoptera,https://climbing-history.org/climb/7742/balaenoptera,Boulder problem,8B,3,,,82
Bara Brith,https://climbing-history.org/climb/2655/bara-brith,Boulder problem,7C,3,,,82
Barefoot on Sacred Ground,https://climbing-history.org/climb/3432/barefoot-on-sacred-ground,Boulder problem,8A+,3,,,83
Barjoland,https://climbing-history.org/climb/1645/barjoland,Sport route,8b,3,,,83
Barney Ragin',https://climbing-history.org/climb/3783/barney-ragin,Sport route,8b+,3,,,83
Baron Greenback,https://climbing-history.org/climb/771/baron-greenback,Trad climb,E9,3,"Unusually for grit the route is protected by 3 bolts...though the bolts are tiny, old aid bolts circa 1969. Pete Whittaker tested them in a fall, but probably best to avoid falling off if you can.",,83
Barrakito Puro y Dur,https://climbing-history.org/climb/3623/barrakito-puro-y-dur,Sport route,8c+,3,,,83
Barrel Rider,https://climbing-history.org/climb/3607/barrel-rider,Boulder problem,8B,3,,,83
Battle Cat,https://climbing-history.org/climb/85/battle-cat,Sport route,8c,3,,,83
Becky/Mather,https://climbing-history.org/climb/3505/beckymather,Trad climb,E5,3,,,83
Be Kind,https://climbing-history.org/climb/5281/be-kind,Boulder problem,8B+,3,,,83
Below Zero,https://climbing-history.org/climb/1764/below-zero,Boulder problem,8B+,3,,,83
Beluga,https://climbing-history.org/climb/2804/beluga,Sport route,8a+,3,,,83
B.I.G,https://climbing-history.org/climb/2734/b.i.g,Sport route,9c,3,"B.I.G is a sport climb in Flatanger . It was bolted in 2013 by Adam Ondra around the same time he bolted Silence . It received significant attention from Adam Ondra , Jakob Schubert and Sébastien Bouin before Jakob made the first ascent in September 2023.",,83
Big Arms,https://climbing-history.org/climb/1971/big-arms,Boulder problem,8C,3,The re-ascent of Small Arms after the loss of holds.,,83
Big Fish,https://climbing-history.org/climb/2450/big-fish,Deep water solo,8c+,3,,,83
Big Illusion,https://climbing-history.org/climb/3062/big-illusion,Boulder problem,8C,3,,,83
Big Snapper,https://climbing-history.org/climb/5181/big-snapper,Boulder problem,8C,3,,,83
Big Twin,https://climbing-history.org/climb/8028/big-twin,Sport route,9a+,3,,,83
Bindu,https://climbing-history.org/climb/4668/bindu,Boulder problem,8A+,3,,,83
Biological Need,https://climbing-history.org/climb/5288/biological-need,Sport route,7c,3,,,83
Black Mamba,https://climbing-history.org/climb/3973/black-mamba,Boulder problem,8B,3,,,83
Blackout,https://climbing-history.org/climb/3091/blackout,Boulder problem,8B,3,,,84
Black Spring,https://climbing-history.org/climb/3375/black-spring,Trad climb,HVS,3,,,84
Blinded by the Light,https://climbing-history.org/climb/3608/blinded-by-the-light,Boulder problem,8B,3,,,84
Blockland,https://climbing-history.org/climb/6886/blockland,Boulder problem (indoor),8B,3,The second 8B/V13 on the 2016 Moon Board,,84
Blodsprutmoen,https://climbing-history.org/climb/7987/blodsprutmoen,Boulder problem,8B,3,,,84
Blood Meridian,https://climbing-history.org/climb/2297/blood-meridian,Boulder problem,8B,3,,,84
Blood on the Shamrock,https://climbing-history.org/climb/5682/blood-on-the-shamrock,Trad climb,E6,3,,,84
Bloody Face,https://climbing-history.org/climb/3373/bloody-face,Boulder problem,8B+,3,,,84
Blunt Sit,https://climbing-history.org/climb/3944/blunt-sit,Boulder problem,8B+,3,,,84
Bob Ross,https://climbing-history.org/climb/4135/bob-ross,Boulder problem,8B+,3,"Named because Dillon McLaughlin was trying the problem a lot before the first ascent, and his distinctive hair is like that of American painter Bob Ross .",,84
Bodge Job,https://climbing-history.org/climb/2400/bodge-job,Boulder problem,8A+,3,,,84
Body Machine,https://climbing-history.org/climb/543/body-machine,Sport route,7c+,3,Originally started from a tree at the base of the route at 7c. The tree was sadly chopped by a mystery lumberjack during the night of Friday 18th July 2008.,,84
Bohemian Grove,https://climbing-history.org/climb/6224/bohemian-grove,Boulder problem,8A,3,,,84
Bold As Love sit,https://climbing-history.org/climb/7836/bold-as-love-sit,Boulder problem,8B+,3,,,84
Boldness Through Ignorance,https://climbing-history.org/climb/3214/boldness-through-ignorance,Trad climb,E8,3,,,84
Boo,https://climbing-history.org/climb/4773/boo,Sport route,7c+,3,,,84
Booka Booka Booka,https://climbing-history.org/climb/4369/booka-booka-booka,Boulder problem,8B,3,,,84
Bookkeeping,https://climbing-history.org/climb/2279/bookkeeping,Boulder problem,8C+,3,,,84
Bordello,https://climbing-history.org/climb/808/bordello,Boulder problem,8B,3,,,84
Botterill's Slab,https://climbing-history.org/climb/4462/botterills-slab,Trad climb,VS,3,From the editorial notes in the Climbers' Club journal (1904),,84
Brainstorming,https://climbing-history.org/climb/6731/brainstorming,Boulder problem,8A+,3,Start up Matière Grise (7C) and finish up the right arête. 8A on bleau.info but grade consensus is 8A+.,,85
Branded,https://climbing-history.org/climb/1321/branded,Trad climb,E8,3,,,85
Brave New World,https://climbing-history.org/climb/5541/brave-new-world,Boulder problem,7A+,3,,,85
Brazzers,https://climbing-history.org/climb/6018/brazzers,Boulder problem,8A+,3,,,85
Breathless,https://climbing-history.org/climb/1455/breathless,Trad climb,E9,3,,,85
British-American Route,https://climbing-history.org/climb/5422/british-american-route,Trad climb,E3,3,,,85
Brownian Motion,https://climbing-history.org/climb/5126/brownian-motion,Boulder problem,8A+,3,,,85
Brozone,https://climbing-history.org/climb/8336/brozone,Trad climb,E10,3,Direct start to Ozone.,,85
Bruce Banner,https://climbing-history.org/climb/4619/bruce-banner,Boulder problem,8B,3,,,85
Bruce Lee vs The Kiss Army,https://climbing-history.org/climb/2979/bruce-lee-vs-the-kiss-army,Trad climb,E8,3,,,85
Brunhilde low start,https://climbing-history.org/climb/7646/brunhilde-low-start,Sport route,9a,3,,,85
Brutal kuk,https://climbing-history.org/climb/4749/brutal-kuk,Boulder problem,8B,3,"Initially proposed at 8A+ subsequent repeats have suggested 8B, making it the first of the grade in Norway.",,85
Buddha,https://climbing-history.org/climb/5020/buddha,Sport route,9a,3,"A route in Wallis bolted by Cyrille Albasini. There is some ambiguity about the name. Albasini seems to have called the line L’Œuvre, but Raboutou called the route Buddha.",,85
Buddha Belly Low,https://climbing-history.org/climb/7410/buddha-belly-low,Boulder problem,7C,3,,,85
Bullheart,https://climbing-history.org/climb/2938/bullheart,Sport route,8b+,3,,,85
Burnt Ends,https://climbing-history.org/climb/2481/burnt-ends,Boulder problem,8B,3,,,85
Cacahuete,https://climbing-history.org/climb/6441/cacahuete,Boulder problem,8B+,3,,,85
Cancion del Cuy,https://climbing-history.org/climb/8327/cancion-del-cuy,Sport route,9a,3,"The first 9a in Peru, and the highest at 4500m at the time it was established.",,85
Capital Punishment,https://climbing-history.org/climb/4190/capital-punishment,Trad climb,E4,3,,,85
Capricorn,https://climbing-history.org/climb/2766/capricorn,Sport route,8c+,3,,,85
Captain Caveman,https://climbing-history.org/climb/7787/captain-caveman,Sport route,8c+,3,,,86
Carpe Diem,https://climbing-history.org/climb/901/carpe-diem,Trad climb,E6,3,,,86
Cassini,https://climbing-history.org/climb/1361/cassini,Trad climb,E8,3,,,86
Cassin Route,https://climbing-history.org/climb/5306/cassin-route,Trad climb,E5,3,,,86
Cave Rave,https://climbing-history.org/climb/3072/cave-rave,Boulder problem,8B,3,,,86
Central Wall,https://climbing-history.org/climb/4398/central-wall,Trad climb,E3,3,,,86
Centurion,https://climbing-history.org/climb/3660/centurion,Trad climb,HVS,3,,,86
Cerro Autana SW Face,https://climbing-history.org/climb/6168/cerro-autana-sw-face,Trad climb,E7,3,Venezuela,,86
Chasin' the Trane,https://climbing-history.org/climb/864/chasin-the-trane,Sport route,7c,3,"The name is a reference to John Coltrane , an american jazz saxophonist whom first ascentionis John Bachar admired. [1]",,86
Cheating Reality,https://climbing-history.org/climb/3276/cheating-reality,Trad climb,E9,3,,,86
Chicama,https://climbing-history.org/climb/671/chicama,Trad climb,E9,3,,,86
Chocholocco,https://climbing-history.org/climb/6041/chocholocco,Sport route,9a,3,,,86
Chocolate Jesus,https://climbing-history.org/climb/2580/chocolate-jesus,Boulder problem,8B,3,,,86
Chromosone Y,https://climbing-history.org/climb/1497/chromosone-y,Sport route,8c+,3,,,86
Citrine,https://climbing-history.org/climb/5469/citrine,Boulder problem,8B+,3,,,86
Clarion Call,https://climbing-history.org/climb/540/clarion-call,Sport route,7a,3,"One of the first routes in the UK to be bolted specifically for the purpose of free climbing. Bolt protected free routes had existed but were typically reliant on gear left behind by aid climbers (pegs, caving bolts etc.)",,86
Clash of the Titans,https://climbing-history.org/climb/2919/clash-of-the-titans,Sport route,9b,3,,,86
Classified,https://climbing-history.org/climb/1739/classified,Sport route,9a,3,,,86
Close of Business,https://climbing-history.org/climb/169/close-of-business,Boulder problem,8B,3,,,86
Cloud Gate,https://climbing-history.org/climb/5069/cloud-gate,Boulder problem,8A+,3,,,86
Cobwebs,https://climbing-history.org/climb/4449/cobwebs,Trad climb,E7,3,,,87
Coeur de Lion,https://climbing-history.org/climb/700/coeur-de-lion,Trad climb,E8,3,The crux is around 8a+/b.,,87
Colossus,https://climbing-history.org/climb/8150/colossus,Sport route,8c,3,,,87
Combined Energy,https://climbing-history.org/climb/4358/combined-energy,Trad climb,E8,3,,,87
Complete Control,https://climbing-history.org/climb/2630/complete-control,Sport route,8a,3,,,87
Cool Moon,https://climbing-history.org/climb/2050/cool-moon,Trad climb,E7,3,,,87
Coppa Bombastico,https://climbing-history.org/climb/4809/coppa-bombastico,Boulder problem,8B+,3,,,87
Copperline,https://climbing-history.org/climb/506/copperline,Boulder problem,8B+,3,,,87
Core Pain,https://climbing-history.org/climb/3717/core-pain,Sport route,8c,3,So-named because Dave MacLeod got a nasty muscular strain in his core while working the intense crux sequence.,,87
Corinthian Groove,https://climbing-history.org/climb/1872/corinthian-groove,Sport route,8b,3,,,87
Cornerstone,https://climbing-history.org/climb/6515/cornerstone,Sport route,8c+,3,,,87
Coronation Street,https://climbing-history.org/climb/2647/coronation-street,Trad climb,E1,3,"The first ascent was televised live on ITV World of Sport, an early example of the Bonington's entrepreneurial skills in interesting British mainstream media in climbing. The route was named after the channel's popular soap-opera.",,87
Cosi se Arete,https://climbing-history.org/climb/2781/cosi-se-arete,Sport route,9a,3,,,87
Cosmic Debris,https://climbing-history.org/climb/2680/cosmic-debris,Trad climb,E7,3,Named after the Frank Zappa song.,,87
Couronne De Mousse,https://climbing-history.org/climb/7243/couronne-de-mousse,Boulder problem,8A,3,,,87
Coventry Street,https://climbing-history.org/climb/5587/coventry-street,Trad climb,E5,3,,,87
Crack the Back,https://climbing-history.org/climb/7669/crack-the-back,Sport route,8c,3,,,87
Cream Team Special,https://climbing-history.org/climb/1558/cream-team-special,Trad climb,E5,3,,,87
Crépitement Vôtre,https://climbing-history.org/climb/7246/crépitement-vôtre,Boulder problem,8B+,3,,,87
Crimptonite,https://climbing-history.org/climb/1808/crimptonite,Sport route,8b+,3,,,87
Crisis,https://climbing-history.org/climb/1959/crisis,Boulder problem,8C,3,,,88
Cro-Magnum,https://climbing-history.org/climb/2774/cro-magnum,Trad climb,E8,3,,,88
Crown Royale,https://climbing-history.org/climb/2754/crown-royale,Trad climb,E11,3,A monster pitch! This links Flying Vikings Direct in to Eigerdosis to take you to the end of the steep climbing before 40m of easier climbing to top out the entire crag.,,88
Curve Ball,https://climbing-history.org/climb/4995/curve-ball,Boulder problem,8C+,3,,,88
Cutting the Habit,https://climbing-history.org/climb/6907/cutting-the-habit,Boulder problem,8A+,3,An Arkansas testpiece.,,88
Cwms the Dogfish,https://climbing-history.org/climb/4011/cwms-the-dogfish,Sport route,8a,3,,,88
Dad Bod,https://climbing-history.org/climb/3972/dad-bod,Sport route,8c+,3,,,88
Dark Energy,https://climbing-history.org/climb/62/dark-energy,Sport route,8c+,3,,,88
Dark Sakai,https://climbing-history.org/climb/774/dark-sakai,Boulder problem,8B,3,,,88
Dark Stranger,https://climbing-history.org/climb/5311/dark-stranger,Sport route,8a,3,,,88
Dawes of Perception,https://climbing-history.org/climb/1167/dawes-of-perception,Trad climb,E7,3,,,88
Deaf Leopard,https://climbing-history.org/climb/8090/deaf-leopard,Boulder problem,8B+,3,,,88
Death's End,https://climbing-history.org/climb/3801/deaths-end,Boulder problem,8C,3,,,88
Deathstar,https://climbing-history.org/climb/1094/deathstar,Boulder problem,8C,3,,,88
Deathwatch,https://climbing-history.org/climb/1789/deathwatch,Trad climb,E7,3,,,88
Deep Throat,https://climbing-history.org/climb/3588/deep-throat,Boulder problem,8B,3,,,88
Déjà,https://climbing-history.org/climb/4322/déjà,Sport route,8c+,3,400m.,,88
Délire Onirique (assis),https://climbing-history.org/climb/686/délire-onirique-(assis),Boulder problem,8C,3,,,88
Deliverance,https://climbing-history.org/climb/1625/deliverance,Boulder problem,7B+,3,,,88
Denim,https://climbing-history.org/climb/1551/denim,Trad climb,E6,3,,,88
Der Heilige Gral,https://climbing-history.org/climb/3777/der-heilige-gral,Sport route,9a,3,,,89
Desperate Dan,https://climbing-history.org/climb/1556/desperate-dan,Trad climb,E6,3,,,89
Devastation Generation,https://climbing-history.org/climb/95/devastation-generation,Sport route,8c,3,,,89
Devil's Blade,https://climbing-history.org/climb/2198/devils-blade,Boulder problem,8A,3,,,89
Devilution,https://climbing-history.org/climb/3051/devilution,Boulder problem,8C+,3,"Evilution / Evilution Direct usually starts from stacked pads, this is the proper stand start. It only adds two moves to the start of the problem, but those two moves are incredibly hard bumping the grade from 8A/+ to 8C+.",,89
Devon Sent,https://climbing-history.org/climb/1529/devon-sent,Boulder problem,7C+,3,,,89
Dharma,https://climbing-history.org/climb/5250/dharma,Trad climb,E7,3,,,89
Diagon Alley,https://climbing-history.org/climb/3001/diagon-alley,Boulder problem,7C,3,,,89
Die by the Drop,https://climbing-history.org/climb/1463/die-by-the-drop,Trad climb,E10,3,,,89
Diesel Power,https://climbing-history.org/climb/679/diesel-power,Boulder problem,8A,3,,,89
Dinosaur,https://climbing-history.org/climb/1383/dinosaur,Trad climb,E5,3,The name comes from the long neck and small brain you'll need to climb the route (as Brown said of Crew)!,,89
Disorderly Conduct,https://climbing-history.org/climb/626/disorderly-conduct,Trad climb,E8,3,,,89
Distortion,https://climbing-history.org/climb/2679/distortion,Boulder problem,8A+,3,,,89
Division Bell,https://climbing-history.org/climb/3081/division-bell,Sport route,8b,3,Named after Pink Floyd's 14th album of the same name [1].,,89
DNA,https://climbing-history.org/climb/1901/dna,Sport route,9c,3,"The first 6 quickdraws are ~8c to a rest, then 8A boulder, 8A+ boulder to another rest and then 8c+ to the top.",,89
Dog Eat Dog,https://climbing-history.org/climb/3300/dog-eat-dog,Sport route,8b+,3,,,89
Dol Guldur,https://climbing-history.org/climb/6950/dol-guldur,Trad climb,E4,3,,,89
Dolphin Wall,https://climbing-history.org/climb/1470/dolphin-wall,Trad climb,E8,3,,,89
Dominatrix,https://climbing-history.org/climb/3289/dominatrix,Sport route,7c,3,,,89
Doubloons,https://climbing-history.org/climb/3506/doubloons,Sport route,8b+,3,,,89
Down on My Knee,https://climbing-history.org/climb/4015/down-on-my-knee,Trad climb,E7,3,So named because as it was first ascentionist Tim Emmett's first lead after smashing his knee cap. [1],,90
Dr Crimp,https://climbing-history.org/climb/268/dr-crimp,Boulder problem,7C,3,,,90
Dr Crimp,https://climbing-history.org/climb/1289/dr-crimp,Sport route,8b+,3,,,90
Dreadnaught,https://climbing-history.org/climb/819/dreadnaught,Sport route,8c,3,,,90
Dreamcatcher,https://climbing-history.org/climb/6368/dreamcatcher,Boulder problem,8B+,3,,,90
Drifter,https://climbing-history.org/climb/939/drifter,Trad climb,E7,3,,,90
Duality of Man,https://climbing-history.org/climb/5175/duality-of-man,Sport route,9c,3,The first 9c in the USA.,,90
Dulcifer (low start),https://climbing-history.org/climb/1522/dulcifer-(low-start),Boulder problem,8A+,3,,,90
Earn Your Stripes,https://climbing-history.org/climb/7230/earn-your-stripes,Boulder problem,8A,3,,,90
Earthworm Jim,https://climbing-history.org/climb/4843/earthworm-jim,Boulder problem,8A+,3,,,90
Easel-EE,https://climbing-history.org/climb/1902/easel-ee,Trad climb,E7,3,,,90
East Coast Fist Bump,https://climbing-history.org/climb/1425/east-coast-fist-bump,Trad climb,E9,3,,,90
East Coker,https://climbing-history.org/climb/408/east-coker,Boulder problem,8B,3,,,90
Eau Profonde,https://climbing-history.org/climb/3807/eau-profonde,Boulder problem,8B+,3,In March 2022 a substantial fire was started in the cave which destroyed several problems including this one. [1],,90
Ecstacy,https://climbing-history.org/climb/3812/ecstacy,Sport route,8b,3,,,90
E La Nave Va,https://climbing-history.org/climb/2420/e-la-nave-va,Traverse,8c+,3,,,90
Electric Copper,https://climbing-history.org/climb/3664/electric-copper,Boulder problem,8A,3,,,90
El Pistolero,https://climbing-history.org/climb/4707/el-pistolero,Boulder problem,8B,3,,,90
El Potro,https://climbing-history.org/climb/1065/el-potro,Sport route,9a,3,,,90
El Salto del Tigre,https://climbing-history.org/climb/852/el-salto-del-tigre,Sport route,8a,3,,,90
End Game,https://climbing-history.org/climb/159/end-game,Boulder problem,8B,3,,,91
End of Sand,https://climbing-history.org/climb/7461/end-of-sand,Boulder problem,8B,3,,,91
Enigma,https://climbing-history.org/climb/3259/enigma,Boulder problem,8B,3,"The first 8B in the forest. One of the starting holds broke shortly after the first ascent, but it is still possible at a similar grade.",,91
En liten kosmisk variant,https://climbing-history.org/climb/7248/en-liten-kosmisk-variant,Boulder problem,8B,3,,,91
Enura,https://climbing-history.org/climb/3008/enura,Sport route,8c,3,,,91
Epidote Extension (Left),https://climbing-history.org/climb/3904/epidote-extension-(left),Boulder problem,8B+,3,,,91
Ergometría,https://climbing-history.org/climb/3764/ergometría,Sport route,8a,3,,,91
Eskimo,https://climbing-history.org/climb/5653/eskimo,Sport route,8c+,3,,,91
Eskimo Brothers,https://climbing-history.org/climb/3601/eskimo-brothers,Boulder problem,8B,3,,,91
Esperanza,https://climbing-history.org/climb/4609/esperanza,Boulder problem,8A+,3,,,91
Esplendor Geometrico,https://climbing-history.org/climb/4263/esplendor-geometrico,Deep water solo,8a+,3,,,91
Ethiopia,https://climbing-history.org/climb/2045/ethiopia,Trad climb,E8,3,,,91
European Human Being,https://climbing-history.org/climb/5016/european-human-being,Boulder problem,8A+,3,,,91
Euro Trash,https://climbing-history.org/climb/1266/euro-trash,Boulder problem,8A+,3,,,91
Everything Gneiss,https://climbing-history.org/climb/2379/everything-gneiss,Boulder problem,8C,3,,,91
Everything the Light Touches,https://climbing-history.org/climb/1835/everything-the-light-touches,Boulder problem,8C,3,,,91
Face Mecca,https://climbing-history.org/climb/647/face-mecca,Trad climb,E9,3,,,91
Fake Pamplemousse,https://climbing-history.org/climb/4137/fake-pamplemousse,Boulder problem,8A,3,,,91
Fatal Attraction,https://climbing-history.org/climb/4590/fatal-attraction,Boulder problem,8B+,3,,,91
Fat Cat Roof,https://climbing-history.org/climb/282/fat-cat-roof,Boulder problem,7C,3,,,91
Fat Lady,https://climbing-history.org/climb/229/fat-lady,Boulder problem,8A,3,,,92
Fat Lip SDS,https://climbing-history.org/climb/217/fat-lip-sds,Boulder problem,8B,3,,,92
Feeding the Pony,https://climbing-history.org/climb/916/feeding-the-pony,Trad climb,E8,3,"First ascent placed a large hex runner in the crak of Lean Man's Climb, up which the route started, at E7 7a. Subsequently soloed by Ben Heason with a slightly more direct start, eliminating the crack at E8.",,92
Feuerwalze,https://climbing-history.org/climb/6828/feuerwalze,Boulder problem,8B+,3,,,92
Final Cut,https://climbing-history.org/climb/7406/final-cut,Sport route,8c,3,Director's Cut (8A+) into Almost Familiar (7c),,92
Final Flip Flopera,https://climbing-history.org/climb/7371/final-flip-flopera,Boulder problem,8B,3,,,92
First Try,https://climbing-history.org/climb/2274/first-try,Boulder problem,8B,3,,,92
Fish Crack,https://climbing-history.org/climb/7034/fish-crack,Trad climb,E5,3,One of the earliest 5.12s in Yosemite. A Ron Kauk and John Bachar project before Barber made the first ascent.,,92
Flamignon,https://climbing-history.org/climb/6500/flamignon,Boulder problem,8B,3,,,92
Flawless Left,https://climbing-history.org/climb/1909/flawless-left,Trad climb,E6,3,,,92
Flodden,https://climbing-history.org/climb/4894/flodden,Trad climb,E6,3,,,92
Flor de Loto,https://climbing-history.org/climb/182/flor-de-loto,Boulder problem,8B,3,,,92
Flux,https://climbing-history.org/climb/2908/flux,Boulder problem,8C,3,,,92
Foops,https://climbing-history.org/climb/4039/foops,Trad climb,E4,3,,,92
Fox on a Hot Thin Roof,https://climbing-history.org/climb/4985/fox-on-a-hot-thin-roof,Trad climb,E6,3,,,92
Frank's Wild Years,https://climbing-history.org/climb/3359/franks-wild-years,Boulder problem,8A+,3,,,92
Freak Out,https://climbing-history.org/climb/4882/freak-out,Trad climb,E4,3,,,92
Free Blast,https://climbing-history.org/climb/1685/free-blast,Trad climb,E4,3,First ten pitches of Salathe Wall climbed free. 5.11b including some very insecure friction slabs.,,92
Free Monster,https://climbing-history.org/climb/1050/free-monster,Sport route,8a,3,Previously a route called 'Tea Monster' climbed by Nigel Slater that featured a bolted on flake.,,92
Free the Spirit,https://climbing-history.org/climb/5904/free-the-spirit,Trad climb,E6,3,,,92
French Kiss,https://climbing-history.org/climb/955/french-kiss,Trad climb,E8,3,,,93
Freya,https://climbing-history.org/climb/8012/freya,Trad climb,E7,3,,,93
From Dirt Grows the Flowers (Left),https://climbing-history.org/climb/120/from-dirt-grows-the-flowers-(left),Boulder problem,8B+,3,This is a variation finish to the original problem. Suggestions for the grade are around hard 8B+ to soft 8C.,,93
Frontside,https://climbing-history.org/climb/4210/frontside,Boulder problem,8A+,3,,,93
Froskekongen,https://climbing-history.org/climb/7668/froskekongen,Sport route,8b+,3,,,93
Frozen Witch Broth,https://climbing-history.org/climb/5413/frozen-witch-broth,Boulder problem,8B+,3,,,93
Fryktelig i tvil,https://climbing-history.org/climb/7597/fryktelig-i-tvil,Sport route,8c,3,First 8c route in Norway.,,93
#fucknewton,https://climbing-history.org/climb/4612/fucknewton,Boulder problem,8B,3,,,93
Full Metal Brisket,https://climbing-history.org/climb/2578/full-metal-brisket,Sport route,9a+,3,,,93
Full Power,https://climbing-history.org/climb/1100/full-power,Boulder problem,8A,3,,,93
Full Throttle,https://climbing-history.org/climb/4585/full-throttle,Boulder problem,8B,3,,,93
Fuminsho,https://climbing-history.org/climb/5495/fuminsho,Boulder problem,8B,3,"8B/8B+. Right hand line on the Fukano Slab, Ogawayama.",,93
Gandalf the Grey,https://climbing-history.org/climb/3630/gandalf-the-grey,Boulder problem,8B,3,,,93
Gaston LeGume,https://climbing-history.org/climb/2720/gaston-legume,Boulder problem,8B+,3,,,93
General Incompetence,https://climbing-history.org/climb/542/general-incompetence,Trad climb,E7,3,There is some confusion around the name with the route being called General Dismissal in places.,,93
Genesis,https://climbing-history.org/climb/6047/genesis,Trad climb,E6,3,,,93
Gerty Berwick,https://climbing-history.org/climb/559/gerty-berwick,Trad climb,E9,3,,,93
Ghost Rider,https://climbing-history.org/climb/1893/ghost-rider,Boulder problem,8C,3,,,93
Gin Palace,https://climbing-history.org/climb/1185/gin-palace,Sport route,7c,3,"A desperate flared chimney, mostly destroyed in a major rockfall in November 2020.",,93
Gjeddehenget,https://climbing-history.org/climb/6257/gjeddehenget,Boulder problem,8A+,3,,,93
Glover's Chimney,https://climbing-history.org/climb/7285/glovers-chimney,Trad climb,D,3,,,94
Glow in the Dark Estrellas,https://climbing-history.org/climb/7424/glow-in-the-dark-estrellas,Boulder problem,8A,3,Iitially suggested at 8B+ before new beta was found which was closer to 8A.,,94
Golden Feet,https://climbing-history.org/climb/5262/golden-feet,Boulder problem,8A+,3,"The first 8A slab in the forest, now rated 8A+",,94
Goldrake,https://climbing-history.org/climb/3955/goldrake,Sport route,9a+,3,,,94
Gondo Crack,https://climbing-history.org/climb/7233/gondo-crack,Trad climb,E9,3,,,94
Good Hope,https://climbing-history.org/climb/1931/good-hope,Boulder problem,8B,3,,,94
Goosfraba,https://climbing-history.org/climb/1847/goosfraba,Sport route,8c+,3,,,94
Gränslandet,https://climbing-history.org/climb/7797/gränslandet,Sport route,8c,3,,,94
Gravitas,https://climbing-history.org/climb/7769/gravitas,Boulder problem,8B,3,,,94
Gravity Wave,https://climbing-history.org/climb/1340/gravity-wave,Trad climb,E8,3,,,94
GreatNess Wall,https://climbing-history.org/climb/553/greatness-wall,Trad climb,E10,3,"First tried by Nick Dixon (like everything at Nesscliffe !), James McHaffie then took it on and got tantalisingly close to grabbing the first ascent. His best efforts involved some huge lobs after tickling the good hold at the end of the crux. Steve McClure then took it on and got the first ascent of this very impressive line.",,94
Green Death,https://climbing-history.org/climb/1540/green-death,Trad climb,E5,3,"Through the 1970s, the route was started from a pile of rocks.",,94
Groove Armada,https://climbing-history.org/climb/5878/groove-armada,Boulder problem,7C+,3,,,94
Groove is in the Heart,https://climbing-history.org/climb/2926/groove-is-in-the-heart,Trad climb,E7,3,,,94
Gut Buster,https://climbing-history.org/climb/436/gut-buster,Boulder problem,8B+,3,,,94
Hail Nails,https://climbing-history.org/climb/5418/hail-nails,Boulder problem,8B+,3,,,94
"Half Lamb, Half Machine","https://climbing-history.org/climb/1491/half-lamb,-half-machine",Boulder problem,8B,3,,,94
Hanuman,https://climbing-history.org/climb/5208/hanuman,Trad climb,E10,3,,,94
Haralds til topps,https://climbing-history.org/climb/4582/haralds-til-topps,Boulder problem,8B,3,,,94
Hardback Thesaurus,https://climbing-history.org/climb/1648/hardback-thesaurus,Trad climb,E8,3,,,94
Hard Times,https://climbing-history.org/climb/3767/hard-times,Boulder problem,8B,3,,,95
Hatchatrocity,https://climbing-history.org/climb/249/hatchatrocity,Boulder problem,8A,3,,,95
Heart Beat City,https://climbing-history.org/climb/886/heart-beat-city,Trad climb,E8,3,,,95
Heaven,https://climbing-history.org/climb/2273/heaven,Trad climb,E6,3,,,95
Hector Protector,https://climbing-history.org/climb/3510/hector-protector,Sport route,8b,3,,,95
Hellish,https://climbing-history.org/climb/3163/hellish,Trad climb,E8,3,,,95
Hell of a Paradise,https://climbing-history.org/climb/7656/hell-of-a-paradise,Sport route,8c,3,,,95
Helvetia,https://climbing-history.org/climb/375/helvetia,Sport route,8b+,3,Named after a ship that was wrecked on the beach.,,95
Hidrofóbia (L2),https://climbing-history.org/climb/1550/hidrofóbia-(l2),Sport route,8b+,3,,,95
High Street,https://climbing-history.org/climb/4060/high-street,Trad climb,E3,3,,,95
High Tor Gully,https://climbing-history.org/climb/8332/high-tor-gully,Trad climb,VD,3,"The first ascent of this became the subject of a heated and increasingly acrimonious exchange between William Smithard and Ernest A. Baker , played out through an exchange of letters in the Climbers' Club Journal. [1][2][3][4][5] The editor was not impressed:",,95
Hip Hop (assis),https://climbing-history.org/climb/5571/hip-hop-(assis),Boulder problem,8B,3,,,95
Hispaniola,https://climbing-history.org/climb/7197/hispaniola,Boulder problem,8A+,3,,,95
Holocaust,https://climbing-history.org/climb/1465/holocaust,Trad climb,E4,3,,,95
Hooligan,https://climbing-history.org/climb/1621/hooligan,Sport route,8c+,3,The name comes from some abuse directed at the FA while walking past a group of elderly pastiche-drinking Frenchmen as he entered a bar in Nice early one morning. [1],,95
Hot Fun Closing,https://climbing-history.org/climb/759/hot-fun-closing,Sport route,8a,3,,,95
House of the Rising Sun,https://climbing-history.org/climb/1134/house-of-the-rising-sun,Boulder problem,8B,3,,,95
How Soon Is Now?,https://climbing-history.org/climb/6903/how-soon-is-now,Boulder problem (indoor),8C,3,"The first standardized board 8C/V15. Set for the spray section of the Noah Wheeler, Hamish McArthur, and Sean Houchins-McCallum board Lords video.",,95
Hyper Finale,https://climbing-history.org/climb/2058/hyper-finale,Sport route,9a+,3,,,95
Idea,https://climbing-history.org/climb/6547/idea,Boulder problem,8B+,3,,,95
If 6 was 9,https://climbing-history.org/climb/595/if-6-was-9,Trad climb,E9,3,,,96
Il Domani,https://climbing-history.org/climb/594/il-domani,Sport route,9a,3,,,96
Im Reich des Shogun,https://climbing-history.org/climb/3805/im-reich-des-shogun,Sport route,9a,3,,,96
Inconformistas,https://climbing-history.org/climb/4681/inconformistas,Sport route,9a,3,,,96
Infusion du Soir,https://climbing-history.org/climb/5498/infusion-du-soir,Boulder problem,8A,3,Originally 7A. Reclimbed after hold breakage by Catherine Miquel at 8A.,,96
Ingravid Extension Pa La Enmienda,https://climbing-history.org/climb/3155/ingravid-extension-pa-la-enmienda,Sport route,8c+,3,,,96
Inspiration Dedication,https://climbing-history.org/climb/966/inspiration-dedication,Trad climb,E8,3,,,96
Intercooler,https://climbing-history.org/climb/294/intercooler,Sport route,8c,3,,,96
Interrobang,https://climbing-history.org/climb/5986/interrobang,Sport route,8b+,3,,,96
Into the Sun,https://climbing-history.org/climb/1647/into-the-sun,Trad climb,E10,3,,,96
Invert The System,https://climbing-history.org/climb/6946/invert-the-system,Boulder problem (indoor),8B+,3,,,96
Invisible Cities,https://climbing-history.org/climb/4977/invisible-cities,Boulder problem,8B,3,,,96
Iron Curtain,https://climbing-history.org/climb/489/iron-curtain,Sport route,9a+,3,,,96
It Never Fuckin’ Ends!,https://climbing-history.org/climb/7204/it-never-fuckin’-ends!,Boulder problem,"8A
                        (approx)",3,,,96
Ivory Madonna,https://climbing-history.org/climb/1081/ivory-madonna,Trad climb,E6,3,"Originally E5, there is a chance of a ground fall from the crux, now that the ring peg has gone from Lord of the Flies .",,96
Jack's Broken Heart,https://climbing-history.org/climb/2777/jacks-broken-heart,Boulder problem,8A+,3,,,96
Jack the Drunk,https://climbing-history.org/climb/5322/jack-the-drunk,Boulder problem,8A+,3,,,96
Jaded,https://climbing-history.org/climb/6887/jaded,Boulder problem (indoor),8B+,3,"Jaded was the first proposed v14 on the TB2 Mirror. Set by Matt Fultz, it was originally intended to be a replica of the infamous v14 'Jade' in RMNP.",,96
Jahu,https://climbing-history.org/climb/5618/jahu,Trad climb,E5,3,,,96
Janja SD,https://climbing-history.org/climb/4077/janja-sd,Boulder problem,8B+,3,,,96
Janus,https://climbing-history.org/climb/4704/janus,Sport route,8c,3,,,97
Janus,https://climbing-history.org/climb/4091/janus,Sport route,9a,3,,,97
Jaro,https://climbing-history.org/climb/3613/jaro,Boulder problem,8B,3,,,97
Jasper,https://climbing-history.org/climb/1793/jasper,Trad climb,E3,3,In 1980 a large flake on the route 'fell off':,,97
Jiagi,https://climbing-history.org/climb/5379/jiagi,Boulder problem,8A+,3,"Originally proposed at 8B+, the second and third ascentionists used new beta and suggested 8A+.",,97
John’s Problem,https://climbing-history.org/climb/7344/john’s-problem,Boulder problem,8B+,3,Originally a project tried by Josh Hummel-Newell who did all the moves but ultimately was unable to finish it.,,97
Jolly Roger,https://climbing-history.org/climb/7308/jolly-roger,Aid Climb,A5,3,Rusty Reno :,,97
Jon Assis,https://climbing-history.org/climb/7761/jon-assis,Boulder problem,8B+,3,,,97
Jumpey Wooler,https://climbing-history.org/climb/913/jumpey-wooler,Trad climb,E6,3,,,97
Juturna,https://climbing-history.org/climb/7575/juturna,Sport route,9a,3,,,97
K3,https://climbing-history.org/climb/743/k3,Sport route,8a+,3,,,97
Kaizen,https://climbing-history.org/climb/4170/kaizen,Boulder problem,8C,3,Traverse on the famous Patoneros cave in Torrelodones. Highly chipped training wall.,,97
Kamarprobbinn,https://climbing-history.org/climb/7960/kamarprobbinn,Sport route,8b+,3,The hardest sport climb in Iceland.,,97
Kampfzone,https://climbing-history.org/climb/4375/kampfzone,Sport route,8b+,3,,,97
Kandata,https://climbing-history.org/climb/6498/kandata,Boulder problem,8B+,3,"Maze, Gero, Gifu, Japan",,97
Kärlek,https://climbing-history.org/climb/6210/kärlek,Trad climb,E8,3,E grade approx.,,97
Katie's Delight,https://climbing-history.org/climb/675/katies-delight,Trad climb,E7,3,,,97
Keen Sympathiser,https://climbing-history.org/climb/1407/keen-sympathiser,Boulder problem,8B,3,,,97
Kemena,https://climbing-history.org/climb/3094/kemena,Boulder problem,8C,3,"Sometime after Ignacio Sánchez González made the second ascent a hold broke, making the problem significantly harder. It wasn't clear that it was still possible until Alberto Rocasolano Jaudenes re-opened the line over 10 years later. [1]",,97
Kesäturkki,https://climbing-history.org/climb/1440/kesäturkki,Deep water solo,8c,3,,,97
Kinder Cakes,https://climbing-history.org/climb/1534/kinder-cakes,Sport route,9a+,3,,,98
King Capella,https://climbing-history.org/climb/1108/king-capella,Sport route,9b,3,The breakdown is 8B+ in to 8A+/B in to 7C followed by an easy finish. [1],,98
King Kong,https://climbing-history.org/climb/4871/king-kong,Trad climb,E2,3,,,98
King Line,https://climbing-history.org/climb/7314/king-line,Boulder problem,8B,3,,,98
Kleptomania,https://climbing-history.org/climb/1224/kleptomania,Sport route,8a,3,Glen Sutcliffe snuck in to pinch the first ascent from Dave Pegg who had only equipped th eline a couple of months previously!,,98
Kokanee Corner,https://climbing-history.org/climb/6916/kokanee-corner,Trad climb,E9,3,,,98
Kokuu,https://climbing-history.org/climb/7699/kokuu,Boulder problem,8B+,3,8B+/8C,,98
Kommunist,https://climbing-history.org/climb/1113/kommunist,Sport route,8b+,3,,,98
Kuzan,https://climbing-history.org/climb/2422/kuzan,Boulder problem,8C,3,,,98
Kwetsa,https://climbing-history.org/climb/5132/kwetsa,Boulder problem,8B,3,,,98
La Balance,https://climbing-history.org/climb/2560/la-balance,Boulder problem,7C+,3,,,98
La Bongada,https://climbing-history.org/climb/2487/la-bongada,Sport route,9a,3,,,98
La Bruja,https://climbing-history.org/climb/4118/la-bruja,Trad climb,E10,3,,,98
La Cicatrice de l'Ohm,https://climbing-history.org/climb/5564/la-cicatrice-de-lohm,Boulder problem,8A+,3,,,98
Lacrima,https://climbing-history.org/climb/5497/lacrima,Boulder problem,8B,3,,,98
La Diagonale des Oufs,https://climbing-history.org/climb/6732/la-diagonale-des-oufs,Boulder problem,8B,3,Start up Multipass (7B) and finish up Brainstorming (8A+).,,98
Lafaille Route,https://climbing-history.org/climb/3839/lafaille-route,Alpine,ED3,3,,,98
La Flûte,https://climbing-history.org/climb/4005/la-flûte,Sport route,8c+,3,,,98
La Force Obscure,https://climbing-history.org/climb/3057/la-force-obscure,Traverse,8c,3,,,98
La Fuente,https://climbing-history.org/climb/4192/la-fuente,Boulder problem,7C,3,,,98
Lager Lager Lager,https://climbing-history.org/climb/2240/lager-lager-lager,Boulder problem,7C,3,,,99
La Ley Indignata,https://climbing-history.org/climb/1111/la-ley-indignata,Sport route,9a,3,,,99
La Madone,https://climbing-history.org/climb/3293/la-madone,Sport route,9a+,3,,,99
L'Ami de Tout le Monde,https://climbing-history.org/climb/463/lami-de-tout-le-monde,Sport route,8b,3,,,99
Land of Mead,https://climbing-history.org/climb/4638/land-of-mead,Boulder problem,8A+,3,,,99
L'Angle Plus que Parfait,https://climbing-history.org/climb/5788/langle-plus-que-parfait,Boulder problem,7B,3,,,99
Lanny Bassham,https://climbing-history.org/climb/766/lanny-bassham,Boulder problem,8A+,3,,,99
La Picharrête,https://climbing-history.org/climb/2466/la-picharrête,Boulder problem,8C,3,"From the same start as No Kpote Only , take the wall and slopers above.",,99
Lapoterapia,https://climbing-history.org/climb/3314/lapoterapia,Sport route,8c,3,,,99
La Rage d'Adam,https://climbing-history.org/climb/473/la-rage-dadam,Sport route,9b,3,,,99
Laroy,https://climbing-history.org/climb/7788/laroy,Sport route,8c,3,,,99
Las Meninas R1,https://climbing-history.org/climb/2057/las-meninas-r1,Sport route,9a,3,,,99
Last Night,https://climbing-history.org/climb/1110/last-night,Sport route,9a,3,,,99
Last Wave Goodbye sit,https://climbing-history.org/climb/3534/last-wave-goodbye-sit,Boulder problem,8B+,3,,,99
La Valse aux Adieux (Prolongé),https://climbing-history.org/climb/3394/la-valse-aux-adieux-(prolongé),Boulder problem,8C,3,,,99
Lazarus,https://climbing-history.org/climb/2241/lazarus,Sport route,9a+,3,,,99
La Zébrée,https://climbing-history.org/climb/1421/la-zébrée,Trad climb,E9,3,,,99
Leaf Storm,https://climbing-history.org/climb/8192/leaf-storm,Trad climb,E6,3,,,99
Le Blessé BG,https://climbing-history.org/climb/2784/le-blessé-bg,Sport route,8b,3,,,99
Le Boa,https://climbing-history.org/climb/1782/le-boa,Boulder problem,8C,3,,,99
Lemento Sit,https://climbing-history.org/climb/3056/lemento-sit,Boulder problem,8C,3,,,100
Le Play Boy Rôde Sans Complexe,https://climbing-history.org/climb/2455/le-play-boy-rôde-sans-complexe,Sport route,9a+,3,,,100
Les Temps Difficiles,https://climbing-history.org/climb/3403/les-temps-difficiles,Sport route,8c+,3,Philippe Steulet came close to making the first ascent before someone filled in some of the holds with concrete. The concrete was later removed.,,100
Le Surplomb de la Mée (Pre-Break),https://climbing-history.org/climb/3392/le-surplomb-de-la-mée-(pre-break),Boulder problem,7C+,3,The first 7C+ in the forest.,,100
Le Toit d'Auguste,https://climbing-history.org/climb/2615/le-toit-dauguste,Sport route,8b,3,,,100
L'étrange Ivresse des Lenteurs,https://climbing-history.org/climb/3272/létrange-ivresse-des-lenteurs,Sport route,9a+,3,,,100
Let the Tribe Increase (Pre-2002 Hold Loss),https://climbing-history.org/climb/378/let-the-tribe-increase-(pre-2002-hold-loss),Sport route,7c+,3,,,100
Lille Krone,https://climbing-history.org/climb/8314/lille-krone,Trad climb,E9,3,,,100
Limit Breaker,https://climbing-history.org/climb/122/limit-breaker,Boulder problem,8B+,3,,,100
Line of Fire,https://climbing-history.org/climb/3993/line-of-fire,Boulder problem,8B+,3,,,100
Little Chamonix,https://climbing-history.org/climb/3726/little-chamonix,Trad climb,VD,3,,,100
Little Women,https://climbing-history.org/climb/906/little-women,Trad climb,E7,3,,,100
"Live Fast, Die Young","https://climbing-history.org/climb/1973/live-fast,-die-young",Trad climb,E7,3,,,100
Livelihood,https://climbing-history.org/climb/7754/livelihood,Boulder problem,8B,3,,,100
Livin' Astroglide,https://climbing-history.org/climb/6023/livin-astroglide,Sport route,8c+,3,,,100
Living the Dream,https://climbing-history.org/climb/7871/living-the-dream,Boulder problem,8B,3,,,100
Loca,https://climbing-history.org/climb/1723/loca,Boulder problem,8C,3,,,100
L’Ombre du Voyageur,https://climbing-history.org/climb/2845/l’ombre-du-voyageur,Boulder problem,8B+,3,"L’Ombre du Voyageur is a 15m roof crack boulder problem in a cave in Le Salève , near Geneva. The first half of the problem is the hardest section before you reach a slight rest hanging from a single handjam, and then the easier end section.",,100
Lonely Heart,https://climbing-history.org/climb/957/lonely-heart,Trad climb,E9,3,,,100
Longland's Climb,https://climbing-history.org/climb/5434/longlands-climb,Trad climb,VS,3,"Very severe; very exposed; not less than three climbers;
leader requires rubbers and eighty feet of rope. Should not
be attempted under imperfect or unsettled conditions.",,100
Long Runs the Fox,https://climbing-history.org/climb/693/long-runs-the-fox,Trad climb,E9,3,,,101
Los Revolucionarios,https://climbing-history.org/climb/1537/los-revolucionarios,Sport route,9a,3,,,101
Lost In The Moment,https://climbing-history.org/climb/1923/lost-in-the-moment,Boulder problem,8B,3,Links In Search of Blame in One Clear Moment.,,101
Louis Cut,https://climbing-history.org/climb/701/louis-cut,Boulder problem,8B+,3,,,101
Louis Left,https://climbing-history.org/climb/223/louis-left,Boulder problem,8B,3,,,101
Madame Allure,https://climbing-history.org/climb/413/madame-allure,Boulder problem,8B,3,,,101
MaDMAn,https://climbing-history.org/climb/773/madman,Trad climb,E8,3,"Originally given E7, but in the words of the second ascenionist Neil Kershaw :",,101
Magic in the Woods,https://climbing-history.org/climb/3822/magic-in-the-woods,Boulder problem,8B,3,,,101
Magma,https://climbing-history.org/climb/4254/magma,Boulder problem,8B,3,,,101
Magnum Opus,https://climbing-history.org/climb/18/magnum-opus,Sport route,8b+,3,,,101
Main Wall Eliminate,https://climbing-history.org/climb/2897/main-wall-eliminate,Trad climb,E4,3,,,101
Maitre Vauban und der Basilisk,https://climbing-history.org/climb/8022/maitre-vauban-und-der-basilisk,Sport route,9a,3,,,101
Mana,https://climbing-history.org/climb/5861/mana,Boulder problem,8B,3,,,101
Mandanga Total,https://climbing-history.org/climb/7730/mandanga-total,Sport route,9a,3,,,101
Marakame,https://climbing-history.org/climb/7948/marakame,Boulder problem,8B+,3,,,101
Mare Allucinante,https://climbing-history.org/climb/4377/mare-allucinante,Sport route,8b+,3,,,101
Margalefas,https://climbing-history.org/climb/3208/margalefas,Sport route,8c,3,,,101
Marlene direct,https://climbing-history.org/climb/8189/marlene-direct,Trad climb,E7,3,,,101
Masada,https://climbing-history.org/climb/2039/masada,Trad climb,E7,3,,,101
Mascella Serrata,https://climbing-history.org/climb/7062/mascella-serrata,Sport route,9a,3,,,101
Masse Critique,https://climbing-history.org/climb/1429/masse-critique,Sport route,8b+,3,,,102
Master Blaster Arête,https://climbing-history.org/climb/3536/master-blaster-arête,Trad climb,E7,3,,,102
Matador,https://climbing-history.org/climb/4797/matador,Sport route,9a,3,,,102
Mayfair,https://climbing-history.org/climb/7914/mayfair,Sport route,7a+,3,,,102
Mediterraneo,https://climbing-history.org/climb/353/mediterraneo,Sport route,8a,3,,,102
Memory Lane,https://climbing-history.org/climb/2069/memory-lane,Trad climb,E3,3,,,102
Metalcore,https://climbing-history.org/climb/99/metalcore,Sport route,8c+,3,,,102
Mind Bomb,https://climbing-history.org/climb/887/mind-bomb,Trad climb,E7,3,,,102
Mind Matters,https://climbing-history.org/climb/756/mind-matters,Boulder problem,8A+,3,,,102
Mine de Rien (assis),https://climbing-history.org/climb/4193/mine-de-rien-(assis),Boulder problem,7C,3,,,102
Miséricorde,https://climbing-history.org/climb/3337/miséricorde,Boulder problem,7C+,3,"Miséricorde, first climbed by Manuel Marquès in 2000, is one of the most sought-after highballs in the forest, climbing an impressive steep arête and culminating in an airy lunge for a perfectly positioned jug.",,102
Missing Link,https://climbing-history.org/climb/4323/missing-link,Sport route,8c+,3,,,102
Mito SDS,https://climbing-history.org/climb/3527/mito-sds,Boulder problem,8B+,3,,,102
Moaty McMoatface,https://climbing-history.org/climb/1456/moaty-mcmoatface,Sport route,8b+,3,,,102
Mona Lisa,https://climbing-history.org/climb/5507/mona-lisa,Boulder problem,8A+,3,,,102
Mongo,https://climbing-history.org/climb/8260/mongo,Sport route,9a,3,,,102
Monkey Journey to the West,https://climbing-history.org/climb/6807/monkey-journey-to-the-west,Trad climb,E7,3,,,102
Moon Crack,https://climbing-history.org/climb/2561/moon-crack,Trad climb,E5,3,,,102
Moonraker,https://climbing-history.org/climb/1664/moonraker,Trad climb,HVS,3,[1] https://www.ukclimbing.com/articles/features/moonraker-133,,102
Moon Walk,https://climbing-history.org/climb/2030/moon-walk,Trad climb,E4,3,,,102
Mora Mora,https://climbing-history.org/climb/7369/mora-mora,Sport route,8c,3,,,103
Mosedale Groove,https://climbing-history.org/climb/2819/mosedale-groove,Trad climb,E5,3,,,103
Moskill Grooves,https://climbing-history.org/climb/7131/moskill-grooves,Trad climb,E6,3,Gordon Stainforth :,,103
Motorhead,https://climbing-history.org/climb/6113/motorhead,Boulder problem,8B,3,,,103
Move Hard,https://climbing-history.org/climb/495/move-hard,Sport route,9b,3,"A linkup of Move in to the second crux of Silence . When Adam established the line Silence was unclimbed and was provisionally called Project Hard , thus the name Move Hard .",,103
Mr Blobby,https://climbing-history.org/climb/3221/mr-blobby,Boulder problem,8A+,3,,,103
Mr Meneer,https://climbing-history.org/climb/3545/mr-meneer,Boulder problem,8B+,3,,,103
Mr. September,https://climbing-history.org/climb/2783/mr.-september,Sport route,8b+,3,Originally given grade 28 (~7c+) but 32 (8b+) has been suggested as more likely by people trying the route subsequently. Interestingly this would make it one of the first of the grade in Australia.,,103
Mufasa,https://climbing-history.org/climb/4637/mufasa,Boulder problem,8B,3,,,103
Muir Wall,https://climbing-history.org/climb/6193/muir-wall,Aid Climb,A4,3,"6th big wall route on El Capitan and the first to be established in one push from the ground by a 2 man team. Named after John Muir, Scottish-American naturalist, environmental activist and co-founder of the Sierra Club.",,103
Mujer Completa Sit,https://climbing-history.org/climb/4634/mujer-completa-sit,Boulder problem,8B,3,,,103
Munich,https://climbing-history.org/climb/2404/munich,Boulder problem,8B+,3,,,103
Murano Low,https://climbing-history.org/climb/8073/murano-low,Boulder problem,8C,3,,,103
Mushi,https://climbing-history.org/climb/5543/mushi,Boulder problem,8A,3,"One of the most celebrated and oft-tried testpieces in Japan, Mushi is a rite of passage. An obvious line at Tokyo's popular Mitake bouldering area, it was apparently tried by Jerry Moffatt on a flying visit in 1984. It took the extended efforts of Japanese bouldering pioneer Toshimichi Kusano to unlock the problem's secrets, creating the second 3-Dan (7C+/8A) in Japan, after Kani .",,103
Mussel Beach,https://climbing-history.org/climb/677/mussel-beach,Sport route,8a,3,,,103
My Halo,https://climbing-history.org/climb/3401/my-halo,Trad climb,E7,3,,,103
My Own Private Idaho,https://climbing-history.org/climb/173/my-own-private-idaho,Boulder problem,8B,3,,,103
Mystic River,https://climbing-history.org/climb/1905/mystic-river,Boulder problem,8C,3,,,103
Nadesdja,https://climbing-history.org/climb/7209/nadesdja,Sport route,8c+,3,,,103
Narcissus,https://climbing-history.org/climb/3145/narcissus,Sport route,9a,3,,,103
Når hyenene våkner,https://climbing-history.org/climb/4654/når-hyenene-våkner,Boulder problem,8B+,3,,,104
Natilik,https://climbing-history.org/climb/3838/natilik,Trad climb,E3,3,,,104
Naturalmente,https://climbing-history.org/climb/8020/naturalmente,Sport route,9a+,3,,,104
Natural Method,https://climbing-history.org/climb/433/natural-method,Boulder problem,8B+,3,,,104
Nefertiti,https://climbing-history.org/climb/5950/nefertiti,Trad climb,E6,3,,,104
Nesten der,https://climbing-history.org/climb/7525/nesten-der,Boulder problem,7C+,3,,,104
New Orleans Heavyweight Division,https://climbing-history.org/climb/295/new-orleans-heavyweight-division,Sport route,8c,3,,,104
Nexus,https://climbing-history.org/climb/1535/nexus,Boulder problem,8C+,3,,,104
Nexus Direct,https://climbing-history.org/climb/5667/nexus-direct,Trad climb,E5,3,,,104
Nid de Fadas,https://climbing-history.org/climb/7514/nid-de-fadas,Sport route,9a,3,,,104
Night Crawler,https://climbing-history.org/climb/6932/night-crawler,Boulder problem,8B,3,,,104
Nightmare on California Street,https://climbing-history.org/climb/6700/nightmare-on-california-street,Aid Climb,A5,3,"[1] Topo /file/6ca534b0-9176-5abd-6b74-849551e584c1/NightmareOnCA2.pdf , originally from http://www.supertopo.com/topos/obscurities/NightmareOnCA2.pdf",,104
No Face,https://climbing-history.org/climb/4226/no-face,Deep water solo,8b,3,,,104
No Kpote Only,https://climbing-history.org/climb/827/no-kpote-only,Boulder problem,8C+,3,Before the problem was put up there used to be a wall in front of the boulder to make a bivouac spot. The wall was knocked down for reasons unknown. [1],,104
No Man's Land,https://climbing-history.org/climb/7905/no-mans-land,Boulder problem,8B,3,,,104
Norskeruta,https://climbing-history.org/climb/7520/norskeruta,Aid Climb,A4,3,East wall of Great Trango,,104
No Self Control,https://climbing-history.org/climb/4770/no-self-control,Trad climb,E7,3,,,104
Nosferatu,https://climbing-history.org/climb/1628/nosferatu,Trad climb,E8,3,,,104
November,https://climbing-history.org/climb/1377/november,Trad climb,E3,3,,,104
Occam's Razor,https://climbing-history.org/climb/4722/occams-razor,Boulder problem,8B+,3,,,104
Off the Rocks,https://climbing-history.org/climb/2884/off-the-rocks,Trad climb,E8,3,,,105
Ogu,https://climbing-history.org/climb/5317/ogu,Boulder problem,8B+,3,,,105
Omen Nomen,https://climbing-history.org/climb/6452/omen-nomen,Sport route,9a,3,,,105
One Infinity,https://climbing-history.org/climb/7165/one-infinity,Boulder problem,8A+,3,Climb All Elements (8A) into a pumpy lip traverse,,105
One Love sit,https://climbing-history.org/climb/7860/one-love-sit,Boulder problem,8B,3,,,105
One of a Kind,https://climbing-history.org/climb/5867/one-of-a-kind,Boulder problem,8B,3,,,105
Opium,https://climbing-history.org/climb/5156/opium,Boulder problem,8A,3,,,105
Orange Piranha,https://climbing-history.org/climb/3867/orange-piranha,Boulder problem,8A+,3,,,105
Orca,https://climbing-history.org/climb/3494/orca,Sport route,8c+,3,"A tricky route to grade. Originally Alex Huber suggested 8c+. A hold then broke and Adam Ondra found a new sequence for which he suggested 9a, and then a few months later Jakob Schubert found yet another sequence for which he thought 8b!",,105
Pair O'Genes,https://climbing-history.org/climb/5602/pair-ogenes,Trad climb,E7,3,,,105
Pal Este,https://climbing-history.org/climb/6348/pal-este,Sport route,8c,3,,,105
Panem et Circensis,https://climbing-history.org/climb/1700/panem-et-circensis,Sport route,8b,3,Originally given 8c but downgraded to 8b after several repeats.,,105
Panic on Funkotron,https://climbing-history.org/climb/424/panic-on-funkotron,Boulder problem,8B,3,,,105
Panthera,https://climbing-history.org/climb/4531/panthera,Boulder problem,8B+,3,,,105
Paper Birds Low,https://climbing-history.org/climb/185/paper-birds-low,Boulder problem,8B,3,,,105
Paradise Lost,https://climbing-history.org/climb/7839/paradise-lost,Sport route,7b,3,,,105
Parallel Lines,https://climbing-history.org/climb/3213/parallel-lines,Trad climb,E8,3,,,105
Paranormal Activity,https://climbing-history.org/climb/4626/paranormal-activity,Boulder problem,8B+,3,USA,,105
Passage to Freedom,https://climbing-history.org/climb/2326/passage-to-freedom,Trad climb,E9,3,"The first 11 pitches were established ground up by Leo Houlding , but when he reached El Cap Tower he couldn't find a way to continue. Almost 20 years later Tommy Caldwell and Alex Honnold worked out a line and took the route to the top of the crag, keeping Leo's original name. Alex and Tommy apparently placed some bolts to protect parts of the run-out pitches Leo had climbed. [2]",,105
Pata Ledovce,https://climbing-history.org/climb/1892/pata-ledovce,Boulder problem,8C,3,,,105
Pata Negra,https://climbing-history.org/climb/698/pata-negra,Sport route,8c,3,,,106
Patina Turner,https://climbing-history.org/climb/403/patina-turner,Boulder problem,8B,3,,,106
Peak Power,https://climbing-history.org/climb/4640/peak-power,Boulder problem,8B+,3,,,106
Pendragon,https://climbing-history.org/climb/241/pendragon,Boulder problem,8A,3,,,106
Perimeter Walk,https://climbing-history.org/climb/2726/perimeter-walk,Trad climb,E7,3,,,106
Permanent Midnight Low,https://climbing-history.org/climb/5362/permanent-midnight-low,Boulder problem,8C+,3,,,106
Pet Cemetry,https://climbing-history.org/climb/322/pet-cemetry,Sport route,8a+,3,,,106
Petit Voyage,https://climbing-history.org/climb/7736/petit-voyage,Trad climb,E8,3,,,106
Pickpocket,https://climbing-history.org/climb/6698/pickpocket,Trad climb,E4,3,,,106
Pied de Biche,https://climbing-history.org/climb/7483/pied-de-biche,Boulder problem,8B+,3,,,106
Pill Box Wall,https://climbing-history.org/climb/416/pill-box-wall,Boulder problem,"8B
                        (approx)",3,,"Probably unclimbed. Initially a grade of 8A+/B was suggested but no one has been able to repeat it despite many attempts from strong suitors. The discrepancy between the proposed difficulty and the actual difficulty, combined with Gaskin's history of unsubstantiated ascents suggest this one is unlikely to be possible at the proposed grade.",106
Pinch Traverse,https://climbing-history.org/climb/7273/pinch-traverse,Boulder problem,8B+,3,,,106
Pink Patatas,https://climbing-history.org/climb/2181/pink-patatas,Sport route,9a+,3,,,106
Piz Dal Nas,https://climbing-history.org/climb/5628/piz-dal-nas,Sport route,8b,3,,,106
Planet Garbage,https://climbing-history.org/climb/5584/planet-garbage,Sport route,9a,3,,,106
Plantation,https://climbing-history.org/climb/4519/plantation,Boulder problem,8B,3,,,106
Poetry Pink,https://climbing-history.org/climb/1033/poetry-pink,Trad climb,E5,3,,,106
Point Ramp,https://climbing-history.org/climb/3696/point-ramp,Boulder problem,8B,3,,,106
Poison the Well,https://climbing-history.org/climb/1136/poison-the-well,Boulder problem,8C+,3,,,106
Polaris,https://climbing-history.org/climb/2875/polaris,Trad climb,E5,3,,,106
Polpot,https://climbing-history.org/climb/1527/polpot,Sport route,7c,3,,,107
Pontax,https://climbing-history.org/climb/7206/pontax,Deep water solo,8c,3,Climbs out via the seaward side after the dyno on Es Pontas (9a+).,,107
Poseidon Adventure,https://climbing-history.org/climb/7969/poseidon-adventure,Trad climb,E4,3,"A classic County frightener, and the first route to tackle Bowden's unique wave formation.",,107
Power of Zero,https://climbing-history.org/climb/7943/power-of-zero,Boulder problem,8B+,3,,,107
Powerstrips,https://climbing-history.org/climb/270/powerstrips,Boulder problem,7C,3,,,107
Pre-Marital Tension,https://climbing-history.org/climb/2548/pre-marital-tension,Trad climb,E8,3,,,107
Premonition,https://climbing-history.org/climb/1485/premonition,Sport route,8b+,3,,,107
Pretence of Youth,https://climbing-history.org/climb/3877/pretence-of-youth,Boulder problem,8C,3,,,107
Private Practice Direct,https://climbing-history.org/climb/8146/private-practice-direct,Sport route,8b+,3,,,107
Professor Whittaker,https://climbing-history.org/climb/6432/professor-whittaker,Trad climb,E7,3,"Possibly the second E7 new route climbed onsight in the UK, after Hardback Thesaurus . Better protection was subsequently found, reducing the seriousness.",,107
Propaganda,https://climbing-history.org/climb/4673/propaganda,Boulder problem,8A+,3,,,107
Psychosis,https://climbing-history.org/climb/8148/psychosis,Boulder problem,8B,3,,,107
Pur et Dur,https://climbing-history.org/climb/1300/pur-et-dur,Sport route,8b,3,,,107
Purgatory,https://climbing-history.org/climb/4622/purgatory,Sport route,9a,3,,,107
Purring Puma,https://climbing-history.org/climb/6280/purring-puma,Boulder problem,8B+,3,,,107
Pursuit of Happiness,https://climbing-history.org/climb/224/pursuit-of-happiness,Boulder problem,8A+,3,,,107
Puss På Morfar,https://climbing-history.org/climb/8131/puss-på-morfar,Trad climb,E8,3,,,107
Quarantine,https://climbing-history.org/climb/798/quarantine,Boulder problem,8A,3,,,107
Queen Kong,https://climbing-history.org/climb/1968/queen-kong,Boulder problem,8A,3,,,107
Question Mark,https://climbing-history.org/climb/645/question-mark,Trad climb,E9,3,,,107
Quietus,https://climbing-history.org/climb/3137/quietus,Trad climb,E2,3,,,108
Quoi de Neuf (Acte 2),https://climbing-history.org/climb/3609/quoi-de-neuf-(acte-2),Boulder problem,8B,3,,,108
Radar Ez,https://climbing-history.org/climb/71/radar-ez,Sport route,8c,3,,,108
Raggamuffin,https://climbing-history.org/climb/1948/raggamuffin,Boulder problem,8B+,3,Links Ragga in to Muffin Top .,,108
Rainbow of Recalcitrance,https://climbing-history.org/climb/1014/rainbow-of-recalcitrance,Trad climb,E6,3,,,108
Raped by Affection,https://climbing-history.org/climb/1032/raped-by-affection,Trad climb,E7,3,Calum Muskett :,,108
Realm of the Senses,https://climbing-history.org/climb/3412/realm-of-the-senses,Trad climb,E7,3,,,108
Red Snapper,https://climbing-history.org/climb/1521/red-snapper,Boulder problem,8A+,3,,,108
Reflecting Pool,https://climbing-history.org/climb/4690/reflecting-pool,Boulder problem,8B,3,,,108
Reichenberg sittstart,https://climbing-history.org/climb/7741/reichenberg-sittstart,Boulder problem,8B,3,,,108
Resurrection,https://climbing-history.org/climb/3562/resurrection,Trad climb,E4,3,,,108
Return of the Dreamtime,https://climbing-history.org/climb/2380/return-of-the-dreamtime,Boulder problem,8C+,3,Do the start of Dreamtime then instead of going left along the lip go right as for Somnolence .,,108
Rewind,https://climbing-history.org/climb/7563/rewind,Boulder problem,8B+,3,,,108
Rex Rodney,https://climbing-history.org/climb/7665/rex-rodney,Sport route,8c,3,,,108
Ride of the Valkyries,https://climbing-history.org/climb/5611/ride-of-the-valkyries,Sport route,9a,3,"With the access arrangements in the cave at the time of the ascent no new bolts were allowed, so trad gear was used to protect the new climbing.",,108
Riders on the Storm,https://climbing-history.org/climb/162/riders-on-the-storm,Boulder problem,8B,3,,,108
Riding to Babylon,https://climbing-history.org/climb/5207/riding-to-babylon,Deep water solo,7a+,3,,,108
R 'n P,https://climbing-history.org/climb/2414/r-n-p,Sport route,8a+,3,"Named after first ascenionist John Hart's children, Rosie and Peter. [1]",,108
Robi in the Sky,https://climbing-history.org/climb/2441/robi-in-the-sky,Sport route,9a,3,Named after first ascentionist François Legrand's late grandfather.,,108
Rocking Spectre,https://climbing-history.org/climb/1402/rocking-spectre,Boulder problem,8B,3,,,108
Roof Warrior,https://climbing-history.org/climb/293/roof-warrior,Sport route,8c,3,,,109
Rooster Booster,https://climbing-history.org/climb/537/rooster-booster,Sport route,7c+,3,,,109
Rough Gem,https://climbing-history.org/climb/3991/rough-gem,Boulder problem,8B,3,,,109
Ruby Fruit Jungle,https://climbing-history.org/climb/734/ruby-fruit-jungle,Sport route,8a,3,,,109
Rule of Thumb,https://climbing-history.org/climb/6609/rule-of-thumb,Boulder problem,8B+,3,,,109
Samfaina,https://climbing-history.org/climb/1657/samfaina,Sport route,9a,3,,,109
Sanctum,https://climbing-history.org/climb/1911/sanctum,Boulder problem,8B,3,,,109
Santoku,https://climbing-history.org/climb/3426/santoku,Boulder problem,8B,3,Named after a unique hold on the problem which resembles a Japanese santoku knife .,,109
Saruman (du bas),https://climbing-history.org/climb/7326/saruman-(du-bas),Boulder problem,8B,3,,,109
Savage Horse,https://climbing-history.org/climb/658/savage-horse,Trad climb,E9,3,,,109
Scritto's Republic,https://climbing-history.org/climb/5813/scrittos-republic,Trad climb,E7,3,,,109
Sean's Roof Right Hand,https://climbing-history.org/climb/5216/seans-roof-right-hand,Boulder problem,8B,3,,,109
Seraphim,https://climbing-history.org/climb/1622/seraphim,Sport route,8c,3,,,109
Seventh Dread,https://climbing-history.org/climb/2918/seventh-dread,Trad climb,E1,3,,,109
Shaft of a Dead Man,https://climbing-history.org/climb/2188/shaft-of-a-dead-man,Trad climb,E7,3,,,109
Shakey Warrior,https://climbing-history.org/climb/5574/shakey-warrior,Boulder problem,8B+,3,,,109
Shambala,https://climbing-history.org/climb/2825/shambala,Boulder problem,8C,3,,,109
Sharma's Problem,https://climbing-history.org/climb/6471/sharmas-problem,Boulder problem,8A+,3,,,109
Sharper Than Fiction,https://climbing-history.org/climb/5293/sharper-than-fiction,Sport route,8b,3,,,109
Shed of Dread,https://climbing-history.org/climb/5088/shed-of-dread,Trad climb,E8,3,,,109
Shirley's Shining Temple,https://climbing-history.org/climb/250/shirleys-shining-temple,Boulder problem,7C,3,,,110
Shokunin,https://climbing-history.org/climb/4559/shokunin,Boulder problem,8B,3,,,110
Showtime,https://climbing-history.org/climb/1917/showtime,Sport route,8b,3,,,110
Silk Cut,https://climbing-history.org/climb/128/silk-cut,Boulder problem,8B+,3,,,110
Silver Lining,https://climbing-history.org/climb/2751/silver-lining,Boulder problem,8C,3,,,110
Silver Platter,https://climbing-history.org/climb/7105/silver-platter,Boulder problem,8A+,3,,,110
Sit Propera,https://climbing-history.org/climb/4327/sit-propera,Boulder problem,8B+,3,,,110
Skincifer,https://climbing-history.org/climb/3940/skincifer,Boulder problem,8B+,3,,,110
Skye Wall,https://climbing-history.org/climb/673/skye-wall,Trad climb,E7,3,,,110
Skytop Vandals,https://climbing-history.org/climb/2598/skytop-vandals,Trad climb,"E6
                        (approx)",3,5.13a,,110
Slackers,https://climbing-history.org/climb/5770/slackers,Trad climb,E6,3,,,110
Sleepy Rave,https://climbing-history.org/climb/3544/sleepy-rave,Boulder problem,8B+,3,,,110
Snake Dike,https://climbing-history.org/climb/7938/snake-dike,Trad climb,HVS,3,"One of THE classic routes in Yosemite, winding up the sponymous dike feature all the way to the top of Half Dome . The route was established ground-up and very sparsely bolted, with some full rope-length pitches having no gear at all. In 2026 the route was subject to much controversy when 16 bolts were added to the first three pitches by Erik Sloan , significantly changing the character of the route. These were later chopped, putting the route back to something like it's pre-existing state. [3]",,110
Snell's Law,https://climbing-history.org/climb/2620/snells-law,Trad climb,E7,3,,,110
Solar Plexus,https://climbing-history.org/climb/2736/solar-plexus,Boulder problem,8C,3,,,110
Sole Fusion,https://climbing-history.org/climb/3184/sole-fusion,Boulder problem,8A,3,,,110
Solitary Daze,https://climbing-history.org/climb/1511/solitary-daze,Boulder problem,8C,3,,,110
Something Wicked,https://climbing-history.org/climb/7729/something-wicked,Sport route,8b+,3,Has been soloed as a very highball 8A.,,110
Sortillèges,https://climbing-history.org/climb/1586/sortillèges,Sport route,8b,3,,,110
Soul Doubt,https://climbing-history.org/climb/938/soul-doubt,Trad climb,E8,3,,,110
Soul Revolution Sit Start,https://climbing-history.org/climb/443/soul-revolution-sit-start,Boulder problem,8B+,3,,,111
Soul Train,https://climbing-history.org/climb/4102/soul-train,Sport route,8b+,3,,,111
Sphinx Crack,https://climbing-history.org/climb/3450/sphinx-crack,Trad climb,E8,3,Frequently climbed on pre-placed gear.,,111
Spicy Noodle,https://climbing-history.org/climb/78/spicy-noodle,Sport route,8c+,3,,,111
Spinal Crack,https://climbing-history.org/climb/692/spinal-crack,Trad climb,E9,3,So-called because Neil Dyer broke his back when he fell off trying to make the first ascent.,,111
Spots of Time,https://climbing-history.org/climb/2862/spots-of-time,Boulder problem,9A,3,"The first 9A in Britain. Sitting on the slopes of Helvellyn, the name is a reference to a poem by Lakeland poet William Wordsworth:",,111
Sprengstoff,https://climbing-history.org/climb/1124/sprengstoff,Sport route,9a,3,An old Beat Kammelander project that was eventually climbed by Jacopo Larcher .,,111
Sprung,https://climbing-history.org/climb/276/sprung,Boulder problem,7C,3,,,111
Star Power,https://climbing-history.org/climb/428/star-power,Boulder problem,8B+,3,,,111
Stella,https://climbing-history.org/climb/6936/stella,Trad climb,E7,3,,,111
Stellar Dweller,https://climbing-history.org/climb/6254/stellar-dweller,Boulder problem,8A+,3,,,111
Steppenwolf,https://climbing-history.org/climb/2898/steppenwolf,Trad climb,E3,3,,,111
Stick It,https://climbing-history.org/climb/3203/stick-it,Boulder problem,8A,3,,,111
Stormpillaren,https://climbing-history.org/climb/4751/stormpillaren,Trad climb,"E7
                        (approx)",3,Norwegian grade 9,,111
Strangeness,https://climbing-history.org/climb/4023/strangeness,Trad climb,E7,3,,,111
Substance of Everything,https://climbing-history.org/climb/5873/substance-of-everything,Boulder problem,8B,3,,,111
Sufferance,https://climbing-history.org/climb/356/sufferance,Sport route,8a,3,,,111
Sultans Of Swing,https://climbing-history.org/climb/5863/sultans-of-swing,Boulder problem,8B,3,"In 2008 Taylor Parsons and Dave Pearson added this project line to the first edition Grampians Bouldering guidebook, thinking that it wasn't actually possible. Alex Megos made the first ascent in 2013.",,111
Sundial,https://climbing-history.org/climb/5164/sundial,Boulder problem,8A,3,,,111
Sunkist,https://climbing-history.org/climb/7307/sunkist,Aid Climb,A3+,3,,,111
Super Duper Dupont,https://climbing-history.org/climb/1216/super-duper-dupont,Sport route,7c,3,,,112
Supernova,https://climbing-history.org/climb/5928/supernova,Trad climb,E5,3,,,112
Super Samson,https://climbing-history.org/climb/5227/super-samson,Sport route,8c,3,,,112
Surplomb,https://climbing-history.org/climb/1374/surplomb,Trad climb,E2,3,,,112
Symbiosis,https://climbing-history.org/climb/2142/symbiosis,Trad climb,E8,3,,,112
Talbot Horizon,https://climbing-history.org/climb/640/talbot-horizon,Trad climb,E9,3,,,112
Teenage Menopause,https://climbing-history.org/climb/1026/teenage-menopause,Trad climb,E7,3,,,112
Tekuté Štěstí,https://climbing-history.org/climb/1894/tekuté-štěstí,Boulder problem,8C,3,,,112
Tempest in a Teapot,https://climbing-history.org/climb/2413/tempest-in-a-teapot,Boulder problem,8B+,3,,,112
Terapia d'urto,https://climbing-history.org/climb/1181/terapia-durto,Sport route,9a+,3,,,112
The Aardvark And The Ferret,https://climbing-history.org/climb/2300/the-aardvark-and-the-ferret,Trad climb,E6,3,,,112
The Age of Aquarius,https://climbing-history.org/climb/7362/the-age-of-aquarius,Boulder problem,8B+,3,,,112
The Antihero,https://climbing-history.org/climb/5183/the-antihero,Boulder problem,8A+,3,,,112
The Aquarium,https://climbing-history.org/climb/4659/the-aquarium,Boulder problem,8A+,3,,,112
The Asp,https://climbing-history.org/climb/3133/the-asp,Trad climb,E3,3,,,112
The Axe,https://climbing-history.org/climb/1076/the-axe,Trad climb,E4,3,[1] https://www.ukclimbing.com/articles/destinations/my_favourite_route_inigo_atkin_-_the_axe_e4_6a-16218,,112
The Bat,https://climbing-history.org/climb/3633/the-bat,Trad climb,E2,3,,,112
The Bear and The Piano,https://climbing-history.org/climb/5859/the-bear-and-the-piano,Boulder problem,8B,3,,,112
The Big Greeny,https://climbing-history.org/climb/3151/the-big-greeny,Trad climb,E3,3,,,112
The Big R,https://climbing-history.org/climb/1858/the-big-r,Sport route,8b+,3,,,112
The Big Sleep,https://climbing-history.org/climb/1078/the-big-sleep,Trad climb,E6,3,,,113
The Big Smile,https://climbing-history.org/climb/3425/the-big-smile,Sport route,8c,3,[1] https://www.youtube.com/watch?v=dbPZzqeLKW4,,113
The Book of Bitter Aspects Low,https://climbing-history.org/climb/3939/the-book-of-bitter-aspects-low,Boulder problem,8B+,3,,,113
The Book of Shadows,https://climbing-history.org/climb/6469/the-book-of-shadows,Boulder problem,8B+,3,,,113
The Bottom Line,https://climbing-history.org/climb/4342/the-bottom-line,Trad climb,E7,3,,,113
The Call of Silence,https://climbing-history.org/climb/2910/the-call-of-silence,Boulder problem,8B,3,,,113
Theda Bara,https://climbing-history.org/climb/7974/theda-bara,Sport route,8a+,3,,,113
The Dark Passenger,https://climbing-history.org/climb/3405/the-dark-passenger,Boulder problem,8B+,3,,,113
The Deep End,https://climbing-history.org/climb/5355/the-deep-end,Boulder problem,8B,3,,,113
The Eggporkalypse,https://climbing-history.org/climb/7338/the-eggporkalypse,Sport route,8c+,3,,,113
The Enchanted Broccoli Garden,https://climbing-history.org/climb/1204/the-enchanted-broccoli-garden,Trad climb,E7,3,,,113
The Excellent Adventure,https://climbing-history.org/climb/6345/the-excellent-adventure,Trad climb,E7,3,,,113
The Face,https://climbing-history.org/climb/522/the-face,Sport route,8a+,3,The first 8a+ in the world.,,113
The Famous Gem,https://climbing-history.org/climb/8172/the-famous-gem,Sport route,9a,3,,,113
The Fisherman,https://climbing-history.org/climb/2600/the-fisherman,Boulder problem,8A,3,,,113
The Flying Dutchman,https://climbing-history.org/climb/2732/the-flying-dutchman,Trad climb,E7,3,,,113
The Flytrap,https://climbing-history.org/climb/1385/the-flytrap,Trad climb,E2,3,,,113
The Force,https://climbing-history.org/climb/2978/the-force,Boulder problem,7C,3,,,113
The Ghost,https://climbing-history.org/climb/2285/the-ghost,Trad climb,E3,3,,,113
The Gift,https://climbing-history.org/climb/3829/the-gift,Sport route,8c,3,"So named because the first four pitches were established by Pio Jutz, but after being unable to make progress on the upper section he gifted the line to Alex Luger .",,113
The Grand Potato,https://climbing-history.org/climb/892/the-grand-potato,Boulder problem,7A+,3,"Originally an E6, then a E7, now after some changes to the landing typically climbed above a big pile of pads at highball 7A+.",,114
The Grudge Match,https://climbing-history.org/climb/4353/the-grudge-match,Boulder problem,8B,3,,,114
The Hero of Ages,https://climbing-history.org/climb/3800/the-hero-of-ages,Boulder problem,8C,3,,,114
The King of Fucking Everything,https://climbing-history.org/climb/7796/the-king-of-fucking-everything,Sport route,8c,3,,,114
The Knowing,https://climbing-history.org/climb/5065/the-knowing,Boulder problem,8B,3,,,114
The Kraken,https://climbing-history.org/climb/220/the-kraken,Boulder problem,8B,3,,,114
The Long Patrol,https://climbing-history.org/climb/4200/the-long-patrol,Boulder problem,8B,3,,,114
The Lord of the Rings,https://climbing-history.org/climb/4901/the-lord-of-the-rings,Trad climb,E2,3,,,114
The Man That Follows Hell,https://climbing-history.org/climb/4852/the-man-that-follows-hell,Sport route,9a,3,,,114
The Monk's Satanic Verses,https://climbing-history.org/climb/2547/the-monks-satanic-verses,Trad climb,E8,3,,,114
The Moratorium,https://climbing-history.org/climb/3083/the-moratorium,Trad climb,E4,3,,,114
The Naked God,https://climbing-history.org/climb/1992/the-naked-god,Trad climb,E6,3,,,114
The Pink Panther,https://climbing-history.org/climb/2664/the-pink-panther,Sport route,8b+,3,,,114
The Prophet,https://climbing-history.org/climb/2309/the-prophet,Trad climb,E9,3,Leo Houlding 's swansong on El Capitan . The route takes in over 1000 ft of sustained hard climbing including the notorious Devil's Dyno and the crux A1 Beauty seam.,,114
The Prow,https://climbing-history.org/climb/539/the-prow,Sport route,8a,3,Originally climbed in three pitches.,,114
The Rathlin Effect,https://climbing-history.org/climb/672/the-rathlin-effect,Trad climb,E9,3,,,114
There Is Always Something,https://climbing-history.org/climb/8285/there-is-always-something,Sport route,8c+,3,,,114
The Right Unconquerable,https://climbing-history.org/climb/3702/the-right-unconquerable,Trad climb,HVS,3,In 1988 a portion of the flake was snapped off when a paid of climbers attempted to use a car-jack to retrieve a stuck cam. [1],,114
The Salmon,https://climbing-history.org/climb/1450/the-salmon,Trad climb,E7,3,,,114
The Shark,https://climbing-history.org/climb/3811/the-shark,Trad climb,"E10
                        (approx)",3,,,114
The Shield,https://climbing-history.org/climb/5237/the-shield,Boulder problem,8A,3,,,115
The Sloth,https://climbing-history.org/climb/2013/the-sloth,Trad climb,HVS,3,Allan Austin :,,115
The Story of Two Worlds (Low Start),https://climbing-history.org/climb/1772/the-story-of-two-worlds-(low-start),Boulder problem,8C,3,,,115
The Teacup,https://climbing-history.org/climb/3605/the-teacup,Boulder problem,8B,3,,,115
The Troach,https://climbing-history.org/climb/3144/the-troach,Trad climb,E2,3,"One of the first climbs to break the Brown-Whillans monopoly on new routing on Cloggy, climbed in the dry summer of 1959 when the aura of the Rock and Ice routes was starting to fade.",,115
The Undertaker,https://climbing-history.org/climb/7573/the-undertaker,Boulder problem,8B+,3,,,115
The Untouchables,https://climbing-history.org/climb/5736/the-untouchables,Sport route,8a,3,,,115
The Variant,https://climbing-history.org/climb/7288/the-variant,Boulder problem,8B,3,"Originally given 8A but very morpho, with the name referring to Dan Varian who found and tried the line before the FA.",,115
The Wagon Wheel,https://climbing-history.org/climb/2472/the-wagon-wheel,Boulder problem,8B+,3,,,115
The Walking Muscle,https://climbing-history.org/climb/1870/the-walking-muscle,Sport route,8b+,3,,,115
The Wasdale Crack,https://climbing-history.org/climb/1257/the-wasdale-crack,Trad climb,HS,3,,,115
The White Wizard,https://climbing-history.org/climb/7380/the-white-wizard,Trad climb,E3,3,,,115
The Winner Takes It All,https://climbing-history.org/climb/2933/the-winner-takes-it-all,Boulder problem,8B,3,,,115
The Wizard,https://climbing-history.org/climb/1278/the-wizard,Deep water solo,8a,3,,,115
The Young Pretender,https://climbing-history.org/climb/3211/the-young-pretender,Trad climb,E8,3,,,115
Three Blind Mice,https://climbing-history.org/climb/888/three-blind-mice,Trad climb,E7,3,,,115
Throwback,https://climbing-history.org/climb/3902/throwback,Boulder problem,8B+,3,Chipped and now 8A+,,115
Thunder,https://climbing-history.org/climb/4592/thunder,Boulder problem,8B,3,,,115
Titan,https://climbing-history.org/climb/6074/titan,Boulder problem,8B+,3,,,115
Tom Egan Memorial Route,https://climbing-history.org/climb/2295/tom-egan-memorial-route,Trad climb,E10,3,Formerly an aid line it was later freed by Will Stanhope and Matt Segal .,,115
Tonino '78,https://climbing-history.org/climb/3106/tonino-78,Boulder problem,8C,3,,,116
Too Big to Fail,https://climbing-history.org/climb/7290/too-big-to-fail,Boulder problem,7C+,3,,,116
Too Big to Flail,https://climbing-history.org/climb/1576/too-big-to-flail,Boulder problem,7C+,3,"A 14m ""highball"" boulder problem. Considered to be around 7C+ as a boulder problem or 8a+/b as a sport grade.",,116
Total Éclipse,https://climbing-history.org/climb/5157/total-éclipse,Boulder problem,8A+,3,,,116
Tough Enough,https://climbing-history.org/climb/7370/tough-enough,Sport route,8b+,3,400m.,,116
Toumbouctou 52 dagar,https://climbing-history.org/climb/7792/toumbouctou-52-dagar,Sport route,8c,3,,,116
Toy Boy,https://climbing-history.org/climb/763/toy-boy,Boulder problem,7C+,3,,,116
Transcendence,https://climbing-history.org/climb/650/transcendence,Trad climb,E9,3,"Originally graded E9 but subsequently downgraded to E8 by Robin Barker after the second ascent. Purportedly has some of the hardest moves on a trad route in the UK, and a distinct lack of repeats has helped cement this reputation.",,116
Transporter,https://climbing-history.org/climb/5051/transporter,Boulder problem,8B,3,,,116
Transporter Room,https://climbing-history.org/climb/7419/transporter-room,Boulder problem,6C+,3,A lot of history associated with this climb. From Kevin Jorgeson's blog,,116
Travesía de la Enmienda,https://climbing-history.org/climb/3108/travesía-de-la-enmienda,Sport route,8c+,3,,,116
Travis Foster,https://climbing-history.org/climb/6205/travis-foster,Sport route,8c,3,Named after a friend of the FA who committed suicide.,,116
Tre Mou Polacche,https://climbing-history.org/climb/4208/tre-mou-polacche,Sport route,9a,3,,,116
Tribe,https://climbing-history.org/climb/653/tribe,Trad climb,E11,3,Perhaps the physically hardest trad route in the world when it was first climbed by Jacopo Larcher in March 2019. He did not grade the route.,,116
Turpentine (pre-break),https://climbing-history.org/climb/6528/turpentine-(pre-break),Boulder problem,8B,3,,,116
Ugly,https://climbing-history.org/climb/4036/ugly,Trad climb,E7,3,,,116
Ulysses or Bust,https://climbing-history.org/climb/922/ulysses-or-bust,Trad climb,E5,3,Named after Foster's ill-fated encounter with Ulysses' Bow the next day,,116
Underwave,https://climbing-history.org/climb/5454/underwave,Boulder problem,8B+,3,,,116
Underworld,https://climbing-history.org/climb/2158/underworld,Trad climb,E8,3,,,116
Unwind,https://climbing-history.org/climb/3914/unwind,Boulder problem,8B+,3,,,116
Utopia,https://climbing-history.org/climb/7897/utopia,Boulder problem,8B,3,,,117
Vague Patatras,https://climbing-history.org/climb/6355/vague-patatras,Boulder problem,8A,3,,,117
Vector,https://climbing-history.org/climb/1379/vector,Trad climb,E2,3,,,117
Velvet Silence,https://climbing-history.org/climb/3198/velvet-silence,Trad climb,E6,3,"First climbed by Gabe Regan onsight in 1986, he hadn’t realised he was making a first ascent. The route may have been named by John Allen or Jonny Woodward , who had both taken an interest in the line.",,117
Venus in Furs,https://climbing-history.org/climb/6652/venus-in-furs,Sport route,8c,3,,,117
Víctima Perfecta,https://climbing-history.org/climb/3346/víctima-perfecta,Sport route,9a+,3,,,117
Victimes del Passat R2,https://climbing-history.org/climb/3390/victimes-del-passat-r2,Sport route,8c+,3,,,117
Vinterbarn,https://climbing-history.org/climb/4574/vinterbarn,Boulder problem,8B,3,,,117
Vlad the Impailer,https://climbing-history.org/climb/788/vlad-the-impailer,Trad climb,E7,3,,,117
Void,https://climbing-history.org/climb/4929/void,Trad climb,E4,3,,,117
Voimasanat,https://climbing-history.org/climb/4288/voimasanat,Boulder problem,8B+,3,,,117
Vulpine,https://climbing-history.org/climb/3943/vulpine,Boulder problem,8B+,3,,,117
Wacko,https://climbing-history.org/climb/6444/wacko,Boulder problem,8B+,3,,,117
Waite,https://climbing-history.org/climb/5831/waite,Boulder problem,7C,3,"Nemo, UKB:",,117
Watermark,https://climbing-history.org/climb/368/watermark,Sport route,8a,3,,,117
Watermark Extension,https://climbing-history.org/climb/4355/watermark-extension,Sport route,8b,3,,,117
Wave Swoop,https://climbing-history.org/climb/2526/wave-swoop,Boulder problem,8B+,3,,,117
Wee Doris,https://climbing-history.org/climb/2166/wee-doris,Trad climb,E4,3,,,117
Welcome to Jamrock,https://climbing-history.org/climb/2475/welcome-to-jamrock,Boulder problem,8B,3,,,117
Wende,https://climbing-history.org/climb/7072/wende,Sport route,8a+,3,,,117
What We Do in the Shadows,https://climbing-history.org/climb/1500/what-we-do-in-the-shadows,Trad climb,E10,3,,,118
Wheel of Champo,https://climbing-history.org/climb/6372/wheel-of-champo,Boulder problem,8B,3,,,118
White Slab,https://climbing-history.org/climb/3687/white-slab,Trad climb,E2,3,Pete Crew :,,118
White Wall,https://climbing-history.org/climb/981/white-wall,Trad climb,E5,3,,,118
Whore of Babylon,https://climbing-history.org/climb/4677/whore-of-babylon,Boulder problem,8A+,3,,,118
Widdop Wall,https://climbing-history.org/climb/631/widdop-wall,Trad climb,E9,3,[1] https://www.geocities.ws/readza1/climbing/gritlist/grit_e9.html,,118
Wild Country,https://climbing-history.org/climb/2140/wild-country,Trad climb,E6,3,"Originally graded E4, now a contender for the first E7 in the UK.",,118
Winner Takes All,https://climbing-history.org/climb/4599/winner-takes-all,Trad climb,E7,3,,,118
Wiseguys,https://climbing-history.org/climb/5681/wiseguys,Trad climb,E7,3,,,118
Wolfman Jack,https://climbing-history.org/climb/2275/wolfman-jack,Trad climb,E3,3,,,118
Wonderland,https://climbing-history.org/climb/445/wonderland,Boulder problem,8B,3,,,118
Wood Grain Grippin',https://climbing-history.org/climb/3933/wood-grain-grippin,Boulder problem,8B+,3,,,118
Work Hard,https://climbing-history.org/climb/2969/work-hard,Boulder problem,8A+,3,,,118
Working 9-5 Stand,https://climbing-history.org/climb/254/working-9-5-stand,Boulder problem,7C+,3,,,118
Working Class,https://climbing-history.org/climb/4350/working-class,Boulder problem,8A+,3,A hard '80s problem which became harder as holds degraded.,,118
World at War,https://climbing-history.org/climb/1903/world-at-war,Boulder problem,8B+,3,Starts as for Godzilla SDS and finishes up Spaceship .,,118
Worzel Gunnage Stand,https://climbing-history.org/climb/2717/worzel-gunnage-stand,Boulder problem,7C+,3,,,118
Woubits,https://climbing-history.org/climb/1375/woubits,Trad climb,E2,3,Don Whillans :,,118
Wovenhand,https://climbing-history.org/climb/2597/wovenhand,Boulder problem,8B,3,,,118
Wu Wei,https://climbing-history.org/climb/2721/wu-wei,Sport route,9a,3,,,118
X,https://climbing-history.org/climb/5400/x,Boulder problem,8A,3,,,119
XXXR,https://climbing-history.org/climb/3556/xxxr,Boulder problem,8A,3,,,119
Yazzatobakk sitt,https://climbing-history.org/climb/5128/yazzatobakk-sitt,Boulder problem,8B,3,,,119
Yellow Cake,https://climbing-history.org/climb/3487/yellow-cake,Boulder problem,8B+,3,,,119
Yukan II,https://climbing-history.org/climb/4805/yukan-ii,Trad climb,E7,3,,,119
Z Chrome,https://climbing-history.org/climb/1279/z-chrome,Deep water solo,8a+,3,A link up taking in all the hard climbing on the face.,,119
Zeleputza,https://climbing-history.org/climb/8228/zeleputza,Sport route,9a+,3,,,119
Zombie Roof,https://climbing-history.org/climb/2193/zombie-roof,Trad climb,E6,3,Named after the Frank Zappa song Zomby Woof .,,119
Zukator,https://climbing-history.org/climb/4928/zukator,Trad climb,E4,3,,,119
100 Proof,https://climbing-history.org/climb/2573/100-proof,Sport route,8a+,2,,,119
32,https://climbing-history.org/climb/1069/32,Sport route,8b+,2,,,119
4X+1,https://climbing-history.org/climb/1817/4x+1,Boulder problem,8B,2,,,119
5 Crying Cowboys,https://climbing-history.org/climb/4771/5-crying-cowboys,Trad climb,E5,2,,,119
5 Uve,https://climbing-history.org/climb/2172/5-uve,Sport route,8c,2,,,119
8 ou 80,https://climbing-history.org/climb/6063/8-ou-80,Boulder problem,8B+,2,,,119
A Bigger Berry SDS,https://climbing-history.org/climb/3218/a-bigger-berry-sds,Boulder problem,8A+,2,,,119
A Bigger Splash Direct (Kneeling Start),https://climbing-history.org/climb/4191/a-bigger-splash-direct-(kneeling-start),Boulder problem,7C,2,,,119
Achilles' Wrath,https://climbing-history.org/climb/5265/achilles-wrath,Sport route,8b,2,,,119
Adios Amigo,https://climbing-history.org/climb/7073/adios-amigo,Trad climb,E5,2,,,119
A Dog's Roof,https://climbing-history.org/climb/7505/a-dogs-roof,Trad climb,E5,2,Originally known as 'A Dog's Woof',,119
A Dream of White Horses,https://climbing-history.org/climb/3136/a-dream-of-white-horses,Trad climb,HVS,2,,,120
Adventure Time,https://climbing-history.org/climb/5439/adventure-time,Sport route,8c,2,,,120
A Familiar Atrocity,https://climbing-history.org/climb/5272/a-familiar-atrocity,Sport route,8c+,2,Rock Atrocity into Trigger Cut into Almost Familiar .,,120
A Fisherman's Tale,https://climbing-history.org/climb/2778/a-fishermans-tale,Sport route,8b,2,,,120
After Ava Arrives,https://climbing-history.org/climb/5794/after-ava-arrives,Boulder problem,8B,2,,,120
"Agadoo, Do, Do, Compete!","https://climbing-history.org/climb/7016/agadoo,-do,-do,-compete!",Trad climb,E7,2,,,120
Agamemnon,https://climbing-history.org/climb/7460/agamemnon,Boulder problem,8B,2,,,120
Agartha,https://climbing-history.org/climb/6327/agartha,Boulder problem,8B+,2,,,120
Agrippa,https://climbing-history.org/climb/4873/agrippa,Trad climb,E5,2,,,120
A Groove Full of Mirrors,https://climbing-history.org/climb/6331/a-groove-full-of-mirrors,Trad climb,E7,2,,,120
Air Bahal,https://climbing-history.org/climb/3961/air-bahal,Sport route,8a,2,,,120
Airian,https://climbing-history.org/climb/3093/airian,Boulder problem,8C,2,,,120
À Lay's Blaise (assis),https://climbing-history.org/climb/7403/à-lays-blaise-(assis),Boulder problem,8B,2,,,120
Alfonso Rising,https://climbing-history.org/climb/5361/alfonso-rising,Boulder problem,8B,2,,,120
Algorithm,https://climbing-history.org/climb/7159/algorithm,Sport route,9a,2,,,120
Algorithm and Blues,https://climbing-history.org/climb/7851/algorithm-and-blues,Trad climb,E4,2,,,120
Alien Carnage,https://climbing-history.org/climb/5107/alien-carnage,Sport route,8c+,2,,,120
A Little Peculiar,https://climbing-history.org/climb/5018/a-little-peculiar,Trad climb,E6,2,,,120
All in All Out,https://climbing-history.org/climb/4570/all-in-all-out,Boulder problem,8B,2,,,120
Alma Blanca,https://climbing-history.org/climb/997/alma-blanca,Boulder problem,8B,2,,,120
Aloha,https://climbing-history.org/climb/5190/aloha,Sport route,9a,2,,,121
Amanita Muscarina,https://climbing-history.org/climb/4501/amanita-muscarina,Trad climb,E4,2,,,121
Amazing Grace,https://climbing-history.org/climb/4079/amazing-grace,Trad climb,E6,2,,,121
Amazonia,https://climbing-history.org/climb/4279/amazonia,Trad climb,E7,2,,,121
Ametsa,https://climbing-history.org/climb/4300/ametsa,Sport route,9a,2,,,121
A Moment of Clarity,https://climbing-history.org/climb/2683/a-moment-of-clarity,Boulder problem,8B+,2,,,121
Amplified,https://climbing-history.org/climb/7819/amplified,Boulder problem,8B,2,,,121
Amurita,https://climbing-history.org/climb/6169/amurita,Trad climb,E7,2,,,121
Analógica,https://climbing-history.org/climb/2334/analógica,Sport route,9a,2,,,121
An Empty Smile,https://climbing-history.org/climb/3953/an-empty-smile,Boulder problem,8B+,2,,,121
Aneurin's Arete,https://climbing-history.org/climb/4494/aneurins-arete,Boulder problem,8B,2,Located on Big Brother crag so first ascentionist Solly Kemball-Dorey named the problem after his brother.,,121
Angama (Fata I Helvete en Traversée),https://climbing-history.org/climb/4777/angama-(fata-i-helvete-en-traversée),Boulder problem,8C,2,,,121
Angelheart,https://climbing-history.org/climb/6817/angelheart,Trad climb,E7,2,,,121
An Inconvenient Roof,https://climbing-history.org/climb/2780/an-inconvenient-roof,Deep water solo,8b,2,,,121
An Inconvenient Tooth,https://climbing-history.org/climb/4359/an-inconvenient-tooth,Trad climb,E7,2,,,121
Anvil Crawler,https://climbing-history.org/climb/3693/anvil-crawler,Trad climb,E8,2,,,121
Aphrodite,https://climbing-history.org/climb/4250/aphrodite,Trad climb,E7,2,,,121
Apparatus,https://climbing-history.org/climb/3158/apparatus,Boulder problem,8C,2,,,121
"Arapiles, Oh Arapiles","https://climbing-history.org/climb/5616/arapiles,-oh-arapiles",Deep water solo,7a+,2,[1] https://verticallifemag.com/articles/arapiles-oh-arapiles/,,121
Archimedes Principle,https://climbing-history.org/climb/2722/archimedes-principle,Sport route,8c,2,,,121
Arco Iris,https://climbing-history.org/climb/2688/arco-iris,Sport route,8c+,2,"6, 6c, 8b+, 8c+, 8b+, 8a+.",,122
Arc Royal,https://climbing-history.org/climb/3326/arc-royal,Boulder problem,8A+,2,,,122
A Reason to Live,https://climbing-history.org/climb/3270/a-reason-to-live,Boulder problem,8B,2,,,122
Armed Response,https://climbing-history.org/climb/230/armed-response,Boulder problem,8A+,2,,,122
Arrested Development,https://climbing-history.org/climb/2260/arrested-development,Sport route,9a,2,,,122
Arrhythmia,https://climbing-history.org/climb/7850/arrhythmia,Trad climb,E6,2,,,122
Art Brut,https://climbing-history.org/climb/2184/art-brut,Trad climb,E7,2,,,122
Art of Flight,https://climbing-history.org/climb/7652/art-of-flight,Sport route,8c+,2,,,122
Asklepios,https://climbing-history.org/climb/6555/asklepios,Sport route,8c+,2,,,122
Aslan,https://climbing-history.org/climb/5977/aslan,Trad climb,E5,2,One of the hardest routes in Australia at the time.,,122
Asphyxia,https://climbing-history.org/climb/1531/asphyxia,Boulder problem,8B+,2,Right to left version of Anaesthesia at Woodwell .,,122
A Squire to Madness - Variation Start,https://climbing-history.org/climb/5202/a-squire-to-madness---variation-start,Trad climb,E6,2,,,122
A Thousand Setting Suns,https://climbing-history.org/climb/618/a-thousand-setting-suns,Trad climb,E9,2,,,122
Atlantic Bridge,https://climbing-history.org/climb/2360/atlantic-bridge,Boulder problem,6C,2,,,122
Atlantic Ocean Wall,https://climbing-history.org/climb/3499/atlantic-ocean-wall,Aid Climb,A4,2,,,122
Atlantis sitt,https://climbing-history.org/climb/4581/atlantis-sitt,Boulder problem,8B,2,,,122
Atmosfears,https://climbing-history.org/climb/2901/atmosfears,Trad climb,E5,2,,,122
Atomic Playboy (raccourci),https://climbing-history.org/climb/706/atomic-playboy-(raccourci),Boulder problem,7C+,2,,,122
A Touch Too Much,https://climbing-history.org/climb/6024/a-touch-too-much,Sport route,7b+,2,,,122
Attack Mode,https://climbing-history.org/climb/2457/attack-mode,Sport route,8b+,2,The first 8b+ established by an Australian in Australia.,,122
Attention on Vous Regarde,https://climbing-history.org/climb/2378/attention-on-vous-regarde,Sport route,8b+,2,,,123
At the Heart of It All,https://climbing-history.org/climb/133/at-the-heart-of-it-all,Boulder problem,8B+,2,,,123
At War With Reality,https://climbing-history.org/climb/7823/at-war-with-reality,Boulder problem,8B,2,,,123
Autoengaño,https://climbing-history.org/climb/2787/autoengaño,Sport route,9a,2,,,123
Autofix (pre-break),https://climbing-history.org/climb/5452/autofix-(pre-break),Boulder problem,8B+,2,,,123
Avaatara,https://climbing-history.org/climb/3730/avaatara,Sport route,9a,2,,,123
Avalanche,https://climbing-history.org/climb/6438/avalanche,Boulder problem,7C+,2,,,123
Ava's Arrived,https://climbing-history.org/climb/2473/avas-arrived,Boulder problem,8B,2,,,123
Away With the Faeries,https://climbing-history.org/climb/5118/away-with-the-faeries,Trad climb,E9,2,,,123
AWOL Apprentice,https://climbing-history.org/climb/7518/awol-apprentice,Boulder problem,7C,2,,,123
Awooga,https://climbing-history.org/climb/3219/awooga,Boulder problem,7C,2,,,123
Awooga SDS,https://climbing-history.org/climb/3220/awooga-sds,Boulder problem,8A+,2,,,123
Axiom,https://climbing-history.org/climb/343/axiom,Sport route,8a,2,,,123
Axiom SDS,https://climbing-history.org/climb/5068/axiom-sds,Boulder problem,8A+,2,,,123
Baa Baa Black Sheep,https://climbing-history.org/climb/708/baa-baa-black-sheep,Sport route,8c,2,,,123
Ba-Boom,https://climbing-history.org/climb/933/ba-boom,Boulder problem,8B+,2,,,123
Baboon Master,https://climbing-history.org/climb/6495/baboon-master,Boulder problem,8A,2,,,123
Baby Cakes,https://climbing-history.org/climb/3866/baby-cakes,Sport route,9a,2,,,123
Baby Shark,https://climbing-history.org/climb/7063/baby-shark,Boulder problem,8C,2,,,123
Bachelor Party,https://climbing-history.org/climb/6711/bachelor-party,Sport route,9a,2,,,123
Badger Badger Badger,https://climbing-history.org/climb/1969/badger-badger-badger,Boulder problem,8A,2,,,124
Bagheera,https://climbing-history.org/climb/3436/bagheera,Boulder problem,7C,2,,,124
Balance of Power,https://climbing-history.org/climb/1314/balance-of-power,Sport route,8a,2,,,124
Balkon Projekt,https://climbing-history.org/climb/8286/balkon-projekt,Sport route,9a+,2,,,124
"Bam, Bam","https://climbing-history.org/climb/7659/bam,-bam",Trad climb,E7,2,,,124
Banana Ballet,https://climbing-history.org/climb/7651/banana-ballet,Sport route,8c+,2,,,124
Bananas,https://climbing-history.org/climb/1061/bananas,Trad climb,E5,2,,,124
Barbarella,https://climbing-history.org/climb/2432/barbarella,Trad climb,E5,2,,,124
Barbarossa,https://climbing-history.org/climb/1080/barbarossa,Trad climb,E6,2,,,124
Barn Door 2000,https://climbing-history.org/climb/7382/barn-door-2000,Boulder problem,8A+,2,,,124
Barn Owl Crack,https://climbing-history.org/climb/4914/barn-owl-crack,Trad climb,VD,2,,,124
Barracuda,https://climbing-history.org/climb/3885/barracuda,Sport route,8c+,2,,,124
Bastille,https://climbing-history.org/climb/2903/bastille,Trad climb,E6,2,,,124
Bat out Of Hell,https://climbing-history.org/climb/7686/bat-out-of-hell,Trad climb,E5,2,,,124
Bat Shadow,https://climbing-history.org/climb/786/bat-shadow,Sport route,8c+,2,,,124
Beatnik,https://climbing-history.org/climb/2159/beatnik,Trad climb,E5,2,,,124
Beat Surrender,https://climbing-history.org/climb/3542/beat-surrender,Trad climb,E5,2,,,124
Beautiful Mind,https://climbing-history.org/climb/1976/beautiful-mind,Boulder problem,8C,2,Links the low start of Trance in to Dandelion Mind .,,124
Beauty School Drop-out,https://climbing-history.org/climb/6211/beauty-school-drop-out,Trad climb,E8,2,"Sweden
E grade approx",,124
Becoming,https://climbing-history.org/climb/4110/becoming,Sport route,9a,2,,,124
Beginning of the End,https://climbing-history.org/climb/8026/beginning-of-the-end,Boulder problem,8B+,2,,,125
Be Kind,https://climbing-history.org/climb/3671/be-kind,Boulder problem,8B,2,,,125
Belly Flop,https://climbing-history.org/climb/6232/belly-flop,Boulder problem,8A+,2,,,125
Bel Sorriso,https://climbing-history.org/climb/5258/bel-sorriso,Boulder problem,8B,2,,,125
Be My Guest,https://climbing-history.org/climb/7786/be-my-guest,Sport route,8c+,2,,,125
Ben’s Extension,https://climbing-history.org/climb/5835/ben’s-extension,Boulder problem,8A+,2,,,125
Ben's Groove SDS,https://climbing-history.org/climb/2994/bens-groove-sds,Boulder problem,7C+,2,Ben Bransby on the first ascent:,,125
Ben's Roof Extension,https://climbing-history.org/climb/244/bens-roof-extension,Boulder problem,7C+,2,7C+ with no rules or 8A if you skip the kneebars and go direct at the end.,,125
Ben's Wall,https://climbing-history.org/climb/5823/bens-wall,Boulder problem,7C,2,,,125
Betara,https://climbing-history.org/climb/7017/betara,Boulder problem,8B+,2,,,125
Betta Move,https://climbing-history.org/climb/4629/betta-move,Boulder problem,8B,2,,,125
Between Earth and Sky,https://climbing-history.org/climb/6606/between-earth-and-sky,Boulder problem,8B+,2,,,125
Bhai Bon,https://climbing-history.org/climb/1154/bhai-bon,Boulder problem,8B+,2,,,125
Bhai Po,https://climbing-history.org/climb/1179/bhai-po,Boulder problem,8B+,2,,,125
Bibop (assis),https://climbing-history.org/climb/2976/bibop-(assis),Boulder problem,8B,2,,,125
Big Air,https://climbing-history.org/climb/7249/big-air,Trad climb,E6,2,"A unique and committing highball from the pre-pad era, jumping across an unwelcoming gap to a pocket on an adjacent boulder.",,125
Big Bad John,https://climbing-history.org/climb/7394/big-bad-john,Boulder problem,8A+,2,The name refers to housemate of the Adam Wheeler 's Josh Hummel-Newell .,,125
Big Bang,https://climbing-history.org/climb/5595/big-bang,Boulder problem,8A+,2,,,125
Big Dragon,https://climbing-history.org/climb/7169/big-dragon,Boulder problem,8A+,2,,,125
Big Fish in a Little Sea,https://climbing-history.org/climb/4280/big-fish-in-a-little-sea,Trad climb,E7,2,,,125
Big G,https://climbing-history.org/climb/5983/big-g,Boulder problem,8B+,2,A direct on Hazel Grace .,,126
Big Hammer,https://climbing-history.org/climb/2952/big-hammer,Sport route,9a,2,,,126
Big in America,https://climbing-history.org/climb/5692/big-in-america,Trad climb,E6,2,,,126
Bikini Bottom,https://climbing-history.org/climb/1988/bikini-bottom,Traverse,9a,2,,,126
Biologico,https://climbing-history.org/climb/7590/biologico,Sport route,9a,2,,,126
Biotronic,https://climbing-history.org/climb/4388/biotronic,Boulder problem,8B+,2,The first 8B+ in New Zealand.,,126
Bipolar Bear,https://climbing-history.org/climb/7906/bipolar-bear,Boulder problem,8B,2,,,126
Birdsong,https://climbing-history.org/climb/624/birdsong,Trad climb,E7,2,,,126
Birdy,https://climbing-history.org/climb/6435/birdy,Trad climb,E7,2,"With the unusual grade of E7 6a, Birdy is an bold and adventurous undertaking on suspect rock.",,126
"Bite It and Believe It, Suck It and See","https://climbing-history.org/climb/5205/bite-it-and-believe-it,-suck-it-and-see",Trad climb,E6,2,,,126
Bitter Sweet,https://climbing-history.org/climb/3317/bitter-sweet,Boulder problem,8B,2,,,126
Bizi Euskaraz Extension,https://climbing-history.org/climb/1604/bizi-euskaraz-extension,Sport route,8c+,2,,,126
Bizzare Ride,https://climbing-history.org/climb/7345/bizzare-ride,Boulder problem,8A,2,,,126
Black Bean,https://climbing-history.org/climb/3837/black-bean,Sport route,8b,2,,,126
Blackbeard's Tears,https://climbing-history.org/climb/2885/blackbeards-tears,Trad climb,E10,2,,,126
Black is Basic,https://climbing-history.org/climb/1541/black-is-basic,Sport route,8c,2,,,126
Black Love,https://climbing-history.org/climb/2945/black-love,Trad climb,E8,2,,,126
Black Magic,https://climbing-history.org/climb/2245/black-magic,Trad climb,E5,2,,,126
Black Pearl,https://climbing-history.org/climb/4438/black-pearl,Boulder problem,7C+,2,,,126
Black Power,https://climbing-history.org/climb/1318/black-power,Sport route,8c+,2,,,126
Black Thistle,https://climbing-history.org/climb/2699/black-thistle,Trad climb,E10,2,Takes the arete of Misadventure on its steeper right side.,,127
Black Velvet,https://climbing-history.org/climb/5137/black-velvet,Boulder problem,8A,2,,,127
Blade Runner sittstart,https://climbing-history.org/climb/7743/blade-runner-sittstart,Boulder problem,8B,2,,,127
Blanquita,https://climbing-history.org/climb/3879/blanquita,Sport route,8c+,2,,,127
Blazing 48s,https://climbing-history.org/climb/6248/blazing-48s,Boulder problem,8A,2,"The climb uses bullet pock marks as handholds. The name may be a reference to .48 calibre guns from Westerns, though was also said to refer to a kind of ‘strong coffee’.",,127
Blind Vision,https://climbing-history.org/climb/2183/blind-vision,Trad climb,E9,2,,,127
Blobfish Trombone,https://climbing-history.org/climb/7294/blobfish-trombone,Boulder problem,8B+,2,,,127
Block and Tackle,https://climbing-history.org/climb/902/block-and-tackle,Trad climb,E6,2,,,127
Blondie,https://climbing-history.org/climb/3507/blondie,Boulder problem,8B,2,,,127
Bloodhound,https://climbing-history.org/climb/1177/bloodhound,Boulder problem,8B,2,,,127
Blood Meridian,https://climbing-history.org/climb/8170/blood-meridian,Sport route,8b+,2,Very likely 8b,,127
Blood Sport LH,https://climbing-history.org/climb/197/blood-sport-lh,Boulder problem,8B+,2,,,127
Bobangi,https://climbing-history.org/climb/4086/bobangi,Trad climb,E7,2,,,127
Boix Boig,https://climbing-history.org/climb/3665/boix-boig,Boulder problem,8B+,2,,,127
Bombadil,https://climbing-history.org/climb/131/bombadil,Boulder problem,8B+,2,Named after the Lord of the Rings character Tom Bombadil .,,127
Bon Atrocity,https://climbing-history.org/climb/812/bon-atrocity,Boulder problem,8B,2,,,127
Bonfire Jam,https://climbing-history.org/climb/5021/bonfire-jam,Boulder problem,8A+,2,,,127
Bongo,https://climbing-history.org/climb/4276/bongo,Boulder problem,8C,2,,,127
Bonington-Whillans,https://climbing-history.org/climb/5521/bonington-whillans,Alpine,ED1,2,,,127
Bon Vitage,https://climbing-history.org/climb/334/bon-vitage,Sport route,8a,2,,,127
Boom Bip,https://climbing-history.org/climb/950/boom-bip,Trad climb,E7,2,,,128
Bordello SDS,https://climbing-history.org/climb/135/bordello-sds,Boulder problem,8B+,2,,,128
Born Lippy,https://climbing-history.org/climb/2467/born-lippy,Boulder problem,7C+,2,,,128
Boss Hogg,https://climbing-history.org/climb/1337/boss-hogg,Trad climb,E6,2,,,128
Brace For the Cure,https://climbing-history.org/climb/1955/brace-for-the-cure,Boulder problem,8C+,2,"Climbs Jade (8B+), then a crux cross-and-toss transition, into a single-move 7C+",,128
Brad Pit SDS,https://climbing-history.org/climb/828/brad-pit-sds,Boulder problem,8B+,2,,,128
Brandenburg Gate,https://climbing-history.org/climb/588/brandenburg-gate,Sport route,9a+,2,"Once an infamous project to the right of Hubble at Raven Tor . Andy Pollitt climbed it with three points of aid as The Whore of Babylon at 8a in 1987, John Gaskins claimed to have gotten close after many days of effort but never managed to complete it and Will Bosi eventually made the first ascent in 2021.",,128
Brane World,https://climbing-history.org/climb/2633/brane-world,Boulder problem,7C+,2,,,128
Breach of the Peace,https://climbing-history.org/climb/3563/breach-of-the-peace,Sport route,8a,2,,,128
Breathe,https://climbing-history.org/climb/6655/breathe,Boulder problem,8A+,2,,,128
Brutal,https://climbing-history.org/climb/8198/brutal,Sport route,8b+,2,,,128
Brutal Arête,https://climbing-history.org/climb/2972/brutal-arête,Boulder problem,7B,2,,,128
Buisson,https://climbing-history.org/climb/7292/buisson,Boulder problem,8B,2,,,128
Bulbasaur,https://climbing-history.org/climb/1882/bulbasaur,Boulder problem,8C,2,Reverses Charizard (8B+) before finishing up Zabiják (8A+).,,128
Bully,https://climbing-history.org/climb/4440/bully,Boulder problem,8A,2,,,128
Burke-Proctor Attempt,https://climbing-history.org/climb/6095/burke-proctor-attempt,Aid Climb,A4,2,"6c | A4. A visionary attempt on the East Face of Cerro Torre, Proctor and Burke retreated from just short of the junction with the west ridge.",,128
Burn at the Stake,https://climbing-history.org/climb/6343/burn-at-the-stake,Trad climb,E7,2,,,128
Bushido,https://climbing-history.org/climb/7588/bushido,Trad climb,E8,2,"King Creek, Moab",,128
Butternut Squash,https://climbing-history.org/climb/1974/butternut-squash,Boulder problem,7C+,2,,,128
Buzz Caner,https://climbing-history.org/climb/5576/buzz-caner,Trad climb,E7,2,,,128
Ça Chauffe,https://climbing-history.org/climb/1493/ça-chauffe,Sport route,9a,2,,,129
Café Colombia,https://climbing-history.org/climb/3080/café-colombia,Sport route,9c,2,Jorge Díaz-Rullo on the name:,,129
Call to Arms,https://climbing-history.org/climb/6542/call-to-arms,Trad climb,E4,2,,,129
Capability Brawn,https://climbing-history.org/climb/3548/capability-brawn,Boulder problem,8B,2,,,129
Captain Hook,https://climbing-history.org/climb/3271/captain-hook,Boulder problem,8A+,2,,,129
Caricature,https://climbing-history.org/climb/6545/caricature,Boulder problem,8B+,2,,,129
Cassin Ridge,https://climbing-history.org/climb/5307/cassin-ridge,Alpine,TD,2,,,129
Catcher in the Rye,https://climbing-history.org/climb/4988/catcher-in-the-rye,Trad climb,E6,2,,,129
Cauchemar de l'Élephant,https://climbing-history.org/climb/364/cauchemar-de-lélephant,Sport route,8a,2,,,129
Caution,https://climbing-history.org/climb/1671/caution,Trad climb,E8,2,,,129
Cave Heart,https://climbing-history.org/climb/6808/cave-heart,Trad climb,E4,2,,,129
Cave Route Right Hand (Pre-2018),https://climbing-history.org/climb/867/cave-route-right-hand-(pre-2018),Trad climb,E6,2,,,129
Celedon,https://climbing-history.org/climb/3935/celedon,Sport route,9a,2,,,129
Cemetery Waits,https://climbing-history.org/climb/905/cemetery-waits,Trad climb,E7,2,,,129
Central Buttress,https://climbing-history.org/climb/1231/central-buttress,Trad climb,E1,2,,,129
Central Pillar,https://climbing-history.org/climb/3669/central-pillar,Trad climb,E2,2,,,129
Central Pillar,https://climbing-history.org/climb/2527/central-pillar,Sport route,8a,2,The route has lost some holds potentially making it harder than when Ron Fawcett made the first ascent.,,129
Central Rib,https://climbing-history.org/climb/4180/central-rib,Trad climb,HS,2,,,129
Cerebellum,https://climbing-history.org/climb/4577/cerebellum,Boulder problem,8B,2,,,129
C’est la Vie,https://climbing-history.org/climb/3886/c’est-la-vie,Sport route,8c+,2,,,129
Chabang,https://climbing-history.org/climb/2401/chabang,Boulder problem,8B,2,Adds 7C+/V10 into the start of Chabal,,130
Chain Reaction,https://climbing-history.org/climb/1861/chain-reaction,Sport route,7b+,2,,,130
Chan Chan Bastards,https://climbing-history.org/climb/2213/chan-chan-bastards,Sport route,9a+,2,,,130
Changing Tides,https://climbing-history.org/climb/4114/changing-tides,Trad climb,E8,2,,,130
Chaos Theory,https://climbing-history.org/climb/8066/chaos-theory,Boulder problem,8B,2,,,130
Charizard,https://climbing-history.org/climb/1881/charizard,Boulder problem,8B+,2,,,130
Charlie Don't Surf,https://climbing-history.org/climb/5575/charlie-dont-surf,Trad climb,E8,2,,,130
Charm,https://climbing-history.org/climb/3477/charm,Trad climb,E8,2,,,130
Chbalanke,https://climbing-history.org/climb/290/chbalanke,Boulder problem,8A,2,,,130
Cheese Steeze,https://climbing-history.org/climb/8013/cheese-steeze,Boulder problem,8B+,2,,,130
Chiave della Volta,https://climbing-history.org/climb/2785/chiave-della-volta,Sport route,9a,2,,,130
Chicken Deluxe,https://climbing-history.org/climb/2270/chicken-deluxe,Sport route,9a+,2,Formerly an 8c+ with a large number of artificial holds (~17). After being unrepeated for many years Lucien Martinez removed all but two of the artificial holds and reclimbed the line at 9a+ (or potentially 9b).,,130
Chilam-Malenum,https://climbing-history.org/climb/4605/chilam-malenum,Sport route,9a,2,,,130
Child's Play,https://climbing-history.org/climb/2175/childs-play,Trad climb,E7,2,Direct start to Parthian Shot (Pre-2011 Break) .,,130
Chimichanga,https://climbing-history.org/climb/5098/chimichanga,Boulder problem,8B,2,,,130
China Climb,https://climbing-history.org/climb/3959/china-climb,Sport route,8b+,2,,,130
China Crisis,https://climbing-history.org/climb/563/china-crisis,Sport route,8b+,2,,,130
Chinese Arithmetic,https://climbing-history.org/climb/3948/chinese-arithmetic,Boulder problem,8B,2,,,130
Chipolatas et Jacuzzi,https://climbing-history.org/climb/4434/chipolatas-et-jacuzzi,Sport route,8b+,2,,,130
Chip Shop Buddy,https://climbing-history.org/climb/1514/chip-shop-buddy,Boulder problem,8A,2,,,130
Chiroptera,https://climbing-history.org/climb/3750/chiroptera,Sport route,9a+,2,,,131
Chocolate Girl,https://climbing-history.org/climb/6986/chocolate-girl,Trad climb,E7,2,,,131
Choronzon,https://climbing-history.org/climb/607/choronzon,Trad climb,E10,2,,,131
Chugma,https://climbing-history.org/climb/5449/chugma,Boulder problem,8B+,2,,,131
Cindy Crawford,https://climbing-history.org/climb/3808/cindy-crawford,Boulder problem,7C,2,,,131
Circus,https://climbing-history.org/climb/7009/circus,Trad climb,E7,2,,,131
Circus Maximus,https://climbing-history.org/climb/8183/circus-maximus,Sport route,"9a
                        (approx)",2,"A highpoint of technical difficulty in Saxony's sandstone climbing. The route was established ground-up with no chalk by Robert Leistner in 2012, resting on the bolts – which he also placed ground-up. According to the ethics of the region, he is credited with the first free ascent. The route has not had a redpoint ascent and the grade is conjecture.",,131
Clap Please,https://climbing-history.org/climb/1005/clap-please,Trad climb,E7,2,,,131
Clarity,https://climbing-history.org/climb/7777/clarity,Boulder problem,8B+,2,,,131
Climb for Life,https://climbing-history.org/climb/7866/climb-for-life,Sport route,9a,2,,,131
Climb Free,https://climbing-history.org/climb/3302/climb-free,Sport route,9a,2,The first 9a in Israel.,,131
Climpit,https://climbing-history.org/climb/4756/climpit,Boulder problem,8A+,2,,,131
Cockblock,https://climbing-history.org/climb/868/cockblock,Trad climb,E5,2,,,131
Cocoon,https://climbing-history.org/climb/2351/cocoon,Trad climb,E8,2,,,131
Cold Comfort Cuddle Machine,https://climbing-history.org/climb/7764/cold-comfort-cuddle-machine,Boulder problem,8A+,2,,,131
Cold Steal,https://climbing-history.org/climb/1814/cold-steal,Sport route,8a,2,,,131
Collateral,https://climbing-history.org/climb/3576/collateral,Trad climb,E7,2,,,131
Comes the Dervish,https://climbing-history.org/climb/1087/comes-the-dervish,Trad climb,E3,2,,,131
Come to Mother,https://climbing-history.org/climb/1003/come-to-mother,Trad climb,E7,2,Now fallen down.,,131
Coming Up For Air,https://climbing-history.org/climb/3070/coming-up-for-air,Boulder problem,8A,2,,,131
Committed,https://climbing-history.org/climb/6053/committed,Trad climb,E6,2,,,132
Companion of Change,https://climbing-history.org/climb/7391/companion-of-change,Sport route,9a+,2,,,132
Conan the Librarian,https://climbing-history.org/climb/1187/conan-the-librarian,Trad climb,E7,2,,,132
Condé de Choc,https://climbing-history.org/climb/682/condé-de-choc,Sport route,9a,2,,,132
Contradictory Reality,https://climbing-history.org/climb/7755/contradictory-reality,Boulder problem,8B,2,,,132
Contrôle Qualité,https://climbing-history.org/climb/6089/contrôle-qualité,Boulder problem,8B,2,,,132
Converser,https://climbing-history.org/climb/5853/converser,Boulder problem,8A,2,,,132
Conviction (du bas),https://climbing-history.org/climb/1778/conviction-(du-bas),Boulder problem,8B+,2,,,132
Cordia Maleficarum,https://climbing-history.org/climb/2492/cordia-maleficarum,Sport route,9a,2,,,132
Core Blimey,https://climbing-history.org/climb/5333/core-blimey,Boulder problem,8A,2,,,132
Cornelius,https://climbing-history.org/climb/1460/cornelius,Boulder problem,7C,2,,,132
Cosmic Wheels,https://climbing-history.org/climb/2817/cosmic-wheels,Boulder problem,7C,2,,,132
Couilles de Mammouth,https://climbing-history.org/climb/2920/couilles-de-mammouth,Trad climb,"E9
                        (approx)",2,The grade is a guess as the first and second ascentionists did not offer a grade. However James Pearson did describe it as follows:,,132
Coup de Feel (pre-break),https://climbing-history.org/climb/6097/coup-de-feel-(pre-break),Boulder problem,8A,2,"One of the first 8A+ problems in the forest, downgraded to 8A four years later by Marc le Menestrel . The climb is currently rated 7C and comes in from the left, without the use of a crack. The original apparently started more direct from a crimp that later broke.",,132
Crack and Corner,https://climbing-history.org/climb/1708/crack-and-corner,Trad climb,HS,2,,,132
Craig Arthur Girdle,https://climbing-history.org/climb/6574/craig-arthur-girdle,Trad climb,E2,2,,,132
Crash Out,https://climbing-history.org/climb/5166/crash-out,Boulder problem,8B+,2,,,132
Crimson Cringe,https://climbing-history.org/climb/5714/crimson-cringe,Trad climb,E5,2,,,132
Crowley's Crack,https://climbing-history.org/climb/5656/crowleys-crack,Trad climb,"E2
                        (approx)",2,MXS.,,132
Crown of Thorns,https://climbing-history.org/climb/7440/crown-of-thorns,Trad climb,E9,2,"In the same cave as The Crucifix, Crown of Thorns is the bisecting line creating the 'cross-bar' to the crucifix. 165ft long, truly monstrous. Starts with a long section of hands and fist jams, then hand/fist stacks and finally some wide offwidth thrutching.",,132
Crown Royale,https://climbing-history.org/climb/4632/crown-royale,Boulder problem,8B,2,,,133
Crumble Fish SDS,https://climbing-history.org/climb/3848/crumble-fish-sds,Boulder problem,8B,2,,,133
Cryolite,https://climbing-history.org/climb/5680/cryolite,Boulder problem,8C,2,,,133
Crystal Methods,https://climbing-history.org/climb/3583/crystal-methods,Trad climb,E8,2,,,133
Crystal Vein,https://climbing-history.org/climb/3713/crystal-vein,Boulder problem,8B,2,,,133
Cullinan,https://climbing-history.org/climb/3597/cullinan,Boulder problem,8B,2,,,133
Cupcake,https://climbing-history.org/climb/6219/cupcake,Sport route,8c,2,,,133
Curving Arete,https://climbing-history.org/climb/5856/curving-arete,Trad climb,E4,2,,,133
Cyber Bully,https://climbing-history.org/climb/6622/cyber-bully,Boulder problem,8B,2,,,133
Cybernetic Wall,https://climbing-history.org/climb/8333/cybernetic-wall,Trad climb,E9,2,,,133
Cystitis by Proxy,https://climbing-history.org/climb/1030/cystitis-by-proxy,Trad climb,E5,2,,,133
Daddy Issues,https://climbing-history.org/climb/5987/daddy-issues,Sport route,8a+,2,,,133
Daishinmonkan,https://climbing-history.org/climb/6394/daishinmonkan,Boulder problem,8B+,2,,,133
Dangerous Crocodile Snogging,https://climbing-history.org/climb/5684/dangerous-crocodile-snogging,Trad climb,E7,2,,,133
Daniboy,https://climbing-history.org/climb/346/daniboy,Sport route,8a,2,,,133
Darius,https://climbing-history.org/climb/4942/darius,Trad climb,E3,2,,,133
Dark Matter,https://climbing-history.org/climb/316/dark-matter,Sport route,8b,2,,,133
Darkness at Noon,https://climbing-history.org/climb/5906/darkness-at-noon,Trad climb,E5,2,,,133
Darkness Falling,https://climbing-history.org/climb/5785/darkness-falling,Trad climb,E6,2,,,133
Dark Religion,https://climbing-history.org/climb/670/dark-religion,Trad climb,E9,2,,,133
Dark Waters,https://climbing-history.org/climb/3855/dark-waters,Boulder problem,8A+,2,,,134
Das Pumpenhausen,https://climbing-history.org/climb/412/das-pumpenhausen,Boulder problem,8B+,2,,,134
Dau al Set,https://climbing-history.org/climb/3521/dau-al-set,Sport route,8b,2,,,134
Day of the Triffids,https://climbing-history.org/climb/2592/day-of-the-triffids,Trad climb,E8,2,,,134
Dead on Arrival,https://climbing-history.org/climb/4685/dead-on-arrival,Trad climb,E6,2,,,134
Deal With the Devil,https://climbing-history.org/climb/3990/deal-with-the-devil,Boulder problem,8B,2,,,134
Death Arete,https://climbing-history.org/climb/3861/death-arete,Trad climb,E8,2,,,134
Death Trout,https://climbing-history.org/climb/8202/death-trout,Boulder problem,8B,2,,,134
Debauchery,https://climbing-history.org/climb/3704/debauchery,Trad climb,E1,2,,,134
Decadence,https://climbing-history.org/climb/2876/decadence,Trad climb,E4,2,,,134
Decent Fellow,https://climbing-history.org/climb/7611/decent-fellow,Boulder problem,8B+,2,,,134
Deep Spot,https://climbing-history.org/climb/4517/deep-spot,Sport route,9a+,2,,,134
Deer Bield Buttress,https://climbing-history.org/climb/3678/deer-bield-buttress,Trad climb,E1,2,,,134
De Fortapte Barns By,https://climbing-history.org/climb/6323/de-fortapte-barns-by,Boulder problem,7C,2,"Østmarka, Norway",,134
Déjà Vu,https://climbing-history.org/climb/2284/déjà-vu,Trad climb,E4,2,,,134
Delicatessen,https://climbing-history.org/climb/3129/delicatessen,Trad climb,E2,2,,,134
Delincuente Natural (extension),https://climbing-history.org/climb/482/delincuente-natural-(extension),Sport route,9b,2,,,134
Delusion,https://climbing-history.org/climb/7778/delusion,Boulder problem,8B+,2,,,134
Democratic Backsliding,https://climbing-history.org/climb/6890/democratic-backsliding,Boulder problem (indoor),8B+,2,Harder variation of an Elijah Mercado V13/8B set on the Tension Board 2 Mirror,,134
Dendrobium,https://climbing-history.org/climb/5334/dendrobium,Boulder problem,8C,2,,,134
Den Nattliga Havsfärden,https://climbing-history.org/climb/3262/den-nattliga-havsfärden,Boulder problem,8C,2,,,135
Den Siste Preken,https://climbing-history.org/climb/7907/den-siste-preken,Boulder problem,8B,2,,,135
Depth Charge,https://climbing-history.org/climb/2874/depth-charge,Trad climb,E5,2,,,135
Der Lange Atem,https://climbing-history.org/climb/3268/der-lange-atem,Sport route,9a,2,,,135
Der Opportunist,https://climbing-history.org/climb/1659/der-opportunist,Sport route,8b,2,,,135
Desesparicion,https://climbing-history.org/climb/4708/desesparicion,Boulder problem,8C,2,Start in Baby Martini and finish in Esperanza .,,135
Desolation Row,https://climbing-history.org/climb/2916/desolation-row,Trad climb,E2,2,,,135
Desperado,https://climbing-history.org/climb/7891/desperado,Boulder problem,8B,2,,,135
Destination Earth,https://climbing-history.org/climb/6126/destination-earth,Trad climb,E7,2,,,135
Deus Ex Machina,https://climbing-history.org/climb/6901/deus-ex-machina,Boulder problem (indoor),8B+,2,Set for the OG Board Lords.,,135
Devers Royale,https://climbing-history.org/climb/925/devers-royale,Sport route,8c+,2,,,135
Dévers Sévère,https://climbing-history.org/climb/2218/dévers-sévère,Sport route,8c+,2,,,135
Déviation,https://climbing-history.org/climb/4112/déviation,Boulder problem,8A,2,,,135
Devolution,https://climbing-history.org/climb/1897/devolution,Sport route,8c,2,,,135
Devonshire Cream,https://climbing-history.org/climb/5902/devonshire-cream,Trad climb,E5,2,,,135
Diabolique,https://climbing-history.org/climb/4586/diabolique,Boulder problem,8A+,2,,,135
Diagonal,https://climbing-history.org/climb/2043/diagonal,Trad climb,HVS,2,,,135
Diamond Dogs,https://climbing-history.org/climb/61/diamond-dogs,Sport route,8c+,2,,,135
Digital Quartz,https://climbing-history.org/climb/3079/digital-quartz,Sport route,8b,2,,,135
Digital System Extension,https://climbing-history.org/climb/4859/digital-system-extension,Sport route,8c+,2,,,135
Dillerium,https://climbing-history.org/climb/3998/dillerium,Boulder problem,8A,2,,,136
Diluvian,https://climbing-history.org/climb/212/diluvian,Boulder problem,8A+,2,,,136
Din Årgang,https://climbing-history.org/climb/4555/din-årgang,Boulder problem,8B,2,,,136
Dinas in the Oven,https://climbing-history.org/climb/1302/dinas-in-the-oven,Trad climb,E7,2,,,136
Din's Problem,https://climbing-history.org/climb/7404/dins-problem,Boulder problem (indoor),8C,2,"Almost certainly under-graded at 8C, even by the standards of board grading.",,136
Directa Rodillar,https://climbing-history.org/climb/1103/directa-rodillar,Sport route,8c+,2,,,136
Direct Into Your Fabelita,https://climbing-history.org/climb/6648/direct-into-your-fabelita,Sport route,9a,2,,,136
Directissima,https://climbing-history.org/climb/7254/directissima,Boulder problem,7B+,2,,,136
Direquiem,https://climbing-history.org/climb/1322/direquiem,Trad climb,E9,2,"Sonnie describes Direquiem as ""the true direct finish to Requiem"" The line of Rhapsody , the UK's first E11 as climbed by Dave MacLeod, takes the path of most resistance (the hardest moves) up the Requiem headwall and is shaped like an inverted question mark - ¿ - where Direquiem goes direct (almost in a straight line) from the top of the Requiem crack to the top of the cliff",,136
Dire Wolf,https://climbing-history.org/climb/5321/dire-wolf,Sport route,8c+,2,,,136
Dirty Epic,https://climbing-history.org/climb/8156/dirty-epic,Boulder problem,8A,2,,,136
Dirty Harry's Brother,https://climbing-history.org/climb/3716/dirty-harrys-brother,Sport route,8c+,2,,,136
Distortion,https://climbing-history.org/climb/2001/distortion,Boulder problem,8C+,2,,,136
Divided Kingdom,https://climbing-history.org/climb/8144/divided-kingdom,Trad climb,E4,2,,,136
Divine Guiding Light,https://climbing-history.org/climb/6829/divine-guiding-light,Trad climb,E6,2,,,136
Division of Labour,https://climbing-history.org/climb/4782/division-of-labour,Trad climb,E6,2,,,136
Doctor Feelgood,https://climbing-history.org/climb/3291/doctor-feelgood,Sport route,8a,2,,,136
Don't Pierdol,https://climbing-history.org/climb/752/dont-pierdol,Boulder problem,8A+,2,The hardest boulder problem in SE England. Currently banned.,,136
Doomsday,https://climbing-history.org/climb/6244/doomsday,Boulder problem,8B+,2,,,136
Dorsal Stream,https://climbing-history.org/climb/410/dorsal-stream,Boulder problem,8B,2,,,136
Do the Rocksteady,https://climbing-history.org/climb/6125/do-the-rocksteady,Trad climb,E7,2,,,137
Doublecross,https://climbing-history.org/climb/3901/doublecross,Boulder problem,8B+,2,,,137
Double Dermit,https://climbing-history.org/climb/5868/double-dermit,Boulder problem,8B,2,,,137
Doubting Thomas,https://climbing-history.org/climb/4991/doubting-thomas,Trad climb,E5,2,,,137
Down South,https://climbing-history.org/climb/5816/down-south,Boulder problem,7B+,2,,,137
Dracula True Finish,https://climbing-history.org/climb/88/dracula-true-finish,Sport route,8c,2,,,137
Dragée Fuca,https://climbing-history.org/climb/3770/dragée-fuca,Sport route,8c,2,,,137
Dramas y Comedias,https://climbing-history.org/climb/8278/dramas-y-comedias,Boulder problem,8B+,2,,,137
Dreadnot,https://climbing-history.org/climb/8214/dreadnot,Sport route,8b+,2,,,137
Drink Driving,https://climbing-history.org/climb/5323/drink-driving,Boulder problem,8A+,2,,,137
Drummond Base,https://climbing-history.org/climb/952/drummond-base,Trad climb,E8,2,,,137
Dschungelfieber,https://climbing-history.org/climb/2386/dschungelfieber,Sport route,8c+,2,,,137
Dune,https://climbing-history.org/climb/2927/dune,Boulder problem,8B+,2,,,137
Dúnedane,https://climbing-history.org/climb/7927/dúnedane,Boulder problem,8A,2,,,137
Dusk Till Dawn,https://climbing-history.org/climb/666/dusk-till-dawn,Trad climb,E8,2,,,137
Dusk Till Dawn (Vlad Start),https://climbing-history.org/climb/8135/dusk-till-dawn-(vlad-start),Trad climb,E7,2,,,137
Dying to Live,https://climbing-history.org/climb/4989/dying-to-live,Boulder problem,8C,2,"Initially 8B+, but a key hold broke shortly after the first ascent, making it significantly harder.",,137
Eagle Huntress (Stand),https://climbing-history.org/climb/2747/eagle-huntress-(stand),Boulder problem,8A,2,,,137
Eagle Vs. Chicken Sit,https://climbing-history.org/climb/6059/eagle-vs.-chicken-sit,Boulder problem,8B,2,,,137
Ear of Life,https://climbing-history.org/climb/7341/ear-of-life,Boulder problem,"8C+
                        (approx)",2,,,137
Earth Ship,https://climbing-history.org/climb/4141/earth-ship,Boulder problem,8B,2,,,138
East Buttress,https://climbing-history.org/climb/6199/east-buttress,Trad climb,E1,2,5.10b,,138
Ebbing the Flow,https://climbing-history.org/climb/803/ebbing-the-flow,Boulder problem,8B,2,,,138
Ebony and Ivory,https://climbing-history.org/climb/3445/ebony-and-ivory,Boulder problem,8C,2,,,138
Echoes,https://climbing-history.org/climb/6489/echoes,Boulder problem,8A,2,,,138
Echo Wall,https://climbing-history.org/climb/554/echo-wall,Trad climb,E11,2,"Echo Wall is a near-mythical hard trad climb located high on Ben Nevis and established by Dave MacLeod in July 2008. It is an incredibly bold route, featuring climbing around 8c in a position where falling off could result in a 20m ground fall. Once the main difficulties are done, the route's 70m length requires the leader to untie and solo the more moderate ground to the top.",,138
Eclipse,https://climbing-history.org/climb/5193/eclipse,Boulder problem,8A+,2,,,138
Éclipse,https://climbing-history.org/climb/4813/éclipse,Boulder problem,7C,2,,,138
Eclipse SDS,https://climbing-history.org/climb/6483/eclipse-sds,Boulder problem,8B,2,,,138
Efecto Mariposa,https://climbing-history.org/climb/6699/efecto-mariposa,Sport route,8b,2,,,138
Ejector Seat,https://climbing-history.org/climb/4068/ejector-seat,Deep water solo,7c,2,,,138
El Club de la Lucha,https://climbing-history.org/climb/4655/el-club-de-la-lucha,Sport route,8b+,2,,,138
El Cobrador del Flash,https://climbing-history.org/climb/6092/el-cobrador-del-flash,Boulder problem,8B+,2,,,138
El Cobrador del Flash Low Start,https://climbing-history.org/climb/6138/el-cobrador-del-flash-low-start,Boulder problem,"9A
                        (approx)",2,,,138
Elder Crack,https://climbing-history.org/climb/2907/elder-crack,Trad climb,E2,2,Allan Austin :,,138
El Desafío,https://climbing-history.org/climb/332/el-desafío,Sport route,8a,2,,,138
El Guardià,https://climbing-history.org/climb/1211/el-guardià,Sport route,8a,2,,,138
El Infierno,https://climbing-history.org/climb/3602/el-infierno,Boulder problem,8B,2,,,138
El Intento,https://climbing-history.org/climb/3420/el-intento,Sport route,9a,2,,,138
El osteopata,https://climbing-history.org/climb/6663/el-osteopata,Sport route,9a,2,,,138
El Picacho,https://climbing-history.org/climb/3111/el-picacho,Sport route,9b,2,A hard link in the Ali Baba cave.,,139
El Representante,https://climbing-history.org/climb/7952/el-representante,Sport route,8b,2,,,139
El Sendero Luminoso,https://climbing-history.org/climb/2016/el-sendero-luminoso,Sport route,7c,2,Named after the Peruvian guerrilla group and far-left political party.,,139
Embryonix,https://climbing-history.org/climb/5415/embryonix,Boulder problem,8A,2,,,139
Emerald Crack,https://climbing-history.org/climb/5933/emerald-crack,Trad climb,E3,2,,,139
Empainada,https://climbing-history.org/climb/2820/empainada,Deep water solo,8b+,2,Shares the start of Animal Magnetism before taking a more direct finish.,,139
Empath,https://climbing-history.org/climb/6445/empath,Trad climb,E10,2,,,139
Empreintes,https://climbing-history.org/climb/1507/empreintes,Sport route,9a,2,,,139
End Sequence,https://climbing-history.org/climb/430/end-sequence,Boulder problem,8B,2,,,139
Energy Vampire,https://climbing-history.org/climb/1294/energy-vampire,Sport route,8a+,2,,,139
Enigma low,https://climbing-history.org/climb/7821/enigma-low,Boulder problem,8B,2,,,139
Enkemageren sit,https://climbing-history.org/climb/7949/enkemageren-sit,Boulder problem,8A+,2,,,139
En Passant,https://climbing-history.org/climb/2812/en-passant,Trad climb,E10,2,The trad grade depends on whether the two bolts at the crux are clipped. Currently graded for not using these.,,139
Entrée,https://climbing-history.org/climb/1046/entrée,Sport route,8a,2,,,139
Entwash,https://climbing-history.org/climb/4138/entwash,Boulder problem,8A,2,,,139
Epitaph,https://climbing-history.org/climb/1846/epitaph,Boulder problem,8C+,2,"The problem lost some holds after Dai Koyamada made the first ascent, then shortly after Ryuichi Murai made the second ascent another important hold was lost and the problem was considered unclimbable. However Toru  Nakajima was able to reclimb the problem, suggesting an upgrade to 8C+ in the state he climbed it in.",,139
Epitaph (Pre-Break),https://climbing-history.org/climb/4427/epitaph-(pre-break),Boulder problem,8C,2,,,139
Era,https://climbing-history.org/climb/7822/era,Boulder problem,8B,2,,,139
Eraserhead,https://climbing-history.org/climb/7175/eraserhead,Trad climb,E6,2,,,139
Erosion Groove Direct,https://climbing-history.org/climb/5668/erosion-groove-direct,Trad climb,E2,2,,,139
Escaladur,https://climbing-history.org/climb/4801/escaladur,Sport route,9a,2,,,140
Eternal,https://climbing-history.org/climb/3578/eternal,Trad climb,E6,2,,,140
Eternal Sunshine,https://climbing-history.org/climb/8002/eternal-sunshine,Boulder problem,8B,2,,,140
Eternit,https://climbing-history.org/climb/1620/eternit,Sport route,9a+,2,One of the hardest slabs in the world. Originally given 9a but upgraded to 9a+ by the second ascenionist after some holds had changed.,,140
Ethereal Thing,https://climbing-history.org/climb/2657/ethereal-thing,Boulder problem,8A,2,,,140
Eurofighter,https://climbing-history.org/climb/309/eurofighter,Sport route,8b,2,,,140
Event Horizon,https://climbing-history.org/climb/3852/event-horizon,Boulder problem,8C+,2,Right hand sit start to Room Service.,,140
Everything is Awesome,https://climbing-history.org/climb/7794/everything-is-awesome,Sport route,8c+,2,,,140
Evil Sideways,https://climbing-history.org/climb/817/evil-sideways,Boulder problem,8A+,2,,,140
Exodia,https://climbing-history.org/climb/6431/exodia,Boulder problem,9A+,2,The first proposed 9A+/V18. The name refers to a monster in the Yu-Gi-Oh card game.,,140
Exodus,https://climbing-history.org/climb/6928/exodus,Boulder problem,8B,2,,,140
Facil,https://climbing-history.org/climb/4246/facil,Sport route,8c,2,,,140
Fagus Sylvatica,https://climbing-history.org/climb/1850/fagus-sylvatica,Trad climb,E8,2,"Don't expect any favours on this baby! The sharp arete slopes in more dimensions than physicists have ever dreamed of. With gear in the very low slot , power up the arete with great determination, skill, power, technique and all those other things you have not got. [1]",,140
Family Affair,https://climbing-history.org/climb/1753/family-affair,Sport route,8a+,2,,,140
Fandango,https://climbing-history.org/climb/5728/fandango,Sport route,6c+,2,,,140
Fantasmagoria,https://climbing-history.org/climb/5163/fantasmagoria,Boulder problem,8C,2,,,140
Fast Forward,https://climbing-history.org/climb/5059/fast-forward,Trad climb,E6,2,,,140
Fatal Flaw,https://climbing-history.org/climb/8149/fatal-flaw,Boulder problem,8B,2,,,140
Fata Morgana,https://climbing-history.org/climb/5151/fata-morgana,Boulder problem,8A,2,,,140
Fata Morgana (assis),https://climbing-history.org/climb/7212/fata-morgana-(assis),Boulder problem,8B,2,,,140
Fat Camp,https://climbing-history.org/climb/3949/fat-camp,Sport route,9a,2,,,141
Fat Cat Roof  + Taylor Made,https://climbing-history.org/climb/1987/fat-cat-roof-+-taylor-made,Boulder problem,7C+,2,,,141
Fearless,https://climbing-history.org/climb/2258/fearless,Trad climb,E9,2,,,141
Fear of Failure,https://climbing-history.org/climb/1673/fear-of-failure,Trad climb,E8,2,,,141
Feed Your Head (Eclipsed),https://climbing-history.org/climb/2105/feed-your-head-(eclipsed),Trad climb,E7,2,A hybrid of Solution Pollution and Partial Eclipse (No Bolt) climbed without their bolt runner.,,141
Feel Good Inc.,https://climbing-history.org/climb/7862/feel-good-inc.,Boulder problem,8B,2,,,141
Felberqueen,https://climbing-history.org/climb/3813/felberqueen,Boulder problem,8B,2,,,141
Fern Hill,https://climbing-history.org/climb/4946/fern-hill,Trad climb,E2,2,,,141
Fibyarêten,https://climbing-history.org/climb/7762/fibyarêten,Boulder problem,8B,2,,,141
Fifth Dimension,https://climbing-history.org/climb/1993/fifth-dimension,Sport route,8b+,2,,,141
Fifty Words For Pump,https://climbing-history.org/climb/4652/fifty-words-for-pump,Sport route,8c,2,,,141
Fight Club,https://climbing-history.org/climb/485/fight-club,Sport route,9b,2,Bolted by Sonnie Trotter during Alex Megos' visit to the area after Sonnie realised that Alex was quickly running out of anything hard to try! The hardest route in Canada when it was established.,,141
Final Curtain,https://climbing-history.org/climb/1346/final-curtain,Boulder problem,7C+,2,,,141
Final Fantasy,https://climbing-history.org/climb/5375/final-fantasy,Sport route,8b,2,,,141
Fingerlicker,https://climbing-history.org/climb/4927/fingerlicker,Trad climb,E4,2,,,141
Fingerlicker Direct,https://climbing-history.org/climb/1064/fingerlicker-direct,Trad climb,E6,2,,,141
Firefight,https://climbing-history.org/climb/437/firefight,Boulder problem,8B,2,,,141
Firefox,https://climbing-history.org/climb/5879/firefox,Trad climb,E7,2,"The first hard route to free climb the full wall. E7 6a, 6b, 6a, 5c",,141
Fire In The Belly,https://climbing-history.org/climb/7368/fire-in-the-belly,Sport route,8a+,2,700m,,141
Firestone,https://climbing-history.org/climb/3517/firestone,Trad climb,E7,2,,,141
Firing Blanks,https://climbing-history.org/climb/2209/firing-blanks,Boulder problem,8A+,2,,,142
Fishbox,https://climbing-history.org/climb/1023/fishbox,Trad climb,E5,2,,,142
Five Finger Exercise,https://climbing-history.org/climb/4947/five-finger-exercise,Trad climb,E2,2,,,142
Flashing Lights,https://climbing-history.org/climb/3899/flashing-lights,Boulder problem,8B+,2,,,142
Flattery,https://climbing-history.org/climb/3167/flattery,Trad climb,E7,2,,,142
Flesh for Fantasy,https://climbing-history.org/climb/6941/flesh-for-fantasy,Sport route,9a,2,[1] Lucien Martinez discussed the route on BlokCast https://www.youtube.com/watch?v=mZyddquWwO0,,142
Flight of the Albatross,https://climbing-history.org/climb/3500/flight-of-the-albatross,Aid Climb,A4,2,Named after Will Oxx's base jump off the top after finishing the route.,,142
Flipnic in to the Crack,https://climbing-history.org/climb/1838/flipnic-in-to-the-crack,Boulder problem,8B,2,,,142
Flipping the Bird Direct,https://climbing-history.org/climb/4027/flipping-the-bird-direct,Sport route,9a,2,,,142
Flower of Evil,https://climbing-history.org/climb/1176/flower-of-evil,Trad climb,E7,2,,,142
Focus Failed,https://climbing-history.org/climb/2814/focus-failed,Boulder problem,8C,2,,,142
Foil,https://climbing-history.org/climb/2070/foil,Trad climb,E3,2,,,142
Footless Crow,https://climbing-history.org/climb/1409/footless-crow,Trad climb,E6,2,Originally E5 (the first in the English Lake District) but has crept up to E6 after hold loss.,,142
Forever More SDS,https://climbing-history.org/climb/2829/forever-more-sds,Boulder problem,8A+,2,,,142
Forked Lightning Crack,https://climbing-history.org/climb/3455/forked-lightning-crack,Trad climb,E2,2,,,142
For Whom the Bell Tolls,https://climbing-history.org/climb/1022/for-whom-the-bell-tolls,Trad climb,E6,2,,,142
Fourteen Years Later,https://climbing-history.org/climb/1355/fourteen-years-later,Boulder problem,7C+,2,,,142
Fourteen Years Later Low,https://climbing-history.org/climb/1352/fourteen-years-later-low,Boulder problem,8A,2,,,142
Franskeruta,https://climbing-history.org/climb/7732/franskeruta,Aid Climb,A4,2,,,142
Freak Brothers,https://climbing-history.org/climb/3860/freak-brothers,Boulder problem,8A,2,,,142
Freakshow,https://climbing-history.org/climb/3076/freakshow,Boulder problem,8C,2,,,143
Fred's Right Hand,https://climbing-history.org/climb/7773/freds-right-hand,Boulder problem,8B,2,,,143
Free at Last,https://climbing-history.org/climb/1962/free-at-last,Sport route,9a+,2,,,143
Freeborn Man,https://climbing-history.org/climb/5194/freeborn-man,Deep water solo,6c,2,One of the UK's iconic deep water solo lines.,,143
Free Fight Intégral,https://climbing-history.org/climb/3350/free-fight-intégral,Sport route,8c,2,,,143
Freerider,https://climbing-history.org/climb/7168/freerider,Boulder problem,8C,2,A left-hand sit-start to Salathé Wall (7A+).,,143
Free Stone Henge,https://climbing-history.org/climb/1202/free-stone-henge,Trad climb,E6,2,,,143
French Duke,https://climbing-history.org/climb/639/french-duke,Trad climb,E9,2,,,143
French Tutor,https://climbing-history.org/climb/5122/french-tutor,Boulder problem,8B,2,,,143
Frisson,https://climbing-history.org/climb/5597/frisson,Boulder problem,8A+,2,,,143
Frogger,https://climbing-history.org/climb/711/frogger,Boulder problem,8A,2,,,143
From Russia With Love,https://climbing-history.org/climb/6026/from-russia-with-love,Trad climb,E7,2,"Ak Su, Kyrgyzstan. 500m, up to E7 6b / 5.12x",,143
Frost,https://climbing-history.org/climb/7722/frost,Aid Climb,A3,2,,,143
Fukanobyo,https://climbing-history.org/climb/5496/fukanobyo,Boulder problem,8B,2,8B/8B+. Traverse the Fukano Slab.,,143
Full Sun,https://climbing-history.org/climb/8190/full-sun,Trad climb,E6,2,,,143
Fuyu,https://climbing-history.org/climb/7808/fuyu,Boulder problem,8B,2,,,143
Gable End,https://climbing-history.org/climb/6267/gable-end,Trad climb,E5,2,,,143
Gaia,https://climbing-history.org/climb/301/gaia,Sport route,8b,2,,,143
Ganja,https://climbing-history.org/climb/3411/ganja,Trad climb,E8,2,,,143
Gear Third,https://climbing-history.org/climb/7271/gear-third,Boulder problem,8B,2,,,143
Gecko Blaster,https://climbing-history.org/climb/5685/gecko-blaster,Trad climb,E7,2,,,144
Geisha,https://climbing-history.org/climb/6406/geisha,Boulder problem,8B+,2,,,144
Gemstone,https://climbing-history.org/climb/5406/gemstone,Trad climb,E3,2,,,144
Générations Futures,https://climbing-history.org/climb/5373/générations-futures,Sport route,9a,2,,,144
Genus Locy,https://climbing-history.org/climb/4748/genus-locy,Trad climb,E9,2,,,144
Gepresster Hase,https://climbing-history.org/climb/1519/gepresster-hase,Boulder problem,8B+,2,,,144
Geronimo,https://climbing-history.org/climb/3100/geronimo,Trad climb,E7,2,,,144
Ghettoblaster,https://climbing-history.org/climb/2086/ghettoblaster,Sport route,8b,2,,,144
Ghost Meat,https://climbing-history.org/climb/7676/ghost-meat,Sport route,8b+,2,,,144
Gibbering Wreck,https://climbing-history.org/climb/6821/gibbering-wreck,Boulder problem,7B,2,,,144
Gibson's Chimney,https://climbing-history.org/climb/5433/gibsons-chimney,Trad climb,VS,2,,,144
Gimmel Express,https://climbing-history.org/climb/3884/gimmel-express,Sport route,8c+,2,,,144
Ginny Greenteeth,https://climbing-history.org/climb/5683/ginny-greenteeth,Trad climb,E6,2,,,144
Ginseng,https://climbing-history.org/climb/5094/ginseng,Boulder problem,8B,2,,,144
Gioconda R2,https://climbing-history.org/climb/6301/gioconda-r2,Sport route,9a,2,,,144
Gliding Through Waves Like Dolphins,https://climbing-history.org/climb/5150/gliding-through-waves-like-dolphins,Boulder problem,8A,2,,,144
Gliese 581,https://climbing-history.org/climb/6370/gliese-581,Boulder problem,8B+,2,,,144
Gob,https://climbing-history.org/climb/3649/gob,Trad climb,HVS,2,,,144
Gobbler's Roof,https://climbing-history.org/climb/964/gobblers-roof,Trad climb,E7,2,,,144
Gogarth,https://climbing-history.org/climb/3683/gogarth,Trad climb,E1,2,,,144
Going Down,https://climbing-history.org/climb/1354/going-down,Traverse,8c+,2,,,145
Golden Delicious,https://climbing-history.org/climb/7771/golden-delicious,Boulder problem,8B,2,,,145
Goliath Extension,https://climbing-history.org/climb/5162/goliath-extension,Boulder problem,8B,2,,,145
Goliath's Groove,https://climbing-history.org/climb/1166/goliaths-groove,Trad climb,HVS,2,,,145
Golpe de Estado,https://climbing-history.org/climb/488/golpe-de-estado,Sport route,9b,2,,,145
Golpe de Gas,https://climbing-history.org/climb/3122/golpe-de-gas,Sport route,8b,2,,,145
Gondo Crack,https://climbing-history.org/climb/7232/gondo-crack,Sport route,8c,2,After making the first ascent of the sport route Jacopo Larcher then went on to climb it on trad gear to make the first ascent in that style too.,,145
Gorilas en la Niebla,https://climbing-history.org/climb/7576/gorilas-en-la-niebla,Sport route,8b+,2,,,145
Gotham City,https://climbing-history.org/climb/6060/gotham-city,Boulder problem,8C,2,,,145
Gourmandise (raccourci),https://climbing-history.org/climb/5140/gourmandise-(raccourci),Boulder problem,8A+,2,,,145
Gran Paradiso,https://climbing-history.org/climb/1140/gran-paradiso,Boulder problem,8B+,2,,,145
Gravitational Wave,https://climbing-history.org/climb/7858/gravitational-wave,Boulder problem,8B+,2,,,145
Great Arête,https://climbing-history.org/climb/2083/great-arête,Trad climb,E5,2,,,145
Great Escape,https://climbing-history.org/climb/3146/great-escape,Boulder problem,8B,2,,,145
Great Slab,https://climbing-history.org/climb/4774/great-slab,Trad climb,VS,2,,,145
Great Slab,https://climbing-history.org/climb/1331/great-slab,Trad climb,E3,2,,,145
Great Wall,https://climbing-history.org/climb/4925/great-wall,Trad climb,E4,2,,,145
Greed,https://climbing-history.org/climb/5376/greed,Sport route,8c,2,,,145
Green Mamba,https://climbing-history.org/climb/5147/green-mamba,Boulder problem,8A+,2,,,145
Grey Area,https://climbing-history.org/climb/3803/grey-area,Sport route,8c,2,,,145
Grooved Wall,https://climbing-history.org/climb/4182/grooved-wall,Trad climb,HS,2,,,146
G.T. Special,https://climbing-history.org/climb/2893/g.t.-special,Trad climb,E4,2,,,146
Guilty Perpetua,https://climbing-history.org/climb/7235/guilty-perpetua,Sport route,8c+,2,,,146
Guns in the Sky,https://climbing-history.org/climb/3736/guns-in-the-sky,Sport route,8b+,2,,,146
Gwareg,https://climbing-history.org/climb/3116/gwareg,Deep water solo,8b,2,,,146
Gwyllgi,https://climbing-history.org/climb/1990/gwyllgi,Boulder problem,8B,2,,,146
Hairless Heart,https://climbing-history.org/climb/878/hairless-heart,Trad climb,E5,2,,,146
Hairline Free,https://climbing-history.org/climb/6915/hairline-free,Trad climb,E9,2,"Free version of an old aid line. Crux is a 55m 13d, though possibly harder.",,146
Halibut,https://climbing-history.org/climb/7647/halibut,Sport route,8c+,2,,,146
Handledaren,https://climbing-history.org/climb/7953/handledaren,Boulder problem,8B,2,,,146
Hanuman Extension,https://climbing-history.org/climb/6319/hanuman-extension,Sport route,8c,2,,,146
Happiness is in the Horizontal,https://climbing-history.org/climb/4213/happiness-is-in-the-horizontal,Trad climb,E8,2,,,146
Hardland,https://climbing-history.org/climb/5605/hardland,Trad climb,E3,2,,,146
Hard-Man,https://climbing-history.org/climb/5509/hard-man,Boulder problem,8A,2,La Pedriza. FA Arman Martinez and Talo Martin,,146
Hard Twisted,https://climbing-history.org/climb/5319/hard-twisted,Sport route,9a+,2,,,146
Hare Low Start,https://climbing-history.org/climb/7040/hare-low-start,Boulder problem,8B,2,,,146
Hargreaves' Original,https://climbing-history.org/climb/4181/hargreaves-original,Trad climb,VS,2,,,146
Hariquita,https://climbing-history.org/climb/7066/hariquita,Boulder problem,8B,2,,,146
Harroputza,https://climbing-history.org/climb/6073/harroputza,Sport route,9a,2,,,146
Haston Dyno,https://climbing-history.org/climb/4400/haston-dyno,Boulder problem,7C+,2,,,146
Hasty Sin Oot Ert Hoonds?,https://climbing-history.org/climb/1672/hasty-sin-oot-ert-hoonds,Trad climb,E9,2,,,147
Hatch Armstrong,https://climbing-history.org/climb/3036/hatch-armstrong,Boulder problem,8B+,2,,,147
Hate,https://climbing-history.org/climb/1640/hate,Sport route,6c+,2,,,147
Hatebreeder,https://climbing-history.org/climb/7885/hatebreeder,Boulder problem,8B,2,,,147
Haute Tension,https://climbing-history.org/climb/2520/haute-tension,Boulder problem,7C+,2,,,147
Hawthorn Party,https://climbing-history.org/climb/6938/hawthorn-party,Boulder problem,8A+,2,,,147
Headbangers Ball,https://climbing-history.org/climb/4575/headbangers-ball,Boulder problem,8B,2,,,147
Head Hunter,https://climbing-history.org/climb/5693/head-hunter,Trad climb,E5,2,,,147
Head Like a Hole,https://climbing-history.org/climb/1593/head-like-a-hole,Sport route,8b+,2,,,147
Headline,https://climbing-history.org/climb/2915/headline,Trad climb,E1,2,,,147
Heart And Soul,https://climbing-history.org/climb/1900/heart-and-soul,Trad climb,E9,2,,,147
Heart of Gold Direct,https://climbing-history.org/climb/5753/heart-of-gold-direct,Trad climb,E6,2,,,147
Heart of the Sun,https://climbing-history.org/climb/2899/heart-of-the-sun,Trad climb,E3,2,,,147
Heart Route,https://climbing-history.org/climb/6359/heart-route,Aid Climb,A4,2,,,147
Heavy Fuel,https://climbing-history.org/climb/7517/heavy-fuel,Trad climb,E8,2,,,147
Heeling Power,https://climbing-history.org/climb/2122/heeling-power,Boulder problem,8B+,2,,,147
Heim aach Afrika,https://climbing-history.org/climb/2237/heim-aach-afrika,Sport route,9a,2,,,147
Helicoidal Flow,https://climbing-history.org/climb/3722/helicoidal-flow,Boulder problem,8A+,2,,,147
Hellbound,https://climbing-history.org/climb/6636/hellbound,Trad climb,E7,2,,,147
Hell is Empty and All the Devils Are Here,https://climbing-history.org/climb/3737/hell-is-empty-and-all-the-devils-are-here,Boulder problem,8B,2,"The name is quote from Shakespeare's The Tempest , likely a reference to the nearby problems The Tempest and Tempest in a Teapot .",,147
Hello,https://climbing-history.org/climb/4623/hello,Sport route,9a,2,,,148
Herbie,https://climbing-history.org/climb/5266/herbie,Sport route,7c+,2,John Dunne cleaned and bolted the line but broke his wrist climbing at Water-Cum-Jolly before he could make the first ascent.,,148
Herman Borg'S Basic Pulley Slippage,https://climbing-history.org/climb/4504/herman-borgs-basic-pulley-slippage,Deep water solo,7b+,2,,,148
Heroin,https://climbing-history.org/climb/5674/heroin,Trad climb,E1,2,,,148
Hidden Dragon,https://climbing-history.org/climb/7780/hidden-dragon,Boulder problem,8B,2,,,148
Himo,https://climbing-history.org/climb/7456/himo,Boulder problem,7C+,2,,,148
Hinerauge,https://climbing-history.org/climb/6317/hinerauge,Boulder problem,8A,2,,,148
Hipoxia,https://climbing-history.org/climb/3053/hipoxia,Boulder problem,8C,2,,,148
Hired Goons,https://climbing-history.org/climb/4465/hired-goons,Trad climb,E8,2,,,148
Histerija,https://climbing-history.org/climb/2502/histerija,Sport route,8c+,2,,,148
Hitchhiker,https://climbing-history.org/climb/1451/hitchhiker,Sport route,8b+,2,,,148
Hitchhike the Plane,https://climbing-history.org/climb/865/hitchhike-the-plane,Sport route,7c+,2,,,148
Hold Fast,https://climbing-history.org/climb/1842/hold-fast,Trad climb,E9,2,,,148
Home,https://climbing-history.org/climb/423/home,Boulder problem,8B,2,,,148
Homegrown,https://climbing-history.org/climb/1293/homegrown,Sport route,8a+,2,,,148
Homeless,https://climbing-history.org/climb/3560/homeless,Trad climb,E8,2,,,148
Honeymoon Blues,https://climbing-history.org/climb/6719/honeymoon-blues,Trad climb,E5,2,,,148
Hong Kong Phooey,https://climbing-history.org/climb/7587/hong-kong-phooey,Trad climb,"E8
                        (approx)",2,,,148
Honky Mix,https://climbing-history.org/climb/862/honky-mix,Sport route,8c+,2,,,148
Horny Lil' Devil,https://climbing-history.org/climb/4042/horny-lil-devil,Deep water solo,7a,2,,,148
Hot Shots,https://climbing-history.org/climb/1930/hot-shots,Boulder problem,8B,2,,,149
House of Pain,https://climbing-history.org/climb/8195/house-of-pain,Boulder problem,7C+,2,,,149
House of Rats,https://climbing-history.org/climb/4155/house-of-rats,Boulder problem,8B,2,,,149
Howl at the Moon,https://climbing-history.org/climb/2542/howl-at-the-moon,Boulder problem,8C,2,,,149
Howl at the Moon SDS,https://climbing-history.org/climb/2543/howl-at-the-moon-sds,Boulder problem,8C+,2,,,149
Hulefesten,https://climbing-history.org/climb/3593/hulefesten,Boulder problem,8B,2,,,149
Hulk,https://climbing-history.org/climb/7893/hulk,Boulder problem,8B,2,The boulder was blown up in the early 2000's to make way for a highway expansion.,,149
Hungry Dog,https://climbing-history.org/climb/2795/hungry-dog,Boulder problem,8C,2,,,149
Hunter's Moon,https://climbing-history.org/climb/1982/hunters-moon,Trad climb,E7,2,,,149
Hurley Burley,https://climbing-history.org/climb/1315/hurley-burley,Sport route,8b,2,,,149
Hydrotherapy,https://climbing-history.org/climb/1999/hydrotherapy,Deep water solo,8a+,2,,,149
Hyper Act,https://climbing-history.org/climb/7859/hyper-act,Boulder problem,8B+,2,,,149
Hyper Ballad,https://climbing-history.org/climb/4274/hyper-ballad,Boulder problem,8C,2,,,149
Ice Burn,https://climbing-history.org/climb/3709/ice-burn,Trad climb,E8,2,,,149
Ice King,https://climbing-history.org/climb/5741/ice-king,Sport route,8c,2,Links the start of Cold Steal into Adventure Time.,,149
Idée Fixe,https://climbing-history.org/climb/3769/idée-fixe,Sport route,8c,2,,,149
Idefix,https://climbing-history.org/climb/1290/idefix,Sport route,8b,2,,,149
Identity Crisis,https://climbing-history.org/climb/5842/identity-crisis,Boulder problem,8A,2,Incorrectly marked as Gaskins' Problem in early bouldering guides.,,149
Iechyd da,https://climbing-history.org/climb/2246/iechyd-da,Boulder problem,8C,2,,,149
"If You Keep Your Face in the Sunshine, You Will Not See the Shadow","https://climbing-history.org/climb/2809/if-you-keep-your-face-in-the-sunshine,-you-will-not-see-the-shadow",Deep water solo,8b,2,,,149
Ikar,https://climbing-history.org/climb/3248/ikar,Boulder problem,8A+,2,,,150
Ikarus,https://climbing-history.org/climb/3782/ikarus,Boulder problem,8B,2,,,150
Ill Behaviour,https://climbing-history.org/climb/1623/ill-behaviour,Boulder problem,8B,2,,,150
Ill Gotten Gains Direct,https://climbing-history.org/climb/4741/ill-gotten-gains-direct,Boulder problem,7C+,2,,,150
Il Maratoneta,https://climbing-history.org/climb/4458/il-maratoneta,Sport route,8b+,2,,,150
Il Terzo Occhio,https://climbing-history.org/climb/6192/il-terzo-occhio,Sport route,9a,2,,,150
Il Trono,https://climbing-history.org/climb/6315/il-trono,Boulder problem,8B,2,,,150
Il y a Stazi,https://climbing-history.org/climb/6081/il-y-a-stazi,Trad climb,E8,2,,,150
IMAX,https://climbing-history.org/climb/5340/imax,Boulder problem,8C,2,,,150
Immigration Control,https://climbing-history.org/climb/6892/immigration-control,Boulder problem (indoor),8B+,2,"Immigration Control, set by Chris Cosser, was originally opened at 45° as a V13 on the Tension Board 2 Mirror. It has since been opened at 50° as a v14.",,150
Immortal,https://climbing-history.org/climb/1590/immortal,Trad climb,E11,2,,,150
Imothep,https://climbing-history.org/climb/2521/imothep,Boulder problem,8A,2,"The name is from a local business that used to operate nearby but has since gone out of business, not a misspelling of the ancient Egyptian chancellor Imhotep .",,150
Imothep (assis),https://climbing-history.org/climb/3095/imothep-(assis),Boulder problem,"9A+
                        (approx)",2,Tried by Julien Nadiras for a time. [2] More recently it has received a lot of attention from Nico Pelorson and Camille Coudert .,,150
Inaudible Vaudeville,https://climbing-history.org/climb/2066/inaudible-vaudeville,Boulder problem,7B+,2,,,150
In Brine,https://climbing-history.org/climb/729/in-brine,Sport route,8a+,2,Started off at ~7c and has gotten progressively harder due to hold loss.,,150
Incantations,https://climbing-history.org/climb/3171/incantations,Trad climb,E6,2,,,150
Incubus,https://climbing-history.org/climb/6543/incubus,Trad climb,E1,2,,,150
Indartsu,https://climbing-history.org/climb/5446/indartsu,Boulder problem,8B+,2,,,150
Indartsu (pre-2018 Break),https://climbing-history.org/climb/5447/indartsu-(pre-2018-break),Boulder problem,8B,2,,,150
Independencia,https://climbing-history.org/climb/4535/independencia,Boulder problem,8B+,2,,,150
India,https://climbing-history.org/climb/2037/india,Trad climb,E7,2,,,151
Industry of Cool,https://climbing-history.org/climb/2534/industry-of-cool,Boulder problem,8A+,2,,,151
Infanticide,https://climbing-history.org/climb/455/infanticide,Sport route,8c,2,,,151
Infidel,https://climbing-history.org/climb/5649/infidel,Sport route,7a,2,,,151
Infidèle,https://climbing-history.org/climb/5572/infidèle,Boulder problem,7C,2,The original method using the undercling on the right and without a heelhook left is 7c+.,,151
Infinite Gravity,https://climbing-history.org/climb/1393/infinite-gravity,Sport route,8a+,2,,,151
Infohazzard sittstart,https://climbing-history.org/climb/7781/infohazzard-sittstart,Boulder problem,8B+,2,,,151
Inga,https://climbing-history.org/climb/3457/inga,Sport route,8c+,2,,,151
In Hell,https://climbing-history.org/climb/758/in-hell,Boulder problem,8A+,2,,,151
In Hell I'll Be in Good Company,https://climbing-history.org/climb/6549/in-hell-ill-be-in-good-company,Sport route,9a,2,,,151
Instructor,https://climbing-history.org/climb/1125/instructor,Sport route,8c+,2,,,151
Interstellar,https://climbing-history.org/climb/1642/interstellar,Boulder problem,8A+,2,,,151
In The Depths of Solitude,https://climbing-history.org/climb/1655/in-the-depths-of-solitude,Boulder problem,8C,2,,,151
"In The Night, Every Cat Is Black","https://climbing-history.org/climb/3180/in-the-night,-every-cat-is-black",Deep water solo,8a,2,,,151
I Shot Sarkonazy (assis),https://climbing-history.org/climb/937/i-shot-sarkonazy-(assis),Boulder problem,8B,2,,,151
Isis is Angry,https://climbing-history.org/climb/1189/isis-is-angry,Trad climb,E7,2,,,151
Island,https://climbing-history.org/climb/8246/island,Trad climb,E7,2,,,151
Iur,https://climbing-history.org/climb/1773/iur,Boulder problem,8B+,2,,,151
Jack to the Hobos,https://climbing-history.org/climb/7763/jack-to-the-hobos,Boulder problem,8A,2,,,151
Jack Under the Box,https://climbing-history.org/climb/3437/jack-under-the-box,Boulder problem,8B+,2,,,151
Jai-Alai,https://climbing-history.org/climb/5276/jai-alai,Sport route,9a,2,,,152
Jamais Deux Sans Toit,https://climbing-history.org/climb/8318/jamais-deux-sans-toit,Sport route,9a+,2,,,152
Jerry's Problem,https://climbing-history.org/climb/5409/jerrys-problem,Boulder problem,7C+,2,,,152
Jerry's Traverse,https://climbing-history.org/climb/1626/jerrys-traverse,Boulder problem,7C+,2,,,152
Jess' Roof,https://climbing-history.org/climb/278/jess-roof,Boulder problem,7C,2,,,152
Jeune et Con,https://climbing-history.org/climb/1887/jeune-et-con,Trad climb,E10,2,,,152
Jiujitsu,https://climbing-history.org/climb/7570/jiujitsu,Boulder problem,8B+,2,,,152
Joker,https://climbing-history.org/climb/4058/joker,Boulder problem,8B+,2,,,152
Jon Bønner,https://climbing-history.org/climb/2713/jon-bønner,Trad climb,E8,2,,,152
Judge Judy,https://climbing-history.org/climb/3915/judge-judy,Boulder problem,8B+,2,,,152
Jugged Hare,https://climbing-history.org/climb/6009/jugged-hare,Trad climb,E6,2,,,152
Just Two Fix,https://climbing-history.org/climb/5470/just-two-fix,Sport route,9a,2,,,152
K5,https://climbing-history.org/climb/2730/k5,Sport route,8b,2,,,152
Kaizen,https://climbing-history.org/climb/2009/kaizen,Boulder problem,8B,2,,,152
Kaizen,https://climbing-history.org/climb/134/kaizen,Boulder problem,8B+,2,The footblock fell off so the climb is significantly altered from it's original state.,,152
Kanal im Rücken,https://climbing-history.org/climb/521/kanal-im-rücken,Sport route,8b,2,Generally considered to be the first 8b in the world.,,152
Kani Mushi,https://climbing-history.org/climb/5546/kani-mushi,Boulder problem,8A+,2,"Climb the traverse Kani (7C+), but finish up Mushi (8A) rather than Ninja Gaeshi (7A).",,152
Kanpai,https://climbing-history.org/climb/6366/kanpai,Sport route,8c,2,,,152
Kaz's Project,https://climbing-history.org/climb/8100/kazs-project,Sport route,8b+,2,"First 8c in New Zealand, inverted kneebar rest has made it a tough 8b+.",,152
Keelhaul,https://climbing-history.org/climb/2738/keelhaul,Boulder problem,8A,2,,,152
Keep in Touch (assis),https://climbing-history.org/climb/7351/keep-in-touch-(assis),Boulder problem,8B,2,,,153
Keep It Real,https://climbing-history.org/climb/785/keep-it-real,Boulder problem,8B+,2,,,153
Kern Knotts Crack,https://climbing-history.org/climb/2797/kern-knotts-crack,Trad climb,HVS,2,,,153
Keswick Brother's Climb,https://climbing-history.org/climb/7301/keswick-brothers-climb,Trad climb,VD,2,[1] https://www.yrc.org.uk/journal-and-image-archive/journal-selector/volume-1-2-1900/the-keswick-brothers-climb-scafell/,,153
Keystone,https://climbing-history.org/climb/7980/keystone,Trad climb,E8,2,,,153
Kick Me Up,https://climbing-history.org/climb/3627/kick-me-up,Boulder problem,8B,2,,,153
Kimera,https://climbing-history.org/climb/3699/kimera,Boulder problem,8C,2,,,153
King Cobra,https://climbing-history.org/climb/6433/king-cobra,Boulder problem,7B,2,A classic of the Valley,,153
Kingdom Come,https://climbing-history.org/climb/971/kingdom-come,Trad climb,E5,2,,,153
Kingpin,https://climbing-history.org/climb/4881/kingpin,Trad climb,E3,2,,,153
King Wad,https://climbing-history.org/climb/1017/king-wad,Trad climb,E6,2,,,153
Kink,https://climbing-history.org/climb/3986/kink,Trad climb,E5,2,,,153
Klondike Cat,https://climbing-history.org/climb/8051/klondike-cat,Sport route,8c,2,,,153
Knackwurst,https://climbing-history.org/climb/4617/knackwurst,Boulder problem,8B,2,,,153
Knockout,https://climbing-history.org/climb/7390/knockout,Boulder problem,8B+,2,,,153
Komme seg i drift,https://climbing-history.org/climb/4650/komme-seg-i-drift,Boulder problem,8B,2,,,153
Konec Světa,https://climbing-history.org/climb/4133/konec-světa,Boulder problem,8B+,2,,,153
Konec Světa Direct,https://climbing-history.org/climb/3854/konec-světa-direct,Boulder problem,8B,2,,,153
Kongro,https://climbing-history.org/climb/8019/kongro,Sport route,8b,2,,,153
K.P. Nuts,https://climbing-history.org/climb/740/k.p.-nuts,Trad climb,E7,2,A desperate bouldery route which went unrepeated for many years.,,153
Kraft,https://climbing-history.org/climb/4018/kraft,Boulder problem,8A,2,The first 8A in Vastervik,,154
Kroenen,https://climbing-history.org/climb/260/kroenen,Boulder problem,7C+,2,,,154
Kronos Banished,https://climbing-history.org/climb/6894/kronos-banished,Boulder problem (indoor),8B+,2,"Krono's Banished, set by Sean Houchins-McCallum, is one of the most captivating higher end board boulders. Set on the Tension Board 2 Mirror, it features an extremely interesting middle crux sequence revolving around a campus into a gaston, followed by a jump into another gaston.",,154
Kronprinsen,https://climbing-history.org/climb/7439/kronprinsen,Boulder problem,8B,2,,,154
Kubalik,https://climbing-history.org/climb/6451/kubalik,Boulder problem,8B,2,,,154
Kukuzen,https://climbing-history.org/climb/4267/kukuzen,Boulder problem,8B+,2,,,154
Kverneland plog,https://climbing-history.org/climb/7631/kverneland-plog,Boulder problem,8A+,2,,,154
Kyrie Eleison,https://climbing-history.org/climb/6576/kyrie-eleison,Aid Climb,A1,2,,,154
La Abuela Carmen,https://climbing-history.org/climb/2330/la-abuela-carmen,Sport route,8a,2,,,154
La Boule,https://climbing-history.org/climb/7075/la-boule,Boulder problem,8A,2,,,154
Labyrinth,https://climbing-history.org/climb/2761/labyrinth,Trad climb,E6,2,Similar to Cereberus (5.11d) but the moves are more difficult and sustained.,,154
Labyrinth,https://climbing-history.org/climb/4144/labyrinth,Sport route,8b,2,,,154
La Cène du Roi Lézard,https://climbing-history.org/climb/1499/la-cène-du-roi-lézard,Sport route,9a+,2,,,154
La Colombe,https://climbing-history.org/climb/3005/la-colombe,Boulder problem,8C,2,,,154
La Connection,https://climbing-history.org/climb/3634/la-connection,Sport route,8b,2,,,154
La Cuca,https://climbing-history.org/climb/339/la-cuca,Sport route,8a,2,,,154
La Dalle De Fer,https://climbing-history.org/climb/6101/la-dalle-de-fer,Boulder problem,7C,2,,,154
La Danse de Résistance,https://climbing-history.org/climb/4179/la-danse-de-résistance,Sport route,9a+,2,,,154
La Dura Dura,https://climbing-history.org/climb/470/la-dura-dura,Sport route,9b+,2,8B+ boulder problem in to 8c+ route.,,154
Ladybird Orgy,https://climbing-history.org/climb/121/ladybird-orgy,Boulder problem,8B+,2,,,154
Lady of the Forest,https://climbing-history.org/climb/6939/lady-of-the-forest,Boulder problem,8A+,2,,,155
La Fiesta de los Biceps,https://climbing-history.org/climb/6848/la-fiesta-de-los-biceps,Sport route,7a,2,,,155
La Guardien,https://climbing-history.org/climb/2427/la-guardien,Trad climb,E7,2,,,155
La Marie-Rose,https://climbing-history.org/climb/1245/la-marie-rose,Boulder problem,6A,2,The first 6A in the forest. Named after first ascentionist René Ferlet's girlfriend at the time.,,155
La Montaña Mágica,https://climbing-history.org/climb/778/la-montaña-mágica,Sport route,8a+,2,,,155
L’Angle Parfait,https://climbing-history.org/climb/3124/l’angle-parfait,Boulder problem,7B,2,,,155
La Nuit du Lézard,https://climbing-history.org/climb/1242/la-nuit-du-lézard,Sport route,8a+,2,,,155
La Parada de los Monstruos,https://climbing-history.org/climb/2854/la-parada-de-los-monstruos,Sport route,9a,2,,,155
La Perdonavidas,https://climbing-history.org/climb/352/la-perdonavidas,Sport route,8a,2,,,155
La Peregrina,https://climbing-history.org/climb/4996/la-peregrina,Boulder problem,8A+,2,,,155
La Prophétie des Grenouilles,https://climbing-history.org/climb/5330/la-prophétie-des-grenouilles,Sport route,9a,2,,,155
L'Art de la Fugue,https://climbing-history.org/climb/7309/lart-de-la-fugue,Boulder problem,8A,2,,,155
La Ruta del Sol,https://climbing-history.org/climb/2836/la-ruta-del-sol,Sport route,8b,2,,,155
La Source,https://climbing-history.org/climb/3006/la-source,Boulder problem,8C,2,,,155
Last Action Hiro,https://climbing-history.org/climb/7702/last-action-hiro,Boulder problem,8A+,2,,,155
La Terza Eta,https://climbing-history.org/climb/6476/la-terza-eta,Sport route,9a,2,,,155
La Tournée du Patron L2,https://climbing-history.org/climb/5089/la-tournée-du-patron-l2,Sport route,8c,2,,,155
La Traction Universelle,https://climbing-history.org/climb/1776/la-traction-universelle,Sport route,8c,2,The first 8c in Belgium.,,155
L’Avaro,https://climbing-history.org/climb/3880/l’avaro,Sport route,8c+,2,,,155
La Via del Quim,https://climbing-history.org/climb/4115/la-via-del-quim,Sport route,8b+,2,,,155
Law and Order,https://climbing-history.org/climb/4692/law-and-order,Boulder problem,8A+,2,South-Africa,,156
Lazarus,https://climbing-history.org/climb/1780/lazarus,Trad climb,E6,2,,,156
Least Resistance,https://climbing-history.org/climb/2827/least-resistance,Sport route,8c,2,,,156
Le Blond,https://climbing-history.org/climb/1310/le-blond,Sport route,"9c
                        (approx)",2,"Named after Patrick Edlinger , who died on the same day it was equipped.",,156
Le Boa Right,https://climbing-history.org/climb/4108/le-boa-right,Boulder problem,8B,2,,,156
Le Bruit de l’Acid,https://climbing-history.org/climb/5170/le-bruit-de-l’acid,Sport route,9b,2,,,156
Le Cadre Nouvelle Version,https://climbing-history.org/climb/7336/le-cadre-nouvelle-version,Sport route,9a,2,,,156
Le Carnage (assis),https://climbing-history.org/climb/281/le-carnage-(assis),Boulder problem,7C,2,,,156
Le Coquillage,https://climbing-history.org/climb/5385/le-coquillage,Boulder problem,8A,2,,,156
Lectern Grooves,https://climbing-history.org/climb/5662/lectern-grooves,Trad climb,HS,2,,,156
Leda Kost,https://climbing-history.org/climb/3503/leda-kost,Boulder problem,8B,2,,,156
Le Fluide Enchanté,https://climbing-history.org/climb/4470/le-fluide-enchanté,Sport route,8b,2,,,156
Left Hand of Darkness,https://climbing-history.org/climb/4662/left-hand-of-darkness,Boulder problem,8A+,2,,,156
Left Wall High,https://climbing-history.org/climb/286/left-wall-high,Boulder problem,7C,2,,,156
Le Grand Angle du Fond,https://climbing-history.org/climb/7101/le-grand-angle-du-fond,Boulder problem,8B,2,,,156
Le Lapin,https://climbing-history.org/climb/358/le-lapin,Sport route,8a,2,,,156
Le llaman Dori,https://climbing-history.org/climb/8279/le-llaman-dori,Boulder problem,"8B
                        (approx)",2,"Línea a la derecha de Yamadori, se ha hecho de pie pero queda de proyecto de sit",,156
Le Maniaque Aux Sept Crochets,https://climbing-history.org/climb/4491/le-maniaque-aux-sept-crochets,Sport route,8a,2,,,156
Le Mouvement Perpétuel,https://climbing-history.org/climb/7208/le-mouvement-perpétuel,Traverse,"8b
                        (approx)",2,"A traverse enchaining several classic straight-up 7s, down climbing some of them and throwing in a loop for good measure. The fashion of the day, but a concept which has not proved enduring.",,156
Le Mur des Lamentations,https://climbing-history.org/climb/3335/le-mur-des-lamentations,Boulder problem,7B+,2,The name is a play on the name of the holy site in Jerusalem.,,156
Le Mur du Son (assis),https://climbing-history.org/climb/2859/le-mur-du-son-(assis),Boulder problem,8A+,2,,,157
Leon,https://climbing-history.org/climb/4224/leon,Sport route,8b,2,,,157
Leonardo,https://climbing-history.org/climb/5508/leonardo,Boulder problem,8A,2,La Pedriza,,157
Leonardo da Vinci,https://climbing-history.org/climb/3107/leonardo-da-vinci,Boulder problem,8B+,2,,,157
Leopold Von Buch,https://climbing-history.org/climb/1638/leopold-von-buch,Boulder problem,8A,2,Originally climbed at ~7C a hold broke making the problem significantly harder at ~8A.,,157
Le Poinçonneur des Lilas,https://climbing-history.org/climb/3065/le-poinçonneur-des-lilas,Boulder problem,8C,2,,,157
Le Privilège du Serpent,https://climbing-history.org/climb/2831/le-privilège-du-serpent,Sport route,7c+,2,,,157
Le Râle du Cul (assis),https://climbing-history.org/climb/5214/le-râle-du-cul-(assis),Boulder problem,8B+,2,,,157
Les Amoureux du Vent,https://climbing-history.org/climb/7107/les-amoureux-du-vent,Trad climb,E10,2,,,157
Les Beaux Quartiers,https://climbing-history.org/climb/6106/les-beaux-quartiers,Boulder problem,8A,2,,,157
Les Chacals,https://climbing-history.org/climb/313/les-chacals,Sport route,8b,2,,,157
Les Fleurs du Mal,https://climbing-history.org/climb/6136/les-fleurs-du-mal,Boulder problem,8C,2,,,157
Les Massey Ferguson,https://climbing-history.org/climb/839/les-massey-ferguson,Sport route,8b+,2,,,157
Les Ombres d'Opaline,https://climbing-history.org/climb/7213/les-ombres-dopaline,Boulder problem,8A+,2,,,157
Le Sourire de David,https://climbing-history.org/climb/6103/le-sourire-de-david,Boulder problem,7A+,2,,,157
Les Rois du Pétrole,https://climbing-history.org/climb/2674/les-rois-du-pétrole,Sport route,8b+,2,,,157
Lesson Six,https://climbing-history.org/climb/2517/lesson-six,Boulder problem,7C+,2,,,157
"Le Surplomb de la Mée (assis, gauche)","https://climbing-history.org/climb/7499/le-surplomb-de-la-mée-(assis,-gauche)",Boulder problem,8B+,2,,,157
Les Yeux Plus Gros Que Les Roubignoles,https://climbing-history.org/climb/2416/les-yeux-plus-gros-que-les-roubignoles,Sport route,9a+,2,,,157
Let's Get Killed,https://climbing-history.org/climb/947/lets-get-killed,Trad climb,E7,2,,,157
Leviathan,https://climbing-history.org/climb/127/leviathan,Traverse,9a,2,"A legendary test piece from Malcolm Smith which he climbed with a set of rules, being no resting on jams and no low foot ledges.",,158
Leviathan (Crouch Start),https://climbing-history.org/climb/3468/leviathan-(crouch-start),Boulder problem,7C+,2,,,158
Li,https://climbing-history.org/climb/3404/li,Boulder problem,8B,2,,,158
Life Goes On,https://climbing-history.org/climb/8328/life-goes-on,Boulder problem,8B,2,,,158
Light Saber,https://climbing-history.org/climb/2552/light-saber,Boulder problem,8A,2,,,158
L'Illusion du Choix,https://climbing-history.org/climb/3742/lillusion-du-choix,Boulder problem,8A+,2,,,158
Liminality,https://climbing-history.org/climb/5735/liminality,Trad climb,E7,2,,,158
Lions Raw,https://climbing-history.org/climb/7622/lions-raw,Trad climb,E6,2,,,158
Lip of Fools,https://climbing-history.org/climb/4819/lip-of-fools,Trad climb,E7,2,"Originally climbed with a tree for protection, which has since fallen down.",,158
Listerie sit,https://climbing-history.org/climb/7873/listerie-sit,Boulder problem,8C,2,,,158
Little Brown Jug,https://climbing-history.org/climb/3646/little-brown-jug,Trad climb,VS,2,,,158
Living on Air,https://climbing-history.org/climb/2743/living-on-air,Deep water solo,7b+,2,,,158
Lizard Lizard Lizard,https://climbing-history.org/climb/6177/lizard-lizard-lizard,Boulder problem,8B,2,,,158
Llechan Lân,https://climbing-history.org/climb/6245/llechan-lân,Trad climb,E10,2,,,158
Loaded,https://climbing-history.org/climb/1946/loaded,Trad climb,E8,2,Relatively straightforward climbing to a 7C+ boulder problem with a wiggy fall.,,158
Loki Low,https://climbing-history.org/climb/7289/loki-low,Boulder problem,8B+,2,,,158
Londinium,https://climbing-history.org/climb/5384/londinium,Boulder problem,8A+,2,,,158
Longhope Route,https://climbing-history.org/climb/7963/longhope-route,Aid Climb,A2,2,An extraordinary adventure taking on the main challenge of the enormous St John's Head .,,158
Longue Promesse,https://climbing-history.org/climb/7474/longue-promesse,Boulder problem,8C,2,,,158
Longwave,https://climbing-history.org/climb/3694/longwave,Boulder problem,8B,2,,,158
Loopy,https://climbing-history.org/climb/5022/loopy,Trad climb,E4,2,,,159
Loose Control,https://climbing-history.org/climb/3444/loose-control,Trad climb,E8,2,,,159
L'Oppio dei Climbers,https://climbing-history.org/climb/5369/loppio-dei-climbers,Boulder problem,8B+,2,,,159
Lord Bafta,https://climbing-history.org/climb/6639/lord-bafta,Trad climb,E5,2,,,159
Lost in America,https://climbing-history.org/climb/6050/lost-in-america,Aid Climb,A4,2,[1] https://publications.americanalpineclub.org/articles/12198615703,,159
Loucifer,https://climbing-history.org/climb/816/loucifer,Boulder problem,8B+,2,,,159
Lou Ferrino Sans Pocket,https://climbing-history.org/climb/2299/lou-ferrino-sans-pocket,Boulder problem,8A,2,Lou Ferrino without the 2 finger pocket.,,159
Louis' High Society,https://climbing-history.org/climb/1936/louis-high-society,Boulder problem,8B+,2,,,159
Low Life,https://climbing-history.org/climb/4173/low-life,Boulder problem,8C,2,,,159
Low Priora,https://climbing-history.org/climb/1960/low-priora,Boulder problem,8C,2,,,159
Low Standards,https://climbing-history.org/climb/4365/low-standards,Boulder problem,8B,2,,,159
Lucky Labrador,https://climbing-history.org/climb/6546/lucky-labrador,Boulder problem,8B,2,,,159
Lucky Luke (assis),https://climbing-history.org/climb/5593/lucky-luke-(assis),Boulder problem,8A,2,,,159
Ludwig,https://climbing-history.org/climb/5659/ludwig,Trad climb,E6,2,,,159
Lung Fish,https://climbing-history.org/climb/5438/lung-fish,Trad climb,E4,2,,,159
Lupin,https://climbing-history.org/climb/4497/lupin,Boulder problem,8B,2,,,159
Lupino Lane,https://climbing-history.org/climb/2660/lupino-lane,Boulder problem,8A,2,Not your usual boulder problem.,,159
Lycan It,https://climbing-history.org/climb/383/lycan-it,Boulder problem,8A,2,,,159
Made By Magic,https://climbing-history.org/climb/2101/made-by-magic,Boulder problem,7C,2,,,159
Made in Poland,https://climbing-history.org/climb/7472/made-in-poland,Sport route,9a,2,[1] https://www.climbing.de/news/lukasz-dudek-and-his-made-in-poland-9a-25320.html,,159
Maelstrom LH,https://climbing-history.org/climb/7094/maelstrom-lh,Boulder problem,8A+,2,,,160
Magic Mushroom,https://climbing-history.org/climb/6352/magic-mushroom,Aid Climb,A3,2,,,160
Magnet,https://climbing-history.org/climb/978/magnet,Sport route,7c,2,,,160
Make It Snappy,https://climbing-history.org/climb/2154/make-it-snappy,Trad climb,E6,2,,,160
Malcolm In The Middle,https://climbing-history.org/climb/1995/malcolm-in-the-middle,Sport route,8c+,2,,,160
Malpractice,https://climbing-history.org/climb/7554/malpractice,Trad climb,E1,2,,,160
Malvazija,https://climbing-history.org/climb/4455/malvazija,Sport route,8c+,2,,,160
Mamichula,https://climbing-history.org/climb/494/mamichula,Sport route,9b,2,,,160
Mammunk,https://climbing-history.org/climb/2483/mammunk,Boulder problem,8B+,2,,,160
Mammunk (assis),https://climbing-history.org/climb/5179/mammunk-(assis),Boulder problem,8C,2,,,160
Man-Bod,https://climbing-history.org/climb/3985/man-bod,Sport route,9a,2,,,160
Mandallaz Drive,https://climbing-history.org/climb/1449/mandallaz-drive,Sport route,9a,2,"Short and very intense, 15m long with a full rest at 10m. The route includes a controversial glued on nubbin, according to first ascenionist Fred Rouhling it fell off when he was working the route.",,160
Mango Tango,https://climbing-history.org/climb/5184/mango-tango,Sport route,8b+,2,,,160
Man of the Earth,https://climbing-history.org/climb/6635/man-of-the-earth,Trad climb,E6,2,,,160
Mare,https://climbing-history.org/climb/4298/mare,Sport route,8c+,2,,,160
Masterclass,https://climbing-history.org/climb/1446/masterclass,Sport route,8a,2,"Originally given 7c+ but now widely considered 8a, making it the first sport route of the grade in the UK (ahead of Statement of Youth ) – though the trad route Requiem (E8), climbed one month before, also has 8a/+ climbing .",,160
Match Made in Heaven,https://climbing-history.org/climb/3788/match-made-in-heaven,Boulder problem,8B+,2,,,160
Maximál Bézöl,https://climbing-history.org/climb/8267/maximál-bézöl,Boulder problem,8B+,2,,,160
Maxwell's Demon,https://climbing-history.org/climb/2402/maxwells-demon,Boulder problem,8B+,2,,,160
Maya,https://climbing-history.org/climb/2424/maya,Sport route,9a+,2,,,160
Mean Feat,https://climbing-history.org/climb/6110/mean-feat,Trad climb,E5,2,,,161
Mechanical Animals,https://climbing-history.org/climb/5186/mechanical-animals,Sport route,8c,2,,,161
Mediomalomania,https://climbing-history.org/climb/3064/mediomalomania,Boulder problem,8C,2,,,161
Megageremia,https://climbing-history.org/climb/8086/megageremia,Sport route,9a,2,,,161
Megalodon,https://climbing-history.org/climb/1947/megalodon,Boulder problem,8B+,2,,,161
Megalodonte,https://climbing-history.org/climb/1199/megalodonte,Boulder problem,8C,2,,,161
Megalomania,https://climbing-history.org/climb/6581/megalomania,Trad climb,E1,2,,,161
Megalomaniac,https://climbing-history.org/climb/4446/megalomaniac,Boulder problem,8B,2,,,161
Mega Ten Plus,https://climbing-history.org/climb/1163/mega-ten-plus,Boulder problem,8B,2,,,161
"Me, I Eat Dust","https://climbing-history.org/climb/2168/me,-i-eat-dust",Sport route,9a+,2,,,161
Mein Vein SDS,https://climbing-history.org/climb/1649/mein-vein-sds,Boulder problem,8A+,2,,,161
Meirionnydd,https://climbing-history.org/climb/1271/meirionnydd,Trad climb,E7,2,,,161
Méithra,https://climbing-history.org/climb/6021/méithra,Boulder problem,8C,2,,,161
Melancholie,https://climbing-history.org/climb/790/melancholie,Sport route,8b,2,,,161
Melkespannet,https://climbing-history.org/climb/5129/melkespannet,Boulder problem,8B,2,,,161
Melody,https://climbing-history.org/climb/3796/melody,Trad climb,E8,2,,,161
Menopausal Discharge,https://climbing-history.org/climb/1182/menopausal-discharge,Sport route,8a+,2,Recorded as Misogynist's Discharge by Paul Williams in his 1987 guide. Sadly defunct after a rockfall left large ledges right next to the crux.,,161
Menstrual Gossip,https://climbing-history.org/climb/4772/menstrual-gossip,Trad climb,E6,2,,,161
Mental Art,https://climbing-history.org/climb/4124/mental-art,Trad climb,E7,2,,,161
Mescalito,https://climbing-history.org/climb/1565/mescalito,Sport route,7c+,2,,,161
Metropolis,https://climbing-history.org/climb/3582/metropolis,Boulder problem,8A+,2,,,162
Miall's Ahead (Pre-Break),https://climbing-history.org/climb/7926/mialls-ahead-(pre-break),Boulder problem,8B+,2,Originally established at 8B+ before a hold broke making it easier.,,162
Mickledore Grooves,https://climbing-history.org/climb/4152/mickledore-grooves,Trad climb,VS,2,,,162
Midnight Lightning of Ticino Sit,https://climbing-history.org/climb/7353/midnight-lightning-of-ticino-sit,Boulder problem,8B,2,,,162
Midstillery,https://climbing-history.org/climb/7058/midstillery,Boulder problem,8B+,2,"Links an 8B section into Distillery, an established 8A.",,162
Militia,https://climbing-history.org/climb/2867/militia,Sport route,8a+,2,,,162
Mindbridge,https://climbing-history.org/climb/3532/mindbridge,Trad climb,E7,2,"The route climbs the wall of a wide chimney, with bridging not allowed – hence the name.",,162
Mindstream,https://climbing-history.org/climb/8029/mindstream,Boulder problem,8A+,2,,,162
Misdirected,https://climbing-history.org/climb/5080/misdirected,Boulder problem,8B+,2,,,162
Misha-Line,https://climbing-history.org/climb/4227/misha-line,Deep water solo,8b+,2,,,162
Mistic,https://climbing-history.org/climb/1896/mistic,Sport route,8c,2,,,162
Mitake,https://climbing-history.org/climb/6492/mitake,Trad climb,E8,2,,,162
Momentary Bliss,https://climbing-history.org/climb/3996/momentary-bliss,Boulder problem,8B,2,,,162
Moment of Greed,https://climbing-history.org/climb/8101/moment-of-greed,Sport route,8a,2,"First 29 in New Zealand. Hard, sharp face.",,162
Monoculture,https://climbing-history.org/climb/5351/monoculture,Sport route,8a,2,,,162
Monopoly,https://climbing-history.org/climb/883/monopoly,Trad climb,E7,2,,,162
Monster,https://climbing-history.org/climb/6322/monster,Boulder problem,8A,2,,,162
Monsterosity,https://climbing-history.org/climb/948/monsterosity,Sport route,8b,2,,,162
Monsters of Rock,https://climbing-history.org/climb/7287/monsters-of-rock,Trad climb,E7,2,A multipitch trad climb located at The Great Cave in Blackers Hole on the UK's Dorset coast.,,162
Mont Blanc Summit,https://climbing-history.org/climb/1254/mont-blanc-summit,Trad climb,VD,2,,,162
Moonky family,https://climbing-history.org/climb/4028/moonky-family,Boulder problem,8B,2,,,163
Moon Landing,https://climbing-history.org/climb/7993/moon-landing,Sport route,9a,2,,,163
Moonlight Sonata,https://climbing-history.org/climb/1596/moonlight-sonata,Boulder problem,8C+,2,,,163
Moonrise Kingdom,https://climbing-history.org/climb/668/moonrise-kingdom,Trad climb,E9,2,James McHaffie suggested it as one of the most serious multipitch lines in the UK after making the first ascent.,,163
Mordor,https://climbing-history.org/climb/709/mordor,Sport route,8c+,2,,,163
Morpheus,https://climbing-history.org/climb/6130/morpheus,Sport route,8c,2,,,163
Morphine,https://climbing-history.org/climb/2924/morphine,Boulder problem,8B,2,,,163
Mortal Kombat,https://climbing-history.org/climb/3029/mortal-kombat,Sport route,8b,2,,,163
Mortlock's Arete,https://climbing-history.org/climb/2077/mortlocks-arete,Trad climb,E4,2,,,163
Motley Crux,https://climbing-history.org/climb/8300/motley-crux,Sport route,8b+,2,,,163
Mouldwarp Wall,https://climbing-history.org/climb/4162/mouldwarp-wall,Sport route,7c,2,,,163
Moulin Rouge,https://climbing-history.org/climb/2052/moulin-rouge,Trad climb,E6,2,,,163
Mousetrap,https://climbing-history.org/climb/1384/mousetrap,Trad climb,E2,2,,,163
Mr. Potatoe,https://climbing-history.org/climb/2544/mr.-potatoe,Boulder problem,8B+,2,,,163
Mr. Spantastic,https://climbing-history.org/climb/187/mr.-spantastic,Boulder problem,8B,2,,,163
Muerte por Asfixia,https://climbing-history.org/climb/3265/muerte-por-asfixia,Boulder problem,8C+,2,,,163
Muffin Top,https://climbing-history.org/climb/2111/muffin-top,Boulder problem,8B,2,,,163
Mundo Feliz,https://climbing-history.org/climb/298/mundo-feliz,Sport route,8b+,2,,,163
Muscle Car High,https://climbing-history.org/climb/1651/muscle-car-high,Boulder problem,8B,2,,,163
Muspelheim,https://climbing-history.org/climb/4576/muspelheim,Boulder problem,8B,2,,,163
Muttertag,https://climbing-history.org/climb/755/muttertag,Boulder problem,8A,2,,,164
My Kai,https://climbing-history.org/climb/770/my-kai,Trad climb,E8,2,Direct start to Gecko Blaster . Seb Grieve subsequently stated that Gecko Blaster did start direct.,,164
Mysterio,https://climbing-history.org/climb/5561/mysterio,Boulder problem,8B,2,,,164
Nah'han,https://climbing-history.org/climb/833/nahhan,Trad climb,E7,2,,,164
Nanai,https://climbing-history.org/climb/1461/nanai,Sport route,8c+,2,,,164
Narcissus,https://climbing-history.org/climb/2186/narcissus,Trad climb,E6,2,,,164
National Acrobat,https://climbing-history.org/climb/6282/national-acrobat,Trad climb,E5,2,A fearsome jamming test piece,,164
Nausicaä,https://climbing-history.org/climb/4381/nausicaä,Boulder problem,8B+,2,,,164
Nayuta,https://climbing-history.org/climb/1961/nayuta,Boulder problem,8C+,2,The first 8C+ in Japan. Around 30 moves.,,164
Neandertal,https://climbing-history.org/climb/6691/neandertal,Boulder problem,8B,2,,,164
Nebuchadnezzar,https://climbing-history.org/climb/7538/nebuchadnezzar,Sport route,8c+,2,,,164
Needle and Rabbit,https://climbing-history.org/climb/3869/needle-and-rabbit,Boulder problem,8B,2,,,164
Nemesis,https://climbing-history.org/climb/1292/nemesis,Sport route,8a+,2,,,164
Nem Tudo Que Reluz é Ouro,https://climbing-history.org/climb/6689/nem-tudo-que-reluz-é-ouro,Boulder problem,8B,2,,,164
Nether Edge,https://climbing-history.org/climb/5646/nether-edge,Sport route,6c,2,Two bolts were placed by first ascensionist John Allen ; they were the first bolts in New Zealand.,,164
New Dawn,https://climbing-history.org/climb/6567/new-dawn,Aid Climb,A2+,2,Climbed shortly after the Wall of Early Morning Light as an alternative way to gain the upper dihedrals on that route. Many pitches are free climbed by Passage to Freedom . Some of the upper pitches are free climbed by The Dawn Wall .,,164
New Deal,https://climbing-history.org/climb/6383/new-deal,Sport route,8b+,2,Retrospectively recognised as possibly the first 5.14a (8b+) established by an American. Scott Frankin's Scarface at Smith Rock and Planet Claire at the Shawangunks are other contenders for this title.,,164
Newdini,https://climbing-history.org/climb/6083/newdini,Trad climb,E8,2,,,164
New Verse Line,https://climbing-history.org/climb/4116/new-verse-line,Boulder problem,8A,2,,,164
Next Generation,https://climbing-history.org/climb/5371/next-generation,Sport route,8b+,2,,,164
Nexus,https://climbing-history.org/climb/5666/nexus,Trad climb,E1,2,,,165
Nexus 10.0,https://climbing-history.org/climb/7392/nexus-10.0,Boulder problem,8B+,2,,,165
Niemisis,https://climbing-history.org/climb/2714/niemisis,Sport route,9a,2,,,165
Night Life,https://climbing-history.org/climb/8025/night-life,Boulder problem,8B,2,,,165
Nightmare of Brown Donkeys,https://climbing-history.org/climb/5520/nightmare-of-brown-donkeys,Trad climb,E3,2,,,165
Nikita,https://climbing-history.org/climb/8000/nikita,Sport route,8c,2,,,165
Nim,https://climbing-history.org/climb/3054/nim,Boulder problem,8C,2,,,165
Ninja Gaeshi,https://climbing-history.org/climb/5912/ninja-gaeshi,Boulder problem,7A,2,"The most famous boulder problem in Japan. A benchmark at the 1-kyu (6C+/7A) grade, it became slightly harder after holds were apparently chipped off in 2018.",,165
Ninja Skills SDS,https://climbing-history.org/climb/1797/ninja-skills-sds,Boulder problem,8C,2,,,165
Nirvana,https://climbing-history.org/climb/3409/nirvana,Boulder problem,8A+,2,,,165
Nit de Bruixes,https://climbing-history.org/climb/1573/nit-de-bruixes,Sport route,9a+,2,,,165
No Additives (Post Break),https://climbing-history.org/climb/3900/no-additives-(post-break),Boulder problem,8B+,2,"Originally done at V11, the climb is now much harder after a key hold broke.",,165
No Country for Old Men,https://climbing-history.org/climb/3760/no-country-for-old-men,Sport route,8c,2,,,165
Nocturnal Emission,https://climbing-history.org/climb/960/nocturnal-emission,Trad climb,E9,2,A direct start to Parthian Shot . Not re-climbed since the loss of the flake.,,165
No More Greener Grasses,https://climbing-history.org/climb/1284/no-more-greener-grasses,Boulder problem,8A+,2,,,165
No Option,https://climbing-history.org/climb/6889/no-option,Boulder problem (indoor),8B+,2,A harder variation of a pre-existing TB2 Mirror V13 called D20. Set by Noah Wheeler,,165
No Peace,https://climbing-history.org/climb/5165/no-peace,Boulder problem,8B+,2,,,165
No Peace Prize,https://climbing-history.org/climb/3891/no-peace-prize,Boulder problem,8B+,2,,,165
No Pun Intended,https://climbing-history.org/climb/6878/no-pun-intended,Boulder problem,8A+,2,,,165
No Remorse,https://climbing-history.org/climb/3692/no-remorse,Sport route,8c,2,,,165
North Face Original Route,https://climbing-history.org/climb/2643/north-face-original-route,Alpine,ED1,2,,,166
North Star,https://climbing-history.org/climb/390/north-star,Sport route,9a,2,Extension to northern exposure.,,166
Nosferatu,https://climbing-history.org/climb/1935/nosferatu,Trad climb,E6,2,,,166
Not Bad Dave,https://climbing-history.org/climb/7506/not-bad-dave,Boulder problem,7C,2,,,166
Nutcracker Suite,https://climbing-history.org/climb/6188/nutcracker-suite,Trad climb,HVS,2,"First ascent used only nuts for protection, an innovation in the US at the time when pitons were the standard gear. Named for this and the Tchaikovsky ballet.",,166
Nyumetsu,https://climbing-history.org/climb/6403/nyumetsu,Boulder problem,8B,2,,,166
Oblivion,https://climbing-history.org/climb/3362/oblivion,Sport route,9a,2,,,166
Obscene Gesture,https://climbing-history.org/climb/857/obscene-gesture,Sport route,7c,2,,,166
Odium sitt,https://climbing-history.org/climb/7757/odium-sitt,Boulder problem,8B,2,,,166
Odysseus,https://climbing-history.org/climb/462/odysseus,Sport route,8b,2,,,166
Odysseus,https://climbing-history.org/climb/8096/odysseus,Sport route,8c+,2,,,166
Oedipus! Ring Your Mother,https://climbing-history.org/climb/1668/oedipus!-ring-your-mother,Trad climb,E4,2,"The name comes from a piece of graffiti in the toilets at the cafe in Stoney Middleton , a popular haunt for climbers at the time.",,166
Oesophagus,https://climbing-history.org/climb/4915/oesophagus,Trad climb,E1,2,,,166
Off-Kilter,https://climbing-history.org/climb/6896/off-kilter,Boulder problem (indoor),8B+,2,A long power-enduro boulder set at 55° by Sean Houchins-McCallum on the Tension Board 2 Mirror.,,166
Okami,https://climbing-history.org/climb/7141/okami,Sport route,8c,2,,,166
Old Friends,https://climbing-history.org/climb/877/old-friends,Trad climb,E4,2,,,166
Old Holborn,https://climbing-history.org/climb/5665/old-holborn,Trad climb,E1,2,,,166
Old Man Winter,https://climbing-history.org/climb/2974/old-man-winter,Boulder problem,8B+,2,,,166
Om,https://climbing-history.org/climb/1311/om,Sport route,9a,2,,,166
Omaha Beach (pre break),https://climbing-history.org/climb/2120/omaha-beach-(pre-break),Sport route,8b,2,Bill Ramsey :,,166
One Hundred Years of Solitude,https://climbing-history.org/climb/2145/one-hundred-years-of-solitude,Trad climb,E8,2,,,167
One Night Stand,https://climbing-history.org/climb/73/one-night-stand,Sport route,8c+,2,,,167
One Slap,https://climbing-history.org/climb/497/one-slap,Sport route,9b,2,,,167
One Step Beyond Direct,https://climbing-history.org/climb/6052/one-step-beyond-direct,Trad climb,E6,2,Direct start to One Step Beyond at Curbar. Superseded by Slab and Crack .,,167
Opeless,https://climbing-history.org/climb/6972/opeless,Trad climb,E7,2,,,167
Open Air,https://climbing-history.org/climb/512/open-air,Sport route,9a+,2,"Originally given 9a but later upgraded following repeat ascents. This makes it the first 9a+ in the world, 7 years before Biographie was climbed.",,167
Open Your Mind,https://climbing-history.org/climb/2992/open-your-mind,Sport route,8c+,2,,,167
Oppositional Defiance Disorder,https://climbing-history.org/climb/7445/oppositional-defiance-disorder,Trad climb,E9,2,A steep climb featuring jamming and slopey compression moves.,,167
Opus,https://climbing-history.org/climb/6859/opus,Trad climb,E4,2,,,167
Orange Robe Burning,https://climbing-history.org/climb/2220/orange-robe-burning,Trad climb,E6,2,,,167
Origens,https://climbing-history.org/climb/6918/origens,Sport route,8c,2,,,167
Original Route,https://climbing-history.org/climb/3434/original-route,Trad climb,HS,2,"One of the earliest routes on peak limestone. A quarryman is said to have made an early ascent by driving spikes into the rock, but the first free ascent is attributed to Samuel Turner , though with the use of a top rope. The first lead is attributed to Siegfried Herford in 1914. [1]",,167
Original Route,https://climbing-history.org/climb/8185/original-route,Trad climb,VS,2,H. E. L. Porter in the 1921 Ogwen Supplement:,,167
Osapska Pošast Extension,https://climbing-history.org/climb/5291/osapska-pošast-extension,Sport route,8c,2,,,167
Os Bacanos,https://climbing-history.org/climb/6680/os-bacanos,Boulder problem,8B,2,,,167
Our Forte,https://climbing-history.org/climb/5808/our-forte,Trad climb,E5,2,A monster crack traverse across the quarry. ‘Likely to be a huge sandbag at the grade’.,,167
Out of Shadows,https://climbing-history.org/climb/1403/out-of-shadows,Boulder problem,8B,2,,,167
Outspan,https://climbing-history.org/climb/4084/outspan,Trad climb,E6,2,,,167
Overjustified,https://climbing-history.org/climb/449/overjustified,Sport route,8c,2,,,167
Overshadow,https://climbing-history.org/climb/389/overshadow,Sport route,9a+,2,,,167
Over the Top,https://climbing-history.org/climb/5431/over-the-top,Trad climb,E7,2,,,168
Owain's Arete,https://climbing-history.org/climb/7683/owains-arete,Trad climb,E7,2,,,168
Oxalis,https://climbing-history.org/climb/7043/oxalis,Boulder problem,8B+,2,,,168
Oz Bound,https://climbing-history.org/climb/629/oz-bound,Trad climb,E9,2,Climbed the week before leaving for a year long trip to Australia.,,168
Ozone,https://climbing-history.org/climb/8335/ozone,Trad climb,E9,2,"Originally given 5.14a, but downgraded to 5.13d after Russ Clune found an alternative solution to the opening crux boulder",,168
Ozymandias,https://climbing-history.org/climb/2139/ozymandias,Boulder problem,8A+,2,"Originally put up by Drew Ruana who suggested 8B+, the second ascent, Austin Purdy , suggested a downgrade to 8A+. 8A+ has now settled as the new consensus among subsequent repeats. The easier beta is possibly quite morpho and thus inaccessible among shorter climbers",,168
Pachamama,https://climbing-history.org/climb/7286/pachamama,Boulder problem,8A+,2,"A very high highball, taking the wall right of Polypnée (7C). One of the boldest lines in the forest.",,168
Pacific Ocean Wall Direct,https://climbing-history.org/climb/2448/pacific-ocean-wall-direct,Trad climb,E7,2,,,168
Pacto de Silencio,https://climbing-history.org/climb/4635/pacto-de-silencio,Boulder problem,8A+,2,,,168
Paint It Black,https://climbing-history.org/climb/4020/paint-it-black,Sport route,8c+,2,,,168
Pandemonium,https://climbing-history.org/climb/7473/pandemonium,Sport route,9a,2,Probably Poland's first 9a.,,168
Panties Low,https://climbing-history.org/climb/4564/panties-low,Boulder problem,8B+,2,,,168
Panting Dog Climb,https://climbing-history.org/climb/3027/panting-dog-climb,Trad climb,E2,2,,,168
Papy on Sight,https://climbing-history.org/climb/985/papy-on-sight,Sport route,7c+,2,"Around 2024, sika was used to 'restore' some texture to the holds significantly altering the climbing. [1]",,168
Pâques Express,https://climbing-history.org/climb/1766/pâques-express,Sport route,8c,2,,,168
Paradiso,https://climbing-history.org/climb/5394/paradiso,Sport route,8b,2,,,168
Parasite,https://climbing-history.org/climb/2339/parasite,Trad climb,E5,2,,,168
Parklife,https://climbing-history.org/climb/5837/parklife,Boulder problem,8A+,2,,,168
Parzival,https://climbing-history.org/climb/1744/parzival,Sport route,8b,2,,,168
Pas de Deux,https://climbing-history.org/climb/1869/pas-de-deux,Sport route,8a+,2,,,168
Passaaat,https://climbing-history.org/climb/6027/passaaat,Sport route,9a,2,,,169
Passport to Insanity,https://climbing-history.org/climb/6935/passport-to-insanity,Trad climb,E6,2,The best line in Australia,,169
Patatas Pantera,https://climbing-history.org/climb/2229/patatas-pantera,Sport route,9a,2,,,169
Path of Least Resistance,https://climbing-history.org/climb/4220/path-of-least-resistance,Sport route,9a,2,,,169
Pathological,https://climbing-history.org/climb/8273/pathological,Trad climb,E7,2,,,169
Patxitxulo,https://climbing-history.org/climb/1505/patxitxulo,Sport route,9a,2,A link up of Joe Blau and Papichulo .,,169
Paul Preuss,https://climbing-history.org/climb/7327/paul-preuss,Boulder problem,8A+,2,,,169
Peaceful Mountain,https://climbing-history.org/climb/1818/peaceful-mountain,Sport route,9a,2,,,169
Peahi,https://climbing-history.org/climb/5490/peahi,Boulder problem,8A+,2,One of the hardest slabs in Rocklands.,,169
Peapod,https://climbing-history.org/climb/1368/peapod,Trad climb,HVS,2,[1] https://www.ukclimbing.com/articles/destinations/my_favourite_route_elizabeth_stephenson_-_the_peapod_hvs_5b-16409,,169
Pebble Dash,https://climbing-history.org/climb/5487/pebble-dash,Boulder problem,8A,2,,,169
Pentathol,https://climbing-history.org/climb/5672/pentathol,Trad climb,HVS,2,,,169
Peppered Boursin,https://climbing-history.org/climb/1591/peppered-boursin,Trad climb,E7,2,,,169
Perestroika Crack,https://climbing-history.org/climb/6373/perestroika-crack,Trad climb,E6,2,,,169
Perla Východu,https://climbing-history.org/climb/7297/perla-východu,Sport route,9a,2,The first 9a in the region.,,169
Perpetual Motion,https://climbing-history.org/climb/3938/perpetual-motion,Boulder problem,8B+,2,,,169
Persistencia de la Gioconda,https://climbing-history.org/climb/8008/persistencia-de-la-gioconda,Sport route,9a,2,,,169
Peruvian Necktie,https://climbing-history.org/climb/1263/peruvian-necktie,Sport route,9b,2,,,169
Peščena Ura,https://climbing-history.org/climb/2810/peščena-ura,Sport route,9a,2,,,169
Pétroglyphe,https://climbing-history.org/climb/2935/pétroglyphe,Boulder problem,8B,2,,,169
pH 13,https://climbing-history.org/climb/7231/ph-13,Boulder problem,8B,2,,,170
Phlem Loskott and One Smoking Mono,https://climbing-history.org/climb/2782/phlem-loskott-and-one-smoking-mono,Deep water solo,8b,2,,,170
Picnic Sarcastic,https://climbing-history.org/climb/2065/picnic-sarcastic,Boulder problem,7A+,2,,,170
Piece de Resistance,https://climbing-history.org/climb/8259/piece-de-resistance,Trad climb,E5,2,Likely 5.11d/12a,,170
Pigeon,https://climbing-history.org/climb/6070/pigeon,Trad climb,E6,2,,,170
Pigeon Superstition,https://climbing-history.org/climb/5858/pigeon-superstition,Boulder problem,8B,2,,,170
Pigott's Climb,https://climbing-history.org/climb/8078/pigotts-climb,Trad climb,HVS,2,"The first major route on Cloggy and first to breach the East Buttress. Morley Wood inserted chockstones for aid, carried for this purpose in a handkerchief. The first recorded instance of this technique which lead to current nut protection.",,170
Pilgrim,https://climbing-history.org/climb/544/pilgrim,Boulder problem,8A+,2,,,170
Pilgrim,https://climbing-history.org/climb/8325/pilgrim,Boulder problem,8B,2,,,170
Pinch Power sit,https://climbing-history.org/climb/7916/pinch-power-sit,Boulder problem,8C,2,,,170
Pink Panther,https://climbing-history.org/climb/2637/pink-panther,Trad climb,E2,2,,,170
Pintoreta,https://climbing-history.org/climb/5389/pintoreta,Sport route,8c,2,,,170
Pipe Dream,https://climbing-history.org/climb/2828/pipe-dream,Boulder problem,8B,2,,,170
Piranha,https://climbing-history.org/climb/6717/piranha,Trad climb,E6,2,,,170
Pirate's Code,https://climbing-history.org/climb/1153/pirates-code,Boulder problem,8C,2,,,170
Pit Traverse,https://climbing-history.org/climb/4806/pit-traverse,Boulder problem,7C,2,,,170
Pixam,https://climbing-history.org/climb/6306/pixam,Sport route,8c,2,,,170
Plexus,https://climbing-history.org/climb/5663/plexus,Trad climb,E1,2,,,170
Pockets Traverse,https://climbing-history.org/climb/3323/pockets-traverse,Boulder problem,7C,2,,,170
Polar Front,https://climbing-history.org/climb/3479/polar-front,Trad climb,E9,2,Kinder's first E9.,,170
polaris,https://climbing-history.org/climb/8252/polaris,Sport route,8c+,2,"Shodoshima, Kagawa, Japan",,171
Pompeii sitt,https://climbing-history.org/climb/4578/pompeii-sitt,Boulder problem,8B,2,,,171
Pool of Bethesda (Skindog Start),https://climbing-history.org/climb/2635/pool-of-bethesda-(skindog-start),Boulder problem,8B+,2,[1] https://northwalesbouldering.com/newsitem.asp?nsid=1058,,171
Poppers,https://climbing-history.org/climb/6170/poppers,Trad climb,E6,2,,,171
Popular Opinion,https://climbing-history.org/climb/8035/popular-opinion,Boulder problem,8B,2,,,171
Poseidon's Wrath,https://climbing-history.org/climb/2705/poseidons-wrath,Boulder problem,8C,2,[1] https://www.ukclimbing.com/news/2023/09/new_8c_for_solly_kemball_dorey-73445,,171
Poslední Mažoret,https://climbing-history.org/climb/7604/poslední-mažoret,Boulder problem,8C,2,One of the first 8Cs in Czechia.,,171
Potty Mouth,https://climbing-history.org/climb/431/potty-mouth,Boulder problem,8B,2,Right hand finish to The Bitch (8A+). Broken hold as of 2015. No known ascents since.,,171
"Power, Corruption and Lies","https://climbing-history.org/climb/4780/power,-corruption-and-lies",Trad climb,E6,2,,,171
PPP,https://climbing-history.org/climb/2308/ppp,Sport route,9a,2,,,171
Prayer for a Friend,https://climbing-history.org/climb/4076/prayer-for-a-friend,Trad climb,E9,2,,,171
Pre-Cambrian Wrestler,https://climbing-history.org/climb/4286/pre-cambrian-wrestler,Trad climb,E7,2,,,171
Prend Ton Trou (Left),https://climbing-history.org/climb/5015/prend-ton-trou-(left),Sport route,8b,2,,,171
Pren Nota,https://climbing-history.org/climb/348/pren-nota,Sport route,8a,2,,,171
Pretty Girls Make Graves,https://climbing-history.org/climb/1180/pretty-girls-make-graves,Trad climb,E6,2,,,171
Pretty Hate Machine,https://climbing-history.org/climb/6413/pretty-hate-machine,Boulder problem,8B+,2,,,171
Primer Asalto,https://climbing-history.org/climb/2306/primer-asalto,Sport route,8c,2,,,171
Private Practice,https://climbing-history.org/climb/6726/private-practice,Sport route,8a+,2,,,171
Problem Child,https://climbing-history.org/climb/4163/problem-child,Sport route,8c+,2,,,171
Procesor,https://climbing-history.org/climb/5810/procesor,Sport route,9a,2,,,171
Process,https://climbing-history.org/climb/7962/process,Sport route,9a,2,,,172
Profit of Doom,https://climbing-history.org/climb/879/profit-of-doom,Trad climb,E4,2,,,172
Promontory Traverse,https://climbing-history.org/climb/2017/promontory-traverse,Trad climb,E1,2,,,172
Prophets of Pragmatism,https://climbing-history.org/climb/5639/prophets-of-pragmatism,Trad climb,E8,2,,,172
Psikoterapia,https://climbing-history.org/climb/8039/psikoterapia,Sport route,9a,2,,,172
Psychedelic,https://climbing-history.org/climb/2887/psychedelic,Sport route,9a,2,,,172
Psyche 'n' Burn,https://climbing-history.org/climb/1062/psyche-n-burn,Trad climb,E6,2,,,172
Psycho,https://climbing-history.org/climb/5832/psycho,Trad climb,E5,2,,,172
Psycho!,https://climbing-history.org/climb/4305/psycho!,Trad climb,E4,2,Commonly climbed by aiding through the roof pitch. Named after Alfred Hitchcock's 1960 horror film:,,172
Puke,https://climbing-history.org/climb/7556/puke,Trad climb,HVS,2,,,172
Pump Up The Jam,https://climbing-history.org/climb/1306/pump-up-the-jam,Sport route,8c,2,,,172
Punting in Oxford,https://climbing-history.org/climb/6591/punting-in-oxford,Boulder problem,8A+,2,,,172
Pure Breath,https://climbing-history.org/climb/7396/pure-breath,Sport route,8c,2,,,172
Pure Now,https://climbing-history.org/climb/2252/pure-now,Trad climb,E9,2,"[1] https://ukbouldering.com/board/index.php/topic,23996.msg443082.html#msg443082",,172
Puro Dreaming Plus,https://climbing-history.org/climb/859/puro-dreaming-plus,Sport route,9a+,2,,,172
Pursuit of Slapiness,https://climbing-history.org/climb/1236/pursuit-of-slapiness,Boulder problem,8B,2,,,172
Pushing for Rail,https://climbing-history.org/climb/3795/pushing-for-rail,Trad climb,E8,2,,,172
Putain de Merde,https://climbing-history.org/climb/7361/putain-de-merde,Sport route,8c,2,,,172
Queen Line,https://climbing-history.org/climb/498/queen-line,Sport route,9b,2,,,172
Queimada,https://climbing-history.org/climb/2170/queimada,Sport route,8b+,2,,,172
Quiet Country,https://climbing-history.org/climb/3784/quiet-country,Trad climb,E6,2,[1] https://www.facebook.com/540521791/videos/1018537952881486/,,173
Racomelo,https://climbing-history.org/climb/302/racomelo,Sport route,8b,2,,,173
Ragga,https://climbing-history.org/climb/2110/ragga,Boulder problem,8B,2,,,173
Raide de Toit,https://climbing-history.org/climb/5404/raide-de-toit,Sport route,9a,2,,,173
Raiders of the Dark Ark,https://climbing-history.org/climb/3835/raiders-of-the-dark-ark,Sport route,8b+,2,,,173
Rainbow Warrior,https://climbing-history.org/climb/3975/rainbow-warrior,Sport route,8b+,2,,,173
Ramshaw Crack,https://climbing-history.org/climb/6233/ramshaw-crack,Trad climb,E4,2,,,173
Range Anxiety (Sit Start),https://climbing-history.org/climb/4261/range-anxiety-(sit-start),Boulder problem,8A+,2,,,173
Rango,https://climbing-history.org/climb/5443/rango,Sport route,8c,2,,,173
Ranieri's Reach,https://climbing-history.org/climb/2382/ranieris-reach,Boulder problem,8A,2,,,173
Rapid City,https://climbing-history.org/climb/4045/rapid-city,Sport route,8a,2,,,173
Rastaman Vibrations,https://climbing-history.org/climb/2863/rastaman-vibrations,Boulder problem,8A+,2,,,173
Rats in a Rage,https://climbing-history.org/climb/4103/rats-in-a-rage,Trad climb,E6,2,,,173
Rats Return,https://climbing-history.org/climb/6893/rats-return,Boulder problem (indoor),8B+,2,"Rats Return was set by the Tension crew early on for the Tension Board 2 Mirror as a V12 at 40°. It has since been done at 45° as a V13, and 50° as a V14. Sean Houchins-McCallum has shown interest in opening it at 55°.",,173
Raven's Master,https://climbing-history.org/climb/7884/ravens-master,Boulder problem,8B+,2,,,173
Razorblade,https://climbing-history.org/climb/3295/razorblade,Sport route,8c,2,,,173
Reality Drift,https://climbing-history.org/climb/6602/reality-drift,Boulder problem,8B+,2,,,173
Red Rose,https://climbing-history.org/climb/5881/red-rose,Trad climb,E8,2,"A controversial route. After the first ascent Glenn Robbins abseiled the route in anticipation of an attempt by Andy Pollitt and Chris Hamper and identified several chipped holds. Mark Edwards then abseiled the line and agreed holds had been chipped, and suggested that other climbers, out to discredit him, had done this after he made the first ascent. However Paul Pritchard had previously been on the line in February 1988 and found chipped holds, suggesting that at least some holds had been chipped prior to the first ascent.",,173
Red Wall,https://climbing-history.org/climb/5676/red-wall,Trad climb,E2,2,,,173
Regeneration Extension,https://climbing-history.org/climb/2788/regeneration-extension,Boulder problem,7B+,2,,,173
Rehabilitation,https://climbing-history.org/climb/8287/rehabilitation,Sport route,9a+,2,The name comes from an earlier version of the route which featured many artificial holds.,,174
Released from Treatment,https://climbing-history.org/climb/1174/released-from-treatment,Trad climb,E6,2,,,174
Re-Mastered Edge,https://climbing-history.org/climb/4683/re-mastered-edge,Trad climb,E7,2,,,174
Remote Working,https://climbing-history.org/climb/5318/remote-working,Boulder problem,8C,2,,,174
Remote Working direct,https://climbing-history.org/climb/8263/remote-working-direct,Boulder problem,8B+,2,,,174
Renaissance,https://climbing-history.org/climb/5723/renaissance,Trad climb,E4,2,,,174
Requiem,https://climbing-history.org/climb/4948/requiem,Trad climb,E3,2,,,174
Requiem for a Vampire,https://climbing-history.org/climb/3794/requiem-for-a-vampire,Trad climb,E8,2,,,174
"Requiem, Souls of the Dead Finish","https://climbing-history.org/climb/8312/requiem,-souls-of-the-dead-finish",Trad climb,E8,2,,,174
Resurrection,https://climbing-history.org/climb/6704/resurrection,Sport route,"9a
                        (approx)",2,,,174
Reverse Logic,https://climbing-history.org/climb/4753/reverse-logic,Boulder problem,8B+,2,,,174
Reverse Polarity,https://climbing-history.org/climb/7339/reverse-polarity,Sport route,8c,2,,,174
Revival,https://climbing-history.org/climb/6329/revival,Boulder problem,8B+,2,,,174
Rewind,https://climbing-history.org/climb/643/rewind,Trad climb,E9,2,The route started life as an 8a+ sport route called Blue Sky Lightning before the bolts were chopped and it was climbed on trad gear. [1],,174
Rich's Traverse,https://climbing-history.org/climb/5699/richs-traverse,Boulder problem,8A+,2,,,174
Riddles in the Park,https://climbing-history.org/climb/757/riddles-in-the-park,Boulder problem,8A+,2,,,174
Rigid Digit,https://climbing-history.org/climb/6176/rigid-digit,Trad climb,E5,2,,,174
Rimsky Korsakov,https://climbing-history.org/climb/2313/rimsky-korsakov,Trad climb,E5,2,Presumably named after the Russian composer Nikolai Rimsky-Korsakov.,,174
Ring of Fire,https://climbing-history.org/climb/1598/ring-of-fire,Deep water solo,8b+,2,As seen in Depth Charge .,,174
Ring of Steall,https://climbing-history.org/climb/1074/ring-of-steall,Sport route,8c+,2,"Tried extensively by Dave Cuthbertson around 1992, he came very close to getting through the crux before injury and work got in the way.",,174
R.I.P,https://climbing-history.org/climb/5834/r.i.p,Trad climb,E8,2,,,175
Rise and Fall,https://climbing-history.org/climb/7203/rise-and-fall,Boulder problem,8B+,2,,,175
Rite of Passage Low,https://climbing-history.org/climb/7134/rite-of-passage-low,Boulder problem,8B,2,,,175
Rite Time,https://climbing-history.org/climb/6016/rite-time,Trad climb,E7,2,"The route started from a hanging belay halfway up the crag to avoid poor quality rock below and a jungle approach. On the first ascent, the abseil rope was discarded before climbing.",,175
River of Life,https://climbing-history.org/climb/5357/river-of-life,Boulder problem,7C+,2,,,175
Riverside Motherfucker,https://climbing-history.org/climb/7856/riverside-motherfucker,Trad climb,E9,2,,,175
Rocket Science,https://climbing-history.org/climb/821/rocket-science,Boulder problem,8B+,2,,,175
Rocket USA,https://climbing-history.org/climb/2742/rocket-usa,Trad climb,E6,2,,,175
Rock of Ages,https://climbing-history.org/climb/4278/rock-of-ages,Trad climb,E7,2,,,175
Rodney Mullen,https://climbing-history.org/climb/2149/rodney-mullen,Trad climb,E8,2,Named after the American professional skateboarder Rodney Mullen .,,175
Rollito Gonzalo pa la Enmienda,https://climbing-history.org/climb/6358/rollito-gonzalo-pa-la-enmienda,Sport route,9a,2,,,175
Roll On,https://climbing-history.org/climb/6121/roll-on,Trad climb,E3,2,,,175
Romocop,https://climbing-history.org/climb/4348/romocop,Sport route,8a+,2,,,175
Roofolution,https://climbing-history.org/climb/1829/roofolution,Sport route,9a,2,Ben's Roof in to Evolution .,,175
Royal Flush,https://climbing-history.org/climb/7635/royal-flush,Boulder problem,8B+,2,,,175
Rubble,https://climbing-history.org/climb/1040/rubble,Trad climb,E7,2,The softest route in the world.,,175
Rumblefish,https://climbing-history.org/climb/1184/rumblefish,Trad climb,E7,2,,,175
Rupert Road,https://climbing-history.org/climb/1011/rupert-road,Trad climb,E6,2,,,175
Rurp the Wild Beserk,https://climbing-history.org/climb/5588/rurp-the-wild-beserk,Trad climb,E6,2,,,175
Rusty Wall,https://climbing-history.org/climb/4744/rusty-wall,Boulder problem,6C+,2,,,175
Ryley Bosvil,https://climbing-history.org/climb/6058/ryley-bosvil,Trad climb,E5,2,,,176
Sabotage,https://climbing-history.org/climb/3873/sabotage,Boulder problem,8A,2,,,176
Sacrifice,https://climbing-history.org/climb/4008/sacrifice,Sport route,9a+,2,,,176
Sailor's Delight,https://climbing-history.org/climb/3909/sailors-delight,Boulder problem,8B+,2,,,176
Salamandre,https://climbing-history.org/climb/1327/salamandre,Sport route,9a+,2,,,176
Sale Gosse (assis),https://climbing-history.org/climb/7319/sale-gosse-(assis),Boulder problem,8A,2,,,176
Samizdat,https://climbing-history.org/climb/1428/samizdat,Sport route,8a,2,,,176
Sanjski Par (Extension),https://climbing-history.org/climb/4435/sanjski-par-(extension),Sport route,9a,2,,,176
San Ku Kai,https://climbing-history.org/climb/7663/san-ku-kai,Sport route,8c+,2,,,176
Sans Complexe,https://climbing-history.org/climb/2436/sans-complexe,Sport route,9a,2,,,176
Sans Liberté,https://climbing-history.org/climb/4601/sans-liberté,Trad climb,E9,2,,,176
Sasquatch,https://climbing-history.org/climb/3511/sasquatch,Boulder problem,8A,2,,,176
"Satan i Helvete (assis, pre-December 2013)","https://climbing-history.org/climb/705/satan-i-helvete-(assis,-pre-december-2013)",Boulder problem,8C,2,In December 2013 a hold broke on the stand start and the assis has not been repeated since.,,176
SatanX,https://climbing-history.org/climb/304/satanx,Sport route,8b,2,,,176
Scarab,https://climbing-history.org/climb/2084/scarab,Trad climb,E6,2,,,176
Schule des Lebens,https://climbing-history.org/climb/1667/schule-des-lebens,Boulder problem,8A+,2,,,176
Scoop Face,https://climbing-history.org/climb/1886/scoop-face,Trad climb,HVS,2,,,176
Seat at the Table,https://climbing-history.org/climb/2991/seat-at-the-table,Boulder problem,8B,2,,,176
Secaina,https://climbing-history.org/climb/6085/secaina,Sport route,9a,2,,,176
Second Life,https://climbing-history.org/climb/4678/second-life,Boulder problem,8A+,2,,,176
Sedni Si Na Kost,https://climbing-history.org/climb/2763/sedni-si-na-kost,Boulder problem,8B+,2,,,177
Selene Permanente,https://climbing-history.org/climb/6133/selene-permanente,Sport route,9a+,2,,,177
Self Harmer,https://climbing-history.org/climb/5465/self-harmer,Trad climb,E7,2,,,177
Selim Sivad,https://climbing-history.org/climb/7740/selim-sivad,Boulder problem,8B,2,,,177
Selladore,https://climbing-history.org/climb/2802/selladore,Trad climb,E8,2,,,177
Sentinel Crack,https://climbing-history.org/climb/3995/sentinel-crack,Trad climb,E3,2,,,177
Sergeyenna,https://climbing-history.org/climb/6578/sergeyenna,Trad climb,E1,2,,,177
Severance,https://climbing-history.org/climb/6375/severance,Sport route,8c,2,,,177
Shadow Beast,https://climbing-history.org/climb/6839/shadow-beast,Sport route,7c+,2,,,177
Sharp Practice,https://climbing-history.org/climb/2631/sharp-practice,Sport route,8a+,2,,,177
Shelob,https://climbing-history.org/climb/3919/shelob,Boulder problem,8B+,2,,,177
Shibboleth,https://climbing-history.org/climb/3655/shibboleth,Trad climb,E2,2,,,177
Shikantaza,https://climbing-history.org/climb/1582/shikantaza,Trad climb,E9,2,,,177
Shine On,https://climbing-history.org/climb/3252/shine-on,Trad climb,E7,2,,,177
Silent Singer,https://climbing-history.org/climb/1839/silent-singer,Boulder problem,8C,2,,,177
Silent Spring,https://climbing-history.org/climb/5967/silent-spring,Trad climb,E4,2,,,177
Silicon Slave,https://climbing-history.org/climb/8145/silicon-slave,Boulder problem,7C+,2,,,177
Silly Arete,https://climbing-history.org/climb/1758/silly-arete,Trad climb,E3,2,,,177
Simónides,https://climbing-history.org/climb/3776/simónides,Sport route,8b+,2,,,177
Simpkin's Overhang,https://climbing-history.org/climb/6802/simpkins-overhang,Trad climb,E4,2,,,177
Sin fé no hay FA,https://climbing-history.org/climb/5511/sin-fé-no-hay-fa,Boulder problem,8A,2,,,178
Sirkus Maximus,https://climbing-history.org/climb/4674/sirkus-maximus,Boulder problem,8A+,2,,,178
Sista Bossen,https://climbing-history.org/climb/3306/sista-bossen,Trad climb,E8,2,,,178
Siuhy,https://climbing-history.org/climb/4648/siuhy,Boulder problem,8B,2,,,178
Skidoo,https://climbing-history.org/climb/4281/skidoo,Trad climb,E6,2,,,178
SkinWalker,https://climbing-history.org/climb/8289/skinwalker,Boulder problem,8B,2,,,178
Skiroute Project,https://climbing-history.org/climb/3241/skiroute-project,Boulder problem,8B,2,,,178
Skyggespell,https://climbing-history.org/climb/4676/skyggespell,Boulder problem,8A+,2,,,178
Slanting Slab,https://climbing-history.org/climb/3688/slanting-slab,Trad climb,E4,2,,,178
Slapstick,https://climbing-history.org/climb/2067/slapstick,Boulder problem,7C,2,,,178
Sleepy Hollow,https://climbing-history.org/climb/560/sleepy-hollow,Trad climb,E10,2,,,178
Slender Loris,https://climbing-history.org/climb/4992/slender-loris,Trad climb,E4,2,,,178
Slim Pickings,https://climbing-history.org/climb/1405/slim-pickings,Boulder problem,8B,2,,,178
Slingshot,https://climbing-history.org/climb/2182/slingshot,Boulder problem,7C+,2,Initially climbed on a top rope due to the poor landing in a time when bouldering pads weren't in common use. Since pads have become more widespread bouldered ascents have become the norm.,,178
Slip 'n' Slide,https://climbing-history.org/climb/1559/slip-n-slide,Trad climb,E6,2,,,178
Sloe Gin,https://climbing-history.org/climb/731/sloe-gin,Sport route,7c,2,,,178
Small Things,https://climbing-history.org/climb/3466/small-things,Trad climb,E6,2,,,178
Smart Went Crazy,https://climbing-history.org/climb/2864/smart-went-crazy,Trad climb,E10,2,,,178
Smashing Pumpkins,https://climbing-history.org/climb/4715/smashing-pumpkins,Trad climb,E6,2,,,178
Sneaky Snake,https://climbing-history.org/climb/4092/sneaky-snake,Sport route,8c,2,,,178
Softie's Adventure,https://climbing-history.org/climb/7997/softies-adventure,Sport route,8b+,2,,,179
Solar Flare,https://climbing-history.org/climb/7147/solar-flare,Trad climb,E6,2,,,179
Sole Power,https://climbing-history.org/climb/1128/sole-power,Boulder problem,7C,2,"Jerry Moffatt had recently acquired a pair of Boreal Fire rock shoes which he felt gave him an edge, thus the name.",,179
Somehow Super,https://climbing-history.org/climb/1690/somehow-super,Sport route,8c,2,,,179
Somerled,https://climbing-history.org/climb/4275/somerled,Trad climb,E7,2,"Named after the boat that first ascentionists Robbie Phillips and Will Birkett travelled to St Kilda in, and the 12th century Norse-Gaelic lord who ruled the western isles of Scotland. [1]",,179
Son of Heart,https://climbing-history.org/climb/6397/son-of-heart,Aid Climb,A3,2,"""Peering at El Cap by moonlight reveals five obvious lines. Son of Heart was the only one yet unclimbed"" (Sylvester)",,179
Son of Satan,https://climbing-history.org/climb/4104/son-of-satan,Trad climb,E8,2,,,179
Sorcery,https://climbing-history.org/climb/6544/sorcery,Trad climb,E6,2,,,179
Soul Mate,https://climbing-history.org/climb/500/soul-mate,Sport route,9b,2,,,179
Soundtrack for the Blind,https://climbing-history.org/climb/7661/soundtrack-for-the-blind,Sport route,8b+,2,,,179
Sous le Volcan,https://climbing-history.org/climb/5512/sous-le-volcan,Boulder problem,8A,2,Cuvier Rempart,,179
Southeast Ridge,https://climbing-history.org/climb/2627/southeast-ridge,High Mountain,F-,2,"From base camp in Nepal the route goes through the Khumbu Icefall to camp I, from there the route then goes up the Western Cwm to the base of the Lhotse face and camp II. From here climbers go up the Lhotse face to camp III before gaining a further 500m altitude to reach camp IV on the south col. From camp IV climbers typically attempt a summit push.",,179
Southern Belle,https://climbing-history.org/climb/6382/southern-belle,Trad climb,E8,2,,,179
South Face,https://climbing-history.org/climb/5815/south-face,Boulder problem,7B,2,The king line of the south-east of England 🙂,,179
South Ridge Direct,https://climbing-history.org/climb/3666/south-ridge-direct,Trad climb,VS,2,,,179
Souvenir,https://climbing-history.org/climb/2550/souvenir,Boulder problem,8A,2,,,179
Souvenir du Pic,https://climbing-history.org/climb/5581/souvenir-du-pic,Sport route,8c,2,,,179
Soyuz (low),https://climbing-history.org/climb/6551/soyuz-(low),Boulder problem,8C,2,,,179
Space Boy,https://climbing-history.org/climb/8099/space-boy,Sport route,8b,2,"Bolted by Peter Taw (1993); climbed to mid-height initially, then extended to the lip in 1994.
Beta note: The use of two kneebar rests has significantly softened the route's original difficulty.",,179
Space Cadet Sit,https://climbing-history.org/climb/6866/space-cadet-sit,Boulder problem,"8C+
                        (approx)",2,From the same start as Captain Nemo you move left to finish in Space Cadet .,,179
Spacewalk,https://climbing-history.org/climb/4883/spacewalk,Trad climb,E5,2,,,180
Spam Dagger,https://climbing-history.org/climb/8105/spam-dagger,Boulder problem,8A,2,,,180
Special Cases,https://climbing-history.org/climb/2366/special-cases,Boulder problem,8A,2,,,180
Spectrum,https://climbing-history.org/climb/7807/spectrum,Boulder problem,8B,2,,,180
Speed of Life,https://climbing-history.org/climb/7562/speed-of-life,Boulder problem,7C+,2,,,180
Speer,https://climbing-history.org/climb/6351/speer,Sport route,8b+,2,,,180
Spicy Dumpling,https://climbing-history.org/climb/7320/spicy-dumpling,Sport route,9a,2,,,180
Spigolo Giallo,https://climbing-history.org/climb/2287/spigolo-giallo,Trad climb,E1,2,,,180
Stairway to Heaven Level 2,https://climbing-history.org/climb/5120/stairway-to-heaven-level-2,Boulder problem,8B,2,,,180
Stalker on the Horizon,https://climbing-history.org/climb/287/stalker-on-the-horizon,Boulder problem,7C,2,,,180
Stampede,https://climbing-history.org/climb/904/stampede,Trad climb,E8,2,,,180
Standing on the Shoulders of Giants,https://climbing-history.org/climb/3433/standing-on-the-shoulders-of-giants,Boulder problem,7C,2,The first incarnation of The Gold Standard that was climbed from a high start by standing on a friend's shoulders. Now superseded by the ground start.,,180
Stanton Stereotype,https://climbing-history.org/climb/3984/stanton-stereotype,Sport route,8a,2,,,180
Starlight and Storm,https://climbing-history.org/climb/6509/starlight-and-storm,Boulder problem,6C+,2,,,180
Star Slinger SDS,https://climbing-history.org/climb/3497/star-slinger-sds,Boulder problem,8B,2,,,180
Star Wars: The Trilogy,https://climbing-history.org/climb/4346/star-wars-the-trilogy,Trad climb,E7,2,,,180
State of Nature,https://climbing-history.org/climb/6891/state-of-nature,Boulder problem (indoor),8B+,2,State of Nature is a V14/8B+ set by Noah Wheeler on the Tension Board 2 Mirror. It was intended to act as a Return of the Sleepwalker trainer for Noah.,,180
Stay as You Are,https://climbing-history.org/climb/2571/stay-as-you-are,Sport route,8c,2,,,180
Steps Ahead,https://climbing-history.org/climb/4450/steps-ahead,Sport route,7c+,2,,,180
Sticil Face,https://climbing-history.org/climb/2904/sticil-face,Alpine,D,2,,,180
Sticky Wicket-The Ashes,https://climbing-history.org/climb/3719/sticky-wicket-the-ashes,Sport route,8a,2,,,181
Still Alive,https://climbing-history.org/climb/7595/still-alive,Sport route,8c,2,,,181
Still Life,https://climbing-history.org/climb/8045/still-life,Sport route,8c,2,,,181
Stimulation,https://climbing-history.org/climb/5865/stimulation,Boulder problem,8B,2,,,181
Stockholm Syndome,https://climbing-history.org/climb/3942/stockholm-syndome,Boulder problem,8B+,2,,,181
Stone Butterfly,https://climbing-history.org/climb/3305/stone-butterfly,Sport route,9a+,2,The hardest route in Romania when it was established by Adam Ondra in 2018.,,181
Stop Sika,https://climbing-history.org/climb/5883/stop-sika,Sport route,8c,2,,,181
Stor idrett,https://climbing-history.org/climb/7696/stor-idrett,Sport route,8c,2,,,181
Storms Over Africa,https://climbing-history.org/climb/4050/storms-over-africa,Trad climb,E7,2,,,181
Strapadictomy,https://climbing-history.org/climb/873/strapadictomy,Trad climb,E5,2,Confused by the name? Try saying it slowly... Strap-a-dic-to-my .,,181
Street Legal,https://climbing-history.org/climb/3316/street-legal,Trad climb,E2,2,,,181
Strelovod,https://climbing-history.org/climb/4425/strelovod,Sport route,8c,2,,,181
Strem,https://climbing-history.org/climb/7698/strem,Boulder problem,8B+,2,,,181
Stroke of the Fiend,https://climbing-history.org/climb/1175/stroke-of-the-fiend,Trad climb,E7,2,,,181
Stroll On,https://climbing-history.org/climb/5519/stroll-on,Trad climb,E3,2,,,181
Stuck South of the Border,https://climbing-history.org/climb/5866/stuck-south-of-the-border,Boulder problem,8B,2,,,181
Stuey 5 Bellies,https://climbing-history.org/climb/4460/stuey-5-bellies,Boulder problem (indoor),8A+,2,"Named after Stuart Cameron and referencing Jimmy 'Five Bellies' Gardiner, friend of footballer Paul Gascoigne.",,181
Sulualliansen,https://climbing-history.org/climb/4693/sulualliansen,Trad climb,E9,2,A fall from the red point crux might result in a ground fall.,,181
Summit From Nothing Sit,https://climbing-history.org/climb/6521/summit-from-nothing-sit,Boulder problem,8A+,2,,,181
Sunburst,https://climbing-history.org/climb/7723/sunburst,Trad climb,E7,2,,,181
Sunning the 4th Eye,https://climbing-history.org/climb/1303/sunning-the-4th-eye,Trad climb,E7,2,,,182
Sunshine,https://climbing-history.org/climb/6320/sunshine,Boulder problem,8A,2,"Lofoten, Norway",,182
Sunshine Super Frog,https://climbing-history.org/climb/722/sunshine-super-frog,Trad climb,E6,2,,,182
Super Dream Cream,https://climbing-history.org/climb/6696/super-dream-cream,Boulder problem,8B,2,,,182
Supergroove,https://climbing-history.org/climb/7373/supergroove,Trad climb,E6,2,"Trad. with one peg on the first ascent, now a bolt. Probably the hardest route in Oceania at the time.",,182
Super Imjin,https://climbing-history.org/climb/980/super-imjin,Trad climb,E6,2,,,182
Super Low Chimichanga Right,https://climbing-history.org/climb/4755/super-low-chimichanga-right,Boulder problem,8B+,2,,,182
Super Trouper,https://climbing-history.org/climb/4048/super-trouper,Boulder problem,7C,2,,,182
Supertussi,https://climbing-history.org/climb/1806/supertussi,Boulder problem,8B,2,,,182
Supremacy Crack,https://climbing-history.org/climb/6184/supremacy-crack,Trad climb,E3,2,5.11b,,182
Surreal,https://climbing-history.org/climb/1063/surreal,Trad climb,E6,2,,,182
Suspense,https://climbing-history.org/climb/2029/suspense,Trad climb,E2,2,,,182
Svanesjøen,https://climbing-history.org/climb/8313/svanesjøen,Boulder problem,8A+,2,,,182
Sviní Ponor,https://climbing-history.org/climb/3488/sviní-ponor,Boulder problem,8C,2,,,182
Swarovski Slab,https://climbing-history.org/climb/4004/swarovski-slab,Trad climb,E8,2,,,182
Swift Undercut,https://climbing-history.org/climb/6569/swift-undercut,Trad climb,E7,2,,,182
Swiss Air,https://climbing-history.org/climb/2669/swiss-air,Boulder problem,8C,2,"This problem was significantly affected by the flooding in 2024, with the ground level effectively being raised 3-4m. [1]",,182
Sword of Damocles,https://climbing-history.org/climb/4038/sword-of-damocles,Boulder problem,8C+,2,So named because the road to the crag was due to shut for 2 years for repairs so the pressure was on for Austin Purdy to make the first ascent. In the event he missed the deadline but snuck in on an e-bike before snow came in and properly shut things down.,,182
Synapses,https://climbing-history.org/climb/6107/synapses,Boulder problem,8A,2,,,182
Synchronicity,https://climbing-history.org/climb/3710/synchronicity,Boulder problem,8B+,2,,,182
Syncro-Suutari,https://climbing-history.org/climb/7864/syncro-suutari,Sport route,9a,2,,,183
Synkende skip,https://climbing-history.org/climb/4524/synkende-skip,Boulder problem,8B,2,,,183
Tales of Power,https://climbing-history.org/climb/7076/tales-of-power,Trad climb,E5,2,Named after the Carlos Castenada book.,,183
Tales of Yankee Power,https://climbing-history.org/climb/3983/tales-of-yankee-power,Trad climb,E5,2,,,183
Tangerine Trip,https://climbing-history.org/climb/6572/tangerine-trip,Aid Climb,A2,2,,,183
Tango to Nik,https://climbing-history.org/climb/6077/tango-to-nik,Sport route,8c+,2,,,183
Taradine,https://climbing-history.org/climb/7155/taradine,Boulder problem,8B,2,So named because Michaela Kiersch and Ashima Shiraishi made the first and second ascents.,,183
Tartarus,https://climbing-history.org/climb/3997/tartarus,Boulder problem,8B+,2,,,183
Tau Zero,https://climbing-history.org/climb/387/tau-zero,Boulder problem,7B+,2,,,183
Teboho,https://climbing-history.org/climb/8088/teboho,Boulder problem,8B,2,,,183
Technical Master,https://climbing-history.org/climb/5944/technical-master,Boulder problem,6B,2,,,183
Tecnoking,https://climbing-history.org/climb/3311/tecnoking,Sport route,9a,2,,,183
Terminal Twilight,https://climbing-history.org/climb/2019/terminal-twilight,Trad climb,E7,2,,,183
Terminator,https://climbing-history.org/climb/4457/terminator,Sport route,8a+,2,,,183
Terminus,https://climbing-history.org/climb/2505/terminus,Boulder problem,8A+,2,,,183
Terranova,https://climbing-history.org/climb/1681/terranova,Boulder problem,8C+,2,Terranova is a boulder problem in the Moravsky Kras area of the Czech Republic established by Adam Ondra in 2011 as his first 8C+. The problem is around 17 moves long. Adam described it as,,183
Terrorhawk,https://climbing-history.org/climb/7176/terrorhawk,Trad climb,E6,2,,,183
Tess of the d'Urbervilles,https://climbing-history.org/climb/1088/tess-of-the-durbervilles,Trad climb,E6,2,"A route with an infamous and controversial past. According
to eyewitnesses (closely questioned by the guidebook writer
at the time) there seems to be a heavy element of
conceptualisation on the part of the first ascensionists as to
the line that they actually climbed. Climbed as described
by P Jenkinson 7 Aug 1989. [1]",,183
That Hideous Strength,https://climbing-history.org/climb/4666/that-hideous-strength,Boulder problem,8C,2,,,183
That's My Lot,https://climbing-history.org/climb/918/thats-my-lot,Trad climb,E8,2,,,183
The 4th Dimension,https://climbing-history.org/climb/2638/the-4th-dimension,Trad climb,E7,2,,,184
The Aghori,https://climbing-history.org/climb/1200/the-aghori,Trad climb,E9,2,,,184
The Aging Bull,https://climbing-history.org/climb/5397/the-aging-bull,Trad climb,E7,2,,,184
TheAmbassador,https://climbing-history.org/climb/6964/theambassador,Trad climb,E8,2,,,184
The Annihilator,https://climbing-history.org/climb/8233/the-annihilator,Sport route,8b+,2,Short boulder route with one bolt. Lucky Chance and Derek Thatcher discovered the line in 2006.,,184
The Archer,https://climbing-history.org/climb/5491/the-archer,Boulder problem,8A,2,Hard slab in Yosemite,,184
The Arête,https://climbing-history.org/climb/5641/the-arête,Trad climb,E2,2,,,184
The Assassin,https://climbing-history.org/climb/1855/the-assassin,Sport route,9a,2,Smith's First 9a.,,184
The Barrel,https://climbing-history.org/climb/4202/the-barrel,Boulder problem,7C,2,,,184
The Bastard,https://climbing-history.org/climb/3324/the-bastard,Sport route,8b,2,,,184
The Bed of Procustes,https://climbing-history.org/climb/3976/the-bed-of-procustes,Boulder problem,8A+,2,A Procrustean bed is an arbitrary standard to which exact conformity is forced. [2],,184
The Big Bad Wolf,https://climbing-history.org/climb/4012/the-big-bad-wolf,Boulder problem,8C,2,,,184
The Big Crack,https://climbing-history.org/climb/6271/the-big-crack,Trad climb,E2,2,,,184
The Big Groove,https://climbing-history.org/climb/3684/the-big-groove,Trad climb,E3,2,"[1] Big Groove - The Evolution of a Classic Gogarth Climb by Neil Foster , August 2024 https://www.ukclimbing.com/articles/features/big_groove__the_evolution_of_a_classic_gogarth_climb-15929",,184
The Big Roof,https://climbing-history.org/climb/2909/the-big-roof,Boulder problem,8B,2,,,184
The Big Show,https://climbing-history.org/climb/5817/the-big-show,Boulder problem,8A,2,,,184
The Big Wish,https://climbing-history.org/climb/7423/the-big-wish,Sport route,9a,2,,,184
The Bitch,https://climbing-history.org/climb/3325/the-bitch,Boulder problem,8A+,2,Steve Crowe :,,184
The Bitter End,https://climbing-history.org/climb/7138/the-bitter-end,Boulder problem,8B+,2,,,184
The Black Cleft,https://climbing-history.org/climb/1372/the-black-cleft,Trad climb,E2,2,,,184
The Black Lagoon,https://climbing-history.org/climb/3729/the-black-lagoon,Trad climb,E7,2,,,185
The Bookkeeper,https://climbing-history.org/climb/4986/the-bookkeeper,Boulder problem,8C,2,,,185
The Bow,https://climbing-history.org/climb/6453/the-bow,Sport route,9a+,2,,,185
The Broken Man,https://climbing-history.org/climb/5525/the-broken-man,Trad climb,E8,2,,,185
The Bull,https://climbing-history.org/climb/2453/the-bull,Trad climb,E10,2,,,185
The Castle low low,https://climbing-history.org/climb/6152/the-castle-low-low,Boulder problem,8A+,2,,,185
The Castle sit,https://climbing-history.org/climb/7939/the-castle-sit,Boulder problem,8B,2,,,185
The Clumbsy Caterpillar,https://climbing-history.org/climb/6942/the-clumbsy-caterpillar,Sport route,8a+,2,,,185
The Cocoa Team Special,https://climbing-history.org/climb/3438/the-cocoa-team-special,Boulder problem,7C+,2,"The enticing upper crack was previously climbed by Craig Smith in 1984 by climbing on the shoulders of a couple of willing accomplices and called The Czech Stand , after the combined tactics used on some of the sandstone towers in Czechia.",,185
The Crack,https://climbing-history.org/climb/7220/the-crack,Boulder problem,7C,2,"Originally 8A, the climb has eroded and currently stands at 7C",,185
The Crucifix,https://climbing-history.org/climb/7438/the-crucifix,Trad climb,E12,2,What could be the hardest crack climb in the world. The 180ft (55m) long crack starts with 5.13c climbing into a V14 crux that consists of mono jams and finishes on a 5.14a section.,,185
The Cullinan,https://climbing-history.org/climb/5924/the-cullinan,Trad climb,E5,2,,,185
The Cwm Face,https://climbing-history.org/climb/1908/the-cwm-face,Trad climb,E7,2,,,185
The Dangler,https://climbing-history.org/climb/876/the-dangler,Trad climb,E2,2,,,185
The Dark Half,https://climbing-history.org/climb/6571/the-dark-half,Sport route,8a,2,,,185
The Dark Side,https://climbing-history.org/climb/2957/the-dark-side,Trad climb,E8,2,,,185
The Day the World Stood Still,https://climbing-history.org/climb/6037/the-day-the-world-stood-still,Boulder problem,7A,2,,,185
The Deputy,https://climbing-history.org/climb/6741/the-deputy,Boulder problem,8A+,2,,,185
The Diamond Inspector,https://climbing-history.org/climb/1420/the-diamond-inspector,Boulder problem,8B,2,,,185
The Dillusioned Glue Machine,https://climbing-history.org/climb/1602/the-dillusioned-glue-machine,Sport route,8a,2,,,185
The Dillusioned Screw Machine,https://climbing-history.org/climb/1044/the-dillusioned-screw-machine,Trad climb,E6,2,,,186
The Doors,https://climbing-history.org/climb/7426/the-doors,Trad climb,E8,2,"A splitter finger crack at Cadarese. Originally bolted and graded 8b, now the bolts are gone and the grade is considered 8a/+",,186
The Doors of Perception,https://climbing-history.org/climb/2928/the-doors-of-perception,Boulder problem,8C,2,,,186
The Dragon's Guardian,https://climbing-history.org/climb/6605/the-dragons-guardian,Boulder problem,8B+,2,,,186
The Driven Bow,https://climbing-history.org/climb/1697/the-driven-bow,Trad climb,E7,2,,,186
The Earthsea Trilogy Part 3,https://climbing-history.org/climb/6952/the-earthsea-trilogy-part-3,Trad climb,E6,2,,,186
The Easy Turnpike,https://climbing-history.org/climb/1001/the-easy-turnpike,Trad climb,VD,2,,,186
The Egg,https://climbing-history.org/climb/3431/the-egg,Boulder problem,8A,2,,,186
The Exorcist,https://climbing-history.org/climb/2894/the-exorcist,Trad climb,E3,2,,,186
The Fascist and Me,https://climbing-history.org/climb/3441/the-fascist-and-me,Trad climb,E4,2,Named after an encounter with a Ministry of Defence orderly.,,186
The Final Empire,https://climbing-history.org/climb/3751/the-final-empire,Boulder problem,8C,2,,,186
The Finger,https://climbing-history.org/climb/8290/the-finger,Boulder problem,8A,2,,,186
The Firé Escape,https://climbing-history.org/climb/1002/the-firé-escape,Trad climb,E7,2,,,186
The First and Last Wall,https://climbing-history.org/climb/2557/the-first-and-last-wall,Trad climb,E6,2,,,186
The Flame,https://climbing-history.org/climb/3045/the-flame,Sport route,9b,2,,,186
The Flaming Drambuie,https://climbing-history.org/climb/1660/the-flaming-drambuie,Trad climb,E6,2,,,186
The Fugue,https://climbing-history.org/climb/1844/the-fugue,Trad climb,E9,2,,,186
The Garotte,https://climbing-history.org/climb/1453/the-garotte,Trad climb,E4,2,,,186
The Gates of Delirium,https://climbing-history.org/climb/4900/the-gates-of-delirium,Trad climb,E4,2,Named after the song by prog. rock band Yes on their album Relayer.,,186
The Ghost Ship,https://climbing-history.org/climb/6371/the-ghost-ship,Boulder problem,8B+,2,,,186
The Giant,https://climbing-history.org/climb/4891/the-giant,Trad climb,E4,2,,,187
The Grand Wall (aid),https://climbing-history.org/climb/6229/the-grand-wall-(aid),Aid Climb,A1,2,Sieged with fixed ropes over 40 days. Made national news and Baldwin and Cooper were local celebrities for a time.,,187
The Great Buttress,https://climbing-history.org/climb/5664/the-great-buttress,Trad climb,E2,2,,,187
The Great Crack,https://climbing-history.org/climb/1332/the-great-crack,Trad climb,E3,2,"Strangely, the guidebook author changed the name to 'Right Eliminate' despite Joe Brown naming it The Great Crack and the former name stuck for a long time.",,187
The Great Rift,https://climbing-history.org/climb/1688/the-great-rift,Trad climb,E10,2,A hard route to grade! The first ascenionists offered the following description,,187
The Green Mile,https://climbing-history.org/climb/4603/the-green-mile,Sport route,8c+,2,,,187
The Grey Area,https://climbing-history.org/climb/956/the-grey-area,Trad climb,E8,2,,,187
The Grinch SDS,https://climbing-history.org/climb/2437/the-grinch-sds,Boulder problem,8B,2,,,187
The Handren Effect,https://climbing-history.org/climb/5734/the-handren-effect,Trad climb,E6,2,,,187
The Heel Hook Look,https://climbing-history.org/climb/1966/the-heel-hook-look,Deep water solo,8a,2,,,187
The Heist,https://climbing-history.org/climb/1462/the-heist,Boulder problem,8B+,2,,,187
The Human Skewer Direct,https://climbing-history.org/climb/2539/the-human-skewer-direct,Trad climb,E10,2,A direct start to The Human Skewer .,,187
The Hunted,https://climbing-history.org/climb/7140/the-hunted,Sport route,9a,2,,,187
The Ice Knife SDS,https://climbing-history.org/climb/1731/the-ice-knife-sds,Boulder problem,8C+,2,Adds an ~8A+ in to the stand.,,187
The Incredible Bulk,https://climbing-history.org/climb/411/the-incredible-bulk,Boulder problem,8B,2,,,187
The Iron Man,https://climbing-history.org/climb/3862/the-iron-man,Trad climb,E7,2,,,187
The Janicepts,https://climbing-history.org/climb/2041/the-janicepts,Trad climb,E3,2,,,187
The Keel,https://climbing-history.org/climb/2555/the-keel,Boulder problem,7C,2,,,187
The Keswickian,https://climbing-history.org/climb/4407/the-keswickian,Trad climb,E7,2,,,187
The Knock,https://climbing-history.org/climb/2031/the-knock,Trad climb,E4,2,,,187
The Lamia,https://climbing-history.org/climb/5971/the-lamia,Trad climb,E3,2,,,188
The Last Armstrong,https://climbing-history.org/climb/7238/the-last-armstrong,Boulder problem,8B+,2,,,188
The Last Dance,https://climbing-history.org/climb/160/the-last-dance,Boulder problem,8B,2,,,188
The Last Gasp,https://climbing-history.org/climb/2896/the-last-gasp,Trad climb,E2,2,,,188
The Last Supper,https://climbing-history.org/climb/2533/the-last-supper,Boulder problem,8B,2,,,188
The Lean Machine,https://climbing-history.org/climb/5366/the-lean-machine,Trad climb,E5,2,,,188
The Leviathan,https://climbing-history.org/climb/6114/the-leviathan,Boulder problem,8B,2,,,188
The Lonely Crowd,https://climbing-history.org/climb/6610/the-lonely-crowd,Boulder problem,8B+,2,,,188
The Lonely Mountain,https://climbing-history.org/climb/1711/the-lonely-mountain,Sport route,9b,2,,,188
The Long Night,https://climbing-history.org/climb/5648/the-long-night,Boulder problem,8B+,2,,,188
The Lynch,https://climbing-history.org/climb/6838/the-lynch,Sport route,7b+,2,,,188
The Machinist,https://climbing-history.org/climb/4608/the-machinist,Boulder problem,8B,2,,,188
The Mandrake,https://climbing-history.org/climb/6293/the-mandrake,Trad climb,E5,2,A bold arête and likely colossal sandbag,,188
The Mechanic,https://climbing-history.org/climb/8024/the-mechanic,Boulder problem,8B,2,,,188
The Mentalist Cupboard,https://climbing-history.org/climb/946/the-mentalist-cupboard,Trad climb,E7,2,,,188
The Millenium Arch,https://climbing-history.org/climb/7437/the-millenium-arch,Trad climb,E10,2,A gigantic 300ft (90m) long roof crack. Mainly hand jams with a wide section.,,188
The Mint 400,https://climbing-history.org/climb/6013/the-mint-400,Trad climb,E6,2,,,188
The Moose,https://climbing-history.org/climb/1482/the-moose,Trad climb,E8,2,,,188
The Mostest,https://climbing-history.org/climb/1378/the-mostest,Trad climb,E2,2,,,188
The Mother Superior,https://climbing-history.org/climb/7775/the-mother-superior,Boulder problem,8B,2,,,188
The Needle,https://climbing-history.org/climb/3651/the-needle,Trad climb,E1,2,,,189
The New Abnormal,https://climbing-history.org/climb/2668/the-new-abnormal,Boulder problem,8B+,2,,,189
The New Zero,https://climbing-history.org/climb/8023/the-new-zero,Boulder problem,8B,2,,,189
The Noodle Effect,https://climbing-history.org/climb/3555/the-noodle-effect,Boulder problem,8A,2,,,189
The North Face,https://climbing-history.org/climb/2644/the-north-face,Alpine,TD+,2,,,189
The Nose,https://climbing-history.org/climb/3842/the-nose,Trad climb,E8,2,,,189
The Odyssey,https://climbing-history.org/climb/5390/the-odyssey,Sport route,"9b
                        (approx)",2,[1] https://www.reddit.com/r/climbing/comments/xhs5bk/rrg_overhang_route/,,189
The Office,https://climbing-history.org/climb/3967/the-office,Boulder problem,8A,2,,,189
The Ogre,https://climbing-history.org/climb/3766/the-ogre,Sport route,8a,2,The name is an anagram of first ascentionist Chris Gore's last name.,,189
The Opal,https://climbing-history.org/climb/8229/the-opal,Trad climb,E7,2,,,189
The Origin SDS,https://climbing-history.org/climb/1198/the-origin-sds,Boulder problem,8C,2,The first 8C in Wales.,,189
The Orkneyinga Saga,https://climbing-history.org/climb/6159/the-orkneyinga-saga,Trad climb,E6,2,Misspelled in the UKC database.,,189
The Overhanging Arete,https://climbing-history.org/climb/3930/the-overhanging-arete,Trad climb,E2,2,,,189
The Passover,https://climbing-history.org/climb/5380/the-passover,Trad climb,E3,2,,,189
The Philosopher's Stone,https://climbing-history.org/climb/6166/the-philosophers-stone,Trad climb,E6,2,"Ak Su, Kyrgyzstan",,189
The Pink Star,https://climbing-history.org/climb/459/the-pink-star,Sport route,8c+,2,,,189
The Preter,https://climbing-history.org/climb/4957/the-preter,Trad climb,E2,2,,,189
The Promised Land,https://climbing-history.org/climb/2278/the-promised-land,Trad climb,E3,2,,,189
The Prosthetics,https://climbing-history.org/climb/5060/the-prosthetics,Sport route,8b,2,,,189
The Quick Fixe,https://climbing-history.org/climb/3584/the-quick-fixe,Sport route,8b,2,,,189
The Rail,https://climbing-history.org/climb/130/the-rail,Boulder problem,8B+,2,,,190
The Ramp,https://climbing-history.org/climb/5675/the-ramp,Trad climb,HVS,2,,,190
The Rat Race,https://climbing-history.org/climb/5642/the-rat-race,Trad climb,E3,2,So-named because several teams were competing for the first ascent.,,190
The Real Cherry Falls,https://climbing-history.org/climb/6427/the-real-cherry-falls,Boulder problem,8B,2,Links Cherry Falls Sit into The Virgin,,190
The Real Cool Fool,https://climbing-history.org/climb/5229/the-real-cool-fool,Trad climb,E8,2,As for Cool Fool but eliminating the side-runners.,,190
The Renegade,https://climbing-history.org/climb/6046/the-renegade,Trad climb,E8,2,The free version of the first pitch of the aid route The Stigma.,,190
The Right Hand of Darkness,https://climbing-history.org/climb/6743/the-right-hand-of-darkness,Boulder problem,8A,2,,,190
The Rite of Spring,https://climbing-history.org/climb/1008/the-rite-of-spring,Trad climb,E7,2,E7/8.,,190
The Roaring Boys,https://climbing-history.org/climb/1212/the-roaring-boys,Trad climb,E6,2,"The hardest route in Dorset at the time it was climbed, though it was eclipsed shortly afterwards by Mark of the Beast .",,190
The Roof Warrior,https://climbing-history.org/climb/2458/the-roof-warrior,Sport route,8a,2,,,190
The Sandman,https://climbing-history.org/climb/6414/the-sandman,Boulder problem,8B,2,,,190
The Sandworm,https://climbing-history.org/climb/5279/the-sandworm,Boulder problem,8B,2,,,190
The Scoop,https://climbing-history.org/climb/3047/the-scoop,Trad climb,E7,2,,,190
The Seam,https://climbing-history.org/climb/5833/the-seam,Boulder problem,7C,2,,,190
The Seventh Circle,https://climbing-history.org/climb/3518/the-seventh-circle,Trad climb,E7,2,,,190
The Shadow,https://climbing-history.org/climb/1269/the-shadow,Trad climb,E7,2,So named because it casts a distinctive shadow at about midday when seen from the west.,,190
The Shape of Things to Come,https://climbing-history.org/climb/5802/the-shape-of-things-to-come,Trad climb,E6,2,,,190
The Shelf,https://climbing-history.org/climb/4063/the-shelf,Trad climb,E2,2,,,190
The Shield,https://climbing-history.org/climb/5458/the-shield,Aid Climb,A3,2,,,190
The Shield,https://climbing-history.org/climb/2744/the-shield,Deep water solo,7b+,2,,,190
The Shining,https://climbing-history.org/climb/1698/the-shining,Sport route,8a,2,,,191
The Shining Path,https://climbing-history.org/climb/6187/the-shining-path,Trad climb,E7,2,,,191
The Sind,https://climbing-history.org/climb/5383/the-sind,Trad climb,E3,2,,,191
The Soft Parade,https://climbing-history.org/climb/5807/the-soft-parade,Trad climb,E6,2,,,191
The Spirit Level,https://climbing-history.org/climb/3165/the-spirit-level,Trad climb,E7,2,,,191
The Stone Room,https://climbing-history.org/climb/5854/the-stone-room,Trad climb,E7,2,,,191
The Tall Project,https://climbing-history.org/climb/8296/the-tall-project,Boulder problem,8C,2,Working name.,,191
The Tesseract,https://climbing-history.org/climb/1351/the-tesseract,Trad climb,E7,2,Named after the four dimensional analogue of the cube.,,191
The Thing,https://climbing-history.org/climb/2922/the-thing,Trad climb,E2,2,,,191
The Time Machine,https://climbing-history.org/climb/6313/the-time-machine,Boulder problem,8B+,2,,,191
The Toilet,https://climbing-history.org/climb/738/the-toilet,Sport route,8a,2,"~7c when it was first climbed, it's now gotten harder due to hold loss.",,191
The Tunnel,https://climbing-history.org/climb/4583/the-tunnel,Boulder problem,8B,2,,,191
The Undertaker,https://climbing-history.org/climb/1342/the-undertaker,Boulder problem,8C,2,,,191
The Usual Suspects,https://climbing-history.org/climb/1699/the-usual-suspects,Trad climb,E9,2,The first ascent was broadcast live on The Adventure Show .,,191
The Vale of Shadows,https://climbing-history.org/climb/8004/the-vale-of-shadows,Boulder problem,8B,2,,,191
The Watchtower,https://climbing-history.org/climb/6527/the-watchtower,Boulder problem,7B+,2,,,191
The Way of the Hippo,https://climbing-history.org/climb/5102/the-way-of-the-hippo,Boulder problem,8A,2,,,191
The Weatherman,https://climbing-history.org/climb/1281/the-weatherman,Deep water solo,8a+,2,,,191
The Wheel Direct,https://climbing-history.org/climb/4754/the-wheel-direct,Boulder problem,8B,2,,,191
The Wheel of Rabbits,https://climbing-history.org/climb/3483/the-wheel-of-rabbits,Boulder problem,8B+,2,,,191
The Wild West,https://climbing-history.org/climb/1251/the-wild-west,Sport route,8c+,2,,,192
The Wizard of Oz,https://climbing-history.org/climb/5301/the-wizard-of-oz,Sport route,8b+,2,,,192
The World is Yours,https://climbing-history.org/climb/102/the-world-is-yours,Boulder problem,8C,2,,,192
Thick End of the Wedge,https://climbing-history.org/climb/2707/thick-end-of-the-wedge,Boulder problem,8A,2,"A gritstone classic. The sit start to Home Cooking (7A+) was created by moving the large block from which that climb started, in order to create a patio landing. This was somewhat controversial at the time, alluded to in the name.",,192
Think Pink,https://climbing-history.org/climb/4958/think-pink,Trad climb,E4,2,,,192
Third Eye,https://climbing-history.org/climb/3451/third-eye,Boulder problem,8C,2,,,192
Thirlmere Eliminate,https://climbing-history.org/climb/8240/thirlmere-eliminate,Trad climb,E2,2,,,192
Thirst Trap Low,https://climbing-history.org/climb/6614/thirst-trap-low,Boulder problem,8B+,2,,,192
This Side of Paradise,https://climbing-history.org/climb/2262/this-side-of-paradise,Boulder problem,7C+,2,,,192
Throne of Zeus,https://climbing-history.org/climb/1975/throne-of-zeus,Boulder problem,7C+,2,,,192
Thumbelina,https://climbing-history.org/climb/2869/thumbelina,Trad climb,E7,2,,,192
Tigre Bleu,https://climbing-history.org/climb/1122/tigre-bleu,Sport route,8c,2,[1] https://www.youtube.com/watch?v=TmJzCI_BLAw,,192
Tigre et Dragon (pre-break),https://climbing-history.org/climb/5135/tigre-et-dragon-(pre-break),Boulder problem,8A,2,,,192
Tigris,https://climbing-history.org/climb/1932/tigris,Boulder problem,8B,2,,,192
Tinipi,https://climbing-history.org/climb/5877/tinipi,Sport route,9a+,2,Currently closed to climbing due to an earthquake shortly after Sachi Amma ’s ascent in 2015 which destroyed some of the formation and resulted in the death of 19 people in the area.,,192
Tjuringa,https://climbing-history.org/climb/5979/tjuringa,Trad climb,E6,2,[1] https://www.instagram.com/p/B8wi-9tD_-Y/,,192
TNT,https://climbing-history.org/climb/8126/tnt,Boulder problem,8B,2,,,192
Toadal Recall,https://climbing-history.org/climb/349/toadal-recall,Sport route,8a,2,No longer climbable at this grade after the loss of the resting flake by the fourth bolt in October 2017. Now climbed by Toadal Recall 2.0 .,,192
To Hell and Back,https://climbing-history.org/climb/630/to-hell-and-back,Trad climb,E10,2,,,192
Tokyo Drift,https://climbing-history.org/climb/7347/tokyo-drift,Boulder problem,8C,2,A direct line on Drift (8C). The hardest first ascent by a woman when it was established in March 2026.,,192
Tollbar,https://climbing-history.org/climb/3351/tollbar,Sport route,8a+,2,,,193
Tom Thumb,https://climbing-history.org/climb/5339/tom-thumb,Trad climb,E2,2,,,193
Top Slice,https://climbing-history.org/climb/3624/top-slice,Sport route,7c+,2,Robin Richmond on the bolts:,,193
Total Brutal,https://climbing-history.org/climb/1258/total-brutal,Sport route,8b+,2,,,193
Total Eclipse,https://climbing-history.org/climb/59/total-eclipse,Sport route,8c+,2,Rumoured to be morpho until Adam Ondra came close to doing it and suggested 8c+/9a.,,193
Totally Free II,https://climbing-history.org/climb/1301/totally-free-ii,Sport route,8b,2,,,193
Towing the Line,https://climbing-history.org/climb/6814/towing-the-line,Sport route,8c,2,,,193
Traci Lords SDS,https://climbing-history.org/climb/420/traci-lords-sds,Boulder problem,8B+,2,"There has been some hold breakage on this face which renders the original line defunct. It has been replaced by Tracky Lords . A sequence similar that could have been used on the original was reclimbed by Aidan Roberts after the hold break (at the time this was done, this sequence was quite contrived due to the new hold.)",,193
Trainspotting,https://climbing-history.org/climb/3355/trainspotting,Sport route,9a+,2,,,193
Trauma Grooves,https://climbing-history.org/climb/5661/trauma-grooves,Trad climb,E1,2,,,193
Travellin' Man,https://climbing-history.org/climb/5055/travellin-man,Boulder problem,8B,2,,,193
Trekkoppfuglen,https://climbing-history.org/climb/6001/trekkoppfuglen,Sport route,8b,2,Lier - Norway,,193
T-rex,https://climbing-history.org/climb/7332/t-rex,Sport route,8a+,2,,,193
T-Rex,https://climbing-history.org/climb/3050/t-rex,Trad climb,E3,2,Around July 2018 the large flake at the start of the route came away altering the route substantially.,,193
Tribut,https://climbing-history.org/climb/7330/tribut,Boulder problem,8B+,2,,,193
Tricks Are for Kids,https://climbing-history.org/climb/6213/tricks-are-for-kids,Trad climb,E7,2,USA,,193
Trinity,https://climbing-history.org/climb/7791/trinity,Sport route,8c,2,,,193
Trio con Charlotte,https://climbing-history.org/climb/5064/trio-con-charlotte,Boulder problem,8C,2,,,193
Troglodyte,https://climbing-history.org/climb/8174/troglodyte,Sport route,8a+,2,,,193
Trojan War,https://climbing-history.org/climb/4363/trojan-war,Boulder problem,8A,2,,,193
Trollet,https://climbing-history.org/climb/7666/trollet,Sport route,8c,2,,,194
Troppo,https://climbing-history.org/climb/2840/troppo,Sport route,8b+,2,,,194
Truenu,https://climbing-history.org/climb/3999/truenu,Sport route,9a+,2,,,194
Truffles on Bicycles,https://climbing-history.org/climb/1661/truffles-on-bicycles,Boulder problem,8B+,2,,,194
Tsunami,https://climbing-history.org/climb/8104/tsunami,Trad climb,E9,2,,,194
Tsunami,https://climbing-history.org/climb/4010/tsunami,Boulder problem,8C+,2,,,194
Tunge Tider,https://climbing-history.org/climb/7842/tunge-tider,Boulder problem,8A,2,,,194
Tunguska,https://climbing-history.org/climb/4580/tunguska,Boulder problem,8B,2,,,194
Turbo Terrific,https://climbing-history.org/climb/3834/turbo-terrific,Sport route,8b,2,,,194
Turkish Airways,https://climbing-history.org/climb/2156/turkish-airways,Sport route,8a+,2,,,194
Turn That Frown Upside Down,https://climbing-history.org/climb/3197/turn-that-frown-upside-down,Boulder problem,8A+,2,,,194
Turpentine,https://climbing-history.org/climb/6529/turpentine,Boulder problem,8B+,2,,,194
Turtle Power,https://climbing-history.org/climb/1049/turtle-power,Trad climb,E6,2,,,194
Tusk,https://climbing-history.org/climb/1068/tusk,Boulder problem,7C,2,,,194
Two Bolts or Not to Be,https://climbing-history.org/climb/7291/two-bolts-or-not-to-be,Boulder problem,7C+,2,,,194
Two-Eleven,https://climbing-history.org/climb/7561/two-eleven,Sport route,8c+,2,,,194
Ullola,https://climbing-history.org/climb/404/ullola,Boulder problem,8B+,2,,,194
Ultima Thule,https://climbing-history.org/climb/7705/ultima-thule,Trad climb,E7,2,"E7 6b - (5a, 5c, 6a, 6b, 6a, 6b, 6b, 6b, 6b, 5a)",,194
Ultima Thule,https://climbing-history.org/climb/7868/ultima-thule,Trad climb,E6,2,,,194
Ultimo Movimento,https://climbing-history.org/climb/1538/ultimo-movimento,Sport route,8b,2,The first 8b in Italy.,,194
Ultimo Tango a Zagarolo,https://climbing-history.org/climb/6934/ultimo-tango-a-zagarolo,Sport route,9a+,2,,,195
Ultra Instinct,https://climbing-history.org/climb/2435/ultra-instinct,Boulder problem,8C,2,The name is a Dragonball reference. [1],,195
Umeboshi,https://climbing-history.org/climb/2815/umeboshi,Sport route,9a,2,,,195
Un Ange Avec Des Cornes,https://climbing-history.org/climb/6482/un-ange-avec-des-cornes,Boulder problem,8A+,2,,,195
Uncertain Emotions,https://climbing-history.org/climb/6341/uncertain-emotions,Sport route,7b,2,,,195
Uncertainty,https://climbing-history.org/climb/3157/uncertainty,Boulder problem,8B+,2,,,195
Under Siege,https://climbing-history.org/climb/6412/under-siege,Boulder problem,8B+,2,,,195
Unicorn,https://climbing-history.org/climb/4879/unicorn,Trad climb,E1,2,,,195
Unleashing the Wild Physique,https://climbing-history.org/climb/717/unleashing-the-wild-physique,Sport route,8a,2,Named after the bodybuilding book of the same name.,,195
Unsanctioned,https://climbing-history.org/climb/1937/unsanctioned,Boulder problem,8B,2,The Sanction (8A) into High Society (7C+),,195
Uprising,https://climbing-history.org/climb/5377/uprising,Boulder problem,8B,2,,,195
Up With the Sun,https://climbing-history.org/climb/6340/up-with-the-sun,Trad climb,E7,2,,,195
Urban Surfer,https://climbing-history.org/climb/2514/urban-surfer,Sport route,8b,2,,,195
Utopia,https://climbing-history.org/climb/7802/utopia,Sport route,8c,2,,,195
Valkyrie Direct,https://climbing-history.org/climb/4783/valkyrie-direct,Trad climb,HVS,2,,,195
Van Belle O Drome,https://climbing-history.org/climb/6354/van-belle-o-drome,Trad climb,E8,2,,,195
Vanilla Sky,https://climbing-history.org/climb/8161/vanilla-sky,Boulder problem,8B,2,,,195
Variations on a Dream,https://climbing-history.org/climb/5197/variations-on-a-dream,Trad climb,E5,2,,,195
Verna,https://climbing-history.org/climb/2749/verna,Boulder problem,8A,2,"Originally climbed at 7C+, a hold broke on the line in late 2021 and It was re-climbed using a slightly different line.",,195
Viceroy,https://climbing-history.org/climb/3275/viceroy,Trad climb,E10,2,,,195
Vicious Circle,https://climbing-history.org/climb/3281/vicious-circle,Sport route,9a+,2,,,196
Victor Hugo,https://climbing-history.org/climb/1291/victor-hugo,Sport route,8b,2,,,196
Viens Voir Mon Petit Jésus,https://climbing-history.org/climb/1486/viens-voir-mon-petit-jésus,Sport route,8b,2,,,196
Viking Manikyr,https://climbing-history.org/climb/8315/viking-manikyr,Trad climb,E8,2,,,196
Villain Arc,https://climbing-history.org/climb/2691/villain-arc,Boulder problem,8B,2,,,196
Violent New Breed,https://climbing-history.org/climb/468/violent-new-breed,Sport route,9a+,2,"Simon Panton , from an interview with John Gaskins in 2002:",,196
Viva la Evolution,https://climbing-history.org/climb/2499/viva-la-evolution,Boulder problem,8C,2,,,196
Vogue,https://climbing-history.org/climb/6241/vogue,Sport route,8c,2,,,196
Voie Lafaille,https://climbing-history.org/climb/5614/voie-lafaille,Sport route,8b+,2,,,196
Vous Êtes des Animaux,https://climbing-history.org/climb/6374/vous-êtes-des-animaux,Sport route,8b,2,,,196
Vulcan,https://climbing-history.org/climb/4926/vulcan,Trad climb,E4,2,,,196
Wall of Fossils,https://climbing-history.org/climb/1079/wall-of-fossils,Trad climb,E6,2,,,196
Wall of Sound,https://climbing-history.org/climb/874/wall-of-sound,Trad climb,E6,2,"Originally E5, then E6, gear placements have deteriorated further so it may now be going on for E7.",,196
Wargames,https://climbing-history.org/climb/6064/wargames,Sport route,7b+,2,,,196
Warmonger,https://climbing-history.org/climb/5710/warmonger,Trad climb,E5,2,,,196
Warrior,https://climbing-history.org/climb/1219/warrior,Boulder problem,8C,2,,,196
Watson's Crack,https://climbing-history.org/climb/8323/watsons-crack,Trad climb,VS,2,,,196
Weapons Cache,https://climbing-history.org/climb/2670/weapons-cache,Boulder problem,8B,2,,,196
Weedkiller,https://climbing-history.org/climb/2412/weedkiller,Sport route,7c+,2,,,196
Welcome to the Club,https://climbing-history.org/climb/8030/welcome-to-the-club,Sport route,9a,2,,,196
Welcome to the Cruel World,https://climbing-history.org/climb/608/welcome-to-the-cruel-world,Trad climb,E9,2,Sport 8b on fiddly gear.,,197
Welcome to Tijuana,https://climbing-history.org/climb/280/welcome-to-tijuana,Boulder problem,7C,2,,,197
Well Dunne Finish,https://climbing-history.org/climb/1646/well-dunne-finish,Sport route,8b,2,,,197
Wellington Crack,https://climbing-history.org/climb/983/wellington-crack,Trad climb,E4,2,,,197
Wen,https://climbing-history.org/climb/1381/wen,Trad climb,HVS,2,,,197
West Buttress,https://climbing-history.org/climb/6226/west-buttress,Aid Climb,A3,2,VI A3 5.9,,197
West Buttress Eliminate,https://climbing-history.org/climb/4921/west-buttress-eliminate,Trad climb,E3,2,,,197
Western Front,https://climbing-history.org/climb/3140/western-front,Trad climb,E3,2,,,197
West Face,https://climbing-history.org/climb/5411/west-face,Trad climb,E5,2,5.11c,,197
Whale Rider,https://climbing-history.org/climb/5822/whale-rider,Boulder problem,8B+,2,,,197
What's Up Are You Down?,https://climbing-history.org/climb/3440/whats-up-are-you-down,Boulder problem,8B+,2,,,197
What Tomorrow Brings,https://climbing-history.org/climb/2321/what-tomorrow-brings,Boulder problem,8A,2,,,197
Wheel of Life Direct,https://climbing-history.org/climb/5869/wheel-of-life-direct,Boulder problem,8C,2,"This climb was originally suggested as 8C+ when Wheel of Life was considered to be that difficult as well, however, it is only a slight variation to Wheel of Life. Both boulders are the same for the first 60 moves and only differ at the very end where Wheel of Life finishes out Rave Heart (7B+) whereas the direct finishes on Amniotic World (7C)",,197
White Bait,https://climbing-history.org/climb/6718/white-bait,Trad climb,E5,2,,,197
White Heat,https://climbing-history.org/climb/3178/white-heat,Trad climb,E5,2,,,197
White Lightning,https://climbing-history.org/climb/4067/white-lightning,Deep water solo,7b+,2,,,197
White Wand,https://climbing-history.org/climb/870/white-wand,Trad climb,E5,2,,,197
Whole Shot,https://climbing-history.org/climb/7333/whole-shot,Sport route,8b,2,,,197
Wicked Gravity,https://climbing-history.org/climb/308/wicked-gravity,Sport route,8b,2,,,197
Wild West,https://climbing-history.org/climb/657/wild-west,Sport route,9a,2,,,197
Wild Wild West,https://climbing-history.org/climb/3179/wild-wild-west,Boulder problem,8B,2,,,198
Will,https://climbing-history.org/climb/5235/will,Boulder problem,8A,2,Named in memory of Will Perrin .,,198
Will Stanton (Pre-2015 Hold Loss),https://climbing-history.org/climb/6336/will-stanton-(pre-2015-hold-loss),Sport route,8a,2,"One of the first of the grade in the area. Named after the Mendip caving pioneer, famous for his ability to stabilise underground passages with cement. Similar techniques were applied to make the route climbable.",,198
Wings of Steel,https://climbing-history.org/climb/6557/wings-of-steel,Aid Climb,A4+,2,[1] https://www.amazon.co.uk/Wings-Steel-Perspective-Christian-Continuous/dp/082800739X,,198
Witch Hunter,https://climbing-history.org/climb/3138/witch-hunter,Sport route,9a,2,Sector El Balcó de L'Ermita,,198
Wolf Kingdom,https://climbing-history.org/climb/3785/wolf-kingdom,Sport route,9b+,2,Adds a 9a start before joining the hard section of Les Rois du Lithium .,,198
Wonderwall,https://climbing-history.org/climb/8342/wonderwall,Trad climb,E3,2,,,198
Working Class Hero,https://climbing-history.org/climb/5292/working-class-hero,Sport route,8b+,2,,,198
WRC,https://climbing-history.org/climb/7097/wrc,Sport route,9a,2,,,198
Wunderheiler,https://climbing-history.org/climb/1568/wunderheiler,Sport route,9a,2,Links Corona in to Burn for You .,,198
'X',https://climbing-history.org/climb/5201/x,Trad climb,E5,2,,,198
XTRA,https://climbing-history.org/climb/4496/xtra,Boulder problem,8B,2,,,198
Yellow Pearls,https://climbing-history.org/climb/2431/yellow-pearls,Trad climb,E5,2,,,198
Yes We Can,https://climbing-history.org/climb/4422/yes-we-can,Boulder problem,8B,2,This boulder is no longer claimable due to an access dispute which lead to holds being chipped.,,198
Yew Tree Wall,https://climbing-history.org/climb/8274/yew-tree-wall,Sport route,8b+,2,,,198
Yolo Jiminy,https://climbing-history.org/climb/7477/yolo-jiminy,Boulder problem,8B,2,,,198
"Young, Youth and Manhood","https://climbing-history.org/climb/2773/young,-youth-and-manhood",Boulder problem,8A,2,One of the first 8As in Cornwall.,,198
You're Terminated,https://climbing-history.org/climb/7067/youre-terminated,Trad climb,E7,2,,,198
Yo-Yo,https://climbing-history.org/climb/3658/yo-yo,Trad climb,E1,2,,,198
Zaff Skoczylas,https://climbing-history.org/climb/6269/zaff-skoczylas,Boulder problem,7C,2,Zaf Ali and Dawid Skoczylas had first ascent claims at around the same time.,,198
Zenyatta Mondatta,https://climbing-history.org/climb/3501/zenyatta-mondatta,Aid Climb,A3,2,,,199
Zephyr,https://climbing-history.org/climb/5255/zephyr,Boulder problem,8A+,2,,,199
Zeus,https://climbing-history.org/climb/5860/zeus,Boulder problem,8B,2,,,199
Zeya,https://climbing-history.org/climb/7054/zeya,Trad climb,E6,2,,,199
Zima Blue,https://climbing-history.org/climb/6615/zima-blue,Boulder problem,8A+,2,,,199
Zoolander,https://climbing-history.org/climb/2215/zoolander,Sport route,9a,2,,,199
Zootopia,https://climbing-history.org/climb/4174/zootopia,Sport route,8b+,2,,,199
Zorlac the Destroyer,https://climbing-history.org/climb/4448/zorlac-the-destroyer,Sport route,8b,2,,,199
1000 Tons of Chicken Shit,https://climbing-history.org/climb/1183/1000-tons-of-chicken-shit,Trad climb,E6,1,,,199
101 Damnations,https://climbing-history.org/climb/6827/101-damnations,Trad climb,E7,1,,,199
120 Degrees,https://climbing-history.org/climb/7643/120-degrees,Sport route,9a+,1,Extension of Elden Inuti 8b+.,,199
130 BPM,https://climbing-history.org/climb/7677/130-bpm,Boulder problem,8C,1,The 130 in the name comes from the fact the problem lies at the intersection of highway 120 and highway 140.,,199
2001,https://climbing-history.org/climb/6252/2001,Sport route,7c,1,,,199
"2001, en Rymdodyssé sittstart","https://climbing-history.org/climb/7964/2001,-en-rymdodyssé-sittstart",Boulder problem,8B,1,,,199
270 Million Years Ago,https://climbing-history.org/climb/5045/270-million-years-ago,Sport route,8a+,1,,,199
2 Ottobre 1925,https://climbing-history.org/climb/7364/2-ottobre-1925,Sport route,8b+,1,,,199
4th Wave,https://climbing-history.org/climb/440/4th-wave,Boulder problem,8B,1,,,199
50 for 5,https://climbing-history.org/climb/3721/50-for-5,Sport route,7c,1,,,199
6.4 Seconds,https://climbing-history.org/climb/5629/6.4-seconds,Sport route,8b,1,,,199
7 pm JP Chaud,https://climbing-history.org/climb/5518/7-pm-jp-chaud,Sport route,8c,1,,,199
80 Ghisa,https://climbing-history.org/climb/6477/80-ghisa,Sport route,9a,1,,,200
8 Rules of Fight Club,https://climbing-history.org/climb/6876/8-rules-of-fight-club,Boulder problem,8A+,1,,,200
Abaddon,https://climbing-history.org/climb/4764/abaddon,Boulder problem,8A+,1,,,200
Abandon Ship,https://climbing-history.org/climb/7283/abandon-ship,Boulder problem,8B+,1,,,200
Abaporu,https://climbing-history.org/climb/5827/abaporu,Sport route,9b,1,,,200
Abcession,https://climbing-history.org/climb/2610/abcession,Trad climb,E7,1,,,200
A Bigger Berry,https://climbing-history.org/climb/3217/a-bigger-berry,Boulder problem,7B+,1,May no longer be 7B+ due to an eroded foothold.,,200
Aboriginal Sin,https://climbing-history.org/climb/7070/aboriginal-sin,Sport route,8a,1,,,200
Above and Beyond,https://climbing-history.org/climb/2020/above-and-beyond,Trad climb,E6,1,,,200
Above and Beyond the Kinaesthetic Barrier,https://climbing-history.org/climb/5838/above-and-beyond-the-kinaesthetic-barrier,Boulder problem,7A,1,,,200
Abrège Nief,https://climbing-history.org/climb/6347/abrège-nief,Sport route,8b,1,,,200
Absent Friend,https://climbing-history.org/climb/3288/absent-friend,Trad climb,E5,1,Named in memory of Bob Hutchinson .,,200
Absolute Zero,https://climbing-history.org/climb/5609/absolute-zero,Trad climb,E6,1,,,200
Abuse of Notation,https://climbing-history.org/climb/4558/abuse-of-notation,Boulder problem,8B,1,,,200
Abyss,https://climbing-history.org/climb/7662/abyss,Sport route,9a,1,,,200
Abyssal Agony,https://climbing-history.org/climb/5493/abyssal-agony,Boulder problem,8A+,1,"A hard slab at Coopers Rock, West Virginia. Gritstone!",,200
Abyssos,https://climbing-history.org/climb/1585/abyssos,Sport route,8b+,1,,,200
Ace of Spades,https://climbing-history.org/climb/4143/ace-of-spades,Boulder problem,8A+,1,,,200
Ache Ball (pre-break),https://climbing-history.org/climb/3028/ache-ball-(pre-break),Boulder problem,7C+,1,"The jewel in the crown, and for some time the hardest boulder problem on the Culm coast, went to Simon Young when he climbed the obvious line on the low cave just north of the hotel, which was initially spotted by Quinn. A few sessions of work and the brutally powerful and technical steep arête of Ache Ball was born. This saw early repeats from Stu Littlefair and Rob Sutton who confirmed the 8A grade and quality, leading to it becoming the problem of the crag, and one that visiting climbers sought out.",,200
Achilles,https://climbing-history.org/climb/7356/achilles,Boulder problem,8B,1,,,200
A Clash of Realms,https://climbing-history.org/climb/7640/a-clash-of-realms,Sport route,8b+,1,,,201
A Company of Wolves,https://climbing-history.org/climb/4237/a-company-of-wolves,Trad climb,E6,1,,,201
A Coward in a Sea of Heroes,https://climbing-history.org/climb/8218/a-coward-in-a-sea-of-heroes,Boulder problem,8B,1,,,201
Acrophobia,https://climbing-history.org/climb/5704/acrophobia,Sport route,7c,1,,,201
Activate the Hyperdrive,https://climbing-history.org/climb/6409/activate-the-hyperdrive,Boulder problem,8C,1,,,201
A Day at the Prom,https://climbing-history.org/climb/6796/a-day-at-the-prom,Trad climb,E4,1,,,201
Adder Crack,https://climbing-history.org/climb/7849/adder-crack,Trad climb,E8,1,Hazel Findlay :,,201
Addiction Direct SDS,https://climbing-history.org/climb/2981/addiction-direct-sds,Boulder problem,8A,1,,,201
Addiction (Stand Start),https://climbing-history.org/climb/2329/addiction-(stand-start),Boulder problem,7C,1,,,201
A Denti Stretti,https://climbing-history.org/climb/1746/a-denti-stretti,Trad climb,E10,1,,,201
ADHS,https://climbing-history.org/climb/5002/adhs,Boulder problem,8B,1,,,201
Adrenaline,https://climbing-history.org/climb/3088/adrenaline,Boulder problem,8C+,1,,,201
Adrenaline Rush,https://climbing-history.org/climb/4940/adrenaline-rush,Trad climb,E5,1,,,201
Adrenaline Tide,https://climbing-history.org/climb/2257/adrenaline-tide,Trad climb,E9,1,,,201
A Drop in the Ocean,https://climbing-history.org/climb/2332/a-drop-in-the-ocean,Deep water solo,7b,1,,,201
Aeropressing,https://climbing-history.org/climb/3253/aeropressing,Boulder problem,"8B+
                        (approx)",1,First ascentionist Niccolò Ceria did not suggest a grade but likened the line to The Big Island and Owning the Weather .,,201
A Fearful Orange,https://climbing-history.org/climb/4822/a-fearful-orange,Boulder problem,6C+,1,,,201
A Flabby Crack,https://climbing-history.org/climb/1053/a-flabby-crack,Trad climb,E6,1,,,201
African Man Horse,https://climbing-history.org/climb/8217/african-man-horse,Boulder problem,8B,1,,,201
African Star,https://climbing-history.org/climb/4117/african-star,Boulder problem,"8C+
                        (approx)",1,,,201
Afrodite,https://climbing-history.org/climb/5388/afrodite,Boulder problem,8B+,1,,,202
Afterlife,https://climbing-history.org/climb/3970/afterlife,Boulder problem,8B+,1,,,202
Afterlife,https://climbing-history.org/climb/3525/afterlife,Boulder problem,8B,1,,,202
Afterlife,https://climbing-history.org/climb/6868/afterlife,Boulder problem,8A+,1,,,202
Agadoo,https://climbing-history.org/climb/6782/agadoo,Trad climb,E3,1,,,202
Against All Odds,https://climbing-history.org/climb/2589/against-all-odds,Trad climb,E5,1,"The line was originally going to be called Pan Galactic Gargle Blaster , but, thinking it was gibberish Ian Lonsdale objected, decrying such a silly name for a last great problem. While scrolling through the jukebox looking for a better name they came up the song Against All Odds by Phil Collins . Little did Ian realise that the Pan Galactic Gargle Blaster is a drink from The Hitchhiker's Guide to the Galaxy who's effects are likened to",,202
Agressif You Want,https://climbing-history.org/climb/4006/agressif-you-want,Sport route,8c,1,,,202
Agressive Caravan,https://climbing-history.org/climb/3960/agressive-caravan,Sport route,8c+,1,,,202
Agrippa,https://climbing-history.org/climb/5824/agrippa,Boulder problem,7C,1,,,202
A Handful of Rust,https://climbing-history.org/climb/6850/a-handful-of-rust,Trad climb,E6,1,,,202
Ain't Sane in the Membrane,https://climbing-history.org/climb/2443/aint-sane-in-the-membrane,Sport route,8c,1,The hardest route in Malta at the time it was established.,,202
Air,https://climbing-history.org/climb/7299/air,Boulder problem,8B,1,,,202
Air,https://climbing-history.org/climb/6597/air,Boulder problem,8B+,1,,,202
Air Max,https://climbing-history.org/climb/3871/air-max,Sport route,8a+,1,,,202
A je to!,https://climbing-history.org/climb/2706/a-je-to!,Sport route,9a+,1,,,202
Ajna,https://climbing-history.org/climb/7180/ajna,Boulder problem,8C,1,,,202
Akela,https://climbing-history.org/climb/3418/akela,Deep water solo,8a,1,,,202
Akelarre,https://climbing-history.org/climb/4029/akelarre,Sport route,8b,1,,,202
Alan Smith,https://climbing-history.org/climb/4126/alan-smith,Boulder problem,7C,1,Named after the proprietor of the (sadly no longer with us) Hound of the Basket Meals burger van which used to provide nourishment from the Hound Tor car park. [1],,202
A la Recherche du Temps Perdu,https://climbing-history.org/climb/6208/a-la-recherche-du-temps-perdu,Alpine,ED1,1,Cerro Torre,,202
Alasdair's Direct,https://climbing-history.org/climb/7711/alasdairs-direct,Trad climb,E8,1,Named after Alasdair Buchanan .,,203
Alcatraz,https://climbing-history.org/climb/4596/alcatraz,Sport route,8b,1,,,203
Alegre Bandolero,https://climbing-history.org/climb/4000/alegre-bandolero,Sport route,8a,1,,,203
Alexander der Große,https://climbing-history.org/climb/8044/alexander-der-große,Sport route,8c,1,,,203
Alí Babá,https://climbing-history.org/climb/6398/alí-babá,Sport route,8c,1,,,203
Alien,https://climbing-history.org/climb/991/alien,Trad climb,E5,1,,,203
Alien Ant Farm,https://climbing-history.org/climb/1767/alien-ant-farm,Boulder problem,7C+,1,,,203
A Life Aesthetic,https://climbing-history.org/climb/409/a-life-aesthetic,Boulder problem,8B,1,,,203
A Little Extra,https://climbing-history.org/climb/2073/a-little-extra,Sport route,7a+,1,One of the early free routes at Raven Tor .,,203
All Ants on Deck,https://climbing-history.org/climb/4821/all-ants-on-deck,Boulder problem,7A+,1,,,203
All Elements,https://climbing-history.org/climb/1983/all-elements,Boulder problem,8A,1,,,203
Allied Forces,https://climbing-history.org/climb/7667/allied-forces,Aid Climb,A3,1,,,203
All My Pegs in One Basket,https://climbing-history.org/climb/6517/all-my-pegs-in-one-basket,Sport route,8a,1,,,203
All Quiet on the Eastern Front,https://climbing-history.org/climb/6632/all-quiet-on-the-eastern-front,Trad climb,E5,1,,,203
All Systems Go,https://climbing-history.org/climb/970/all-systems-go,Trad climb,E6,1,,,203
All Too Familiar,https://climbing-history.org/climb/5555/all-too-familiar,Sport route,9a,1,Pilgrimage into Trigger Cut into Almost Familiar .,,203
All Washed Up,https://climbing-history.org/climb/3565/all-washed-up,Trad climb,E6,1,,,203
All You Can Eat,https://climbing-history.org/climb/2167/all-you-can-eat,Sport route,9a+,1,,,203
Alma,https://climbing-history.org/climb/3968/alma,Boulder problem,8C,1,,,203
Almost Familiar,https://climbing-history.org/climb/5273/almost-familiar,Sport route,7c,1,,,203
A Long Way for a Little Guy,https://climbing-history.org/climb/4384/a-long-way-for-a-little-guy,Boulder problem,8C,1,Poor crimps to good toe hooks up the face right of Six Degrees .,,204
Alphacentauri,https://climbing-history.org/climb/3625/alphacentauri,Boulder problem,8B,1,,,204
Alr Urgell R2,https://climbing-history.org/climb/780/alr-urgell-r2,Sport route,8a,1,,,204
Alternative Three,https://climbing-history.org/climb/6292/alternative-three,Trad climb,E6,1,,,204
Altitude Sickness,https://climbing-history.org/climb/7049/altitude-sickness,Trad climb,E5,1,,,204
Amadeus,https://climbing-history.org/climb/3781/amadeus,Sport route,8c,1,,,204
A Man Called Horse,https://climbing-history.org/climb/6818/a-man-called-horse,Sport route,7b+,1,,,204
Amandala Low,https://climbing-history.org/climb/8167/amandala-low,Boulder problem,"8C+
                        (approx)",1,,,204
Amazonia,https://climbing-history.org/climb/7322/amazonia,Boulder problem,8C,1,,,204
Ambition,https://climbing-history.org/climb/104/ambition,Boulder problem,8C,1,,,204
America,https://climbing-history.org/climb/4964/america,Trad climb,E4,1,,,204
America's Cup,https://climbing-history.org/climb/2047/americas-cup,Trad climb,E6,1,,,204
A Milli,https://climbing-history.org/climb/4228/a-milli,Deep water solo,8a,1,,,204
Amok,https://climbing-history.org/climb/6105/amok,Boulder problem,8A,1,,,204
A Moment of Clarity,https://climbing-history.org/climb/1614/a-moment-of-clarity,Trad climb,E10,1,,,204
Amuchapocalypto,https://climbing-history.org/climb/6137/amuchapocalypto,Sport route,9a,1,,,204
Amygdala,https://climbing-history.org/climb/4726/amygdala,Trad climb,E8,1,The first E8 on the island.,,204
Anaconda,https://climbing-history.org/climb/5062/anaconda,Sport route,8b+,1,,,204
An Amal Roof,https://climbing-history.org/climb/7558/an-amal-roof,Boulder problem,7C,1,,,204
Anangu,https://climbing-history.org/climb/3727/anangu,Sport route,8b,1,,,204
Anapanasati,https://climbing-history.org/climb/2640/anapanasati,Trad climb,E9,1,,,205
Anchorage,https://climbing-history.org/climb/7195/anchorage,Sport route,8c+,1,,,205
Ancient Astronaut,https://climbing-history.org/climb/7636/ancient-astronaut,Boulder problem,8A+,1,,,205
Anemology,https://climbing-history.org/climb/3439/anemology,Sport route,9b,1,,,205
Anemone Anomaly,https://climbing-history.org/climb/6626/anemone-anomaly,Trad climb,E6,1,,,205
Angel,https://climbing-history.org/climb/5630/angel,Trad climb,E7,1,,,205
Angel of Mercy,https://climbing-history.org/climb/4252/angel-of-mercy,Trad climb,E6,1,,,205
Angular Crack,https://climbing-history.org/climb/1362/angular-crack,Trad climb,VS,1,,,205
Anidalle tracteur,https://climbing-history.org/climb/4295/anidalle-tracteur,Sport route,9a,1,,,205
Annis,https://climbing-history.org/climb/7488/annis,Trad climb,E7,1,Mike Adams :,,205
Another Filthy Joke,https://climbing-history.org/climb/6967/another-filthy-joke,Trad climb,E7,1,,,205
Another Lonely Day,https://climbing-history.org/climb/4390/another-lonely-day,Trad climb,E8,1,,,205
Another Nervous Breakdown,https://climbing-history.org/climb/6332/another-nervous-breakdown,Trad climb,E7,1,,,205
Another World SDS,https://climbing-history.org/climb/4479/another-world-sds,Boulder problem,8B,1,,,205
Anoxia,https://climbing-history.org/climb/3429/anoxia,Boulder problem,8B+,1,,,205
Anthrax,https://climbing-history.org/climb/6982/anthrax,Trad climb,E7,1,,,205
Anti-hero (full),https://climbing-history.org/climb/288/anti-hero-(full),Boulder problem,7C,1,,,205
Antithesis,https://climbing-history.org/climb/6290/antithesis,Trad climb,E5,1,,,205
Anubis,https://climbing-history.org/climb/4314/anubis,Trad climb,E8,1,"In 2010, Dave lead the route in winter at grade XII, honouring the Scottish mountaineering tradition that to do a climb properly, an ascent needed to be made in both summer and winter.",,205
Anvil Chorus,https://climbing-history.org/climb/3644/anvil-chorus,Trad climb,VS,1,,,205
Aonvolsna,https://climbing-history.org/climb/777/aonvolsna,Sport route,8b,1,,,206
Apache Static,https://climbing-history.org/climb/583/apache-static,Boulder problem,8B,1,,,206
Apatite,https://climbing-history.org/climb/8041/apatite,Boulder problem,8B,1,,,206
Apex Predator,https://climbing-history.org/climb/6330/apex-predator,Sport route,8c+,1,,,206
Apocalypse,https://climbing-history.org/climb/5717/apocalypse,Trad climb,E4,1,,,206
Apollo,https://climbing-history.org/climb/5365/apollo,Boulder problem,7C,1,,,206
Apollofalter,https://climbing-history.org/climb/8047/apollofalter,Sport route,8b,1,,,206
Apollon,https://climbing-history.org/climb/5455/apollon,Boulder problem,8B,1,,,206
Apoplexy,https://climbing-history.org/climb/7020/apoplexy,Trad climb,E7,1,,,206
Apothéose,https://climbing-history.org/climb/5772/apothéose,Boulder problem,7C+,1,,,206
Apotheosis,https://climbing-history.org/climb/6401/apotheosis,Boulder problem,8B+,1,,,206
Appigli Ridicoli,https://climbing-history.org/climb/7706/appigli-ridicoli,Sport route,8c,1,"Hard vertical limestone. Originally climbed in the ‘90s at 8b with a drilled pocket, Manolo returned to his route to climb it without the chipped hold.",,206
Apple Crumble,https://climbing-history.org/climb/2723/apple-crumble,Boulder problem,8B,1,The crag fell down some time before 2026.,,206
Applied Imagination,https://climbing-history.org/climb/2583/applied-imagination,Boulder problem,8A+,1,,,206
Appointment With Fear,https://climbing-history.org/climb/5995/appointment-with-fear,Trad climb,E5,1,,,206
Aprendiz Fecal pa la Enmienda,https://climbing-history.org/climb/4509/aprendiz-fecal-pa-la-enmienda,Sport route,8b+,1,,,206
Aqua Vitae,https://climbing-history.org/climb/7467/aqua-vitae,Sport route,8b+,1,,,206
Arabian Nights,https://climbing-history.org/climb/3182/arabian-nights,Trad climb,E4,1,,,206
Arachnobatics,https://climbing-history.org/climb/4854/arachnobatics,Boulder problem,8B+,1,,,206
Araucaria,https://climbing-history.org/climb/4725/araucaria,Trad climb,E6,1,,,206
Archaeopteryx,https://climbing-history.org/climb/8083/archaeopteryx,Sport route,8c,1,,,207
Arch Enemies,https://climbing-history.org/climb/732/arch-enemies,Sport route,7c+,1,,,207
Arcturus,https://climbing-history.org/climb/4065/arcturus,Trad climb,E1,1,,,207
A Reason to Die,https://climbing-history.org/climb/3533/a-reason-to-die,Boulder problem,8B+,1,,,207
Arête and be Thankful,https://climbing-history.org/climb/5204/arête-and-be-thankful,Sport route,7c+,1,,,207
Are You Ready?,https://climbing-history.org/climb/2160/are-you-ready,Sport route,8b+,1,,,207
Ariégeois Cœur Loyal,https://climbing-history.org/climb/2459/ariégeois-cœur-loyal,Sport route,9b,1,,,207
Ariel Song,https://climbing-history.org/climb/5936/ariel-song,Trad climb,E8,1,,,207
Ark of the Covenent,https://climbing-history.org/climb/7048/ark-of-the-covenent,Trad climb,E6,1,,,207
Armonia,https://climbing-history.org/climb/2456/armonia,Sport route,8c+,1,,,207
Armor of Azlan,https://climbing-history.org/climb/3950/armor-of-azlan,Boulder problem,8B+,1,,,207
Aromas del Cabezón,https://climbing-history.org/climb/4184/aromas-del-cabezón,Sport route,8b,1,,,207
Arrival Fallacy,https://climbing-history.org/climb/7738/arrival-fallacy,Boulder problem,8B+,1,,,207
Arriving Somewhere But Not Here,https://climbing-history.org/climb/6996/arriving-somewhere-but-not-here,Trad climb,E7,1,,,207
Arsonist,https://climbing-history.org/climb/6923/arsonist,Sport route,9a,1,Second 9a at Jailhouse Rock.,,207
Artaburu,https://climbing-history.org/climb/1572/artaburu,Sport route,9b,1,,,207
Arthur,https://climbing-history.org/climb/5701/arthur,Boulder problem,8A+,1,,,207
Articulation,https://climbing-history.org/climb/8316/articulation,Trad climb,E8,1,,,207
Artless,https://climbing-history.org/climb/5840/artless,Trad climb,E5,1,,,207
Art of Japan,https://climbing-history.org/climb/5974/art-of-japan,Boulder problem,6C,1,,,207
Arya,https://climbing-history.org/climb/6460/arya,Boulder problem,7B+,1,,,208
A Show of Strength,https://climbing-history.org/climb/7374/a-show-of-strength,Boulder problem,7B,1,First V8 (7B) in New Zealand. Way a head of its time.,,208
Ashtray Verse,https://climbing-history.org/climb/2010/ashtray-verse,Boulder problem,7C+,1,,,208
Asia Shadow Player,https://climbing-history.org/climb/8262/asia-shadow-player,Sport route,8b,1,,,208
Askeleen Edellä Varjoja,https://climbing-history.org/climb/7903/askeleen-edellä-varjoja,Boulder problem,8B,1,,,208
A Skip of Fools,https://climbing-history.org/climb/1039/a-skip-of-fools,Sport route,8a+,1,,,208
Assai XXL,https://climbing-history.org/climb/2666/assai-xxl,Sport route,8c+,1,,,208
Astra,https://climbing-history.org/climb/4061/astra,Trad climb,E2,1,,,208
A Sweet Encounter,https://climbing-history.org/climb/2476/a-sweet-encounter,Trad climb,E8,1,,,208
At Eternity's Gate,https://climbing-history.org/climb/441/at-eternitys-gate,Boulder problem,8B,1,,,208
Athenea,https://climbing-history.org/climb/2224/athenea,Sport route,8a,1,,,208
At Home Cornus,https://climbing-history.org/climb/2434/at-home-cornus,Sport route,9a+,1,,,208
A Time and a Place,https://climbing-history.org/climb/7154/a-time-and-a-place,Sport route,6a,1,,,208
Atlantic Crag,https://climbing-history.org/climb/6826/atlantic-crag,Trad climb,E1,1,,,208
Atlantis,https://climbing-history.org/climb/5269/atlantis,Sport route,8b+,1,,,208
Atlas,https://climbing-history.org/climb/7156/atlas,Boulder problem,8A,1,,,208
Atom Art,https://climbing-history.org/climb/5887/atom-art,Trad climb,E6,1,,,208
Atomic Hot Rod,https://climbing-history.org/climb/1084/atomic-hot-rod,Trad climb,E5,1,Compared by Ron Fawcett with American crack climbs like Crimson Cringe at the time of the first ascent.,,208
Atomic Playboy,https://climbing-history.org/climb/8292/atomic-playboy,Boulder problem,8A+,1,,,208
Atonement,https://climbing-history.org/climb/2603/atonement,Trad climb,E7,1,,,208
Attention Chef d'Œuvre,https://climbing-history.org/climb/6463/attention-chef-dœuvre,Boulder problem,7A,1,,,209
Attila Lunga,https://climbing-history.org/climb/2553/attila-lunga,Sport route,8c+,1,,,209
Attraverso lo Specchio,https://climbing-history.org/climb/7911/attraverso-lo-specchio,Sport route,8c,1,,,209
Auf leisen Pfoten,https://climbing-history.org/climb/5502/auf-leisen-pfoten,Boulder problem,8A,1,Val Bavona,,209
Aurora Arête,https://climbing-history.org/climb/6588/aurora-arête,Trad climb,HVS,1,,,209
Australia Crack,https://climbing-history.org/climb/5217/australia-crack,Trad climb,E3,1,The first route given a UK 6b tech grade in Northumberland. So named because you spend most of your time on the route upside down.,,209
Au Théatre ce Soir,https://climbing-history.org/climb/6251/au-théatre-ce-soir,Sport route,8a,1,,,209
Authentic Battle Damage,https://climbing-history.org/climb/6813/authentic-battle-damage,Boulder problem,8A+,1,,,209
Autofix,https://climbing-history.org/climb/5453/autofix,Boulder problem,8C,1,,,209
Auto Retrato,https://climbing-history.org/climb/2712/auto-retrato,Sport route,9a+,1,The first 9a+ in Brazil and potentially the first 9a+ in South America.,,209
A vision of Loveliness,https://climbing-history.org/climb/917/a-vision-of-loveliness,Sport route,7c+,1,,,209
Avoiding the Traitors,https://climbing-history.org/climb/2289/avoiding-the-traitors,Trad climb,E7,1,,,209
Awesome,https://climbing-history.org/climb/3169/awesome,Trad climb,E3,1,,,209
A Widespread Ocean of Fear,https://climbing-history.org/climb/2276/a-widespread-ocean-of-fear,Trad climb,E5,1,,,209
Awkward Logistics,https://climbing-history.org/climb/4406/awkward-logistics,Trad climb,E8,1,,,209
Aye,https://climbing-history.org/climb/5989/aye,Trad climb,E7,1,,,209
Baboo-baboo,https://climbing-history.org/climb/7071/baboo-baboo,Sport route,8a,1,,,209
Baboon Master,https://climbing-history.org/climb/7236/baboon-master,Boulder problem,8A+,1,,,209
Baboon Master (rallongé),https://climbing-history.org/climb/7237/baboon-master-(rallongé),Boulder problem,8B,1,,,209
Baby Basher,https://climbing-history.org/climb/5105/baby-basher,Sport route,8b+,1,,,209
Babycham,https://climbing-history.org/climb/4832/babycham,Boulder problem,7C,1,,,210
Babylon,https://climbing-history.org/climb/2247/babylon,Boulder problem,8C,1,,,210
Babylon Sistem,https://climbing-history.org/climb/2171/babylon-sistem,Sport route,8b,1,,,210
Bachar Cracker,https://climbing-history.org/climb/2593/bachar-cracker,Boulder problem,6B,1,,,210
Back for Seconds,https://climbing-history.org/climb/1404/back-for-seconds,Boulder problem,8B,1,,,210
Back In Black,https://climbing-history.org/climb/2944/back-in-black,Trad climb,E7,1,,,210
Back to Black,https://climbing-history.org/climb/5233/back-to-black,Boulder problem,8A,1,,,210
Back to the Future,https://climbing-history.org/climb/7337/back-to-the-future,Sport route,9a+,1,,,210
Bad Trip,https://climbing-history.org/climb/6684/bad-trip,Boulder problem,8B+,1,,,210
Baïa,https://climbing-history.org/climb/7218/baïa,Boulder problem,8A,1,,,210
Baise Moi,https://climbing-history.org/climb/2673/baise-moi,Sport route,8c+,1,,,210
Baker's Dozen,https://climbing-history.org/climb/7835/bakers-dozen,Sport route,9a,1,,,210
Balcony Cracks,https://climbing-history.org/climb/4187/balcony-cracks,Trad climb,VS,1,,,210
Balthazar,https://climbing-history.org/climb/4840/balthazar,Trad climb,E8,1,,,210
Banana Finger,https://climbing-history.org/climb/3130/banana-finger,Boulder problem,6A,1,,,210
Barbarian,https://climbing-history.org/climb/3286/barbarian,Trad climb,E5,1,,,210
Bar Fly,https://climbing-history.org/climb/6539/bar-fly,Trad climb,E6,1,,,210
Barking Up the Wrong Tree,https://climbing-history.org/climb/5939/barking-up-the-wrong-tree,Trad climb,E5,1,,,210
Barley Mow,https://climbing-history.org/climb/3150/barley-mow,Boulder problem,7A,1,One of the first of the grade in the UK.,,210
Barracuda,https://climbing-history.org/climb/4700/barracuda,Sport route,8b,1,,,210
Barracuda,https://climbing-history.org/climb/5148/barracuda,Boulder problem,8A,1,,,211
Bar Wars,https://climbing-history.org/climb/2100/bar-wars,Trad climb,E8,1,,,211
Baryshnikov,https://climbing-history.org/climb/7196/baryshnikov,Sport route,8b,1,,,211
Bastard,https://climbing-history.org/climb/5463/bastard,Trad climb,E2,1,,,211
Bat Bites Back Again,https://climbing-history.org/climb/265/bat-bites-back-again,Boulder problem,7C,1,,,211
Bathfinder,https://climbing-history.org/climb/6834/bathfinder,Trad climb,E6,1,,,211
Bath House Pink,https://climbing-history.org/climb/6508/bath-house-pink,Boulder problem,7A,1,,,211
Battle of the Little Big Orme,https://climbing-history.org/climb/2096/battle-of-the-little-big-orme,Sport route,8a,1,,,211
Battle the Bulge,https://climbing-history.org/climb/5374/battle-the-bulge,Sport route,8c,1,,,211
Batto,https://climbing-history.org/climb/2818/batto,Boulder problem,8B+,1,,,211
Beau Brummell,https://climbing-history.org/climb/7258/beau-brummell,Trad climb,E4,1,,,211
Beautiful Gecko,https://climbing-history.org/climb/4658/beautiful-gecko,Boulder problem,8A+,1,,,211
Beef Manifold,https://climbing-history.org/climb/2480/beef-manifold,Boulder problem,8A,1,,,211
Beefy Gecko,https://climbing-history.org/climb/7639/beefy-gecko,Boulder problem,8A,1,,,211
Beeman,https://climbing-history.org/climb/7789/beeman,Sport route,8c+,1,,,211
Before Ava Arrives,https://climbing-history.org/climb/5114/before-ava-arrives,Boulder problem,8A,1,,,211
Beginning of Strongness,https://climbing-history.org/climb/6493/beginning-of-strongness,Sport route,9a,1,,,211
Begi Puntuan,https://climbing-history.org/climb/2530/begi-puntuan,Sport route,9a,1,,,211
Behemoth,https://climbing-history.org/climb/7190/behemoth,Sport route,8b,1,,,211
Behind Fantasmagoria,https://climbing-history.org/climb/7694/behind-fantasmagoria,Boulder problem,"9A
                        (approx)",1,,,211
Be Kinda Soft,https://climbing-history.org/climb/3922/be-kinda-soft,Boulder problem,8B+,1,,,212
Bella Regis,https://climbing-history.org/climb/3881/bella-regis,Sport route,8c,1,,,212
Bell-Dance,https://climbing-history.org/climb/1020/bell-dance,Trad climb,E5,1,,,212
Bellyporker's Progress,https://climbing-history.org/climb/6723/bellyporkers-progress,Boulder problem,7B+,1,,,212
Belly's Gonna Get Ya,https://climbing-history.org/climb/1523/bellys-gonna-get-ya,Sport route,9a,1,,,212
Belzebú,https://climbing-history.org/climb/5144/belzebú,Boulder problem,8A+,1,,,212
Bender,https://climbing-history.org/climb/3014/bender,Trad climb,E3,1,,,212
Beneath Black Waters,https://climbing-history.org/climb/6333/beneath-black-waters,Trad climb,E6,1,,,212
Bérézina-Carnage,https://climbing-history.org/climb/5773/bérézina-carnage,Boulder problem,7C+,1,,,212
Berlin Wall (Wimberry),https://climbing-history.org/climb/5843/berlin-wall-(wimberry),Trad climb,E6,1,,,212
Bernie The Bolt,https://climbing-history.org/climb/5420/bernie-the-bolt,Boulder problem,7C,1,Another futuristic ascent from Rob Gawthorpe in the early 1980s,,212
Best Easterns,https://climbing-history.org/climb/6633/best-easterns,Trad climb,E5,1,,,212
Beta Move,https://climbing-history.org/climb/8091/beta-move,Boulder problem,8B+,1,,,212
Beth's Traverse,https://climbing-history.org/climb/3125/beths-traverse,Boulder problem,7C,1,,,212
Better Dead Than Smeg,https://climbing-history.org/climb/2317/better-dead-than-smeg,Trad climb,E6,1,,,212
Better Than Life,https://climbing-history.org/climb/2372/better-than-life,Sport route,8b+,1,,,212
Beyond Integral,https://climbing-history.org/climb/836/beyond-integral,Sport route,9b,1,,,212
Bifur,https://climbing-history.org/climb/3824/bifur,Trad climb,VS,1,,,212
Big Bone,https://climbing-history.org/climb/7853/big-bone,Sport route,9b,1,,,212
Big Brother,https://climbing-history.org/climb/6285/big-brother,Trad climb,E2,1,,,212
Big Cigar,https://climbing-history.org/climb/3490/big-cigar,Sport route,7c,1,The subject of some bolt-related controversy that saw the line debolted.,,213
Big Conviction,https://climbing-history.org/climb/1770/big-conviction,Boulder problem,8C+,1,Links Conviction (du bas) in to The Big Island .,,213
Big Daddy,https://climbing-history.org/climb/4841/big-daddy,Boulder problem,8A+,1,,,213
Big Foot,https://climbing-history.org/climb/6207/big-foot,Boulder problem,7C+,1,Norway,,213
Biggles Tears a Tendon,https://climbing-history.org/climb/5981/biggles-tears-a-tendon,Trad climb,E4,1,,,213
Big Kahuna,https://climbing-history.org/climb/8053/big-kahuna,Sport route,8b,1,,,213
Big Leviathan,https://climbing-history.org/climb/3467/big-leviathan,Boulder problem,8B,1,"The full line starting as for Leviathan SDS and finishing as for Leviathan Extension . All other lines are effectively variations on this, starting or finishing in different places.",,213
Big Leviathan Extended,https://climbing-history.org/climb/3747/big-leviathan-extended,Boulder problem,8B,1,,,213
Big Leviathan Extended (Sans Resin),https://climbing-history.org/climb/3748/big-leviathan-extended-(sans-resin),Boulder problem,8C,1,Ben Bransby :,,213
Big Long Now,https://climbing-history.org/climb/434/big-long-now,Boulder problem,8B+,1,A 50m traverse of the entire Sky Pilot crag,,213
Big Men,https://climbing-history.org/climb/3038/big-men,Sport route,9a+,1,,,213
Big Nose Milly,https://climbing-history.org/climb/7726/big-nose-milly,Boulder problem,7C,1,,,213
Big Scoop,https://climbing-history.org/climb/4258/big-scoop,Boulder problem,8A+,1,,,213
Big Tech,https://climbing-history.org/climb/8038/big-tech,Boulder problem,8B+,1,,,213
Bilateral,https://climbing-history.org/climb/3763/bilateral,Boulder problem,8B+,1,Full right to left traverse of the front face.,,213
Bim Bam Bum,https://climbing-history.org/climb/7381/bim-bam-bum,Boulder problem,8B,1,,,213
Binary Finary,https://climbing-history.org/climb/1458/binary-finary,Sport route,8b,1,,,213
Biographie (L1),https://climbing-history.org/climb/3843/biographie-(l1),Sport route,8c+,1,,,213
Bionic Commando,https://climbing-history.org/climb/1771/bionic-commando,Sport route,8c+,1,,,213
Bio Sharma Graphie L2,https://climbing-history.org/climb/2716/bio-sharma-graphie-l2,Sport route,9a,1,,,213
Biotop,https://climbing-history.org/climb/2948/biotop,Sport route,8b+,1,,,214
Bird Brain,https://climbing-history.org/climb/5660/bird-brain,Trad climb,"E4
                        (approx)",1,XS.,,214
Bird's Nest Crack,https://climbing-history.org/climb/1615/birds-nest-crack,Trad climb,HS,1,,,214
Bitch!,https://climbing-history.org/climb/2682/bitch!,Boulder problem,8B,1,,,214
Bite the Dust,https://climbing-history.org/climb/5627/bite-the-dust,Boulder problem,8B,1,,,214
Bitterfingers,https://climbing-history.org/climb/4941/bitterfingers,Trad climb,E4,1,,,214
Bitter Oasis,https://climbing-history.org/climb/4899/bitter-oasis,Trad climb,E4,1,,,214
B je to!,https://climbing-history.org/climb/2757/b-je-to!,Sport route,9b,1,The first 9b in Croatia.,,214
Black Attack,https://climbing-history.org/climb/6798/black-attack,Trad climb,E3,1,,,214
Black Book Jon,https://climbing-history.org/climb/7005/black-book-jon,Trad climb,E7,1,,,214
Black Car Burning,https://climbing-history.org/climb/1058/black-car-burning,Trad climb,E7,1,Frequently climbed above a snow drift and a pile of pads at 7A+.,,214
Black Crack,https://climbing-history.org/climb/4372/black-crack,Trad climb,VS,1,,,214
Black Dot,https://climbing-history.org/climb/7274/black-dot,Boulder problem,8B,1,,,214
Black Eagle,https://climbing-history.org/climb/119/black-eagle,Boulder problem,8B+,1,,,214
"Black Eagle (assis, pre break)","https://climbing-history.org/climb/1144/black-eagle-(assis,-pre-break)",Boulder problem,8B+,1,,,214
Blackflip,https://climbing-history.org/climb/2531/blackflip,Boulder problem,8C,1,,,214
Blackflip SDS,https://climbing-history.org/climb/2532/blackflip-sds,Boulder problem,9A,1,,,214
Black Knight,https://climbing-history.org/climb/4451/black-knight,Deep water solo,8a+,1,,,214
Blackleg,https://climbing-history.org/climb/6096/blackleg,Trad climb,E6,1,,,214
Black Magic,https://climbing-history.org/climb/2107/black-magic,Boulder problem,8B,1,,,214
Black Mountain Collage,https://climbing-history.org/climb/5686/black-mountain-collage,Trad climb,E7,1,,,215
Blackout,https://climbing-history.org/climb/2059/blackout,Sport route,8b,1,,,215
Blackout,https://climbing-history.org/climb/4146/blackout,Sport route,8b+,1,,,215
Black Out,https://climbing-history.org/climb/965/black-out,Trad climb,E9,1,,,215
Black Panther,https://climbing-history.org/climb/1218/black-panther,Boulder problem,8C,1,,,215
Black Pearl,https://climbing-history.org/climb/2841/black-pearl,Deep water solo,9a+,1,,,215
Black Shadow,https://climbing-history.org/climb/7995/black-shadow,Sport route,8c,1,,,215
Black Swan sit,https://climbing-history.org/climb/7998/black-swan-sit,Boulder problem,8C,1,,,215
Black Thorn,https://climbing-history.org/climb/6882/black-thorn,Sport route,8c,1,,,215
Blade Runner,https://climbing-history.org/climb/3851/blade-runner,Trad climb,E11,1,,,215
Blam Blam Blam,https://climbing-history.org/climb/7375/blam-blam-blam,Trad climb,E7,1,Named after the New Zealand band,,215
Blankety Blank,https://climbing-history.org/climb/2939/blankety-blank,Boulder problem,8A,1,,,215
Blessed are the Weak,https://climbing-history.org/climb/3236/blessed-are-the-weak,Trad climb,E5,1,The name is a play on the passage from the bible,,215
Blind Date,https://climbing-history.org/climb/5916/blind-date,Boulder problem,7B+,1,"More normally climbed as a boulder problem these days, but a continuation to the top of the crag is the original line at E4.",,215
Blind Grace,https://climbing-history.org/climb/4709/blind-grace,Boulder problem,8B+,1,,,215
Bling,https://climbing-history.org/climb/3787/bling,Boulder problem,8B+,1,,,215
Block Chimney Superdirect,https://climbing-history.org/climb/6667/block-chimney-superdirect,Trad climb,HVS,1,,,215
Blockhead,https://climbing-history.org/climb/5884/blockhead,Trad climb,E7,1,"E7 6c, 6c, 6a",,215
Blodspor,https://climbing-history.org/climb/7596/blodspor,Sport route,8c,1,,,215
Blomu R2,https://climbing-history.org/climb/3215/blomu-r2,Sport route,8b,1,,,215
Blondie SDS,https://climbing-history.org/climb/151/blondie-sds,Boulder problem,8B+,1,,,216
Bloodbath,https://climbing-history.org/climb/5336/bloodbath,Boulder problem,8B,1,,,216
Blood Diamond,https://climbing-history.org/climb/1583/blood-diamond,Trad climb,"E9
                        (approx)",1,The FA did not offer a grade so the E9 given here is a guess.,,216
Blood Diamond,https://climbing-history.org/climb/1643/blood-diamond,Sport route,8c+,1,,,216
Blood Eagle,https://climbing-history.org/climb/8359/blood-eagle,Boulder problem,8B+,1,,,216
Blood Eagle,https://climbing-history.org/climb/617/blood-eagle,Trad climb,E9,1,,,216
Blood of Olympus,https://climbing-history.org/climb/7539/blood-of-olympus,Sport route,9a,1,,,216
Blood Red Moon,https://climbing-history.org/climb/5531/blood-red-moon,Trad climb,E6,1,,,216
Bloody Slab,https://climbing-history.org/climb/1972/bloody-slab,Trad climb,E3,1,,,216
Bloody Sunday,https://climbing-history.org/climb/6005/bloody-sunday,Trad climb,E4,1,,,216
Bloody Sunday,https://climbing-history.org/climb/1791/bloody-sunday,Boulder problem,8B,1,,,216
Bloody Sunday Low Left,https://climbing-history.org/climb/2249/bloody-sunday-low-left,Boulder problem,8C,1,,,216
Bloody Sunday SDS,https://climbing-history.org/climb/1208/bloody-sunday-sds,Boulder problem,8C+,1,,,216
Bloody Tourists,https://climbing-history.org/climb/3816/bloody-tourists,Trad climb,E3,1,,,216
Blue Angel,https://climbing-history.org/climb/4230/blue-angel,Trad climb,E7,1,,,216
Blueberry Gem,https://climbing-history.org/climb/8268/blueberry-gem,Sport route,8c,1,,,216
Blue Planet,https://climbing-history.org/climb/3201/blue-planet,Deep water solo,7b+,1,,,216
Blut und Honig,https://climbing-history.org/climb/3888/blut-und-honig,Sport route,8c+,1,,,216
Boat People,https://climbing-history.org/climb/7172/boat-people,Sport route,7c,1,,,216
Boat to Naxos,https://climbing-history.org/climb/1631/boat-to-naxos,Trad climb,E7,1,,,216
Bobby's Groove,https://climbing-history.org/climb/2365/bobbys-groove,Sport route,8a,1,,,217
Bob Dylan,https://climbing-history.org/climb/6706/bob-dylan,Trad climb,E6,1,,,217
Bob Hope,https://climbing-history.org/climb/5727/bob-hope,Trad climb,E4,1,,,217
Boca Loca,https://climbing-history.org/climb/7946/boca-loca,Boulder problem,8B+,1,,,217
Boc No Buttress,https://climbing-history.org/climb/5726/boc-no-buttress,Trad climb,E5,1,,,217
Boc No Buttress Direct,https://climbing-history.org/climb/6819/boc-no-buttress-direct,Trad climb,E5,1,,,217
Bodhichitta,https://climbing-history.org/climb/4326/bodhichitta,Sport route,"8c
                        (approx)",1,Michael Wohlleben :,,217
Body Blow,https://climbing-history.org/climb/2062/body-blow,Sport route,8b+,1,,,217
Body Swerve,https://climbing-history.org/climb/2061/body-swerve,Sport route,8c,1,,,217
Bokassa's Fridge SDS,https://climbing-history.org/climb/1958/bokassas-fridge-sds,Boulder problem,8C,1,,,217
Bold as Love,https://climbing-history.org/climb/7838/bold-as-love,Trad climb,E6,1,,,217
Bomba,https://climbing-history.org/climb/1812/bomba,Sport route,9b,1,,,217
Bomber og Granater (ss),https://climbing-history.org/climb/7533/bomber-og-granater-(ss),Boulder problem,7C,1,,,217
Bonanno Pisano,https://climbing-history.org/climb/932/bonanno-pisano,Trad climb,E9,1,,,217
Bone Head,https://climbing-history.org/climb/7422/bone-head,Sport route,9a,1,,,217
Bone Machine into Hats for Weasels via Rubble Rouser,https://climbing-history.org/climb/4378/bone-machine-into-hats-for-weasels-via-rubble-rouser,Boulder problem,8B+,1,"Eliminate linkup, one of the hardest yet completely unknown Peak Gritstone boulders.",,217
Bone Saw,https://climbing-history.org/climb/7421/bone-saw,Sport route,9a,1,,,217
Bongata - Rodillar,https://climbing-history.org/climb/1000/bongata---rodillar,Sport route,8b+,1,,,217
Bonjour Finesse,https://climbing-history.org/climb/8266/bonjour-finesse,Boulder problem,8B,1,,,217
"Bon Pied, Mon Oeil!","https://climbing-history.org/climb/4720/bon-pied,-mon-oeil!",Sport route,8b,1,,,217
Boogie Til You Puke,https://climbing-history.org/climb/6014/boogie-til-you-puke,Trad climb,E4,1,,,218
Boomerang,https://climbing-history.org/climb/4481/boomerang,Trad climb,E8,1,,,218
Boot Boy,https://climbing-history.org/climb/6789/boot-boy,Trad climb,E4,1,,,218
Bored of the Lies,https://climbing-history.org/climb/735/bored-of-the-lies,Sport route,7b+,1,,,218
Borrelian Rhapsody,https://climbing-history.org/climb/7845/borrelian-rhapsody,Boulder problem,7C,1,,,218
Borrowed Time,https://climbing-history.org/climb/6387/borrowed-time,Boulder problem,8B+,1,,,218
Bossa Nova,https://climbing-history.org/climb/7262/bossa-nova,Boulder problem,6C,1,,,218
Bou i Prou,https://climbing-history.org/climb/1525/bou-i-prou,Sport route,8b,1,,,218
Boulby Wall,https://climbing-history.org/climb/1468/boulby-wall,Trad climb,E8,1,,,218
Bowfell Buttress,https://climbing-history.org/climb/8087/bowfell-buttress,Trad climb,S,1,,,218
Bow-shaped Slab,https://climbing-history.org/climb/7548/bow-shaped-slab,Trad climb,HVS,1,,,218
Boysen's Arete,https://climbing-history.org/climb/5024/boysens-arete,Sport route,6c,1,,,218
Boysen's Roof,https://climbing-history.org/climb/4858/boysens-roof,Boulder problem,6B,1,,,218
Boys Will Be Boys,https://climbing-history.org/climb/5783/boys-will-be-boys,Trad climb,E6,1,,,218
Brain Dead,https://climbing-history.org/climb/7251/brain-dead,Boulder problem,6C,1,,,218
Brandybuck,https://climbing-history.org/climb/3819/brandybuck,Trad climb,HVS,1,,,218
Brant,https://climbing-history.org/climb/7544/brant,Trad climb,VS,1,,,218
Brant Direct,https://climbing-history.org/climb/7300/brant-direct,Trad climb,HVS,1,[1] First Climbs: Pete Robins https://www.youtube.com/watch?v=QFi3otxf9r4,,218
Brave New World,https://climbing-history.org/climb/5553/brave-new-world,Sport route,9a,1,,,218
Brazil,https://climbing-history.org/climb/6132/brazil,Trad climb,E6,1,,,218
Breadline,https://climbing-history.org/climb/5973/breadline,Boulder problem,6C,1,,,219
Breakdance,https://climbing-history.org/climb/6929/breakdance,Trad climb,E3,1,,,219
Breakfast,https://climbing-history.org/climb/7266/breakfast,Boulder problem,7A,1,,,219
Break of Room,https://climbing-history.org/climb/5218/break-of-room,Boulder problem,8B+,1,,,219
Break Traverse,https://climbing-history.org/climb/2368/break-traverse,Boulder problem,7C+,1,,,219
Bream in Black,https://climbing-history.org/climb/3756/bream-in-black,Sport route,7a+,1,"The name is a play on a nickname for the band The Stranglers , The Men in Black, of which the equipper Gary Gibson is a long time fan.",,219
Brean Topping,https://climbing-history.org/climb/2964/brean-topping,Sport route,8b,1,,,219
Breathless,https://climbing-history.org/climb/725/breathless,Trad climb,E6,1,,,219
Brightside,https://climbing-history.org/climb/6805/brightside,Trad climb,E2,1,,,219
Bristol's Got Talent,https://climbing-history.org/climb/1524/bristols-got-talent,Sport route,8c,1,,,219
Bristol Weed,https://climbing-history.org/climb/4356/bristol-weed,Sport route,8a+,1,,,219
British Route,https://climbing-history.org/climb/6071/british-route,Trad climb,E6,1,The first route established on this Greenland big wall.,,219
Broad Stand,https://climbing-history.org/climb/5613/broad-stand,Trad climb,D,1,Wasdale Mountain Rescue:,,219
Broadway,https://climbing-history.org/climb/516/broadway,Sport route,8c+,1,8c+ or 9a depending on who you ask. This line has now been superseded by La Rambla Extension and the anchor for the intermediate belay has been removed.,,219
Brooklyn,https://climbing-history.org/climb/2442/brooklyn,Sport route,9b,1,,,219
Brootle,https://climbing-history.org/climb/4256/brootle,Boulder problem,8A+,1,,,219
Broughton Power,https://climbing-history.org/climb/7632/broughton-power,Trad climb,E8,1,,,219
Brouncha,https://climbing-history.org/climb/3379/brouncha,Sport route,9a,1,,,219
Brown Corduroy Trousers,https://climbing-history.org/climb/2046/brown-corduroy-trousers,Trad climb,E7,1,~7c.,,219
Brown's Crack,https://climbing-history.org/climb/8355/browns-crack,Trad climb,E2,1,,,219
Brown's Eliminate,https://climbing-history.org/climb/1364/browns-eliminate,Trad climb,E2,1,,,220
Brujo,https://climbing-history.org/climb/3522/brujo,Sport route,8b,1,,,220
Brutaliser,https://climbing-history.org/climb/5898/brutaliser,Trad climb,E3,1,,,220
Brutalism,https://climbing-history.org/climb/7259/brutalism,Boulder problem,7A+,1,,,220
Brutal Rider,https://climbing-history.org/climb/1679/brutal-rider,Boulder problem,8C+,1,,,220
Bubbles Wall,https://climbing-history.org/climb/2080/bubbles-wall,Trad climb,E4,1,,,220
Bubble Wrap,https://climbing-history.org/climb/4417/bubble-wrap,Boulder problem (indoor),"8C
                        (approx)",1,,,220
Bucket Dynasty,https://climbing-history.org/climb/1338/bucket-dynasty,Trad climb,E7,1,,,220
Bud,https://climbing-history.org/climb/6971/bud,Trad climb,E7,1,,,220
Buddha,https://climbing-history.org/climb/5638/buddha,Trad climb,E7,1,,,220
Budo,https://climbing-history.org/climb/2886/budo,Sport route,8b,1,,,220
Bügelbrett,https://climbing-history.org/climb/7409/bügelbrett,Boulder problem,8C+,1,,,220
Bulletproof Monk,https://climbing-history.org/climb/7331/bulletproof-monk,Sport route,8a+,1,,,220
Bullet the Blue Sky,https://climbing-history.org/climb/884/bullet-the-blue-sky,Sport route,7b+,1,Originally an E6 trad route that was later retro-bolted.,,220
Bumbayé,https://climbing-history.org/climb/998/bumbayé,Sport route,8c+,1,,,220
Bumble in the Jungle,https://climbing-history.org/climb/6420/bumble-in-the-jungle,Trad climb,E8,1,,,220
Bunny,https://climbing-history.org/climb/7324/bunny,Boulder problem,8A,1,,,220
Burden of Seams,https://climbing-history.org/climb/2983/burden-of-seams,Boulder problem,8B,1,,,220
Burial,https://climbing-history.org/climb/5222/burial,Boulder problem,8B,1,,,220
Burning Desire,https://climbing-history.org/climb/1213/burning-desire,Trad climb,E5,1,,,220
Burning Gold,https://climbing-history.org/climb/6845/burning-gold,Trad climb,E4,1,,,221
Buseeggen sitt,https://climbing-history.org/climb/5133/buseeggen-sitt,Boulder problem,8B,1,,,221
Business Lunch,https://climbing-history.org/climb/6780/business-lunch,Boulder problem,7C,1,,,221
Bust a Lung,https://climbing-history.org/climb/8121/bust-a-lung,Boulder problem,8B,1,,,221
Bust-a-Nut,https://climbing-history.org/climb/8082/bust-a-nut,Sport route,8c,1,,,221
...But Nothing Is Lost,https://climbing-history.org/climb/7618/...but-nothing-is-lost,Trad climb,E12,1,"The meat is the first pitch, though pitch 2 still has some tricky crack climbing.",,221
Butterfingers,https://climbing-history.org/climb/6961/butterfingers,Trad climb,E7,1,,,221
Cabbage Crack,https://climbing-history.org/climb/2079/cabbage-crack,Trad climb,E4,1,,,221
Cadillac,https://climbing-history.org/climb/3016/cadillac,Trad climb,VS,1,,,221
Caesarian,https://climbing-history.org/climb/6287/caesarian,Trad climb,E4,1,,,221
Café Solo,https://climbing-history.org/climb/1567/café-solo,Sport route,9b,1,Essentially the first half of Cafe Colombia .,,221
Calamity Jane,https://climbing-history.org/climb/5228/calamity-jane,Boulder problem,7B+,1,,,221
California Arete,https://climbing-history.org/climb/3388/california-arete,Trad climb,E1,1,,,221
Caligula,https://climbing-history.org/climb/4872/caligula,Trad climb,E3,1,,,221
Call of Duty,https://climbing-history.org/climb/5119/call-of-duty,Boulder problem,7C,1,,,221
Calvary,https://climbing-history.org/climb/6261/calvary,Trad climb,E4,1,,,221
Cambodia,https://climbing-history.org/climb/4402/cambodia,Trad climb,E7,1,,,221
Camino al Exilio,https://climbing-history.org/climb/7151/camino-al-exilio,Sport route,9a+,1,,,221
Camo,https://climbing-history.org/climb/6475/camo,Sport route,9a,1,,,221
Camouflage,https://climbing-history.org/climb/3164/camouflage,Trad climb,E7,1,,,221
Campaign,https://climbing-history.org/climb/4401/campaign,Trad climb,E7,1,,,222
Campanula,https://climbing-history.org/climb/4551/campanula,Boulder problem,8B,1,,,222
Canada Crack,https://climbing-history.org/climb/3546/canada-crack,Trad climb,HVS,1,,,222
Candy Crush,https://climbing-history.org/climb/8256/candy-crush,Boulder problem,8A,1,,,222
Cannibals Direct,https://climbing-history.org/climb/2371/cannibals-direct,Sport route,8b+,1,,,222
Capetown Feelings,https://climbing-history.org/climb/8232/capetown-feelings,Boulder problem,8B,1,,,222
Capitaine Flint,https://climbing-history.org/climb/7223/capitaine-flint,Boulder problem,8B,1,,,222
Captain Calamity,https://climbing-history.org/climb/962/captain-calamity,Trad climb,E7,1,,,222
Captain Cut Loose,https://climbing-history.org/climb/7029/captain-cut-loose,Trad climb,E7,1,,,222
Captain Reliable,https://climbing-history.org/climb/6804/captain-reliable,Trad climb,E2,1,,,222
Caramello,https://climbing-history.org/climb/7579/caramello,Sport route,8b,1,,,222
Cardiac Arrest,https://climbing-history.org/climb/6259/cardiac-arrest,Aid Climb,A3,1,Shares some ground with the undocumented and unrepeated Verano Magico .,,222
Cardinal's Treasure,https://climbing-history.org/climb/5958/cardinals-treasure,Trad climb,E5,1,,,222
Caricature,https://climbing-history.org/climb/5839/caricature,Trad climb,E5,1,,,222
Carinthian Trademark,https://climbing-history.org/climb/5231/carinthian-trademark,Boulder problem,8B+,1,,,222
Carnage,https://climbing-history.org/climb/3701/carnage,Trad climb,E2,1,,,222
Carnage,https://climbing-history.org/climb/7971/carnage,Boulder problem,7B,1,,,222
Carnet d'Adresse,https://climbing-history.org/climb/5424/carnet-dadresse,Sport route,8b+,1,250m multi-pitch,,222
Carnivore,https://climbing-history.org/climb/3657/carnivore,Trad climb,E2,1,,,222
Čarodějův Učeň,https://climbing-history.org/climb/7296/čarodějův-učeň,Sport route,8b+,1,,,222
Carta Magna,https://climbing-history.org/climb/8178/carta-magna,Sport route,8c+,1,,,223
Caseg Groove SDS,https://climbing-history.org/climb/3226/caseg-groove-sds,Boulder problem,8A,1,,,223
Cassim,https://climbing-history.org/climb/2271/cassim,Boulder problem,8C,1,,,223
Castle Catcher,https://climbing-history.org/climb/7933/castle-catcher,Boulder problem,8B+,1,,,223
Catalyst,https://climbing-history.org/climb/4386/catalyst,Sport route,8c+,1,,,223
Catastrophe Internationale,https://climbing-history.org/climb/6150/catastrophe-internationale,Trad climb,E5,1,,,223
Catch the Rainbow,https://climbing-history.org/climb/8235/catch-the-rainbow,Sport route,8c,1,,,223
Catharsis,https://climbing-history.org/climb/7918/catharsis,Sport route,8c+,1,,,223
Catharsis,https://climbing-history.org/climb/7013/catharsis,Trad climb,E7,1,,,223
Cathy's Clown,https://climbing-history.org/climb/6803/cathys-clown,Trad climb,E2,1,,,223
Cavaleiro Negro,https://climbing-history.org/climb/3923/cavaleiro-negro,Boulder problem,8A+,1,,,223
Cavalo de Troia,https://climbing-history.org/climb/6657/cavalo-de-troia,Sport route,9a,1,,,223
Cave Arete Indirect,https://climbing-history.org/climb/1252/cave-arete-indirect,Trad climb,E1,1,One of the first E1s.,,223
Cave Club,https://climbing-history.org/climb/7709/cave-club,Boulder problem,7C+,1,,,223
Cave Crack,https://climbing-history.org/climb/2586/cave-crack,Trad climb,HVS,1,,,223
Cave Pervert,https://climbing-history.org/climb/1552/cave-pervert,Boulder problem,7C+,1,Cave problem sit in to Weedkiller.,,223
Cave Route Left Hand (Pre-2012),https://climbing-history.org/climb/2335/cave-route-left-hand-(pre-2012),Trad climb,E6,1,"Originally climbed on a mix of old aid gear and some trad gear, now fully bolted.",,223
Cave Wall,https://climbing-history.org/climb/2187/cave-wall,Trad climb,E3,1,,,223
Cazafantasma,https://climbing-history.org/climb/6715/cazafantasma,Sport route,8a+,1,,,223
Ceasar's Line,https://climbing-history.org/climb/7163/ceasars-line,Sport route,8a,1,,,223
Ceclie,https://climbing-history.org/climb/7429/ceclie,Trad climb,E9,1,A hard and scary climb!,,224
Central Route,https://climbing-history.org/climb/4178/central-route,Trad climb,VS,1,,,224
Central Sadness,https://climbing-history.org/climb/5891/central-sadness,Trad climb,E5,1,,,224
Central Wall,https://climbing-history.org/climb/4503/central-wall,Trad climb,E4,1,,,224
Central Wall Direct,https://climbing-history.org/climb/4399/central-wall-direct,Boulder problem,7C,1,The boulder problem direct start to Central Wall .,,224
Centrifuge,https://climbing-history.org/climb/8176/centrifuge,Sport route,8b+,1,,,224
Certain Surprise,https://climbing-history.org/climb/3828/certain-surprise,Trad climb,E3,1,,,224
Chakijana,https://climbing-history.org/climb/4572/chakijana,Boulder problem,8C,1,,,224
Chambao,https://climbing-history.org/climb/3883/chambao,Sport route,8c+,1,,,224
Chameleon,https://climbing-history.org/climb/3135/chameleon,Trad climb,E4,1,,,224
Champagne Supernova,https://climbing-history.org/climb/4974/champagne-supernova,Boulder problem,8B+,1,Direct finish to Redwine Supernova,,224
Chapel of Rest,https://climbing-history.org/climb/6756/chapel-of-rest,Boulder problem,7A,1,,,224
Charas,https://climbing-history.org/climb/6579/charas,Trad climb,E1,1,,,224
Charge,https://climbing-history.org/climb/3825/charge,Trad climb,VS,1,,,224
Charlatan,https://climbing-history.org/climb/2942/charlatan,Boulder problem,"9A
                        (approx)",1,Charles Albert :,,224
Charlotte Grey,https://climbing-history.org/climb/7024/charlotte-grey,Trad climb,E7,1,,,224
Cháron,https://climbing-history.org/climb/7405/cháron,Boulder problem,8C,1,,,224
Chasing Rainbows,https://climbing-history.org/climb/2792/chasing-rainbows,Boulder problem,7C,1,,,224
Chasing the Dragon,https://climbing-history.org/climb/1388/chasing-the-dragon,Trad climb,E8,1,,,224
Chasing the Storm,https://climbing-history.org/climb/3195/chasing-the-storm,Trad climb,E6,1,,,224
Chaxiraxi,https://climbing-history.org/climb/479/chaxiraxi,Sport route,9b,1,,,225
Cheat,https://climbing-history.org/climb/2559/cheat,Trad climb,E3,1,,,225
Check Your Head,https://climbing-history.org/climb/8153/check-your-head,Boulder problem,7C+,1,A long standing project and Aotearoa New Zealand's first V10.,,225
Chemin de Fer,https://climbing-history.org/climb/3078/chemin-de-fer,Trad climb,E5,1,,,225
Chequers Climb,https://climbing-history.org/climb/1369/chequers-climb,Trad climb,VS,1,,,225
Cherry Falls Sit,https://climbing-history.org/climb/5070/cherry-falls-sit,Boulder problem,8B,1,,,225
Chestnut,https://climbing-history.org/climb/5113/chestnut,Boulder problem,8A,1,,,225
Chewing the Cwd,https://climbing-history.org/climb/2137/chewing-the-cwd,Trad climb,E5,1,Adam Wainwright :,,225
Chiaroscuro,https://climbing-history.org/climb/7014/chiaroscuro,Trad climb,E7,1,,,225
Chicken Nose,https://climbing-history.org/climb/2842/chicken-nose,Sport route,9a+,1,,,225
Chicken Nuggets,https://climbing-history.org/climb/6468/chicken-nuggets,Boulder problem,8C,1,Links the crux of The Reckoning into Big Chicken .,,225
Chicken Tikka,https://climbing-history.org/climb/4074/chicken-tikka,Boulder problem,6C+,1,,,225
Chicken Vs. Evil Sit,https://climbing-history.org/climb/7603/chicken-vs.-evil-sit,Boulder problem,8B+,1,,,225
Chikane,https://climbing-history.org/climb/1885/chikane,Sport route,9b,1,,,225
Childhood's End,https://climbing-history.org/climb/3509/childhoods-end,Trad climb,E7,1,,,225
Child of Light,https://climbing-history.org/climb/4249/child-of-light,Sport route,8b,1,,,225
China Glide,https://climbing-history.org/climb/7448/china-glide,Sport route,9a,1,Start on China Beach and finish on Livin' Astro,,225
China Syndrome,https://climbing-history.org/climb/5820/china-syndrome,Trad climb,E5,1,"At E5 7a, some of the hardest moves around at the time of the FA in 1980.",,225
Chinese Connection,https://climbing-history.org/climb/4982/chinese-connection,Boulder problem,8B,1,,,225
Chinonetsa,https://climbing-history.org/climb/8348/chinonetsa,Boulder problem,8B,1,,,225
Chiński Maharadża,https://climbing-history.org/climb/6065/chiński-maharadża,Sport route,7c+,1,One of the hardest routes in Poland at the time of the first ascent.,,226
Chip Shop Brawl,https://climbing-history.org/climb/2322/chip-shop-brawl,Boulder problem,7A+,1,,,226
Chipu,https://climbing-history.org/climb/6426/chipu,Sport route,8c+,1,,,226
Chiquita Extension,https://climbing-history.org/climb/4340/chiquita-extension,Sport route,8b+,1,,,226
Chocolate Swastika,https://climbing-history.org/climb/940/chocolate-swastika,Trad climb,E7,1,,,226
Chope le Gratton!,https://climbing-history.org/climb/7216/chope-le-gratton!,Boulder problem,8B,1,,,226
Choreography,https://climbing-history.org/climb/2572/choreography,Traverse,8c,1,,,226
Christmas Crack,https://climbing-history.org/climb/4371/christmas-crack,Trad climb,HS,1,,,226
Chromatic,https://climbing-history.org/climb/3442/chromatic,Boulder problem,8B+,1,,,226
Chryssalida,https://climbing-history.org/climb/367/chryssalida,Sport route,8a,1,,,226
Church Channel Sit,https://climbing-history.org/climb/6600/church-channel-sit,Boulder problem,8C,1,,,226
Cine Paradiso,https://climbing-history.org/climb/6685/cine-paradiso,Boulder problem,8B+,1,,,226
Circe,https://climbing-history.org/climb/6585/circe,Aid Climb,A2,1,,,226
Citadel,https://climbing-history.org/climb/1560/citadel,Trad climb,E5,1,,,226
Cithaeron,https://climbing-history.org/climb/5926/cithaeron,Trad climb,E4,1,Named after a Greek mountain where Spartans would take imperfect babies and leave them to fend for themselves.,,226
Clarence Tenthumbs,https://climbing-history.org/climb/6977/clarence-tenthumbs,Trad climb,E7,1,,,226
Climb Machine,https://climbing-history.org/climb/7689/climb-machine,Sport route,8c+,1,,,226
Climb of the Century,https://climbing-history.org/climb/6385/climb-of-the-century,Sport route,8b,1,,,226
Clin d'œil au Paradis d'en Face,https://climbing-history.org/climb/2786/clin-dœil-au-paradis-den-face,Sport route,8c,1,,,226
Clinker,https://climbing-history.org/climb/7985/clinker,Trad climb,E5,1,,,226
Clive Coolhead Realises the Excitement of Knowing You May be the Author of Your Own Death is More Intense Than Orgasm,https://climbing-history.org/climb/6189/clive-coolhead-realises-the-excitement-of-knowing-you-may-be-the-author-of-your-own-death-is-more-intense-than-orgasm,Trad climb,E5,1,,,227
Clock People,https://climbing-history.org/climb/5812/clock-people,Trad climb,E6,1,,,227
Cloning Technology,https://climbing-history.org/climb/2968/cloning-technology,Boulder problem,8A+,1,,,227
Close Encounters,https://climbing-history.org/climb/1845/close-encounters,Sport route,9a+,1,,,227
Cloud Gate Low,https://climbing-history.org/climb/5158/cloud-gate-low,Boulder problem,8B,1,,,227
Človek Ne Jezi Se L2,https://climbing-history.org/climb/4436/človek-ne-jezi-se-l2,Sport route,8c+,1,,,227
Clubbin' n Tubbin',https://climbing-history.org/climb/4663/clubbin-n-tubbin,Boulder problem,8B,1,,,227
Club Heaven,https://climbing-history.org/climb/5504/club-heaven,Boulder problem,8A,1,,,227
Cnippy Sweetie,https://climbing-history.org/climb/3277/cnippy-sweetie,Trad climb,E7,1,,,227
Cobra Reile,https://climbing-history.org/climb/6478/cobra-reile,Sport route,9a,1,,,227
Cock Robin,https://climbing-history.org/climb/899/cock-robin,Trad climb,E6,1,,,227
Cocteau Phenomena,https://climbing-history.org/climb/5345/cocteau-phenomena,Sport route,7b+,1,,,227
Coldfinger,https://climbing-history.org/climb/2536/coldfinger,Trad climb,E10,1,A direct start in to Jinx .,,227
Coliseum,https://climbing-history.org/climb/333/coliseum,Sport route,8a,1,,,227
Colla d’Arreplegats,https://climbing-history.org/climb/2461/colla-d’arreplegats,Sport route,8b+,1,,,227
Collection Automne Hiver,https://climbing-history.org/climb/3427/collection-automne-hiver,Sport route,8b+,1,,,227
Colon Power,https://climbing-history.org/climb/4767/colon-power,Boulder problem,7C,1,,,227
Colt,https://climbing-history.org/climb/4766/colt,Boulder problem,7C,1,,,227
Comeback,https://climbing-history.org/climb/2291/comeback,Sport route,8a,1,,,227
Comeback Kid,https://climbing-history.org/climb/4798/comeback-kid,Sport route,9a,1,,,227
Comedy of Errors,https://climbing-history.org/climb/3553/comedy-of-errors,Trad climb,E6,1,,,228
Comfortably Numb,https://climbing-history.org/climb/2406/comfortably-numb,Trad climb,E8,1,,,228
Command Performance,https://climbing-history.org/climb/6809/command-performance,Trad climb,E6,1,,,228
Commitment Issues,https://climbing-history.org/climb/1815/commitment-issues,Trad climb,E9,1,About 8A to highball.,,228
Comus,https://climbing-history.org/climb/4238/comus,Trad climb,E4,1,,,228
Concept of Kinky,https://climbing-history.org/climb/5951/concept-of-kinky,Trad climb,E6,1,,,228
Cones and Current,https://climbing-history.org/climb/8193/cones-and-current,Trad climb,E5,1,,,228
Confusion,https://climbing-history.org/climb/8261/confusion,Boulder problem,8B,1,,,228
Congo Corner,https://climbing-history.org/climb/3639/congo-corner,Trad climb,HVS,1,,,228
Conquistador,https://climbing-history.org/climb/2208/conquistador,Boulder problem,8B,1,,,228
Consensus,https://climbing-history.org/climb/3249/consensus,Sport route,8a+,1,,,228
Consolation,https://climbing-history.org/climb/6582/consolation,Trad climb,E1,1,,,228
Consolation Prize,https://climbing-history.org/climb/5851/consolation-prize,Trad climb,E5,1,"Originally called Bilberry Pie, Woodward asked to change the name two weeks after first claiming it. Presumably, the consolation prize was a top-rope for Nick Colton who had just witnessed the ascent.",,228
Constable's Overhang,https://climbing-history.org/climb/2344/constables-overhang,Trad climb,E5,1,,,228
Constructors De Sueños,https://climbing-history.org/climb/6697/constructors-de-sueños,Sport route,9a,1,,,228
Contexto,https://climbing-history.org/climb/6694/contexto,Boulder problem,8B,1,,,228
Continental,https://climbing-history.org/climb/7614/continental,Sport route,8b+,1,,,228
Controlled Burning,https://climbing-history.org/climb/2277/controlled-burning,Trad climb,E4,1,In 2014 a major rockfall significantly altered the route. It was still climbable (and had some ascents) but was significantly harder than the original line. In 2022 the route collapsed entirely.,,228
Conviction,https://climbing-history.org/climb/1769/conviction,Boulder problem,8A,1,,,228
Cool Bananas,https://climbing-history.org/climb/5652/cool-bananas,Sport route,7c+,1,,,228
Cool Fool,https://climbing-history.org/climb/5230/cool-fool,Trad climb,E6,1,,,229
Cool Runnings,https://climbing-history.org/climb/3585/cool-runnings,Trad climb,E8,1,,,229
Cool Water,https://climbing-history.org/climb/2703/cool-water,Sport route,8b+,1,,,229
Coronary Bypass,https://climbing-history.org/climb/277/coronary-bypass,Boulder problem,7C,1,,,229
Corps Accord,https://climbing-history.org/climb/7224/corps-accord,Boulder problem,7B+,1,,,229
Corps Accord (assis),https://climbing-history.org/climb/7225/corps-accord-(assis),Boulder problem,8B,1,,,229
Corrida,https://climbing-history.org/climb/7298/corrida,Sport route,8c,1,,,229
Corridors of Power,https://climbing-history.org/climb/5000/corridors-of-power,Trad climb,E4,1,,,229
Corvus,https://climbing-history.org/climb/3725/corvus,Trad climb,D,1,,,229
Cosmic Loneliness,https://climbing-history.org/climb/2214/cosmic-loneliness,Boulder problem,8B+,1,,,229
Cosmopolitan,https://climbing-history.org/climb/5976/cosmopolitan,Sport route,7b+,1,,,229
Counterstroke of Equity Direct,https://climbing-history.org/climb/7012/counterstroke-of-equity-direct,Trad climb,E7,1,,,229
Counting Pixies,https://climbing-history.org/climb/4049/counting-pixies,Trad climb,E6,1,,,229
Count's Buttress,https://climbing-history.org/climb/5934/counts-buttress,Trad climb,E2,1,,,229
"Courage, Fuyons","https://climbing-history.org/climb/3981/courage,-fuyons",Sport route,7a+,1,,,229
Courage to Dream,https://climbing-history.org/climb/5503/courage-to-dream,Boulder problem,8A,1,,,229
Couronne de Mousse (assis),https://climbing-history.org/climb/7242/couronne-de-mousse-(assis),Boulder problem,8B,1,,,229
Courting Disaster,https://climbing-history.org/climb/2347/courting-disaster,Trad climb,E7,1,,,229
Cove,https://climbing-history.org/climb/6898/cove,Boulder problem (indoor),8B+,1,"Set originally at 50 and opened there as V12, now opened at 55 on the TB2 Mirror as V13/14",,229
Cox Orange,https://climbing-history.org/climb/8226/cox-orange,Trad climb,E9,1,,,229
Crab Party,https://climbing-history.org/climb/5195/crab-party,Deep water solo,6c,1,First ascentionist Mike Robertson :,,230
Cracboumhu,https://climbing-history.org/climb/6250/cracboumhu,Sport route,7c+,1,,,230
Crac Boum Hue,https://climbing-history.org/climb/7572/crac-boum-hue,Sport route,8a,1,,,230
Crack-a-go-go,https://climbing-history.org/climb/5522/crack-a-go-go,Trad climb,E4,1,,,230
Crack and Slab,https://climbing-history.org/climb/6164/crack-and-slab,Trad climb,E7,1,,,230
Crack a Smile,https://climbing-history.org/climb/6491/crack-a-smile,Boulder problem,8A+,1,,,230
Cracked Actor,https://climbing-history.org/climb/5030/cracked-actor,Trad climb,E2,1,,,230
Crack of Doom,https://climbing-history.org/climb/6000/crack-of-doom,Trad climb,E1,1,,,230
Crackstone Rib,https://climbing-history.org/climb/4846/crackstone-rib,Trad climb,S,1,,,230
Cradle to the Grave,https://climbing-history.org/climb/5268/cradle-to-the-grave,Boulder problem,8A,1,,,230
Craig's Arete,https://climbing-history.org/climb/8270/craigs-arete,Trad climb,E4,1,,,230
Craig's Wall,https://climbing-history.org/climb/1950/craigs-wall,Trad climb,E7,1,,,230
Crayon Angel,https://climbing-history.org/climb/4818/crayon-angel,Boulder problem,7A,1,,,230
Crease Direct,https://climbing-history.org/climb/4391/crease-direct,Boulder problem,6A+,1,,,230
Creatures of the Alphane Moon,https://climbing-history.org/climb/1918/creatures-of-the-alphane-moon,Boulder problem,8A,1,The name of the problem was incorrectly recorded as Alphane Moon in the guidebook.,,230
Crème de la Crème,https://climbing-history.org/climb/3370/crème-de-la-crème,Trad climb,E6,1,,,230
Crème de la Crumb SDS,https://climbing-history.org/climb/2264/crème-de-la-crumb-sds,Boulder problem,8B+,1,,,230
Crepuscular Days,https://climbing-history.org/climb/3931/crepuscular-days,Boulder problem,8B,1,,,230
Crepuscular Days RH,https://climbing-history.org/climb/4125/crepuscular-days-rh,Boulder problem,8A+,1,,,230
Crescendo SDS,https://climbing-history.org/climb/2054/crescendo-sds,Boulder problem,8B+,1,,,230
Crescent Arête,https://climbing-history.org/climb/6225/crescent-arête,Boulder problem,5+,1,,,231
Crew's Route,https://climbing-history.org/climb/5624/crews-route,Trad climb,VS,1,,,231
Crime,https://climbing-history.org/climb/7257/crime,Trad climb,E4,1,,,231
Crimp-A-Rona,https://climbing-history.org/climb/6884/crimp-a-rona,Sport route,8c,1,Arkansas's first 5.14b/8c,,231
Crimson Cruiser,https://climbing-history.org/climb/1086/crimson-cruiser,Trad climb,E5,1,,,231
Cringer,https://climbing-history.org/climb/1435/cringer,Sport route,8b+,1,,,231
Cristo,https://climbing-history.org/climb/7502/cristo,Deep water solo,7a,1,,,231
Cross 'n Angry,https://climbing-history.org/climb/317/cross-n-angry,Sport route,8a+,1,,,231
Croton Oil,https://climbing-history.org/climb/5640/croton-oil,Trad climb,HVS,1,,,231
Crowbar,https://climbing-history.org/climb/8050/crowbar,Boulder problem,8B+,1,,,231
Crown Duel,https://climbing-history.org/climb/2698/crown-duel,Trad climb,E10,1,,,231
Crown of Thorns,https://climbing-history.org/climb/2609/crown-of-thorns,Trad climb,E7,1,,,231
C.R.S.,https://climbing-history.org/climb/480/c.r.s.,Sport route,9b,1,,,231
Cruachan,https://climbing-history.org/climb/2469/cruachan,Boulder problem,8A+,1,,,231
Cruel Sister,https://climbing-history.org/climb/3378/cruel-sister,Trad climb,E3,1,,,231
Cruz Diablo,https://climbing-history.org/climb/1161/cruz-diablo,Sport route,8c+,1,,,231
Cryptography,https://climbing-history.org/climb/481/cryptography,Sport route,9b,1,,,231
Crypto Rey,https://climbing-history.org/climb/7992/crypto-rey,Boulder problem,8B+,1,,,231
Crypt Trip,https://climbing-history.org/climb/5781/crypt-trip,Trad climb,E6,1,,,231
Crystal Grazer,https://climbing-history.org/climb/5645/crystal-grazer,Trad climb,E5,1,,,231
Crystal Maise,https://climbing-history.org/climb/6594/crystal-maise,Boulder problem,8A+,1,,,232
Crystal Stiletto,https://climbing-history.org/climb/7615/crystal-stiletto,Sport route,7a+,1,,,232
Crystal Voyager,https://climbing-history.org/climb/6286/crystal-voyager,Trad climb,E3,1,,,232
Cultivate the Hate,https://climbing-history.org/climb/4651/cultivate-the-hate,Sport route,8b+,1,,,232
Cumming Round the Mountain,https://climbing-history.org/climb/2891/cumming-round-the-mountain,Trad climb,E3,1,,,232
Cure for a Sick Mind,https://climbing-history.org/climb/6008/cure-for-a-sick-mind,Trad climb,E7,1,Sparsely bolted to avoid ruining the boltless Rainbow of Recalcitrance .,,232
Curtain Call,https://climbing-history.org/climb/5052/curtain-call,Boulder problem,8A,1,,,232
Cutlass,https://climbing-history.org/climb/1276/cutlass,Deep water solo,8a,1,,,232
Cut Through Hell Extension,https://climbing-history.org/climb/7315/cut-through-hell-extension,Boulder problem,8B+,1,Takes a full line through to the Parisella's Cave lip.,,232
Cwtch Mawr,https://climbing-history.org/climb/7504/cwtch-mawr,Trad climb,E7,1,,,232
Cyberdog,https://climbing-history.org/climb/3205/cyberdog,Sport route,8b,1,,,232
Cynefin,https://climbing-history.org/climb/8251/cynefin,Trad climb,E8,1,,,232
D7,https://climbing-history.org/climb/3988/d7,Trad climb,E5,1,,,232
Daddy Cool,https://climbing-history.org/climb/2155/daddy-cool,Sport route,8a,1,,,232
Daddy Cool,https://climbing-history.org/climb/665/daddy-cool,Trad climb,E8,1,,,232
Daddy Daycare,https://climbing-history.org/climb/7023/daddy-daycare,Trad climb,E7,1,,,232
Dagdrömmen sittstart,https://climbing-history.org/climb/7818/dagdrömmen-sittstart,Boulder problem,8B+,1,,,232
Daihang,https://climbing-history.org/climb/7452/daihang,Boulder problem,7C,1,,,232
Daihang Project,https://climbing-history.org/climb/7453/daihang-project,Boulder problem,"9A
                        (approx)",1,Right hand start to the classic Daihang (7C).,,232
Daily Dick Dose,https://climbing-history.org/climb/6948/daily-dick-dose,Boulder problem,7A+,1,,,232
Dana Awen,https://climbing-history.org/climb/5811/dana-awen,Trad climb,E6,1,Pat King :,,233
Dance Therapy,https://climbing-history.org/climb/5177/dance-therapy,Trad climb,E8,1,,,233
Dance with the Devil,https://climbing-history.org/climb/5378/dance-with-the-devil,Sport route,8a,1,,,233
Dancing on the Moon,https://climbing-history.org/climb/7994/dancing-on-the-moon,Sport route,8c+,1,,,233
Dangermouse,https://climbing-history.org/climb/627/dangermouse,Trad climb,E9,1,,,233
Danny's Problem,https://climbing-history.org/climb/7239/dannys-problem,Boulder problem,8A,1,,,233
Daños Con-Laterales,https://climbing-history.org/climb/1945/daños-con-laterales,Boulder problem,8C+,1,The first 8C+ in Spain.,,233
Dargai Crack,https://climbing-history.org/climb/8331/dargai-crack,Trad climb,VS,1,One of the earliest recorded routes on peak limestone. Named after the charge at Dargai Heights in 1897 (perhaps a reference to one's chances of survival?).,,233
Dark Continent,https://climbing-history.org/climb/6806/dark-continent,Trad climb,E1,1,,,233
Dark Energy,https://climbing-history.org/climb/1431/dark-energy,Sport route,8a,1,,,233
Darkness,https://climbing-history.org/climb/3230/darkness,Boulder problem,8A+,1,,,233
Darkness at Noon,https://climbing-history.org/climb/1862/darkness-at-noon,Sport route,7c+,1,,,233
Darkness Beckons,https://climbing-history.org/climb/4229/darkness-beckons,Trad climb,E6,1,,,233
Darth Vader,https://climbing-history.org/climb/7397/darth-vader,Sport route,8a+,1,,,233
Darwen Weasel,https://climbing-history.org/climb/1479/darwen-weasel,Trad climb,E8,1,,,233
Darwin Dans la Cave,https://climbing-history.org/climb/3018/darwin-dans-la-cave,Sport route,8c,1,,,233
Das Kapital,https://climbing-history.org/climb/1413/das-kapital,Trad climb,E6,1,,,233
Das Schwert,https://climbing-history.org/climb/8288/das-schwert,Boulder problem,8C,1,Hard Boulder in a small cave around Salzburg.,,233
Daybreak,https://climbing-history.org/climb/5483/daybreak,Boulder problem,8B+,1,,,233
Daydream,https://climbing-history.org/climb/3489/daydream,Trad climb,E6,1,,,233
Daydreamer,https://climbing-history.org/climb/6056/daydreamer,Trad climb,E2,1,Highball f6A+,,234
Deadbay Groove Direct,https://climbing-history.org/climb/6764/deadbay-groove-direct,Trad climb,E3,1,,,234
Dead by Dawn,https://climbing-history.org/climb/7687/dead-by-dawn,Boulder problem,8B+,1,"Start as for Dead Heat (8A), then from the sloper rail head straight out through the roof.",,234
Dead Can't Dance,https://climbing-history.org/climb/234/dead-cant-dance,Boulder problem,8A,1,,,234
Dead Eye,https://climbing-history.org/climb/6785/dead-eye,Trad climb,HVS,1,,,234
Dead Heat,https://climbing-history.org/climb/7708/dead-heat,Boulder problem,8A,1,,,234
Dead Line,https://climbing-history.org/climb/2616/dead-line,Sport route,8b,1,,,234
Deadlock,https://climbing-history.org/climb/6816/deadlock,Trad climb,E6,1,,,234
Dead Man Walking,https://climbing-history.org/climb/6752/dead-man-walking,Boulder problem,7C+,1,,,234
Dead Man Walking,https://climbing-history.org/climb/4233/dead-man-walking,Trad climb,E6,1,,,234
Dear John,https://climbing-history.org/climb/7511/dear-john,Boulder problem,8B,1,,,234
Death Cap,https://climbing-history.org/climb/7139/death-cap,Boulder problem,8A,1,,,234
Death Grip,https://climbing-history.org/climb/5168/death-grip,Boulder problem,"8C
                        (approx)",1,Behind the boulder with Kings of Sonlerto (8A+).,,234
Death Trap,https://climbing-history.org/climb/7228/death-trap,Trad climb,E5,1,E5 5b,,234
Death Trap Direct,https://climbing-history.org/climb/7229/death-trap-direct,Trad climb,E6,1,E6 5c,,234
Death Watch Beetle Drive,https://climbing-history.org/climb/5931/death-watch-beetle-drive,Trad climb,E6,1,,,234
De Battre Mon Coeur s'est Arrêt,https://climbing-history.org/climb/2794/de-battre-mon-coeur-sest-arrêt,Sport route,9a,1,,,234
Déclac,https://climbing-history.org/climb/3077/déclac,Sport route,8c+,1,,,234
Declarative Memory,https://climbing-history.org/climb/4687/declarative-memory,Boulder problem,8B,1,,,234
Deep Blue Sea,https://climbing-history.org/climb/4728/deep-blue-sea,Sport route,7b+,1,,,234
Deep Space Jam,https://climbing-history.org/climb/425/deep-space-jam,Boulder problem,8B,1,,,235
Defying Graffiti,https://climbing-history.org/climb/7109/defying-graffiti,Boulder problem,"9A
                        (approx)",1,Two very hard moves into the rail of In Bloom (7C+) and finishing up Slap Happy (7A).,,235
De Jah Pra Djah,https://climbing-history.org/climb/7559/de-jah-pra-djah,Boulder problem,7C,1,,,235
Delirium Tremens,https://climbing-history.org/climb/7658/delirium-tremens,Sport route,8c,1,,,235
Deltaplane Man Direct,https://climbing-history.org/climb/3882/deltaplane-man-direct,Sport route,8c+,1,,,235
Delusão Da Vodka,https://climbing-history.org/climb/6693/delusão-da-vodka,Boulder problem,8B,1,,,235
Delusion of Grandeur,https://climbing-history.org/climb/6905/delusion-of-grandeur,Boulder problem,8B,1,The closest thing to Euro Roof Low you can get in the south.,,235
Demerara,https://climbing-history.org/climb/3416/demerara,Trad climb,E6,1,One of the highest extreme routes in the UK at ~1182m.,,235
Demi Sec Dame,https://climbing-history.org/climb/5889/demi-sec-dame,Trad climb,E3,1,,,235
Demolition,https://climbing-history.org/climb/6853/demolition,Trad climb,E6,1,,,235
Demonic Arete,https://climbing-history.org/climb/3826/demonic-arete,Trad climb,E1,1,,,235
Demon Rib,https://climbing-history.org/climb/2018/demon-rib,Trad climb,E3,1,A remarkable route for its time.,,235
Demon Wall,https://climbing-history.org/climb/3149/demon-wall,Trad climb,HVS,1,,,235
Demon Wall Roof Left-Hand,https://climbing-history.org/climb/2556/demon-wall-roof-left-hand,Boulder problem,7C,1,,,235
De Nada,https://climbing-history.org/climb/5806/de-nada,Trad climb,E7,1,,,235
Den nakne og havet,https://climbing-history.org/climb/7844/den-nakne-og-havet,Boulder problem,7C,1,,,235
Density,https://climbing-history.org/climb/7494/density,Boulder problem,8B+,1,,,235
Dente de Tubarão,https://climbing-history.org/climb/3925/dente-de-tubarão,Boulder problem,8B,1,,,235
Dente de Tubarão Low,https://climbing-history.org/climb/3926/dente-de-tubarão-low,Boulder problem,8B+,1,,,235
De Picos Pardos,https://climbing-history.org/climb/4750/de-picos-pardos,Sport route,8b,1,,,235
Depth Charge,https://climbing-history.org/climb/6908/depth-charge,Boulder problem,8A,1,Put up by Sam Rothstein at V11 but subsequently been downgraded to V10/11,,236
Dernier Uppercut,https://climbing-history.org/climb/5647/dernier-uppercut,Boulder problem,8B+,1,,,236
Der Rote Baron,https://climbing-history.org/climb/5226/der-rote-baron,Sport route,9a+,1,,,236
Descente Lolita,https://climbing-history.org/climb/45/descente-lolita,Sport route,9a,1,,,236
Desert Island Arete,https://climbing-history.org/climb/4998/desert-island-arete,Trad climb,E6,1,,,236
Desmond Tutu,https://climbing-history.org/climb/5087/desmond-tutu,Sport route,7c+,1,,,236
Desperation,https://climbing-history.org/climb/6057/desperation,Trad climb,E1,1,The start has a 6A+ boulder – tough for 1959!,,236
Des Scènes Bizzares Dans la Mine D'Or,https://climbing-history.org/climb/7690/des-scènes-bizzares-dans-la-mine-dor,Sport route,9a+,1,,,236
Destructive Tendencies,https://climbing-history.org/climb/7025/destructive-tendencies,Trad climb,E7,1,Named by the guidebook editor after first ascensionist James Pearson came in for criticism after snapping a pebble off Smoked Salmon .,,236
Detachment Theory,https://climbing-history.org/climb/3192/detachment-theory,Trad climb,E8,1,,,236
Detectives R3,https://climbing-history.org/climb/4498/detectives-r3,Sport route,9a,1,,,236
Detritus,https://climbing-history.org/climb/5312/detritus,Trad climb,E6,1,,,236
Deux Mauvais Melons,https://climbing-history.org/climb/2508/deux-mauvais-melons,Sport route,8b+,1,"A link up that follows Melancholie to the undercuts before traversing in to I've Been a Bad, Bad Boy and the finishing up Pas de Deux .",,236
De Vine,https://climbing-history.org/climb/2417/de-vine,Sport route,8a,1,,,236
Devolution into Waddage,https://climbing-history.org/climb/1895/devolution-into-waddage,Sport route,8c,1,,,236
Devonshire Arms,https://climbing-history.org/climb/1964/devonshire-arms,Sport route,8b,1,,,236
Dexter,https://climbing-history.org/climb/2932/dexter,Boulder problem,8B,1,,,236
Dharma,https://climbing-history.org/climb/7649/dharma,Sport route,8c+,1,,,236
Diagonal,https://climbing-history.org/climb/8160/diagonal,Boulder problem,8A,1,,,236
Dialetics,https://climbing-history.org/climb/1057/dialetics,Sport route,8a+,1,,,236
Diamond Grit,https://climbing-history.org/climb/7193/diamond-grit,Boulder problem,8B,1,,,237
Diamond in the Ruff,https://climbing-history.org/climb/6045/diamond-in-the-ruff,Sport route,8c,1,,,237
Diamond Life,https://climbing-history.org/climb/4040/diamond-life,Sport route,7c+,1,,,237
Diamond Life,https://climbing-history.org/climb/4105/diamond-life,Trad climb,E7,1,,,237
Diazepam,https://climbing-history.org/climb/4781/diazepam,Sport route,7a,1,,,237
Dick Van Dyke Goes Ballistic,https://climbing-history.org/climb/896/dick-van-dyke-goes-ballistic,Trad climb,E7,1,,,237
Die Another Day,https://climbing-history.org/climb/5200/die-another-day,Trad climb,E6,1,,,237
Dies Irae,https://climbing-history.org/climb/6589/dies-irae,Trad climb,E2,1,,,237
Dies Irae,https://climbing-history.org/climb/6590/dies-irae,Aid Climb,A2,1,,,237
Difficulties be Damned,https://climbing-history.org/climb/7431/difficulties-be-damned,Trad climb,E9,1,"Same as the second pitch of Life, the Universe and Everything but with an easier finish.",,237
Difusão,https://climbing-history.org/climb/6687/difusão,Boulder problem,8B,1,"This climb was originally put up as a V12 but several holds broke, making the V9 stand start into a V11 stand start so there was an upgrade.",,237
Digitale,https://climbing-history.org/climb/6100/digitale,Boulder problem,8A,1,Became harder after loss of holds.,,237
Digital Fire,https://climbing-history.org/climb/5271/digital-fire,Sport route,8c,1,,,237
Digital Populism,https://climbing-history.org/climb/8069/digital-populism,Boulder problem,8B,1,,,237
Dig King Punch,https://climbing-history.org/climb/4573/dig-king-punch,Boulder problem,8B,1,,,237
Dignitas,https://climbing-history.org/climb/8188/dignitas,Trad climb,E8,1,,,237
Dimension Diamante,https://climbing-history.org/climb/4361/dimension-diamante,Sport route,8a+,1,,,237
Dina Crac,https://climbing-history.org/climb/1716/dina-crac,Trad climb,E9,1,,,237
Dinas Bach Crack,https://climbing-history.org/climb/4847/dinas-bach-crack,Trad climb,E6,1,,,237
Direct Hit,https://climbing-history.org/climb/1148/direct-hit,Boulder problem,8C,1,,,237
Direction,https://climbing-history.org/climb/4166/direction,Boulder problem,8B,1,,,238
Directo al Blanco,https://climbing-history.org/climb/6119/directo-al-blanco,Sport route,8c+,1,,,238
Direct Route,https://climbing-history.org/climb/5435/direct-route,Trad climb,VS,1,,,238
Direkterekyl,https://climbing-history.org/climb/7536/direkterekyl,Sport route,8b+,1,,,238
Dire Wolf,https://climbing-history.org/climb/1877/dire-wolf,Boulder problem,8C,1,,,238
Disbelief,https://climbing-history.org/climb/483/disbelief,Sport route,9b,1,,,238
Disco Inferno,https://climbing-history.org/climb/4054/disco-inferno,Boulder problem,8A+,1,,,238
Disney Productions,https://climbing-history.org/climb/6376/disney-productions,Boulder problem,8A+,1,,,238
Disorder,https://climbing-history.org/climb/5819/disorder,Boulder problem,8B+,1,,,238
Distant Early Warning,https://climbing-history.org/climb/6851/distant-early-warning,Trad climb,E6,1,,,238
Distillery,https://climbing-history.org/climb/7059/distillery,Boulder problem,"9A
                        (approx)",1,Distillery is an unclimbed Aidan Roberts project in Yosemite. Adds an extremely powerful 7 move crimp 8C+ into Midstillery (8B+).,,238
Diuru,https://climbing-history.org/climb/3415/diuru,Trad climb,E3,1,,,238
Divine Fury,https://climbing-history.org/climb/5305/divine-fury,Sport route,8c,1,,,238
Doce Veneno,https://climbing-history.org/climb/6688/doce-veneno,Boulder problem,8B,1,,,238
Doctor Direct,https://climbing-history.org/climb/5232/doctor-direct,Boulder problem,7C,1,,,238
Doctor Dolittle,https://climbing-history.org/climb/611/doctor-dolittle,Trad climb,E10,1,[1] https://www.geocities.ws/readza1/climbing/gritlist/grit_e9.html,,238
Doctor Robotics,https://climbing-history.org/climb/7528/doctor-robotics,Boulder problem,7C+,1,,,238
Død Sau,https://climbing-history.org/climb/7695/død-sau,Boulder problem,8B,1,,,238
Dogsbody,https://climbing-history.org/climb/7047/dogsbody,Trad climb,E5,1,,,238
Dog Town,https://climbing-history.org/climb/4096/dog-town,Trad climb,E6,1,,,238
Dolce Vita,https://climbing-history.org/climb/1328/dolce-vita,Sport route,8a+,1,,,239
Dolemite,https://climbing-history.org/climb/5358/dolemite,Boulder problem,7C,1,,,239
Don,https://climbing-history.org/climb/3127/don,Trad climb,E4,1,,,239
Donkey Kong,https://climbing-history.org/climb/461/donkey-kong,Sport route,8a+,1,,,239
Don Pedro,https://climbing-history.org/climb/2232/don-pedro,Sport route,8c+,1,,,239
Don Quixote,https://climbing-history.org/climb/2292/don-quixote,Trad climb,E2,1,,,239
Don's Crack,https://climbing-history.org/climb/8353/dons-crack,Trad climb,HVS,1,,,239
Don't Fear the Reaper,https://climbing-history.org/climb/6448/dont-fear-the-reaper,Boulder problem,8C,1,,,239
Don't Look Up,https://climbing-history.org/climb/1821/dont-look-up,Boulder problem,8B+,1,,,239
Don't Slip,https://climbing-history.org/climb/3929/dont-slip,Trad climb,E5,1,,,239
Doomscrolling,https://climbing-history.org/climb/8097/doomscrolling,Sport route,8c+,1,,,239
Do or Dai,https://climbing-history.org/climb/4014/do-or-dai,Trad climb,E7,1,,,239
Doping,https://climbing-history.org/climb/7162/doping,Sport route,8a+,1,,,239
Do the Lambrini,https://climbing-history.org/climb/386/do-the-lambrini,Boulder problem,7B,1,,,239
Double Clutch,https://climbing-history.org/climb/988/double-clutch,Boulder problem,6B,1,,,239
Double Helix,https://climbing-history.org/climb/7574/double-helix,Sport route,8b+,1,,,239
Double Take,https://climbing-history.org/climb/5849/double-take,Trad climb,E6,1,,,239
Double Trouble,https://climbing-history.org/climb/4613/double-trouble,Boulder problem,8B,1,,,239
Döv För en Dag,https://climbing-history.org/climb/6209/döv-för-en-dag,Trad climb,E7,1,"Sweden
E grade approx",,239
Downhill Racer Direct,https://climbing-history.org/climb/858/downhill-racer-direct,Boulder problem,7A+,1,,,239
D+P combo,https://climbing-history.org/climb/7759/d+p-combo,Boulder problem,8A+,1,,,240
Dragonhead,https://climbing-history.org/climb/5992/dragonhead,Trad climb,E6,1,,,240
Dr. Bigglesworth,https://climbing-history.org/climb/5893/dr.-bigglesworth,Boulder problem,7C+,1,,,240
Dreadnought,https://climbing-history.org/climb/6863/dreadnought,Boulder problem,8B+,1,,,240
Dreadnought,https://climbing-history.org/climb/915/dreadnought,Trad climb,E7,1,,,240
Dream Shadow,https://climbing-history.org/climb/5999/dream-shadow,Trad climb,E6,1,,,240
Dreams Never End,https://climbing-history.org/climb/5478/dreams-never-end,Boulder problem,8C,1,,,240
Dream The Dhearg Goch,https://climbing-history.org/climb/3233/dream-the-dhearg-goch,Trad climb,E6,1,,,240
Dr. Evil,https://climbing-history.org/climb/8303/dr.-evil,Sport route,8b+,1,Second Washington 5.14?,,240
Dr. Grizzly Superdirect,https://climbing-history.org/climb/3033/dr.-grizzly-superdirect,Boulder problem,8A,1,,,240
Drifter's Escape,https://climbing-history.org/climb/7079/drifters-escape,Trad climb,E12,1,,,240
Druid,https://climbing-history.org/climb/5242/druid,Boulder problem,8B,1,,,240
Drydock sit,https://climbing-history.org/climb/4631/drydock-sit,Boulder problem,8B,1,"USA
Variation of Full Throttle",,240
Dry Gasp,https://climbing-history.org/climb/5442/dry-gasp,Trad climb,E4,1,,,240
Dual Mission,https://climbing-history.org/climb/6116/dual-mission,Boulder problem,8B+,1,,,240
Dubbelsemlan,https://climbing-history.org/climb/7810/dubbelsemlan,Boulder problem,8B,1,,,240
Duel (direct),https://climbing-history.org/climb/5568/duel-(direct),Boulder problem,8A+,1,"Without the high holds on the right.
Broken foot hold (November 2004).",,240
Duele la Realidad,https://climbing-history.org/climb/7908/duele-la-realidad,Sport route,8c+,1,,,240
Dugong,https://climbing-history.org/climb/7416/dugong,Boulder problem,8A+,1,,,240
Dumb and Dumber,https://climbing-history.org/climb/4310/dumb-and-dumber,Trad climb,E7,1,,,240
Dun Briste,https://climbing-history.org/climb/4320/dun-briste,Trad climb,E8,1,,,241
Durin's Day,https://climbing-history.org/climb/6523/durins-day,Boulder problem,"8B
                        (approx)",1,,,241
Duroi,https://climbing-history.org/climb/8064/duroi,Sport route,8b+,1,,,241
Dusk,https://climbing-history.org/climb/5192/dusk,Boulder problem,8B+,1,,,241
Dusk Till Dawn,https://climbing-history.org/climb/8134/dusk-till-dawn,Trad climb,E7,1,,,241
Dvergtrollet L2,https://climbing-history.org/climb/8215/dvergtrollet-l2,Sport route,8b,1,,,241
Dyer Straits,https://climbing-history.org/climb/2925/dyer-straits,Trad climb,E8,1,"Superseded by The Walk of Life , James Pearson's straightening of the line which he climbed after removing the pegs from this line.",,241
Dynomight,https://climbing-history.org/climb/7003/dynomight,Trad climb,E7,1,,,241
Dystopia,https://climbing-history.org/climb/1112/dystopia,Boulder problem,8C,1,A harder start in to Dicktopia .,,241
Eagle's Way,https://climbing-history.org/climb/8344/eagles-way,Aid Climb,A3,1,,,241
Earl Buttress,https://climbing-history.org/climb/4993/earl-buttress,Trad climb,E2,1,,,241
Early Riser,https://climbing-history.org/climb/6173/early-riser,Trad climb,E5,1,,,241
Earn Your Stripes,https://climbing-history.org/climb/1445/earn-your-stripes,Boulder problem,8A,1,,,241
Earthboots,https://climbing-history.org/climb/5578/earthboots,Trad climb,E6,1,,,241
Earth Rim Roamer II,https://climbing-history.org/climb/6638/earth-rim-roamer-ii,Trad climb,E4,1,"When established this climbed a finger crack on the right hand edge of the slab, however with some geological movement this became a hand crack and finally a pile of rubble on the beach.",,241
East Buttress,https://climbing-history.org/climb/5715/east-buttress,Trad climb,E3,1,,,241
East Enders,https://climbing-history.org/climb/6627/east-enders,Trad climb,E5,1,,,241
Eastern Hammer,https://climbing-history.org/climb/4906/eastern-hammer,Trad climb,E3,1,,,241
East Face of the Plectrum,https://climbing-history.org/climb/6093/east-face-of-the-plectrum,Trad climb,E8,1,,,241
Easy Listening,https://climbing-history.org/climb/6030/easy-listening,Trad climb,E5,1,Fist crack testpiece,,241
Eat the Rich,https://climbing-history.org/climb/1047/eat-the-rich,Sport route,7c,1,,,242
Eazy Street,https://climbing-history.org/climb/6305/eazy-street,Sport route,9a+,1,,,242
Eclipse,https://climbing-history.org/climb/6774/eclipse,Trad climb,E6,1,,,242
Eclipse,https://climbing-history.org/climb/5538/eclipse,Trad climb,E7,1,,,242
Eclipse,https://climbing-history.org/climb/7378/eclipse,Trad climb,E4,1,,,242
Edale Bobby,https://climbing-history.org/climb/5725/edale-bobby,Trad climb,E5,1,,,242
Edgehog,https://climbing-history.org/climb/4876/edgehog,Trad climb,E3,1,,,242
Edge of Extinction,https://climbing-history.org/climb/4216/edge-of-extinction,Trad climb,E6,1,,,242
Edge of Tomorrow,https://climbing-history.org/climb/6076/edge-of-tomorrow,Boulder problem,8B,1,,,242
Egyptian Nights,https://climbing-history.org/climb/2790/egyptian-nights,Sport route,8c+,1,,,242
Eigerdosis,https://climbing-history.org/climb/2697/eigerdosis,Trad climb,E10,1,"The route is technically a second pitch, as it starts from a belay mid-way up the wall.",,242
Ei Tippa Tapa,https://climbing-history.org/climb/1441/ei-tippa-tapa,Deep water solo,8c,1,,,242
Ekel,https://climbing-history.org/climb/2071/ekel,Sport route,7c+,1,The first IX+ in Germany.,,242
El Arte de Levitar,https://climbing-history.org/climb/4731/el-arte-de-levitar,Sport route,8c,1,,,242
El Boulder del Pedal,https://climbing-history.org/climb/2430/el-boulder-del-pedal,Trad climb,E10,1,,,242
El Capataz Incapaz,https://climbing-history.org/climb/781/el-capataz-incapaz,Sport route,8a,1,,,242
El Corredor De La Muerte,https://climbing-history.org/climb/5299/el-corredor-de-la-muerte,Sport route,8a,1,,,242
El Diablo,https://climbing-history.org/climb/7945/el-diablo,Boulder problem,8C,1,,,242
El Dorado,https://climbing-history.org/climb/7366/el-dorado,Sport route,9a,1,,,242
El Dorado,https://climbing-history.org/climb/5066/el-dorado,Boulder problem,8A+,1,,,242
El Dorado Sit,https://climbing-history.org/climb/5054/el-dorado-sit,Boulder problem,8C,1,The first 8C in Sintra.,,243
Electric Eel,https://climbing-history.org/climb/8094/electric-eel,Boulder problem,8B,1,,,243
Elektrischer Sturm in der Hölle,https://climbing-history.org/climb/5621/elektrischer-sturm-in-der-hölle,Sport route,8a,1,,,243
Elektrolyte,https://climbing-history.org/climb/8338/elektrolyte,Boulder problem,8B,1,,,243
Elemental,https://climbing-history.org/climb/4670/elemental,Boulder problem,8B+,1,Direct Finish to El Elegido .,,243
Elemental,https://climbing-history.org/climb/2201/elemental,Boulder problem,8B,1,,,243
El Gran Blau,https://climbing-history.org/climb/6344/el-gran-blau,Sport route,8b+,1,,,243
El Gran Cabrón,https://climbing-history.org/climb/4716/el-gran-cabrón,Sport route,9b,1,"The first 9b in China, and the hardest route in China at the time it was established.",,243
El Gran Cabrón izquierda,https://climbing-history.org/climb/7934/el-gran-cabrón-izquierda,Sport route,"9b+
                        (approx)",1,,,243
Elite Syncopations,https://climbing-history.org/climb/1890/elite-syncopations,Sport route,8a,1,,,243
El Koala R1,https://climbing-history.org/climb/4758/el-koala-r1,Sport route,8b,1,,,243
E.L.L.I.E,https://climbing-history.org/climb/3273/e.l.l.i.e,Sport route,9b,1,"The name is an acronym of every lesson learnt is an evolution , which is also the name of first ascentionist Tom Bolger's dog.",,243
El Maquinista,https://climbing-history.org/climb/2853/el-maquinista,Sport route,9a+,1,,,243
El Matador,https://climbing-history.org/climb/3635/el-matador,Trad climb,E3,1,,,243
El Món de Sofía,https://climbing-history.org/climb/1226/el-món-de-sofía,Sport route,8b+,1,,,243
El Ovni,https://climbing-history.org/climb/4268/el-ovni,Boulder problem,8B,1,,,243
El Proyecto de Tu Vida,https://climbing-history.org/climb/2545/el-proyecto-de-tu-vida,Boulder problem,8C,1,,,243
El Rompebragas,https://climbing-history.org/climb/369/el-rompebragas,Sport route,8a,1,,,243
El Roser del meu Carrer,https://climbing-history.org/climb/4510/el-roser-del-meu-carrer,Sport route,8b+,1,,,243
El Sith Elegido,https://climbing-history.org/climb/2954/el-sith-elegido,Boulder problem,8C,1,,,243
El Subnormal del Antihydral R2,https://climbing-history.org/climb/4482/el-subnormal-del-antihydral-r2,Sport route,9a+,1,,,244
El Tambalea,https://climbing-history.org/climb/4512/el-tambalea,Sport route,8b+,1,,,244
El Tony,https://climbing-history.org/climb/8351/el-tony,Boulder problem,8B+,1,,,244
El Trabucazo,https://climbing-history.org/climb/4624/el-trabucazo,Sport route,9a,1,,,244
El Vino Collapso,https://climbing-history.org/climb/5963/el-vino-collapso,Trad climb,E5,1,,,244
Elvis,https://climbing-history.org/climb/3574/elvis,Trad climb,E3,1,,,244
El Zapatistas,https://climbing-history.org/climb/1459/el-zapatistas,Sport route,8b,1,,,244
Emasculator,https://climbing-history.org/climb/1752/emasculator,Boulder problem,8B+,1,,,244
Embankment 3,https://climbing-history.org/climb/3131/embankment-3,Trad climb,E3,1,,,244
Emil Fischer,https://climbing-history.org/climb/4833/emil-fischer,Boulder problem,7C,1,Named after the Nobel prize winning chemist Emil Fishcer .,,244
Emovoros,https://climbing-history.org/climb/6681/emovoros,Sport route,8a+,1,,,244
Empire of the Sun,https://climbing-history.org/climb/5900/empire-of-the-sun,Trad climb,E6,1,The original trad route.,,244
Emulator,https://climbing-history.org/climb/5673/emulator,Trad climb,E1,1,,,244
Enchantress,https://climbing-history.org/climb/284/enchantress,Boulder problem,7C,1,,,244
Encore,https://climbing-history.org/climb/5331/encore,Trad climb,E2,1,,,244
Endangered Species,https://climbing-history.org/climb/4745/endangered-species,Boulder problem,8A+,1,,,244
Endeavour,https://climbing-history.org/climb/81/endeavour,Sport route,8c,1,,,244
Endless,https://climbing-history.org/climb/6443/endless,Trad climb,E7,1,,,244
Endless Flight Direct,https://climbing-history.org/climb/2363/endless-flight-direct,Trad climb,E8,1,,,244
Endless Nameless,https://climbing-history.org/climb/1617/endless-nameless,Boulder problem,8B,1,,,244
Endless Torque,https://climbing-history.org/climb/6429/endless-torque,Boulder problem,8A+,1,,,245
Endless Torque Sit Start,https://climbing-history.org/climb/6430/endless-torque-sit-start,Boulder problem,8B,1,,,245
End My Pain,https://climbing-history.org/climb/7965/end-my-pain,Boulder problem,8C,1,,,245
End of Story,https://climbing-history.org/climb/2988/end-of-story,Sport route,8c+,1,"Effectively an alternate, left hand finish to The Never Ending Story (Part 1+2+3) .",,245
Endspurt Kombi,https://climbing-history.org/climb/7581/endspurt-kombi,Sport route,8b,1,,,245
Enemy Anemone,https://climbing-history.org/climb/2394/enemy-anemone,Boulder problem,8B,1,,,245
En Este Luz Te Ves Como Poseidon,https://climbing-history.org/climb/8009/en-este-luz-te-ves-como-poseidon,Sport route,9a,1,,,245
Enfant Terrible,https://climbing-history.org/climb/6034/enfant-terrible,Trad climb,E5,1,"Grade 23, bold",,245
Enjoy the Silence,https://climbing-history.org/climb/8206/enjoy-the-silence,Boulder problem,8B+,1,Named after the song by Depeche Mode .,,245
En pärla åt svinen,https://climbing-history.org/climb/7795/en-pärla-åt-svinen,Sport route,8c,1,,,245
Entre les Règles,https://climbing-history.org/climb/4747/entre-les-règles,Sport route,8a+,1,,,245
Entrez dans la Légend,https://climbing-history.org/climb/4600/entrez-dans-la-légend,Trad climb,E7,1,,,245
Entropy’s Jaw,https://climbing-history.org/climb/6300/entropy’s-jaw,Trad climb,E5,1,,,245
Envie d’Ailes,https://climbing-history.org/climb/7986/envie-d’ailes,Boulder problem,7C,1,,,245
Equipoise,https://climbing-history.org/climb/6139/equipoise,Trad climb,E5,1,,,245
Eris,https://climbing-history.org/climb/8275/eris,Sport route,8c,1,,,245
Eris,https://climbing-history.org/climb/7970/eris,Boulder problem,8B,1,Start up Chaos and continue right to finish up Superpower.,,245
Erntezeit,https://climbing-history.org/climb/3746/erntezeit,Sport route,8c,1,,,245
Erromako Zubia,https://climbing-history.org/climb/6649/erromako-zubia,Boulder problem,8B,1,,,245
Eskape Artist,https://climbing-history.org/climb/5984/eskape-artist,Trad climb,E7,1,,,245
Eskimo Kiss,https://climbing-history.org/climb/7001/eskimo-kiss,Trad climb,E7,1,,,246
Espacio Oceano,https://climbing-history.org/climb/398/espacio-oceano,Sport route,8c+,1,,,246
Estate Means Summer,https://climbing-history.org/climb/8211/estate-means-summer,Boulder problem,"8C
                        (approx)",1,,,246
Et Dieu Créa Houellebecq,https://climbing-history.org/climb/3349/et-dieu-créa-houellebecq,Sport route,8a,1,,,246
Ethelreda's Pinnacle Route 1,https://climbing-history.org/climb/5658/ethelredas-pinnacle-route-1,Trad climb,"VS
                        (approx)",1,Chalk. Fell down in 2001.,,246
Euclase,https://climbing-history.org/climb/1898/euclase,Boulder problem,8C+,1,,,246
Eulogy,https://climbing-history.org/climb/7334/eulogy,Sport route,8a,1,,,246
Europe After Rain,https://climbing-history.org/climb/6505/europe-after-rain,Boulder problem,7A,1,,,246
Eurothing,https://climbing-history.org/climb/5160/eurothing,Sport route,7c,1,,,246
EVA,https://climbing-history.org/climb/5084/eva,Boulder problem,7C,1,,,246
Even Dwarfs Started Small,https://climbing-history.org/climb/8138/even-dwarfs-started-small,Sport route,7c+,1,First 28 (7c+) in New Zealand,,246
Event Horizon,https://climbing-history.org/climb/1920/event-horizon,Sport route,9b,1,,,246
Everythings Gone Green,https://climbing-history.org/climb/8196/everythings-gone-green,Boulder problem,7C+,1,,,246
Evilution,https://climbing-history.org/climb/3052/evilution,Boulder problem,8A+,1,,,246
Evilution to the Lip,https://climbing-history.org/climb/3074/evilution-to-the-lip,Boulder problem,7C+,1,,,246
Excalibur,https://climbing-history.org/climb/928/excalibur,Sport route,8c+,1,,,246
Excalibur Low Start,https://climbing-history.org/climb/4802/excalibur-low-start,Sport route,"9c+
                        (approx)",1,Adds an 8B+ boulder straight into the start of Excalibur .,,246
Excalibur Sit,https://climbing-history.org/climb/4443/excalibur-sit,Boulder problem,8B,1,,,246
Excelsior,https://climbing-history.org/climb/2119/excelsior,Sport route,9a+,1,,,246
Exclamation Mark,https://climbing-history.org/climb/605/exclamation-mark,Trad climb,E9,1,What do you get when you straighten out a Question Mark ?,,246
Exorcise,https://climbing-history.org/climb/6683/exorcise,Sport route,7b,1,,,247
Exorcist – Short,https://climbing-history.org/climb/5836/exorcist-–-short,Boulder problem,8A,1,,,247
Expire,https://climbing-history.org/climb/7700/expire,Boulder problem,8B+,1,,,247
Explosion Direct (assis),https://climbing-history.org/climb/7133/explosion-direct-(assis),Boulder problem,8B+,1,,,247
Exponential Exhaustion,https://climbing-history.org/climb/2042/exponential-exhaustion,Trad climb,E7,1,,,247
Extended Evil,https://climbing-history.org/climb/8301/extended-evil,Sport route,8b+,1,,,247
Extradition,https://climbing-history.org/climb/7198/extradition,Boulder problem,8A,1,"UKC logbook, 2020:",,247
Eyes Wide Shut,https://climbing-history.org/climb/8129/eyes-wide-shut,Trad climb,E8,1,"Bolted by Mark Pretty around 2015, Joe Heeley removed the bolts when he realised it would work as a trad line.",,247
Face Route,https://climbing-history.org/climb/1419/face-route,Trad climb,E3,1,,,247
Fairer Times,https://climbing-history.org/climb/5598/fairer-times,Boulder problem,7B+,1,Roch aux Sabots,,247
Fair Weather Friend,https://climbing-history.org/climb/4698/fair-weather-friend,Boulder problem,8B+,1,,,247
Faith,https://climbing-history.org/climb/5310/faith,Trad climb,E7,1,,,247
Fallen Angel,https://climbing-history.org/climb/3485/fallen-angel,Boulder problem,8B+,1,,,247
Fame at Last,https://climbing-history.org/climb/6781/fame-at-last,Trad climb,HVS,1,,,247
Family Man,https://climbing-history.org/climb/4917/family-man,Trad climb,E10,1,"Skaha Bluffs, British Colombia, Canada",,247
Fanning a Twister,https://climbing-history.org/climb/7917/fanning-a-twister,Sport route,8b+,1,,,247
Fantasia,https://climbing-history.org/climb/2541/fantasia,Sport route,9b,1,,,247
Fantasy Land,https://climbing-history.org/climb/6334/fantasy-land,Trad climb,E5,1,,,247
Fantazija,https://climbing-history.org/climb/2770/fantazija,Sport route,9a+,1,,,247
Farewell to Arms,https://climbing-history.org/climb/2147/farewell-to-arms,Trad climb,E8,1,,,247
Farewell to Stone,https://climbing-history.org/climb/4097/farewell-to-stone,Trad climb,E5,1,Named after the late Ed Stone .,,248
Farikaeruna,https://climbing-history.org/climb/7398/farikaeruna,Sport route,8a,1,,,248
Fascination Street,https://climbing-history.org/climb/7021/fascination-street,Trad climb,E7,1,,,248
Fascist Groove Thang,https://climbing-history.org/climb/5221/fascist-groove-thang,Trad climb,E7,1,,,248
Faster and More Furious,https://climbing-history.org/climb/2950/faster-and-more-furious,Sport route,9a+,1,,,248
Father Figure,https://climbing-history.org/climb/987/father-figure,Sport route,7c+,1,,,248
Fathoms,https://climbing-history.org/climb/2023/fathoms,Deep water solo,6b,1,,,248
Fat Man's Chimney,https://climbing-history.org/climb/8238/fat-mans-chimney,Trad climb,D,1,,,248
Fat Slapper,https://climbing-history.org/climb/908/fat-slapper,Trad climb,E7,1,,,248
Fay,https://climbing-history.org/climb/3712/fay,Trad climb,E4,1,,,248
Fear of Success,https://climbing-history.org/climb/6297/fear-of-success,Boulder problem,8B+,1,,,248
Feet Neet,https://climbing-history.org/climb/5993/feet-neet,Trad climb,E5,1,,,248
Fell in Love,https://climbing-history.org/climb/8253/fell-in-love,Boulder problem,8B,1,,,248
Fell in Love sit,https://climbing-history.org/climb/8248/fell-in-love-sit,Boulder problem,8C,1,,,248
Fenrir,https://climbing-history.org/climb/7513/fenrir,Sport route,7c+,1,Possible at 7a+ with a short aid section on the second pitch.,,248
Ferdinand,https://climbing-history.org/climb/8197/ferdinand,Trad climb,E2,1,,,248
Ferryboat Highway,https://climbing-history.org/climb/3640/ferryboat-highway,Trad climb,HVS,1,,,248
Fessura Kosterlitz,https://climbing-history.org/climb/7490/fessura-kosterlitz,Boulder problem,6B,1,,,248
Feta Kake,https://climbing-history.org/climb/8317/feta-kake,Trad climb,E8,1,,,248
Fetutxini,https://climbing-history.org/climb/5476/fetutxini,Sport route,8b+,1,,,248
Fever Dream,https://climbing-history.org/climb/6872/fever-dream,Sport route,8c,1,,,249
Ffydd,https://climbing-history.org/climb/7189/ffydd,Trad climb,E7,1,,,249
Fiager Extension,https://climbing-history.org/climb/4199/fiager-extension,Sport route,8a+,1,,,249
Fiddler in the Roof,https://climbing-history.org/climb/5978/fiddler-in-the-roof,Trad climb,E5,1,,,249
Fiddler on the Dole,https://climbing-history.org/climb/1477/fiddler-on-the-dole,Trad climb,E1,1,,,249
Fidget,https://climbing-history.org/climb/5975/fidget,Boulder problem,6C,1,,,249
Fight Club,https://climbing-history.org/climb/7833/fight-club,Trad climb,E8,1,,,249
Fight the Feeling,https://climbing-history.org/climb/3790/fight-the-feeling,Sport route,9a,1,,,249
Final Curtain,https://climbing-history.org/climb/7069/final-curtain,Trad climb,E6,1,,,249
Final Destination,https://climbing-history.org/climb/954/final-destination,Trad climb,E8,1,,,249
Finales Funkeln,https://climbing-history.org/climb/6461/finales-funkeln,Boulder problem,8B,1,,,249
Final Score,https://climbing-history.org/climb/614/final-score,Trad climb,E10,1,,,249
Fine Beta,https://climbing-history.org/climb/972/fine-beta,Boulder problem,7C,1,,,249
Fine di un’Epoca,https://climbing-history.org/climb/7840/fine-di-un’epoca,Sport route,8b,1,,,249
Finest Pedigree,https://climbing-history.org/climb/801/finest-pedigree,Traverse,9a+,1,"A low, hard finish to Pedigree Chum . Said to add an ~8A boulder on top of the 8c+ you've already done to get there.",,249
Firecracker,https://climbing-history.org/climb/7007/firecracker,Trad climb,E7,1,,,249
Fire in the Rain,https://climbing-history.org/climb/4480/fire-in-the-rain,Boulder problem,8B+,1,,,249
Fire Power,https://climbing-history.org/climb/3329/fire-power,Sport route,8b,1,,,249
Firestarter,https://climbing-history.org/climb/2393/firestarter,Boulder problem,8B+,1,,,249
First and Last and Always,https://climbing-history.org/climb/6810/first-and-last-and-always,Trad climb,E7,1,,,249
First Flight,https://climbing-history.org/climb/3887/first-flight,Sport route,8c+,1,,,250
Fish Fingers,https://climbing-history.org/climb/4829/fish-fingers,Trad climb,E7,1,,,250
Five Year Plan,https://climbing-history.org/climb/6108/five-year-plan,Trad climb,E8,1,,,250
Fixation,https://climbing-history.org/climb/1443/fixation,Sport route,8c+,1,Bolted by Neil Gresham in 2017.,,250
Flake Crack,https://climbing-history.org/climb/7547/flake-crack,Trad climb,HVS,1,,,250
Flaky Wall,https://climbing-history.org/climb/3928/flaky-wall,Trad climb,E4,1,"The flake was pretty friable when the first ascent was made and bits kept snapping off as further ascents were made and points of aid removed, so the line was jokingly renamed each time some aid was removed.",,250
Flammen Inuti,https://climbing-history.org/climb/7644/flammen-inuti,Sport route,9a,1,,,250
Flash Dance,https://climbing-history.org/climb/1019/flash-dance,Trad climb,E5,1,,,250
Flatworld,https://climbing-history.org/climb/5814/flatworld,Boulder problem,7C,1,,,250
Flawless,https://climbing-history.org/climb/5534/flawless,Trad climb,E7,1,,,250
Flawless,https://climbing-history.org/climb/1309/flawless,Trad climb,E8,1,,,250
Flesh,https://climbing-history.org/climb/3575/flesh,Trad climb,E5,1,,,250
Flex,https://climbing-history.org/climb/5997/flex,Trad climb,E6,1,,,250
Flickering Images,https://climbing-history.org/climb/5532/flickering-images,Trad climb,E6,1,,,250
Flick of the Wrist,https://climbing-history.org/climb/1830/flick-of-the-wrist,Boulder problem,7C+,1,,,250
Flight of Ideas,https://climbing-history.org/climb/897/flight-of-ideas,Trad climb,E6,1,,,250
Flirting With Your Sister,https://climbing-history.org/climb/5517/flirting-with-your-sister,Boulder problem,8B,1,,,250
Flix Flax,https://climbing-history.org/climb/321/flix-flax,Sport route,8a+,1,,,250
Flock Talk,https://climbing-history.org/climb/4315/flock-talk,Trad climb,E8,1,,,250
Flor de Papel,https://climbing-history.org/climb/3492/flor-de-papel,Sport route,8c,1,,,250
Florida,https://climbing-history.org/climb/401/florida,Sport route,8c,1,,,251
Flotsam and Jetsam,https://climbing-history.org/climb/7627/flotsam-and-jetsam,Trad climb,E7,1,,,251
Flow,https://climbing-history.org/climb/329/flow,Sport route,8a+,1,,,251
Flower of Sulphur,https://climbing-history.org/climb/7712/flower-of-sulphur,Boulder problem,8C+,1,[1] A look at the holds https://www.youtube.com/watch?v=FCztjlTTp1I,,251
Flux for Life,https://climbing-history.org/climb/7425/flux-for-life,Boulder problem,8B,1,,,251
Fly Agaric,https://climbing-history.org/climb/1483/fly-agaric,Trad climb,E8,1,,,251
Fly and Cry Left Sit,https://climbing-history.org/climb/7784/fly-and-cry-left-sit,Boulder problem,8B,1,,,251
Flying Marcel,https://climbing-history.org/climb/568/flying-marcel,Boulder problem,8A,1,,,251
Flying the Colours,https://climbing-history.org/climb/5925/flying-the-colours,Trad climb,E5,1,,,251
Focus Pocus,https://climbing-history.org/climb/7691/focus-pocus,Sport route,9a,1,,,251
Follow the Prof,https://climbing-history.org/climb/5751/follow-the-prof,Sport route,7c+,1,,,251
Fomo,https://climbing-history.org/climb/7623/fomo,Trad climb,E7,1,,,251
Font Blues,https://climbing-history.org/climb/753/font-blues,Boulder problem,8B,1,A link in to Don't Pierdol .,,251
"Foolish, Ghoulish","https://climbing-history.org/climb/5941/foolish,-ghoulish",Trad climb,E5,1,,,251
Fora del Forat,https://climbing-history.org/climb/7542/fora-del-forat,Sport route,8c,1,,,251
Forbidden Planet,https://climbing-history.org/climb/5957/forbidden-planet,Trad climb,E5,1,,,251
Forever Endeavor,https://climbing-history.org/climb/3446/forever-endeavor,Boulder problem,8C,1,,,251
Forge,https://climbing-history.org/climb/5607/forge,Trad climb,E5,1,"E5 5c slab, 100m. See first picture in linked IG post: the line climbs a huge blank slab to the left of the climbers, before continuing with sustained climbing up the face, with a second crux on the third pitch. [1]",,251
Forget About Life for a While,https://climbing-history.org/climb/4175/forget-about-life-for-a-while,Boulder problem,8A+,1,,,251
Forgotten Lands,https://climbing-history.org/climb/5403/forgotten-lands,Boulder problem,8B+,1,,,251
Fortunadrago,https://climbing-history.org/climb/7481/fortunadrago,Boulder problem,8B,1,,,252
Fotofobia,https://climbing-history.org/climb/3228/fotofobia,Boulder problem,8A+,1,,,252
Four Door Dostoyevsky,https://climbing-history.org/climb/7051/four-door-dostoyevsky,Sport route,8a+,1,,,252
Fourier's Proof,https://climbing-history.org/climb/6410/fouriers-proof,Boulder problem,8B+,1,,,252
Fox and Hound Sit,https://climbing-history.org/climb/6601/fox-and-hound-sit,Boulder problem,8C,1,,,252
Fox-Like Creature,https://climbing-history.org/climb/7601/fox-like-creature,Sport route,9a+,1,,,252
Franchard Le Cuisinier,https://climbing-history.org/climb/7226/franchard-le-cuisinier,Boulder problem,8B,1,,,252
Frankenpranken,https://climbing-history.org/climb/8061/frankenpranken,Boulder problem,8B,1,,,252
Frankenschelle,https://climbing-history.org/climb/8062/frankenschelle,Boulder problem,8B+,1,,,252
Frankenstein,https://climbing-history.org/climb/2537/frankenstein,Sport route,8c+,1,,,252
Frankie's Funk,https://climbing-history.org/climb/8063/frankies-funk,Sport route,8b+,1,,,252
Franske følelser møter spansk rapsody i norsk vinterlandskap,https://climbing-history.org/climb/4610/franske-følelser-møter-spansk-rapsody-i-norsk-vinterlandskap,Boulder problem,8B,1,,,252
Fräulein,https://climbing-history.org/climb/8127/fräulein,Trad climb,E9,1,,,252
Frayed Ends of Sanity,https://climbing-history.org/climb/3774/frayed-ends-of-sanity,Trad climb,E8,1,,,252
Freakshow (pre-break),https://climbing-history.org/climb/7065/freakshow-(pre-break),Boulder problem,8B+,1,A key hold broke off after the first ascent changing the difficulty.,,252
Freaky Ralph,https://climbing-history.org/climb/5342/freaky-ralph,Sport route,8a+,1,,,252
Freddie's Finale,https://climbing-history.org/climb/5850/freddies-finale,Trad climb,HVS,1,,,252
Fred Zinnerman,https://climbing-history.org/climb/4070/fred-zinnerman,Trad climb,E6,1,,,252
Fred Zinnerman (with bolt),https://climbing-history.org/climb/4078/fred-zinnerman-(with-bolt),Trad climb,E4,1,,,252
Free at Last,https://climbing-history.org/climb/4248/free-at-last,Sport route,8b,1,,,252
Free in a Box,https://climbing-history.org/climb/7782/free-in-a-box,Boulder problem,8B,1,,,253
Free Your Mind,https://climbing-history.org/climb/7516/free-your-mind,Boulder problem,8B,1,,,253
French Gangster,https://climbing-history.org/climb/7805/french-gangster,Sport route,8c,1,,,253
Frenesí,https://climbing-history.org/climb/1071/frenesí,Sport route,9a,1,,,253
Frensis Direct,https://climbing-history.org/climb/4066/frensis-direct,Trad climb,E1,1,,,253
Friends Will be Friends,https://climbing-history.org/climb/891/friends-will-be-friends,Trad climb,E6,1,,,253
From Dark Sakai to Sunshine,https://climbing-history.org/climb/7909/from-dark-sakai-to-sunshine,Boulder problem,8B+,1,,,253
From the Shadow,https://climbing-history.org/climb/6976/from-the-shadow,Trad climb,E7,1,,,253
Frostbite,https://climbing-history.org/climb/7566/frostbite,Sport route,9a,1,,,253
Fruit of the Gloom,https://climbing-history.org/climb/2568/fruit-of-the-gloom,Trad climb,E6,1,Rockfax:,,253
FTW,https://climbing-history.org/climb/7954/ftw,Boulder problem,8A,1,The first 8A boulder problem in Sweden.,,253
Fuerte a Muerte,https://climbing-history.org/climb/2529/fuerte-a-muerte,Boulder problem,7C+,1,,,253
Fuglesang,https://climbing-history.org/climb/4705/fuglesang,Sport route,9a,1,,,253
Fugu,https://climbing-history.org/climb/3495/fugu,Sport route,9a,1,,,253
Fuji,https://climbing-history.org/climb/6068/fuji,Sport route,7a+,1,,,253
Full Empire,https://climbing-history.org/climb/458/full-empire,Sport route,8c,1,,,253
Full Gem,https://climbing-history.org/climb/7028/full-gem,Boulder problem,8C+,1,,,253
Full spectrum,https://climbing-history.org/climb/7760/full-spectrum,Boulder problem,8B,1,,,253
Full Tilt,https://climbing-history.org/climb/6307/full-tilt,Sport route,8b+,1,,,253
Fun de Chichunne,https://climbing-history.org/climb/2219/fun-de-chichunne,Sport route,8a,1,,,253
Funky Shit,https://climbing-history.org/climb/5103/funky-shit,Sport route,8a,1,,,254
Fuori Tempo,https://climbing-history.org/climb/8112/fuori-tempo,Boulder problem,8B,1,,,254
Futurama,https://climbing-history.org/climb/4997/futurama,Sport route,8c+,1,,,254
Gaia,https://climbing-history.org/climb/7737/gaia,Boulder problem,8B,1,,,254
Gaïa,https://climbing-history.org/climb/2868/gaïa,Boulder problem,7C+,1,,,254
Gaïa Accroupi,https://climbing-history.org/climb/7412/gaïa-accroupi,Boulder problem,8A+,1,,,254
Gaïa (assis),https://climbing-history.org/climb/4380/gaïa-(assis),Boulder problem,8B,1,,,254
Galaxy,https://climbing-history.org/climb/3296/galaxy,Sport route,8c+,1,,,254
Gambit,https://climbing-history.org/climb/2769/gambit,Sport route,8c+,1,,,254
Gambit Climb,https://climbing-history.org/climb/8245/gambit-climb,Trad climb,S,1,,,254
Game of Shadows,https://climbing-history.org/climb/7758/game-of-shadows,Boulder problem,8B,1,,,254
Gammel ørn sitt,https://climbing-history.org/climb/7619/gammel-ørn-sitt,Boulder problem,8B+,1,,,254
Ganesh,https://climbing-history.org/climb/1777/ganesh,Boulder problem,8C+,1,,,254
Ganesha,https://climbing-history.org/climb/2235/ganesha,Sport route,8c,1,,,254
Ganymede Takeover SDS,https://climbing-history.org/climb/1880/ganymede-takeover-sds,Boulder problem,8B,1,,,254
Gates of Mordor,https://climbing-history.org/climb/2337/gates-of-mordor,Trad climb,E3,1,,,254
Gateway,https://climbing-history.org/climb/2768/gateway,Boulder problem,8C+,1,,,254
Gateway (pre-break),https://climbing-history.org/climb/2767/gateway-(pre-break),Boulder problem,8B+,1,,,254
Gecko,https://climbing-history.org/climb/5631/gecko,Trad climb,E6,1,,,254
Geezer Pleaser,https://climbing-history.org/climb/7430/geezer-pleaser,Trad climb,E9,1,The crux sequence is about V9.,,254
Geisterspiel,https://climbing-history.org/climb/6995/geisterspiel,Trad climb,E7,1,,,255
Géminis,https://climbing-history.org/climb/1512/géminis,Sport route,8b+,1,,,255
Genius Loci,https://climbing-history.org/climb/7188/genius-loci,Sport route,9a,1,"Left start to the old-school desperate Il Maratoneta (8b+), adding an 8c/+ into that climb.",,255
Genocide,https://climbing-history.org/climb/882/genocide,Trad climb,E6,1,,,255
Genocide in Cambodia,https://climbing-history.org/climb/4403/genocide-in-cambodia,Trad climb,E7,1,,,255
Geordie Ewoks,https://climbing-history.org/climb/5800/geordie-ewoks,Trad climb,E6,1,,,255
Geteiltes Leid,https://climbing-history.org/climb/8049/geteiltes-leid,Sport route,8c,1,,,255
Get Out n Climb,https://climbing-history.org/climb/6653/get-out-n-climb,Sport route,9a,1,,,255
Get Some In,https://climbing-history.org/climb/4240/get-some-in,Trad climb,E5,1,,,255
Gettin' Kinda Squirrelly,https://climbing-history.org/climb/914/gettin-kinda-squirrelly,Trad climb,E6,1,,,255
Geyser Sound,https://climbing-history.org/climb/2601/geyser-sound,Boulder problem,8B,1,,,255
Geyser Sound (Jump Start),https://climbing-history.org/climb/2602/geyser-sound-(jump-start),Boulder problem,8A,1,,,255
Ghost Circles,https://climbing-history.org/climb/3941/ghost-circles,Boulder problem,8B+,1,,,255
Ghost Train,https://climbing-history.org/climb/4033/ghost-train,Trad climb,E6,1,,,255
Giant Haystacks,https://climbing-history.org/climb/5297/giant-haystacks,Sport route,8b,1,,,255
Gigante Pela Propria Natureza,https://climbing-history.org/climb/3878/gigante-pela-propria-natureza,Sport route,8c,1,,,255
Gillette,https://climbing-history.org/climb/8337/gillette,Sport route,8b,1,,,255
Gill Route,https://climbing-history.org/climb/8307/gill-route,Boulder problem,7B,1,"A.k.a: Gill Right Problem
Potentially the first ever established 7B/+ problem. Essentially an easier variation of ""Red Cross Overhang/Gill Problem"" that became the first ever 7C. Disputed whether Gill sent the problem in 1957 or 1958",,255
Gimme a Break,https://climbing-history.org/climb/8207/gimme-a-break,Boulder problem,8B,1,,,255
Gimme that Swing,https://climbing-history.org/climb/655/gimme-that-swing,Boulder problem,8B,1,,,255
Ginger Pom,https://climbing-history.org/climb/4024/ginger-pom,Sport route,7c,1,,,256
Ginourmous,https://climbing-history.org/climb/2465/ginourmous,Trad climb,E8,1,,,256
Ginsu,https://climbing-history.org/climb/7434/ginsu,Boulder problem,7B+,1,"FA ""Mid-1980s""",,256
Gioia Stand,https://climbing-history.org/climb/3614/gioia-stand,Boulder problem,8B,1,,,256
Girafunk,https://climbing-history.org/climb/2735/girafunk,Boulder problem,8B,1,,,256
Giuliano,https://climbing-history.org/climb/2718/giuliano,Boulder problem,8B,1,,,256
Give Me Some Core,https://climbing-history.org/climb/5457/give-me-some-core,Boulder problem,8B+,1,,,256
Glacial Point,https://climbing-history.org/climb/3827/glacial-point,Trad climb,E4,1,,,256
Gluteas Maximus,https://climbing-history.org/climb/2745/gluteas-maximus,Deep water solo,7a+,1,,,256
Go,https://climbing-history.org/climb/6035/go,Trad climb,E5,1,Grade 23,,256
Goats,https://climbing-history.org/climb/6335/goats,Trad climb,E8,1,,,256
Goats Don't Shave,https://climbing-history.org/climb/5536/goats-dont-shave,Trad climb,E7,1,,,256
God Save My Finger,https://climbing-history.org/climb/240/god-save-my-finger,Boulder problem,8A,1,,,256
God the Rock,https://climbing-history.org/climb/2607/god-the-rock,Trad climb,E8,1,,,256
Godzilla,https://climbing-history.org/climb/2614/godzilla,Boulder problem,8A,1,,,256
Go Hard Go Early,https://climbing-history.org/climb/2146/go-hard-go-early,Trad climb,E8,1,,,256
Going for Gold,https://climbing-history.org/climb/4877/going-for-gold,Trad climb,E5,1,,,256
Gojira,https://climbing-history.org/climb/6447/gojira,Boulder problem,8C,1,,,256
Goldcrest,https://climbing-history.org/climb/7011/goldcrest,Trad climb,E7,1,,,256
Golden Days,https://climbing-history.org/climb/5968/golden-days,Trad climb,E3,1,,,256
Golden Daze,https://climbing-history.org/climb/818/golden-daze,Boulder problem,8B+,1,,,257
Golden Gate,https://climbing-history.org/climb/3611/golden-gate,Boulder problem,8B,1,,,257
Golden Virginia,https://climbing-history.org/climb/5149/golden-virginia,Boulder problem,8A,1,,,257
Gold Rush,https://climbing-history.org/climb/1045/gold-rush,Trad climb,E6,1,,,257
Gold Rush,https://climbing-history.org/climb/5635/gold-rush,Boulder problem,6C,1,Discovered by Tristan Salson who giften it to Didier Berthod as a Christmas present.,,257
Gold Suit sitt,https://climbing-history.org/climb/4563/gold-suit-sitt,Boulder problem,8B,1,,,257
Golpe de Calor,https://climbing-history.org/climb/311/golpe-de-calor,Sport route,8b,1,,,257
Gom Jabbar,https://climbing-history.org/climb/898/gom-jabbar,Trad climb,E8,1,,,257
Gonads,https://climbing-history.org/climb/723/gonads,Sport route,8a+,1,,,257
Gone With the Wind,https://climbing-history.org/climb/2141/gone-with-the-wind,Trad climb,E7,1,,,257
Goodbye Ruby Tuesday,https://climbing-history.org/climb/3238/goodbye-ruby-tuesday,Trad climb,E5,1,,,257
Good Clean Fun,https://climbing-history.org/climb/6506/good-clean-fun,Boulder problem,7A,1,,,257
Goofy,https://climbing-history.org/climb/6462/goofy,Sport route,8c,1,,,257
Goose Creature,https://climbing-history.org/climb/6744/goose-creature,Trad climb,E3,1,,,257
Goosey Goosey Gander,https://climbing-history.org/climb/6262/goosey-goosey-gander,Trad climb,E5,1,,,257
Gorak,https://climbing-history.org/climb/6148/gorak,Trad climb,E5,1,,,257
Gorilla Action,https://climbing-history.org/climb/6144/gorilla-action,Trad climb,E6,1,,,257
Gorilla Warfare,https://climbing-history.org/climb/7253/gorilla-warfare,Boulder problem,7A,1,,,257
Gospel Plow,https://climbing-history.org/climb/5154/gospel-plow,Boulder problem,8A,1,,,257
Goth,https://climbing-history.org/climb/6668/goth,Trad climb,E1,1,,,257
Got Milk,https://climbing-history.org/climb/6883/got-milk,Boulder problem,8B,1,"Private property, but isn't hard to get permission",,258
Goya,https://climbing-history.org/climb/5801/goya,Boulder problem,7C,1,,,258
Grace and Danger,https://climbing-history.org/climb/5948/grace-and-danger,Trad climb,E6,1,,,258
Gracias Fina,https://climbing-history.org/climb/351/gracias-fina,Sport route,8a,1,,,258
Graduation Ceremony,https://climbing-history.org/climb/5243/graduation-ceremony,Trad climb,E4,1,,,258
Grand Café,https://climbing-history.org/climb/8132/grand-café,Trad climb,E8,1,,,258
Grandi Gesti,https://climbing-history.org/climb/2490/grandi-gesti,Sport route,9a,1,,,258
Grand Opera,https://climbing-history.org/climb/261/grand-opera,Boulder problem,7C+,1,,,258
Gran Reserva,https://climbing-history.org/climb/5918/gran-reserva,Sport route,9a,1,,,258
Gravity,https://climbing-history.org/climb/2064/gravity,Sport route,8b+,1,,,258
Graymalkin,https://climbing-history.org/climb/7492/graymalkin,Boulder problem,8B+,1,,,258
Greasy Leopard,https://climbing-history.org/climb/5767/greasy-leopard,Boulder problem,8A+,1,,,258
Great Buttress Arête,https://climbing-history.org/climb/5644/great-buttress-arête,Trad climb,E1,1,,,258
Great Western,https://climbing-history.org/climb/3141/great-western,Trad climb,HVS,1,[1] Rob Greenwood climbs the route for UKC https://www.youtube.com/watch?v=B_jzzcwnR_M,,258
Green Crack,https://climbing-history.org/climb/5316/green-crack,Trad climb,HVS,1,,,258
Green Line,https://climbing-history.org/climb/6666/green-line,Trad climb,E1,1,,,258
Grey Panther,https://climbing-history.org/climb/3663/grey-panther,Trad climb,E1,1,,,258
Greyscale,https://climbing-history.org/climb/8042/greyscale,Boulder problem,8A,1,,,258
Grimm's Fairytale,https://climbing-history.org/climb/8276/grimms-fairytale,Boulder problem,7B,1,,,258
Grimoire,https://climbing-history.org/climb/7252/grimoire,Trad climb,E5,1,,,258
Grimsvotn,https://climbing-history.org/climb/3538/grimsvotn,Trad climb,E6,1,,,259
Gritstone Megamix,https://climbing-history.org/climb/5972/gritstone-megamix,Boulder problem,7A,1,Originally an E3 with side runners,,259
Grizzly,https://climbing-history.org/climb/3759/grizzly,Boulder problem,8B,1,,,259
Grizzly Arête,https://climbing-history.org/climb/6502/grizzly-arête,Boulder problem,7A+,1,,,259
Grond,https://climbing-history.org/climb/5040/grond,Boulder problem,8A+,1,,,259
Groove Aversion,https://climbing-history.org/climb/4421/groove-aversion,Boulder problem,8B,1,,,259
Groove Rider,https://climbing-history.org/climb/912/groove-rider,Trad climb,E7,1,,,259
Groovyfied,https://climbing-history.org/climb/448/groovyfied,Sport route,8c,1,,,259
Ground Zero,https://climbing-history.org/climb/5596/ground-zero,Sport route,9a,1,First Italian 9a,,259
G-Thang,https://climbing-history.org/climb/3735/g-thang,Boulder problem,6B+,1,,,259
Guadaloupe,https://climbing-history.org/climb/3284/guadaloupe,Sport route,7c,1,,,259
Guère d’Usure,https://climbing-history.org/climb/4765/guère-d’usure,Sport route,8c,1,,,259
Guernica,https://climbing-history.org/climb/4965/guernica,Trad climb,E6,1,,,259
Guggen-Hell,https://climbing-history.org/climb/2177/guggen-hell,Sport route,9a+,1,,,259
Guillotine,https://climbing-history.org/climb/5586/guillotine,Trad climb,E6,1,,,259
Guilty of the Hilti,https://climbing-history.org/climb/4431/guilty-of-the-hilti,Boulder problem,8A+,1,,,259
Guiris Go Home,https://climbing-history.org/climb/2178/guiris-go-home,Sport route,8c,1,,,259
Gulley Joke,https://climbing-history.org/climb/6775/gulley-joke,Trad climb,E3,1,,,259
Gundabad,https://climbing-history.org/climb/3815/gundabad,Trad climb,E1,1,,,259
Gunslinger,https://climbing-history.org/climb/6459/gunslinger,Trad climb,E10,1,,,259
Gut Buster,https://climbing-history.org/climb/7340/gut-buster,Sport route,8c+,1,,,260
Gypsy Blood,https://climbing-history.org/climb/2421/gypsy-blood,Sport route,8c+,1,,,260
Hachiju-hachiya,https://climbing-history.org/climb/5445/hachiju-hachiya,Boulder problem,8B+,1,"Another contender for world’s hardest slab. Originally graded 四段 V12; upgraded to 五段 V14 (by the first ascentionist) in the 2024 guide, having had no repeats in ~20 years.",,260
Hafgúfa,https://climbing-history.org/climb/5920/hafgúfa,Sport route,9a+,1,"Named after a sea monster from Norse mythology, said to be so big it can be mistaken for an island.",,260
Haggisaurus Rex,https://climbing-history.org/climb/2694/haggisaurus-rex,Sport route,8c,1,,,260
Hagsätra sport,https://climbing-history.org/climb/7772/hagsätra-sport,Boulder problem,8B,1,,,260
Hairstyles and Attitudes,https://climbing-history.org/climb/2296/hairstyles-and-attitudes,Trad climb,E6,1,,,260
Haka Pereperu,https://climbing-history.org/climb/1395/haka-pereperu,Sport route,8a+,1,,,260
Hakol Beseger,https://climbing-history.org/climb/7746/hakol-beseger,Sport route,9a,1,,,260
Halcyon,https://climbing-history.org/climb/238/halcyon,Boulder problem,8A,1,,,260
"Half Man, Half Cake","https://climbing-history.org/climb/7982/half-man,-half-cake",Trad climb,E4,1,,,260
Hálfur Maður,https://climbing-history.org/climb/7958/hálfur-maður,Boulder problem,8A+,1,,,260
Halfway House,https://climbing-history.org/climb/2354/halfway-house,Boulder problem,8A,1,,,260
Hall of Warriors,https://climbing-history.org/climb/1085/hall-of-warriors,Trad climb,E5,1,,,260
Halloween,https://climbing-history.org/climb/5594/halloween,Boulder problem,7C+,1,"Update (October 2009) : it is likely that sand has been added on the ground, making the problem obsolete.",,260
Halloween,https://climbing-history.org/climb/2728/halloween,Sport route,8b,1,,,260
Hallucination,https://climbing-history.org/climb/1720/hallucination,Boulder problem,8C+,1,,,260
Hallucination (pre-break),https://climbing-history.org/climb/1721/hallucination-(pre-break),Boulder problem,8B+,1,,,260
Halupca 1979,https://climbing-history.org/climb/2494/halupca-1979,Sport route,9a,1,,,260
Hamartia,https://climbing-history.org/climb/4518/hamartia,Trad climb,E8,1,,,260
Hamburguesa de Jabalí,https://climbing-history.org/climb/6659/hamburguesa-de-jabalí,Boulder problem,8C,1,,,261
Hammer,https://climbing-history.org/climb/2905/hammer,Trad climb,HVS,1,,,261
Hammered,https://climbing-history.org/climb/5240/hammered,Boulder problem,8B,1,Said 8B/+ in description. Could be 8B+ but they the FA doesn’t have too much experience in the grade.,,261
Hamper's Hang,https://climbing-history.org/climb/2523/hampers-hang,Boulder problem,7A+,1,,,261
Hand-Jive,https://climbing-history.org/climb/4542/hand-jive,Boulder problem,8B+,1,,,261
Hangover,https://climbing-history.org/climb/1370/hangover,Trad climb,E1,1,,,261
Hang Ten,https://climbing-history.org/climb/337/hang-ten,Sport route,7c,1,,,261
Hank's Wall,https://climbing-history.org/climb/2346/hanks-wall,Boulder problem,7A+,1,,,261
Hank Williams Will Live Forever In Peoples' Hearts,https://climbing-history.org/climb/5416/hank-williams-will-live-forever-in-peoples-hearts,Trad climb,HVS,1,,,261
Hannibal,https://climbing-history.org/climb/3274/hannibal,Boulder problem,7C,1,,,261
Hannigraal,https://climbing-history.org/climb/3381/hannigraal,Sport route,9b,1,,,261
Hantillio,https://climbing-history.org/climb/1317/hantillio,Sport route,9a,1,,,261
Happiness in Slavery,https://climbing-history.org/climb/7466/happiness-in-slavery,Sport route,8b+,1,,,261
Happy Hart,https://climbing-history.org/climb/5737/happy-hart,Trad climb,E8,1,"A longstanding enigma, climbed in 1987 the route has proved impervious to repeats.",,261
Happy Idiot,https://climbing-history.org/climb/3543/happy-idiot,Boulder problem,8B+,1,,,261
Haram,https://climbing-history.org/climb/4971/haram,Boulder problem,8B+,1,Harambe but finishing direct rather than along the traverse of Gorilla Warfare .,,261
Harambe,https://climbing-history.org/climb/3577/harambe,Boulder problem,8B+,1,,,261
Hard Cheddar,https://climbing-history.org/climb/2085/hard-cheddar,Trad climb,E5,1,,,261
Hard Cheese,https://climbing-history.org/climb/1581/hard-cheese,Trad climb,E10,1,"Previously an old John Dunne project. Craig chose the name because some other routes at the crag are named after soft cheeses, most notably Peppered Boursin , a Dave Birkett E7.",,261
Hardcore Prawn,https://climbing-history.org/climb/8220/hardcore-prawn,Deep water solo,8a,1,,,261
Hard Crit,https://climbing-history.org/climb/3301/hard-crit,Sport route,8a,1,,,262
Hardd,https://climbing-history.org/climb/6537/hardd,Trad climb,E2,1,,,262
Harder Better Faster Stronger,https://climbing-history.org/climb/8319/harder-better-faster-stronger,Sport route,9b,1,,,262
Hard Knocks,https://climbing-history.org/climb/5485/hard-knocks,Boulder problem,8A,1,,,262
Harlem,https://climbing-history.org/climb/2095/harlem,Sport route,9b,1,,,262
Harmatanec,https://climbing-history.org/climb/5679/harmatanec,Sport route,9a,1,,,262
Hartkäse,https://climbing-history.org/climb/2678/hartkäse,Sport route,9a+,1,,,262
Hartless,https://climbing-history.org/climb/2934/hartless,Boulder problem,8B,1,,,262
Harvest,https://climbing-history.org/climb/5965/harvest,Trad climb,E4,1,,,262
Hasta la Victoria Siempre Ext,https://climbing-history.org/climb/6310/hasta-la-victoria-siempre-ext,Sport route,8a,1,,,262
Haunted House,https://climbing-history.org/climb/5079/haunted-house,Boulder problem,8B+,1,,,262
Heading the Shot,https://climbing-history.org/climb/3389/heading-the-shot,Trad climb,E5,1,Originally equipped with home-made hangers that were notoriously hard to clip and gave the route a distinctively traddy feel. Some people lamented their replacement with normal bolts in 2006. [1],,262
Hearse Arête,https://climbing-history.org/climb/3642/hearse-arête,Trad climb,E1,1,,,262
Heart Beat,https://climbing-history.org/climb/7655/heart-beat,Sport route,8c,1,,,262
Heartless Hare,https://climbing-history.org/climb/921/heartless-hare,Trad climb,E5,1,,,262
Heaven In Your Hands,https://climbing-history.org/climb/3193/heaven-in-your-hands,Boulder problem,7C,1,,,262
Heaven or Hell,https://climbing-history.org/climb/3569/heaven-or-hell,Trad climb,E5,1,,,262
Heinous Cling,https://climbing-history.org/climb/1863/heinous-cling,Sport route,7b+,1,,,262
Heinous Flytrap,https://climbing-history.org/climb/2331/heinous-flytrap,Trad climb,E7,1,,,262
Heirloom,https://climbing-history.org/climb/7748/heirloom,Boulder problem,8B,1,,,262
Helicon,https://climbing-history.org/climb/6583/helicon,Trad climb,E2,1,,,263
Helicon,https://climbing-history.org/climb/6584/helicon,Aid Climb,A2,1,Featuring the first bolt to be placed at Stoney.,,263
Hélios,https://climbing-history.org/climb/7607/hélios,Boulder problem,8B+,1,,,263
Hélix au Pays des Merveilles,https://climbing-history.org/climb/7803/hélix-au-pays-des-merveilles,Sport route,8c+,1,,,263
Hellboy,https://climbing-history.org/climb/5071/hellboy,Boulder problem,8B,1,,,263
Hell Boy,https://climbing-history.org/climb/5083/hell-boy,Boulder problem,8C,1,,,263
Hellebore,https://climbing-history.org/climb/384/hellebore,Boulder problem,7C,1,,,263
Hello Helen,https://climbing-history.org/climb/6707/hello-helen,Sport route,7c,1,,,263
Hello Kitty,https://climbing-history.org/climb/7832/hello-kitty,Sport route,9a,1,,,263
Hell Racer,https://climbing-history.org/climb/7164/hell-racer,Sport route,9a+,1,,,263
Hellraiser,https://climbing-history.org/climb/5499/hellraiser,Boulder problem,8B,1,,,263
Hell's Darker Chambers,https://climbing-history.org/climb/5671/hells-darker-chambers,Sport route,8a,1,,,263
Helm's Deep,https://climbing-history.org/climb/7973/helms-deep,Sport route,8c+,1,,,263
Hemlock,https://climbing-history.org/climb/5514/hemlock,Trad climb,E8,1,"The Chasms, Isle of Man",,263
Here Comes the Muffin Man,https://climbing-history.org/climb/5360/here-comes-the-muffin-man,Boulder problem,7A,1,,,263
Hey Gringo,https://climbing-history.org/climb/5935/hey-gringo,Sport route,7c,1,,,263
Hey Turkey Neck,https://climbing-history.org/climb/6792/hey-turkey-neck,Trad climb,E2,1,,,263
Hierarchy of Liquids,https://climbing-history.org/climb/8037/hierarchy-of-liquids,Boulder problem,8B+,1,,,263
Higg's Problem,https://climbing-history.org/climb/3222/higgs-problem,Boulder problem,7B,1,,,263
Higg's Problem SDS,https://climbing-history.org/climb/3223/higgs-problem-sds,Boulder problem,7C+,1,,,263
High Above,https://climbing-history.org/climb/8231/high-above,Boulder problem,8B,1,,,264
Highbrow,https://climbing-history.org/climb/2852/highbrow,Trad climb,E8,1,Around the corner from Seven of Nine (8B+).,,264
High Neb Buttress,https://climbing-history.org/climb/2585/high-neb-buttress,Trad climb,VS,1,,,264
High Noon,https://climbing-history.org/climb/4939/high-noon,Trad climb,E4,1,,,264
High Speed Imp Act,https://climbing-history.org/climb/7265/high-speed-imp-act,Boulder problem,7A,1,,,264
High Tide,https://climbing-history.org/climb/3287/high-tide,Trad climb,E5,1,,,264
High Voltage höger,https://climbing-history.org/climb/7824/high-voltage-höger,Boulder problem,8B,1,,,264
Hiperkinetico,https://climbing-history.org/climb/1584/hiperkinetico,Sport route,8c+,1,,,264
Hip Hop,https://climbing-history.org/climb/5570/hip-hop,Boulder problem,8A+,1,,,264
Hirven Taivas sit,https://climbing-history.org/climb/7879/hirven-taivas-sit,Boulder problem,8B,1,,,264
His Eminence,https://climbing-history.org/climb/2359/his-eminence,Trad climb,E4,1,,,264
Hitchhiker's Direct SDS,https://climbing-history.org/climb/2661/hitchhikers-direct-sds,Boulder problem,7C+,1,,,264
Hits From the Vape,https://climbing-history.org/climb/5329/hits-from-the-vape,Trad climb,E8,1,,,264
Hloubka Ostrosti,https://climbing-history.org/climb/8125/hloubka-ostrosti,Boulder problem,8B,1,,,264
Hobbie Noble,https://climbing-history.org/climb/422/hobbie-noble,Boulder problem,8B,1,"8A in to a ""7B+ slopey font top out"".",,264
Hodet over vannet,https://climbing-history.org/climb/7657/hodet-over-vannet,Sport route,8b,1,,,264
Holey Moses,https://climbing-history.org/climb/6167/holey-moses,Trad climb,E7,1,"250m, E6/7 6b, on the northwest face of Jebel Safsafa (Willow Mountain), Sinai, Egypt.",,264
Hollow,https://climbing-history.org/climb/8249/hollow,Trad climb,E10,1,,,264
Hollow Earth,https://climbing-history.org/climb/5029/hollow-earth,Trad climb,HVS,1,,,264
"Holy, Holy, Holy","https://climbing-history.org/climb/3387/holy,-holy,-holy",Trad climb,E2,1,,,264
Home Cooking,https://climbing-history.org/climb/6799/home-cooking,Boulder problem,7A+,1,,,265
Home SDS,https://climbing-history.org/climb/1494/home-sds,Boulder problem,8B+,1,,,265
Homeward Bound,https://climbing-history.org/climb/6051/homeward-bound,Trad climb,E5,1,A direct finish to One Step Beyond . Superseded by Slab and Crack .,,265
Honey Badger,https://climbing-history.org/climb/2000/honey-badger,Boulder problem,8C+,1,,,265
Honey Badger,https://climbing-history.org/climb/8095/honey-badger,Sport route,8c+,1,One of the last old projects bolted by Kaz Pucia in 2003.,,265
Honky Tonky,https://climbing-history.org/climb/1304/honky-tonky,Sport route,8c,1,,,265
Honour and Glory,https://climbing-history.org/climb/3082/honour-and-glory,Sport route,8c+,1,,,265
Hooker's Haven,https://climbing-history.org/climb/3250/hookers-haven,Trad climb,E8,1,,,265
Hope,https://climbing-history.org/climb/1426/hope,Trad climb,VD,1,,,265
Horizontal Pleasures,https://climbing-history.org/climb/6157/horizontal-pleasures,Trad climb,E7,1,,,265
Hornli Ridge,https://climbing-history.org/climb/4851/hornli-ridge,Alpine,AD,1,,,265
Horrible Histories,https://climbing-history.org/climb/4309/horrible-histories,Trad climb,E8,1,,,265
Horror Arete,https://climbing-history.org/climb/3397/horror-arete,Boulder problem,6C,1,,,265
Horse Latitudes,https://climbing-history.org/climb/2036/horse-latitudes,Sport route,8b+,1,First ascentionist Randy Leavitt on the name:,,265
Hot Drop,https://climbing-history.org/climb/7311/hot-drop,Boulder problem,8B+,1,,,265
House of Talons,https://climbing-history.org/climb/660/house-of-talons,Trad climb,E9,1,So named because the routes is protected by 12 (!) skyhooks.,,265
Howl at the Moon,https://climbing-history.org/climb/5402/howl-at-the-moon,Trad climb,E7,1,,,265
How Many Roads,https://climbing-history.org/climb/6134/how-many-roads,Trad climb,E7,1,,,265
Hubris,https://climbing-history.org/climb/1603/hubris,Trad climb,E5,1,One of the first routes at Raven Tor when the first aid ascent was made over several days in 1957.,,265
Hulk,https://climbing-history.org/climb/1164/hulk,Boulder problem,7C+,1,,,265
Human Fright,https://climbing-history.org/climb/2587/human-fright,Trad climb,E1,1,,,266
Humble,https://climbing-history.org/climb/8137/humble,Sport route,8a+,1,First 30 (8a+) in New Zealand.,,266
Hummingbird,https://climbing-history.org/climb/4811/hummingbird,Boulder problem,8C,1,,,266
Hump of Trouble,https://climbing-history.org/climb/2677/hump-of-trouble,Sport route,9a+,1,,,266
Hunger,https://climbing-history.org/climb/4930/hunger,Trad climb,E5,1,,,266
Hurricane,https://climbing-history.org/climb/3118/hurricane,Trad climb,E5,1,,,266
Hurricane on a Millpond,https://climbing-history.org/climb/7725/hurricane-on-a-millpond,Sport route,8a,1,Adam Lincoln :,,266
Husk,https://climbing-history.org/climb/6770/husk,Trad climb,E3,1,"E3 6c, with siderunner",,266
Hydrophobie,https://climbing-history.org/climb/927/hydrophobie,Sport route,8c+,1,,,266
Hydroplaning,https://climbing-history.org/climb/8136/hydroplaning,Sport route,8c,1,"NZ's first 8c+ the way Mark climbed it, two inverted kneebar rests make it 8c.",,266
HyperBallad,https://climbing-history.org/climb/2361/hyperballad,Boulder problem,8B+,1,,It is unlikely the problem exists at this grade.,266
Hyperborean,https://climbing-history.org/climb/7976/hyperborean,Sport route,8c,1,,,266
Hypertension,https://climbing-history.org/climb/8255/hypertension,Boulder problem,8B+,1,,,266
Hypnotized Bears,https://climbing-history.org/climb/6276/hypnotized-bears,Boulder problem,"9A
                        (approx)",1,,,266
Hypnotoad,https://climbing-history.org/climb/5074/hypnotoad,Boulder problem,8B+,1,,,266
Hypoténuse,https://climbing-history.org/climb/3383/hypoténuse,Sport route,8a+,1,,,266
Hypothèse,https://climbing-history.org/climb/1548/hypothèse,Boulder problem,7C+,1,,,266
Hypothèse (assis),https://climbing-history.org/climb/1549/hypothèse-(assis),Boulder problem,8C+,1,,,266
Hysterectomy,https://climbing-history.org/climb/6746/hysterectomy,Trad climb,E5,1,,,266
I am Curious (Yellow),https://climbing-history.org/climb/5764/i-am-curious-(yellow),Boulder problem,7C+,1,,,266
I Am Curious Yellow,https://climbing-history.org/climb/3240/i-am-curious-yellow,Trad climb,E6,1,Named after a curious George Smith who was angling to find out where this new cliff was.,,267
I am Curious (Yellow) Right-Hand,https://climbing-history.org/climb/5765/i-am-curious-(yellow)-right-hand,Boulder problem,8A+,1,,,267
I am Curious (Yellow) Sit-start,https://climbing-history.org/climb/5766/i-am-curious-(yellow)-sit-start,Boulder problem,8A,1,,,267
I am the Walrus,https://climbing-history.org/climb/2594/i-am-the-walrus,Sport route,8b+,1,,,267
Iceberg (aller-retour),https://climbing-history.org/climb/258/iceberg-(aller-retour),Traverse,7c+,1,,,267
Icon of Lust,https://climbing-history.org/climb/1510/icon-of-lust,Trad climb,E8,1,,,267
I Got Horribly Sober,https://climbing-history.org/climb/3251/i-got-horribly-sober,Sport route,8b,1,Alex Moore :,,267
Iguanodon,https://climbing-history.org/climb/6281/iguanodon,Trad climb,E5,1,"Graded E3 6a by first ascensionist Jonny Woodward , who climbed the route OS solo, it gets E6 in the ‘Over the Moors’ guidebook.",,267
I Krísi Tis Kírkis,https://climbing-history.org/climb/7064/i-krísi-tis-kírkis,Boulder problem,8B,1,,,267
Il Bombarolo,https://climbing-history.org/climb/2995/il-bombarolo,Sport route,8c+,1,,,267
Illegal Eagle,https://climbing-history.org/climb/2889/illegal-eagle,Trad climb,E3,1,,,267
Ill Fire,https://climbing-history.org/climb/7450/ill-fire,Trad climb,E10,1,Start on Illuminescence and finish on Fire in the Sky,,267
Illuminescence,https://climbing-history.org/climb/7449/illuminescence,Trad climb,E9,1,,,267
Il Lupo Perde Il Pelo Ma Non Il Vizio,https://climbing-history.org/climb/7194/il-lupo-perde-il-pelo-ma-non-il-vizio,Sport route,8c+,1,,,267
Illusion of Lactate,https://climbing-history.org/climb/7679/illusion-of-lactate,Sport route,9a+,1,,,267
Il Mattino Dei Maghi,https://climbing-history.org/climb/4459/il-mattino-dei-maghi,Sport route,8a,1,,,267
Il Pirata,https://climbing-history.org/climb/417/il-pirata,Boulder problem,8C,1,Named after the Italian cyclist Marco Pantani who died around the time the problem was established and bore a resemblance to first ascentionist John Gaskins .,,267
Imaculata,https://climbing-history.org/climb/6465/imaculata,Trad climb,E6,1,,,267
Imminent Crisis,https://climbing-history.org/climb/1042/imminent-crisis,Trad climb,E5,1,,,267
Imminent Departees,https://climbing-history.org/climb/5702/imminent-departees,Trad climb,E7,1,,,267
Importunity,https://climbing-history.org/climb/3452/importunity,Sport route,8c,1,,,268
Impossible Slab,https://climbing-history.org/climb/1755/impossible-slab,Trad climb,E3,1,,,268
Impropa Opera SDS,https://climbing-history.org/climb/2528/impropa-opera-sds,Boulder problem,8A,1,,,268
Impropa Sit Propera,https://climbing-history.org/climb/4032/impropa-sit-propera,Boulder problem,8B+,1,,,268
In a Pickle,https://climbing-history.org/climb/5855/in-a-pickle,Trad climb,E6,1,,,268
In Bloom,https://climbing-history.org/climb/7150/in-bloom,Boulder problem,7C+,1,,,268
Incestuous,https://climbing-history.org/climb/6761/incestuous,Trad climb,E2,1,,,268
Inclination,https://climbing-history.org/climb/3099/inclination,Trad climb,E5,1,,,268
Incubus,https://climbing-history.org/climb/7379/incubus,Trad climb,E5,1,,,268
Incursion,https://climbing-history.org/climb/5745/incursion,Trad climb,E1,1,,,268
Incus,https://climbing-history.org/climb/5608/incus,Trad climb,E6,1,,,268
Independence Day,https://climbing-history.org/climb/8347/independence-day,Trad climb,E5,1,Bolted for the first ascent but subsequently de-bolted. Can be climbed on a knotted rope at about 7a or on trad gear at about E5.,,268
Index,https://climbing-history.org/climb/3188/index,Boulder problem,8A,1,,,268
Index Insurgency,https://climbing-history.org/climb/5825/index-insurgency,Boulder problem,8A,1,,,268
Indian Summer,https://climbing-history.org/climb/875/indian-summer,Trad climb,E6,1,,,268
Indoor Fisherman,https://climbing-history.org/climb/5721/indoor-fisherman,Trad climb,E4,1,,,268
Inferno do Vrha,https://climbing-history.org/climb/2771/inferno-do-vrha,Sport route,8c,1,,,268
Infinite Jest,https://climbing-history.org/climb/7454/infinite-jest,Trad climb,E9,1,,,268
Infinite Suspense,https://climbing-history.org/climb/3734/infinite-suspense,Boulder problem,7C+,1,,,268
Information Highway Revisited,https://climbing-history.org/climb/1618/information-highway-revisited,Boulder problem,7C+,1,,,268
Ingravids Eskerps,https://climbing-history.org/climb/3156/ingravids-eskerps,Sport route,8c,1,,,269
In Heaven (Lite),https://climbing-history.org/climb/5067/in-heaven-(lite),Boulder problem,8A+,1,,,269
Inimitable,https://climbing-history.org/climb/4316/inimitable,Trad climb,E8,1,,,269
Inkerman Groove,https://climbing-history.org/climb/3528/inkerman-groove,Trad climb,VS,1,,,269
In Loving Memory,https://climbing-history.org/climb/2132/in-loving-memory,Trad climb,E6,1,,,269
In Memo Reini,https://climbing-history.org/climb/2230/in-memo-reini,Sport route,8c,1,,,269
Insanity,https://climbing-history.org/climb/3143/insanity,Trad climb,E2,1,,,269
Inshallah,https://climbing-history.org/climb/7828/inshallah,Sport route,8c+,1,,,269
Insomnia,https://climbing-history.org/climb/7609/insomnia,Boulder problem,8B+,1,,,269
Insomnia,https://climbing-history.org/climb/2352/insomnia,Sport route,8b,1,,,269
Insomnio,https://climbing-history.org/climb/3092/insomnio,Boulder problem,8C,1,,,269
Insouciance,https://climbing-history.org/climb/6825/insouciance,Sport route,"9c+
                        (approx)",1,"Starts with a 9a (35 minutes of climbing), then into an 8C+ crux boulder.",,269
Insoumission,https://climbing-history.org/climb/4429/insoumission,Sport route,8c,1,,,269
Instant Black,https://climbing-history.org/climb/2746/instant-black,Deep water solo,7b,1,,,269
Integrity,https://climbing-history.org/climb/6562/integrity,Sport route,8b+,1,,,269
Intensitos,https://climbing-history.org/climb/3423/intensitos,Boulder problem,8B,1,,,269
Intergalactic,https://climbing-history.org/climb/446/intergalactic,Boulder problem,8B,1,,,269
Intermezzo,https://climbing-history.org/climb/289/intermezzo,Boulder problem,7C,1,,,269
International Kidney Dealer,https://climbing-history.org/climb/4831/international-kidney-dealer,Trad climb,E7,1,,,269
Interrogation,https://climbing-history.org/climb/3010/interrogation,Trad climb,E3,1,,,269
Interstate,https://climbing-history.org/climb/5743/interstate,Trad climb,E1,1,,,270
Interstellar SDS,https://climbing-history.org/climb/1730/interstellar-sds,Boulder problem,8B,1,,,270
In the Flick of Time,https://climbing-history.org/climb/3128/in-the-flick-of-time,Boulder problem,7C,1,,,270
In the Heat of the Night,https://climbing-history.org/climb/6145/in-the-heat-of-the-night,Trad climb,E6,1,,,270
Into the Dread,https://climbing-history.org/climb/6425/into-the-dread,Trad climb,E7,1,,,270
Into the Light,https://climbing-history.org/climb/5524/into-the-light,Trad climb,E8,1,,,270
Invisible Man,https://climbing-history.org/climb/3731/invisible-man,Boulder problem,"8C+
                        (approx)",1,On the wall left of Terremer . So called because the holds are so small as to be invisible.,,270
Invisible Monsters,https://climbing-history.org/climb/5073/invisible-monsters,Boulder problem,8B+,1,,,270
I Ran the Bath,https://climbing-history.org/climb/1010/i-ran-the-bath,Trad climb,E7,1,Now more typically done as a DWS at about 7b.,,270
Iris,https://climbing-history.org/climb/3754/iris,Boulder problem,8B+,1,,,270
Ironman,https://climbing-history.org/climb/6163/ironman,Trad climb,E5,1,,,270
Iron Man,https://climbing-history.org/climb/1474/iron-man,Sport route,9a,1,,,270
Iron Man,https://climbing-history.org/climb/8339/iron-man,Boulder problem,6B+,1,"One of the earlier recorded problems at The Buttermilks, now a well-travelled classic.",,270
Ironside,https://climbing-history.org/climb/6742/ironside,Boulder problem,8A+,1,,,270
Irréversible,https://climbing-history.org/climb/6380/irréversible,Boulder problem,7C,1,,,270
I Scream,https://climbing-history.org/climb/5927/i-scream,Trad climb,E6,1,The first E6 on Lundy.,,270
Isinglas,https://climbing-history.org/climb/2148/isinglas,Trad climb,E8,1,,,270
Isla Hold ‘em,https://climbing-history.org/climb/7306/isla-hold-‘em,Boulder problem,8B,1,Links Isla de Encanta (8B) into Texas Hold 'Em (7B+),,270
It Hurts,https://climbing-history.org/climb/944/it-hurts,Trad climb,E7,1,,,270
It's Malignant,https://climbing-history.org/climb/7495/its-malignant,Boulder problem,8B,1,,,270
Ivan Dobsky,https://climbing-history.org/climb/2658/ivan-dobsky,Boulder problem,8A+,1,,,271
"I've Been a Bad, Bad Boy","https://climbing-history.org/climb/2507/ive-been-a-bad,-bad-boy",Sport route,7c+,1,,,271
Ivy Sepulchre,https://climbing-history.org/climb/6847/ivy-sepulchre,Trad climb,E1,1,Named before its first ascent.,,271
I Was a Teenage Caveman,https://climbing-history.org/climb/7302/i-was-a-teenage-caveman,Trad climb,E7,1,Previously a top rope problem before Mike Adams made the first solo ascent a long way above pads.,,271
I Will Be My Own Hell,https://climbing-history.org/climb/4419/i-will-be-my-own-hell,Trad climb,E7,1,,,271
Jabberwocky SD,https://climbing-history.org/climb/5100/jabberwocky-sd,Boulder problem,8B,1,,,271
Jacala,https://climbing-history.org/climb/3417/jacala,Deep water solo,7c+,1,,,271
Jack the Chipper,https://climbing-history.org/climb/267/jack-the-chipper,Boulder problem,7C,1,,,271
Jack the Groove,https://climbing-history.org/climb/5998/jack-the-groove,Trad climb,E6,1,,,271
Jack Yer Body,https://climbing-history.org/climb/6640/jack-yer-body,Trad climb,E4,1,Named after a car jack which was used to protect the first ascent.,,271
Jah Fingers,https://climbing-history.org/climb/6488/jah-fingers,Boulder problem,8A,1,,,271
Jahzara Dreaming,https://climbing-history.org/climb/7940/jahzara-dreaming,Boulder problem,8B,1,,,271
Jamming,https://climbing-history.org/climb/4382/jamming,Boulder problem,8B,1,,,271
Jamming Destruction,https://climbing-history.org/climb/2701/jamming-destruction,Sport route,9b,1,,,271
Jam Sandwich,https://climbing-history.org/climb/4761/jam-sandwich,Trad climb,E5,1,,,271
Janja,https://climbing-history.org/climb/7363/janja,Sport route,8c,1,,,271
Jasmine,https://climbing-history.org/climb/1564/jasmine,Trad climb,E6,1,Ron named the route after his daughter.,,271
Javelin Blade,https://climbing-history.org/climb/4183/javelin-blade,Trad climb,E1,1,One of the hardest pieces of climbing in Wales for a long time. Mark Reeves writes:,,271
Jaws,https://climbing-history.org/climb/2006/jaws,Sport route,8c,1,,,271
Jaws Sit-Start,https://climbing-history.org/climb/7968/jaws-sit-start,Boulder problem,8B,1,,,271
JCB,https://climbing-history.org/climb/3823/jcb,Trad climb,E3,1,,,272
Jean,https://climbing-history.org/climb/2725/jean,Trad climb,"HS
                        (approx)",1,"Devil’s Corner, Hobart, Tasmania.",,272
Jean Jeanie,https://climbing-history.org/climb/5028/jean-jeanie,Trad climb,VS,1,,,272
Jefea,https://climbing-history.org/climb/3728/jefea,Sport route,8b,1,,,272
Jehovah Kill,https://climbing-history.org/climb/7719/jehovah-kill,Deep water solo,7b,1,,,272
Jellied,https://climbing-history.org/climb/6645/jellied,Deep water solo,6b+,1,,,272
Jelly Pain,https://climbing-history.org/climb/4483/jelly-pain,Deep water solo,8c+,1,,,272
Jermyn Street,https://climbing-history.org/climb/2081/jermyn-street,Trad climb,E5,1,,,272
Jernkorset,https://climbing-history.org/climb/4549/jernkorset,Boulder problem,8B,1,,,272
Jerry's Arete,https://climbing-history.org/climb/4396/jerrys-arete,Boulder problem,7B+,1,,,272
Jesus Wept,https://climbing-history.org/climb/6830/jesus-wept,Trad climb,E6,1,,,272
Jet Black,https://climbing-history.org/climb/7875/jet-black,Boulder problem,7C+,1,,,272
Jeté Croisé en Forêt,https://climbing-history.org/climb/4364/jeté-croisé-en-forêt,Boulder problem,8B+,1,,,272
Jetset,https://climbing-history.org/climb/3013/jetset,Trad climb,E3,1,,,272
Jetsun Mila,https://climbing-history.org/climb/7660/jetsun-mila,Boulder problem,8B,1,,,272
Jinx,https://climbing-history.org/climb/2535/jinx,Trad climb,E8,1,,,272
Johnnie Walker,https://climbing-history.org/climb/363/johnnie-walker,Sport route,8a,1,,,272
John Wayne,https://climbing-history.org/climb/3570/john-wayne,Trad climb,E5,1,,,272
Joika,https://climbing-history.org/climb/7653/joika,Sport route,8c+,1,,,272
Joint Effort,https://climbing-history.org/climb/6580/joint-effort,Trad climb,E1,1,,,272
Joker's Wall,https://climbing-history.org/climb/3153/jokers-wall,Trad climb,E4,1,,,273
Jonathan's Chimney,https://climbing-history.org/climb/3310/jonathans-chimney,Trad climb,VS,1,,,273
Jorōgumo,https://climbing-history.org/climb/6879/jorōgumo,Boulder problem,8C,1,,,273
José Pine le Gardien Dans la Cave,https://climbing-history.org/climb/6466/josé-pine-le-gardien-dans-la-cave,Sport route,8c+,1,,,273
Journey into Freedom,https://climbing-history.org/climb/894/journey-into-freedom,Trad climb,E7,1,,,273
Joyboy,https://climbing-history.org/climb/7877/joyboy,Boulder problem,8B,1,,,273
J.R.,https://climbing-history.org/climb/1083/j.r.,Trad climb,E5,1,,,273
Juggernaut,https://climbing-history.org/climb/5733/juggernaut,Trad climb,E7,1,,,273
Jumping to Conclusions,https://climbing-history.org/climb/2391/jumping-to-conclusions,Boulder problem,8B,1,,,273
Jump in the Fire,https://climbing-history.org/climb/6296/jump-in-the-fire,Boulder problem,8B,1,,,273
June bug (Pre-Break),https://climbing-history.org/climb/3934/june-bug-(pre-break),Boulder problem,8B+,1,,,273
Jurassic Spark,https://climbing-history.org/climb/7681/jurassic-spark,Trad climb,E7,1,,,273
Just a Little Tease,https://climbing-history.org/climb/2130/just-a-little-tease,Trad climb,E5,1,,,273
Just Call Me Helmet,https://climbing-history.org/climb/336/just-call-me-helmet,Sport route,8a,1,,,273
Justified and Ancient,https://climbing-history.org/climb/1867/justified-and-ancient,Sport route,8b+,1,The forerunner to Unjustified utilising a glued on crimp on the crux (knocked off by Tony Mitchell prior to the FA of Unjustified).,,273
Just Pogo,https://climbing-history.org/climb/6906/just-pogo,Boulder problem,8A+,1,,,273
Just Send It,https://climbing-history.org/climb/4041/just-send-it,Sport route,8a,1,,,273
Kabaah is Futile,https://climbing-history.org/climb/1689/kabaah-is-futile,Sport route,8c+,1,,,273
Kaching,https://climbing-history.org/climb/6912/kaching,Boulder problem,8B+,1,,,273
Kachoong,https://climbing-history.org/climb/6494/kachoong,Trad climb,E3,1,,,273
Kaikien,https://climbing-history.org/climb/4253/kaikien,Boulder problem,8C,1,,,274
Kaiser Sauzé,https://climbing-history.org/climb/2501/kaiser-sauzé,Boulder problem,8C,1,Shortly after Romain's FA the problem was vandalised with many holds altered or destroyed.,,274
Kaksisarvisen Salaisuus,https://climbing-history.org/climb/7892/kaksisarvisen-salaisuus,Boulder problem,8B,1,,,274
Kalahari Kombat,https://climbing-history.org/climb/4511/kalahari-kombat,Sport route,8b+,1,,,274
Kalandraka,https://climbing-history.org/climb/93/kalandraka,Sport route,8c,1,,,274
Kalokagathia,https://climbing-history.org/climb/3592/kalokagathia,Boulder problem,8B,1,,,274
Kalunga,https://climbing-history.org/climb/6695/kalunga,Boulder problem,8A+,1,,,274
Kamasutra 218,https://climbing-history.org/climb/2617/kamasutra-218,Sport route,8b,1,,,274
Kangaroo's Dyno,https://climbing-history.org/climb/5985/kangaroos-dyno,Sport route,"9b
                        (approx)",1,A direct line on Kangaroo's Limb using a huge dyno to pass the blank section.,,274
Kang the Conqueror,https://climbing-history.org/climb/7210/kang-the-conqueror,Boulder problem,8B+,1,,,274
Kannabis,https://climbing-history.org/climb/7874/kannabis,Boulder problem,8B+,1,,,274
Kannagi,https://climbing-history.org/climb/2929/kannagi,Boulder problem,8B,1,,,274
Kanunsz Extension,https://climbing-history.org/climb/2272/kanunsz-extension,Sport route,8b,1,,,274
Karasu,https://climbing-history.org/climb/8005/karasu,Boulder problem,8A+,1,,,274
Karate Kid,https://climbing-history.org/climb/5146/karate-kid,Boulder problem,8A,1,,,274
"Karatekid, Woe","https://climbing-history.org/climb/7613/karatekid,-woe",Boulder problem,8B+,1,,,274
Karma Bizarre,https://climbing-history.org/climb/7346/karma-bizarre,Boulder problem,8B,1,,,274
Karoshi,https://climbing-history.org/climb/1653/karoshi,Boulder problem,8C+,1,,,274
Kasi-Bemarimiesten Seurakunta,https://climbing-history.org/climb/7882/kasi-bemarimiesten-seurakunta,Boulder problem,8B,1,,,274
Keep in Touch,https://climbing-history.org/climb/7350/keep-in-touch,Boulder problem,7C,1,,,274
Keep on Giving,https://climbing-history.org/climb/6969/keep-on-giving,Trad climb,E7,1,,,275
Kein Licht Kein Schatten,https://climbing-history.org/climb/2234/kein-licht-kein-schatten,Sport route,9a,1,,,275
Kellogg,https://climbing-history.org/climb/6587/kellogg,Aid Climb,A2,1,,,275
Kelly's Overhang,https://climbing-history.org/climb/8079/kellys-overhang,Trad climb,E1,1,,,275
Kelvinator,https://climbing-history.org/climb/4317/kelvinator,Trad climb,E8,1,,,275
Kendo,https://climbing-history.org/climb/5590/kendo,Sport route,8b,1,,,275
Kether,https://climbing-history.org/climb/6727/kether,Sport route,8c,1,,,275
KFC,https://climbing-history.org/climb/6754/kfc,Boulder problem,8B+,1,Links The Reckoning (8B+) into The Chickening (8A+).,,275
KI,https://climbing-history.org/climb/2498/ki,Boulder problem,8B,1,,,275
Kidetasunaren Balio Erantsia,https://climbing-history.org/climb/2833/kidetasunaren-balio-erantsia,Sport route,8c+,1,,,275
Killer White,https://climbing-history.org/climb/3516/killer-white,Trad climb,E6,1,Due to a mistake in the 1995 guidebook there was some confusion about where the line went. Tim Emmett and Dave Pickford climbed it thinking it was a new line which they called The White Tiger .,,275
Kilogram,https://climbing-history.org/climb/6924/kilogram,Trad climb,E9,1,Veers right onto the face after the first two pitches of the classic route OZ .,,275
KinematiX,https://climbing-history.org/climb/4682/kinematix,Sport route,9a,1,,,275
King Air,https://climbing-history.org/climb/4139/king-air,Boulder problem,7C+,1,,,275
King Condor,https://climbing-history.org/climb/6439/king-condor,Boulder problem,8C,1,,,275
Kingdom,https://climbing-history.org/climb/3258/kingdom,Boulder problem,8B,1,,,275
King of Rumpy,https://climbing-history.org/climb/2312/king-of-rumpy,Trad climb,E6,1,,,275
King of Sting,https://climbing-history.org/climb/7888/king-of-sting,Boulder problem,8B+,1,,,275
King of the Mezz,https://climbing-history.org/climb/2563/king-of-the-mezz,Trad climb,E7,1,King of the Mezz was the name of a bouldering competition at The Castle climbing wall in London.,,275
Kinshasa,https://climbing-history.org/climb/4513/kinshasa,Sport route,8b+,1,,,275
Kirkus' Corner,https://climbing-history.org/climb/2028/kirkus-corner,Trad climb,E1,1,,,276
Kirkus's Route,https://climbing-history.org/climb/4176/kirkuss-route,Trad climb,VS,1,,,276
Kirk Windstein,https://climbing-history.org/climb/4688/kirk-windstein,Boulder problem,8A,1,,,276
Kiss the Sky Low,https://climbing-history.org/climb/8216/kiss-the-sky-low,Boulder problem,8B,1,,,276
Kistespiker,https://climbing-history.org/climb/7526/kistespiker,Boulder problem,7C+,1,,,276
Kit Dynamite,https://climbing-history.org/climb/4148/kit-dynamite,Boulder problem,8A,1,,,276
Kitten Claws,https://climbing-history.org/climb/6111/kitten-claws,Trad climb,E3,1,,,276
Kittens Galore,https://climbing-history.org/climb/7270/kittens-galore,Boulder problem,8A,1,,,276
Klobassa,https://climbing-history.org/climb/5095/klobassa,Sport route,8c,1,,,276
Knife at the Opera,https://climbing-history.org/climb/2236/knife-at-the-opera,Boulder problem,8B+,1,,,276
Knife Wound,https://climbing-history.org/climb/6994/knife-wound,Trad climb,E7,1,,,276
Knightsbridge,https://climbing-history.org/climb/2075/knightsbridge,Trad climb,E2,1,,,276
Knocked Out Loaded,https://climbing-history.org/climb/721/knocked-out-loaded,Trad climb,E6,1,,,276
Knockman,https://climbing-history.org/climb/7386/knockman,Boulder problem,8B+,1,,,276
K'n'S Special,https://climbing-history.org/climb/5196/kns-special,Trad climb,E6,1,,,276
Kobayashi,https://climbing-history.org/climb/6467/kobayashi,Boulder problem,8C,1,,,276
Kolumbusfalter,https://climbing-history.org/climb/4037/kolumbusfalter,Boulder problem,8C,1,,,276
Kolus,https://climbing-history.org/climb/2254/kolus,Trad climb,E8,1,Dave MacLeod :,,276
Kora,https://climbing-history.org/climb/6084/kora,Boulder problem,8C,1,,,276
Kout Pikle,https://climbing-history.org/climb/1719/kout-pikle,Sport route,9a+,1,8C boulder in to 8c power endurance.,,276
Krait Arête,https://climbing-history.org/climb/5650/krait-arête,Sport route,7b,1,,,277
Krapp's Last Tape,https://climbing-history.org/climb/3134/krapps-last-tape,Trad climb,E3,1,,,277
Krasjnoyarsk,https://climbing-history.org/climb/7735/krasjnoyarsk,Aid Climb,A4+,1,,,277
Kreator,https://climbing-history.org/climb/7919/kreator,Sport route,8c+,1,,,277
Kronos,https://climbing-history.org/climb/6353/kronos,Sport route,8b+,1,,,277
Kuche Marka,https://climbing-history.org/climb/5440/kuche-marka,Sport route,9a+,1,Bulgaria's first 9a+.,,277
Kulebras Gemelas,https://climbing-history.org/climb/1696/kulebras-gemelas,Sport route,9a,1,,,277
Kumite,https://climbing-history.org/climb/5622/kumite,Boulder problem,7C,1,Same boulder as Asagimadara (8C). V9 in 2024 guide.,,277
Kung Fu Panda,https://climbing-history.org/climb/2327/kung-fu-panda,Boulder problem,7C,1,,,277
Kurfil,https://climbing-history.org/climb/1104/kurfil,Sport route,8b,1,,,277
Kustavin Kuningaslinja,https://climbing-history.org/climb/7898/kustavin-kuningaslinja,Trad climb,E9,1,,,277
Kyanite,https://climbing-history.org/climb/5238/kyanite,Boulder problem,8C,1,,,277
La 9ème Centenaire,https://climbing-history.org/climb/8034/la-9ème-centenaire,Sport route,9a,1,,,277
La Barbaque,https://climbing-history.org/climb/4299/la-barbaque,Sport route,9a,1,,,277
La Barrière,https://climbing-history.org/climb/491/la-barrière,Sport route,9b,1,,,277
L'Abattoir,https://climbing-history.org/climb/5610/labattoir,Boulder problem,7A+,1,"Originally opened at 7A making it one of the first in the forest, though technically not the first as La Joker was established before the seventh grade existed and was retrospectively upgraded to 7A after the system was expanded.",,277
La Bénédiction,https://climbing-history.org/climb/1879/la-bénédiction,Sport route,8c,1,,,277
L'Abominaffreux,https://climbing-history.org/climb/6253/labominaffreux,Sport route,8a,1,,,277
La Brioche,https://climbing-history.org/climb/4486/la-brioche,Sport route,8a,1,,,277
La Busta Paga,https://climbing-history.org/climb/6260/la-busta-paga,Boulder problem,"8B+
                        (approx)",1,Grade is approximate as none was offered be the first ascentionist.,,277
La Cabane Au Paradis,https://climbing-history.org/climb/3661/la-cabane-au-paradis,Sport route,8c+,1,,,278
La Chimère des Hauteurs L2,https://climbing-history.org/climb/1781/la-chimère-des-hauteurs-l2,Sport route,9a+,1,,,278
La Chiquette du Graal,https://climbing-history.org/climb/994/la-chiquette-du-graal,Sport route,8b+,1,,,278
La Cinquantaine Éclatante,https://climbing-history.org/climb/3380/la-cinquantaine-éclatante,Sport route,9a+,1,,,278
La Coccinelle,https://climbing-history.org/climb/7568/la-coccinelle,Boulder problem,7C+,1,,,278
La Connexion,https://climbing-history.org/climb/4428/la-connexion,Sport route,8c+,1,,,278
La Crème,https://climbing-history.org/climb/5903/la-crème,Sport route,7c+,1,,,278
La Crépinette,https://climbing-history.org/climb/4487/la-crépinette,Sport route,8a,1,,,278
La Cucina Dell'Inferno,https://climbing-history.org/climb/359/la-cucina-dellinferno,Sport route,8a,1,,,278
La Dolce Vita,https://climbing-history.org/climb/6937/la-dolce-vita,Boulder problem,8B,1,,,278
Lady Charlotte,https://climbing-history.org/climb/2127/lady-charlotte,Trad climb,E5,1,,,278
Lady Jane,https://climbing-history.org/climb/2126/lady-jane,Trad climb,E2,1,,,278
Lady of the Forest Low,https://climbing-history.org/climb/6940/lady-of-the-forest-low,Boulder problem,8A+,1,,,278
L'Aérodynamite,https://climbing-history.org/climb/5573/laérodynamite,Boulder problem,7B+,1,,,278
La Esencia de la Resistencia,https://climbing-history.org/climb/7827/la-esencia-de-la-resistencia,Sport route,8c+,1,,,278
La False Connection,https://climbing-history.org/climb/3558/la-false-connection,Sport route,8b,1,,,278
La Femme Blanche,https://climbing-history.org/climb/327/la-femme-blanche,Sport route,8a+,1,,,278
La Fissure Wehrlin,https://climbing-history.org/climb/5615/la-fissure-wehrlin,Boulder problem,3,1,"The first recorded boulder problem in Fontainebleau, dating from 1908.",,278
La Force Tranquille Direct,https://climbing-history.org/climb/838/la-force-tranquille-direct,Boulder problem,8C,1,,,278
La Gasparata,https://climbing-history.org/climb/6472/la-gasparata,Sport route,9a,1,,,278
La Gayola Perfecta,https://climbing-history.org/climb/7779/la-gayola-perfecta,Sport route,9a+,1,,,279
La Guerra,https://climbing-history.org/climb/3161/la-guerra,Boulder problem,8B+,1,,,279
La Guerre des Wolfs,https://climbing-history.org/climb/2951/la-guerre-des-wolfs,Sport route,9a+,1,,,279
La Haine,https://climbing-history.org/climb/1624/la-haine,Sport route,7c+,1,,,279
La Horde Intégrale,https://climbing-history.org/climb/1506/la-horde-intégrale,Sport route,9a,1,,,279
La Incredible Jul,https://climbing-history.org/climb/4001/la-incredible-jul,Sport route,8b,1,,,279
Lajfstajl,https://climbing-history.org/climb/7809/lajfstajl,Boulder problem,8A,1,,,279
La Joker,https://climbing-history.org/climb/1247/la-joker,Boulder problem,7A,1,"The first 7A in the forest, and probably one of the first in the world.",,279
L'Alchimiste (pre-break),https://climbing-history.org/climb/782/lalchimiste-(pre-break),Boulder problem,8B,1,"Holds broke in late 90s. Recorded as vandalised on Bleau.info, but, as Marc recounts, it's not clear whether the holds were broken deliberately. Re-ascended by Nalle Hukkataival via a slight variation on the original line. Charles Albert was the first to re-ascend by the original line.",,279
La Legión,https://climbing-history.org/climb/2837/la-legión,Boulder problem,8C,1,,,279
La Lumiere,https://climbing-history.org/climb/7358/la-lumiere,Boulder problem,8B+,1,,,279
La Lune,https://climbing-history.org/climb/5894/la-lune,Trad climb,E7,1,,,279
La Machine,https://climbing-history.org/climb/7057/la-machine,Sport route,8b,1,,,279
La Mala L1 + L2,https://climbing-history.org/climb/7951/la-mala-l1-+-l2,Sport route,8b,1,,,279
La Marroncita,https://climbing-history.org/climb/2496/la-marroncita,Sport route,8b,1,,,279
Lamb of God,https://climbing-history.org/climb/7442/lamb-of-god,Trad climb,E10,1,,,279
La Mola Mola,https://climbing-history.org/climb/7710/la-mola-mola,Sport route,9a,1,,,279
Lampionový průvod,https://climbing-history.org/climb/7389/lampionový-průvod,Boulder problem,8A+,1,,,279
L'Anarchiste,https://climbing-history.org/climb/4352/lanarchiste,Boulder problem,8C,1,,,279
Lancashire Lass,https://climbing-history.org/climb/5277/lancashire-lass,Boulder problem,7C+,1,,,279
Land Der Hämmer,https://climbing-history.org/climb/2823/land-der-hämmer,Sport route,8b,1,,,280
L'Ange,https://climbing-history.org/climb/1119/lange,Sport route,7b,1,,,280
L'Ange Naïf,https://climbing-history.org/climb/5560/lange-naïf,Boulder problem,7C,1,Direct and original version without a hook in the big pocket to the left. Originally proposed at 8A. 7B+ with a foot in the pocket on the left.,,280
L'Angle Allain,https://climbing-history.org/climb/1244/langle-allain,Boulder problem,6A,1,Originally graded VI but downgraded with modern shoes. 5+ for a period but now considered 6a again.,,280
L'Angle Bens,https://climbing-history.org/climb/3114/langle-bens,Boulder problem,7A+,1,Named after Uncle Ben's Microwavable Rice ! There was an old french marketing slogan which said,,280
L'Angle du Genou,https://climbing-history.org/climb/5284/langle-du-genou,Boulder problem,5+,1,,,280
L'Angle Parfait,https://climbing-history.org/climb/5787/langle-parfait,Boulder problem,7C,1,"Not that one. This one's at Millstone, Peak District, UK.",,280
L'Antagonista,https://climbing-history.org/climb/2227/lantagonista,Sport route,8c,1,,,280
La Part des Anges,https://climbing-history.org/climb/6911/la-part-des-anges,Boulder problem,8C,1,,,280
La Pichard,https://climbing-history.org/climb/7227/la-pichard,Boulder problem,8B,1,,,280
L'Aplat Du Gain,https://climbing-history.org/climb/5559/laplat-du-gain,Boulder problem,8A,1,The first proposed 8A+ in Fontainebleau,,280
Lapoterapia,https://climbing-history.org/climb/7234/lapoterapia,Trad climb,E10,1,,,280
La Prestat (pre-break),https://climbing-history.org/climb/1246/la-prestat-(pre-break),Boulder problem,4,1,"One of the earliest known boulder problems recorded in the forest. Jacques de Lépiney was trying the problem with Louis Prestat , when Jacques succeeded he decided to name it after Prestat.",,280
La Princesse Assise,https://climbing-history.org/climb/7878/la-princesse-assise,Boulder problem,8B,1,,,280
La Putita de Millau,https://climbing-history.org/climb/4639/la-putita-de-millau,Sport route,8a,1,,,280
La Queue du Diplodocus,https://climbing-history.org/climb/1632/la-queue-du-diplodocus,Sport route,8a+,1,,,280
L'arcademicien Des Crépis,https://climbing-history.org/climb/8122/larcademicien-des-crépis,Sport route,8c,1,,,280
Lard Butt,https://climbing-history.org/climb/5882/lard-butt,Sport route,8a+,1,,,280
Lardmaster,https://climbing-history.org/climb/6769/lardmaster,Trad climb,E3,1,,,280
La Reina de la Piscineta,https://climbing-history.org/climb/8057/la-reina-de-la-piscineta,Sport route,8c,1,,,280
La Reine des Bois,https://climbing-history.org/climb/6356/la-reine-des-bois,Boulder problem,7C,1,"A formidable high arête, an equal to its neighbour Miséricorde , yet rarely repeated.",,281
L'Arenauta,https://climbing-history.org/climb/1796/larenauta,Sport route,9b,1,,,281
L'Arête de Boissy (assis),https://climbing-history.org/climb/4742/larête-de-boissy-(assis),Boulder problem,8B+,1,,,281
L'Arete Possible,https://climbing-history.org/climb/5698/larete-possible,Boulder problem,7A+,1,,,281
La Révolutionnaire (original),https://climbing-history.org/climb/1546/la-révolutionnaire-(original),Boulder problem,8C,1,Superseded by the lower start La Révolutionnaire .,,281
Las Clochas de Targa,https://climbing-history.org/climb/325/las-clochas-de-targa,Sport route,8a+,1,,,281
La Somera del Viento,https://climbing-history.org/climb/6069/la-somera-del-viento,Sport route,8b+,1,,,281
Las Reliquias de la Muerte,https://climbing-history.org/climb/3449/las-reliquias-de-la-muerte,Sport route,9a,1,,,281
La Stalingrad,https://climbing-history.org/climb/1248/la-stalingrad,Boulder problem,6B,1,,,281
Last Drink,https://climbing-history.org/climb/5324/last-drink,Boulder problem,8A+,1,,,281
Last Eggs Before the M1,https://climbing-history.org/climb/5294/last-eggs-before-the-m1,Sport route,7c+,1,Named after a sign the first scentionist saw while driving.,,281
Last Line of Defense,https://climbing-history.org/climb/5236/last-line-of-defense,Boulder problem,8C+,1,,,281
La Super Prestat,https://climbing-history.org/climb/3159/la-super-prestat,Boulder problem,7B+,1,A benchmark slab climb. Added to the Cuvier white circuit some time between 1984 and 1993.,,281
La Théorie des Jeux,https://climbing-history.org/climb/4379/la-théorie-des-jeux,Boulder problem,8A+,1,,,281
Latido del Miedo,https://climbing-history.org/climb/335/latido-del-miedo,Sport route,8a,1,,,281
La Toupie Carnivore,https://climbing-history.org/climb/5253/la-toupie-carnivore,Boulder problem,8A+,1,,,281
La Tournée du Patron L1,https://climbing-history.org/climb/6346/la-tournée-du-patron-l1,Sport route,8b+,1,,,281
La Travesia de los Gladiadores Total,https://climbing-history.org/climb/2835/la-travesia-de-los-gladiadores-total,Sport route,8b,1,,,281
Lats in the Blefry,https://climbing-history.org/climb/7068/lats-in-the-blefry,Trad climb,E7,1,,,281
La Tuerie d'Oriol,https://climbing-history.org/climb/366/la-tuerie-doriol,Sport route,8a,1,,,281
Laughing Arthur,https://climbing-history.org/climb/1394/laughing-arthur,Trad climb,E8,1,,,282
Laughing at the Rain,https://climbing-history.org/climb/6518/laughing-at-the-rain,Sport route,7c,1,,,282
L'Aura,https://climbing-history.org/climb/8320/laura,Sport route,9a,1,,,282
L’avenir Nous Reserve Rien de Bon,https://climbing-history.org/climb/2695/l’avenir-nous-reserve-rien-de-bon,Boulder problem,8A+,1,,,282
La Vie,https://climbing-history.org/climb/2011/la-vie,Sport route,9b,1,,,282
La Vuelta Al Mundo,https://climbing-history.org/climb/6656/la-vuelta-al-mundo,Sport route,9a,1,The first 9a route in Colombia.,,282
Lawrencefield Wall,https://climbing-history.org/climb/4325/lawrencefield-wall,Boulder problem,"8B
                        (approx)",1,,,282
Lay-By Arete,https://climbing-history.org/climb/4397/lay-by-arete,Boulder problem,7B+,1,,,282
Laying in the Light,https://climbing-history.org/climb/7293/laying-in-the-light,Boulder problem,8C,1,,,282
Lazy Colon,https://climbing-history.org/climb/4130/lazy-colon,Boulder problem,7C,1,,,282
Learning to Fly,https://climbing-history.org/climb/3462/learning-to-fly,Trad climb,E7,1,,,282
Leave it to Beaver,https://climbing-history.org/climb/2591/leave-it-to-beaver,Trad climb,E5,1,,,282
Le Barbier,https://climbing-history.org/climb/2940/le-barbier,Boulder problem,"9A
                        (approx)",1,A project of Charles Albert's in Fontainebleau on some tiny crimps.,,282
Le Biceps Mou,https://climbing-history.org/climb/3044/le-biceps-mou,Boulder problem,7B,1,[1] https://www.instagram.com/p/C2aWynONt7z/,,282
"Le blond, la brute et le manouche","https://climbing-history.org/climb/930/le-blond,-la-brute-et-le-manouche",Sport route,8c+,1,,,282
Le Braille,https://climbing-history.org/climb/4296/le-braille,Sport route,9a,1,,,282
Le Brillant Saoul,https://climbing-history.org/climb/3117/le-brillant-saoul,Sport route,8c,1,,,282
Le Cadre (Pre-Break),https://climbing-history.org/climb/2407/le-cadre-(pre-break),Sport route,8c,1,,,282
Le Carre d’As,https://climbing-history.org/climb/1249/le-carre-d’as,Boulder problem,6C+,1,,,282
Le Chant des Muses,https://climbing-history.org/climb/7411/le-chant-des-muses,Sport route,9b,1,,,282
Le Chant du Cygne,https://climbing-history.org/climb/6931/le-chant-du-cygne,Boulder problem,8A+,1,,,283
L'Echelle a Poissons,https://climbing-history.org/climb/1118/lechelle-a-poissons,Sport route,7a,1,The first 7a route in France.,,283
Le Clou,https://climbing-history.org/climb/2051/le-clou,Sport route,8c,1,,,283
Le Coq Sportif,https://climbing-history.org/climb/4791/le-coq-sportif,Sport route,8b,1,"Oslo, Norway",,283
Le Corridor Direct assis,https://climbing-history.org/climb/934/le-corridor-direct-assis,Boulder problem,8B,1,,,283
Ledoborec,https://climbing-history.org/climb/1680/ledoborec,Boulder problem,8C+,1,Adam Ondra :,,283
Le Feu Occulte,https://climbing-history.org/climb/4007/le-feu-occulte,Sport route,8b+,1,,,283
Le Fight du Beau Gosse Intégrale,https://climbing-history.org/climb/1743/le-fight-du-beau-gosse-intégrale,Sport route,8c,1,,,283
Left Eliminate,https://climbing-history.org/climb/1367/left-eliminate,Trad climb,E1,1,,,283
Leftism,https://climbing-history.org/climb/1457/leftism,Sport route,8b+,1,,,283
Leftovers,https://climbing-history.org/climb/6028/leftovers,Boulder problem,8B+,1,,,283
Left Spur,https://climbing-history.org/climb/6507/left-spur,Boulder problem,7A,1,,,283
Left Unconquerable,https://climbing-history.org/climb/5789/left-unconquerable,Trad climb,E1,1,,,283
Left Wing,https://climbing-history.org/climb/2549/left-wing,Boulder problem,7C,1,,,283
Legacy,https://climbing-history.org/climb/8076/legacy,Boulder problem,8B+,1,,,283
Legend,https://climbing-history.org/climb/8352/legend,Sport route,9a+,1,,,283
Legend of the Overfield,https://climbing-history.org/climb/4247/legend-of-the-overfield,Sport route,8c,1,A project of Randy Leavitt's before a young Chris Sharma made the first ascent.,,283
Legolas,https://climbing-history.org/climb/3818/legolas,Trad climb,HVS,1,,,283
Le Grand Saccage,https://climbing-history.org/climb/5116/le-grand-saccage,Sport route,9a+,1,,,283
Le Jeté,https://climbing-history.org/climb/2943/le-jeté,Boulder problem,"8C
                        (approx)",1,"A project of Charles Albert's in Fontainebleau. It is a dyno from some small crimps to a decent lip hold, potentially an 8C single move!",,283
Le Llamaban Moñas,https://climbing-history.org/climb/4664/le-llamaban-moñas,Sport route,8a,1,,,284
L'Elsir d'Amore,https://climbing-history.org/climb/4251/lelsir-damore,Trad climb,E7,1,,,284
Le Mandarin,https://climbing-history.org/climb/7214/le-mandarin,Boulder problem,8A,1,,,284
Le Mari de la Baleine,https://climbing-history.org/climb/3966/le-mari-de-la-baleine,Sport route,8a+,1,,,284
Lemento,https://climbing-history.org/climb/3055/lemento,Boulder problem,8B,1,,,284
Lemon Crushed,https://climbing-history.org/climb/4830/lemon-crushed,Trad climb,E7,1,,,284
Le Mur des Cyclopes,https://climbing-history.org/climb/4223/le-mur-des-cyclopes,Sport route,8b+,1,,,284
Le Mur Jaune,https://climbing-history.org/climb/4209/le-mur-jaune,Sport route,8b,1,,,284
Le Mustok,https://climbing-history.org/climb/4336/le-mustok,Sport route,8c,1,,,284
L'Enfant Despote,https://climbing-history.org/climb/8213/lenfant-despote,Sport route,9a+,1,,,284
L'Enfer du Décor,https://climbing-history.org/climb/7095/lenfer-du-décor,Trad climb,E6,1,,,284
L’Enfumette,https://climbing-history.org/climb/4122/l’enfumette,Sport route,8c+,1,,,284
Leoline,https://climbing-history.org/climb/7977/leoline,Sport route,8b,1,,,284
Leoni Alfa,https://climbing-history.org/climb/6238/leoni-alfa,Sport route,8c,1,,,284
Leopold Low Start,https://climbing-history.org/climb/7108/leopold-low-start,Boulder problem,8A+,1,,,284
Leopold Von Pooch,https://climbing-history.org/climb/1639/leopold-von-pooch,Boulder problem,8C,1,,,284
Leo's Line,https://climbing-history.org/climb/2311/leos-line,Trad climb,E5,1,,,284
Leo's Traverse,https://climbing-history.org/climb/5697/leos-traverse,Boulder problem,6C,1,,,284
Le Pied à Coulisse (Direct),https://climbing-history.org/climb/1811/le-pied-à-coulisse-(direct),Boulder problem,8B+,1,"A more direct version of Le Pied à Coulisse , maybe only possible with no climbing shoes as you use a pocket for your big toe.",,284
Le Pilier du Désert,https://climbing-history.org/climb/3319/le-pilier-du-désert,Boulder problem,7C+,1,,,284
Le Râle du Cul,https://climbing-history.org/climb/7106/le-râle-du-cul,Boulder problem,6C+,1,,,285
Le Réveil de la Force,https://climbing-history.org/climb/7360/le-réveil-de-la-force,Boulder problem,8B+,1,,,285
Les Ailes du Désir Extension,https://climbing-history.org/climb/1544/les-ailes-du-désir-extension,Sport route,8a,1,,,285
Les Braves Gens ne Courent pas les Rues,https://climbing-history.org/climb/4471/les-braves-gens-ne-courent-pas-les-rues,Sport route,8b,1,,,285
Les Enfants Gâtés,https://climbing-history.org/climb/8117/les-enfants-gâtés,Sport route,9a+,1,,,285
Les Épinards aux Violettes,https://climbing-history.org/climb/3965/les-épinards-aux-violettes,Sport route,8a+,1,,,285
Les Météores (assis),https://climbing-history.org/climb/7099/les-météores-(assis),Boulder problem,"8C+
                        (approx)",1,,,285
Les Mollahs du Mur,https://climbing-history.org/climb/924/les-mollahs-du-mur,Sport route,8c+,1,,,285
Le Souffle du Ragga,https://climbing-history.org/climb/1536/le-souffle-du-ragga,Sport route,8b+,1,,,285
Les Plumes de Calcaire,https://climbing-history.org/climb/7825/les-plumes-de-calcaire,Sport route,9a+,1,,,285
Les Rois du Lithium,https://climbing-history.org/climb/3398/les-rois-du-lithium,Sport route,9b,1,,,285
Les Spécialistes,https://climbing-history.org/climb/4430/les-spécialistes,Sport route,8b+,1,,,285
Le Surplomb de la Mée,https://climbing-history.org/climb/3393/le-surplomb-de-la-mée,Boulder problem,8B,1,Initially climbed by Jacky Godoffe and Alain Ghersen in 1983 it was the first 7C+ in the forest. It then broke and was re-climbed by Marc le Menestrel at 8A+ before it broke again in 2010 and was re-climbed by Antoine Vandeputte .,,285
Les Vrais Cons Pélerins,https://climbing-history.org/climb/4302/les-vrais-cons-pélerins,Sport route,8a+,1,,,285
Les Yeux Plus Gros que l'Antre,https://climbing-history.org/climb/504/les-yeux-plus-gros-que-lantre,Sport route,9b,1,,,285
Lethal Weapon,https://climbing-history.org/climb/6729/lethal-weapon,Trad climb,E5,1,,,285
L'Étoile Du Nord,https://climbing-history.org/climb/3459/létoile-du-nord,Boulder problem,8B+,1,,,285
Le Toit du Cul de Chien,https://climbing-history.org/climb/8067/le-toit-du-cul-de-chien,Boulder problem,7A,1,[1] https://climbing-history.org/library_item/16431/fontainebleau-part-en-fum%C3%A9e---le-toit-du-cul-du-chien-7a,,285
L'Etrave,https://climbing-history.org/climb/4021/letrave,Boulder problem,7B+,1,,,285
Let's Get Ready to Rumbleweed,https://climbing-history.org/climb/1619/lets-get-ready-to-rumbleweed,Boulder problem,8A,1,,,285
Let The Tribe Increase,https://climbing-history.org/climb/2826/let-the-tribe-increase,Sport route,8a,1,,,286
Let the Tripe Increase,https://climbing-history.org/climb/739/let-the-tripe-increase,Sport route,7c,1,,,286
Leviathan,https://climbing-history.org/climb/4736/leviathan,Boulder problem,8A,1,,,286
Leviathan Extension,https://climbing-history.org/climb/3470/leviathan-extension,Boulder problem,8A,1,,,286
Leviathan SDS,https://climbing-history.org/climb/3469/leviathan-sds,Boulder problem,8A+,1,,,286
Levitation,https://climbing-history.org/climb/7183/levitation,Boulder problem,8B+,1,,,286
Le Voyage Éternel,https://climbing-history.org/climb/3395/le-voyage-éternel,Boulder problem,8C,1,,,286
Le Voyageur Face a la Mer de Nuage,https://climbing-history.org/climb/2846/le-voyageur-face-a-la-mer-de-nuage,Boulder problem,8B,1,,,286
Leyroy Slips a Disc,https://climbing-history.org/climb/6497/leyroy-slips-a-disc,Boulder problem,7B,1,,,286
L'Horla,https://climbing-history.org/climb/3207/lhorla,Trad climb,E1,1,,,286
Liasons Dangereuses,https://climbing-history.org/climb/4159/liasons-dangereuses,Sport route,8b,1,,,286
Libertadores,https://climbing-history.org/climb/6061/libertadores,Boulder problem,8B+,1,,,286
Líder Ibérico,https://climbing-history.org/climb/3109/líder-ibérico,Sport route,9a+,1,,,286
Life Assurance,https://climbing-history.org/climb/5982/life-assurance,Trad climb,E6,1,,,286
Lifeforce,https://climbing-history.org/climb/1396/lifeforce,Sport route,8b+,1,,,286
Life in the Fast Lane,https://climbing-history.org/climb/5713/life-in-the-fast-lane,Trad climb,E4,1,,,286
Lifeline,https://climbing-history.org/climb/4412/lifeline,Boulder problem,8B,1,,,286
Lifeseeker,https://climbing-history.org/climb/6760/lifeseeker,Boulder problem,6C,1,,,286
Lifestyles of the Poor and Famous,https://climbing-history.org/climb/2014/lifestyles-of-the-poor-and-famous,Boulder problem,8B,1,Highball.,,286
"Life, the Universe and Everything","https://climbing-history.org/climb/7427/life,-the-universe-and-everything",Trad climb,E10,1,,,286
"Life, the Universe and Everything","https://climbing-history.org/climb/3606/life,-the-universe-and-everything",Boulder problem,8B,1,,,287
Lighthouse Effect,https://climbing-history.org/climb/8142/lighthouse-effect,Boulder problem,8A+,1,,,287
Lightning,https://climbing-history.org/climb/299/lightning,Sport route,8b,1,,,287
L'Île,https://climbing-history.org/climb/7100/lîle,Boulder problem,"9A
                        (approx)",1,A right hand variation on The Big Island (8C) via some very small holds.,,287
L'Illusion du Choix,https://climbing-history.org/climb/6278/lillusion-du-choix,Boulder problem,8B,1,,,287
Limitless,https://climbing-history.org/climb/7922/limitless,Boulder problem,8B,1,,,287
Lion King,https://climbing-history.org/climb/2369/lion-king,Boulder problem,8B,1,,,287
Lion's Share,https://climbing-history.org/climb/5320/lions-share,Sport route,9a,1,,,287
Liqueur de Coco,https://climbing-history.org/climb/2937/liqueur-de-coco,Sport route,7c+,1,,,287
Liquid Assets,https://climbing-history.org/climb/6793/liquid-assets,Trad climb,E4,1,,,287
Lištový SD,https://climbing-history.org/climb/7384/lištový-sd,Boulder problem,8A+,1,First established at 7C+ by Rasto Sulik it then broke and was reclimbed by Adam Ondra at 8A+.,,287
Lithium,https://climbing-history.org/climb/558/lithium,Boulder problem,8B+,1,,,287
Little Boy du Fond,https://climbing-history.org/climb/8329/little-boy-du-fond,Boulder problem,8C,1,,,287
Little Northumberland,https://climbing-history.org/climb/2479/little-northumberland,Boulder problem,7C,1,,,287
Little Plum,https://climbing-history.org/climb/533/little-plum,Sport route,8a,1,"Originally climbed as 2 pitches with the first being a powerful and bouldery 7c+, followed by an easier middle section and a still tricky (~7b+) upper section. It is now more commonly climbed in a single pitch.",,287
Little Red Riding Hood,https://climbing-history.org/climb/4236/little-red-riding-hood,Trad climb,E6,1,,,287
Live at the Witch Trials,https://climbing-history.org/climb/7174/live-at-the-witch-trials,Trad climb,E6,1,,,287
Livelihood Stand,https://climbing-history.org/climb/7522/livelihood-stand,Boulder problem,8A,1,,,287
Live Long and Prosper,https://climbing-history.org/climb/8021/live-long-and-prosper,Boulder problem,8C,1,,,287
Livin' Astro,https://climbing-history.org/climb/3181/livin-astro,Sport route,8c+,1,,,287
Living in Fear,https://climbing-history.org/climb/6559/living-in-fear,Sport route,8b,1,"""hard-as-hell 5.13d"" (Mountain Project)",,288
Lizzy Beams Desire,https://climbing-history.org/climb/2098/lizzy-beams-desire,Sport route,8b+,1,,,288
Llanberies,https://climbing-history.org/climb/1012/llanberies,Trad climb,E7,1,,,288
Llanero Solitario,https://climbing-history.org/climb/6501/llanero-solitario,Boulder problem,8A+,1,,,288
L Mens,https://climbing-history.org/climb/579/l-mens,Sport route,8b+,1,,,288
Lobos,https://climbing-history.org/climb/354/lobos,Sport route,8a,1,,,288
Lobscows,https://climbing-history.org/climb/3032/lobscows,Boulder problem,8A,1,,,288
L'Ob Session,https://climbing-history.org/climb/1442/lob-session,Sport route,7c+,1,,,288
Local Rite,https://climbing-history.org/climb/6017/local-rite,Trad climb,E8,1,A start from the ground for Rite Time – the gigantic arête in the Main Quarry – became feasible after tree clearance at the base.,,288
Lockdown,https://climbing-history.org/climb/1994/lockdown,Sport route,8b,1,Known as the 'Orange Suntan' project before it was finally climbed by Ben Moon .,,288
Lockwood's Chimney,https://climbing-history.org/climb/8201/lockwoods-chimney,Trad climb,VD,1,Most entertaining when done with a large number of large climbers in heavy rain. Leader needs patience and 40 feet of rope.,,288
Loco,https://climbing-history.org/climb/2239/loco,Boulder problem,8C,1,,,288
Lo Lo,https://climbing-history.org/climb/5019/lo-lo,Boulder problem,8A+,1,,,288
London Pride,https://climbing-history.org/climb/3121/london-pride,Trad climb,E5,1,,,288
Lonely Valentine,https://climbing-history.org/climb/7088/lonely-valentine,Trad climb,E7,1,,,288
Lone Ranger,https://climbing-history.org/climb/6162/lone-ranger,Trad climb,E5,1,,,288
Long Road of Life,https://climbing-history.org/climb/7179/long-road-of-life,Boulder problem,8C,1,,,288
Long Route,https://climbing-history.org/climb/4441/long-route,Trad climb,HVS,1,,,288
Look Who's Back 2,https://climbing-history.org/climb/8295/look-whos-back-2,Boulder problem,8A+,1,,,288
Looney Tunes,https://climbing-history.org/climb/3021/looney-tunes,Boulder problem,7B,1,,,288
Looning the Tube,https://climbing-history.org/climb/3374/looning-the-tube,Trad climb,E1,1,,,289
Loosifer,https://climbing-history.org/climb/4727/loosifer,Trad climb,E6,1,A rather harrowing E6 5c!,,289
Lord Farquhar,https://climbing-history.org/climb/143/lord-farquhar,Boulder problem,8B+,1,,,289
Lord of the Flies,https://climbing-history.org/climb/2890/lord-of-the-flies,Trad climb,E2,1,,,289
Lo Squalo di Macerata,https://climbing-history.org/climb/6240/lo-squalo-di-macerata,Sport route,8c,1,,,289
Los Racos Extension,https://climbing-history.org/climb/1299/los-racos-extension,Sport route,8a+,1,,,289
Los Robavias,https://climbing-history.org/climb/3963/los-robavias,Sport route,8b+,1,,,289
Los Tacos de los Dos Rigolos,https://climbing-history.org/climb/2807/los-tacos-de-los-dos-rigolos,Sport route,8a,1,,,289
Lost Castle of My Desires,https://climbing-history.org/climb/6386/lost-castle-of-my-desires,Sport route,8a+,1,"A slate off-width in Gideon Quarry, Llanberis. It's not clear to what extent the route was bolted, if at all. It fell down a few months after Stevie Haston 's  first ascent, in 1987.",,289
Lost Illusions,https://climbing-history.org/climb/2301/lost-illusions,Trad climb,E5,1,Originally climbed with 2 pegs at ~E7. Duncan Critchley later added a third which brought the route to it's current grade.,,289
Lost Illusions (2 Pegs),https://climbing-history.org/climb/2304/lost-illusions-(2-pegs),Trad climb,E7,1,Duncan Critchley :,,289
Lost in Music,https://climbing-history.org/climb/4732/lost-in-music,Trad climb,E7,1,,,289
Lost World,https://climbing-history.org/climb/2323/lost-world,Trad climb,E6,1,,,289
Lothlorian,https://climbing-history.org/climb/7275/lothlorian,Traverse,8c+,1,,,289
Lot's Groove,https://climbing-history.org/climb/4177/lots-groove,Trad climb,HVS,1,"The climb is so named because there must be no looking back!
Exceedingly severe and exposed; leader requires rubbers and 100 feet of rope, or preferably line, also strength and confidence.",,289
Lotus,https://climbing-history.org/climb/255/lotus,Boulder problem,7C+,1,,,289
Louis Je Master,https://climbing-history.org/climb/4595/louis-je-master,Boulder problem,8B,1,,,289
Lou Marzeou,https://climbing-history.org/climb/5372/lou-marzeou,Sport route,8b+,1,,,289
Lounge Lizards,https://climbing-history.org/climb/7747/lounge-lizards,Boulder problem,8A,1,,,289
Love,https://climbing-history.org/climb/3832/love,Sport route,8b+,1,"An extensions of Ron Kauk's classic line Peace which adds a third pitch, taking it to a belay ledge on the Bachar-Yerian .",,289
Love 2.1,https://climbing-history.org/climb/716/love-2.1,Sport route,8c+,1,,,290
Love Buzz,https://climbing-history.org/climb/4311/love-buzz,Trad climb,E7,1,,,290
Lovertoy,https://climbing-history.org/climb/4794/lovertoy,Trad climb,E9,1,,,290
Love Will Tear Us Apart,https://climbing-history.org/climb/1283/love-will-tear-us-apart,Boulder problem,8C,1,,,290
Lower Limbs,https://climbing-history.org/climb/4257/lower-limbs,Boulder problem,8B+,1,,,290
Low Miall's,https://climbing-history.org/climb/1471/low-mialls,Boulder problem,8C,1,,,290
Loyal Companion,https://climbing-history.org/climb/8309/loyal-companion,Boulder problem,8B,1,,,290
Lucid Orchestra,https://climbing-history.org/climb/3771/lucid-orchestra,Trad climb,E7,1,,,290
Lucid Visions,https://climbing-history.org/climb/3235/lucid-visions,Trad climb,E4,1,,,290
Lucky Luke,https://climbing-history.org/climb/5592/lucky-luke,Boulder problem,7C,1,,,290
Luftwaffe,https://climbing-history.org/climb/5145/luftwaffe,Boulder problem,8A+,1,,,290
L’Ultimo Ruggito,https://climbing-history.org/climb/6239/l’ultimo-ruggito,Sport route,9a,1,,,290
Lülü,https://climbing-history.org/climb/8116/lülü,Sport route,9a,1,,,290
Lune de Fiel,https://climbing-history.org/climb/6099/lune-de-fiel,Boulder problem,7C+,1,"Another desperate Cuvier slab, just next to Golden Feet .",,290
Lur,https://climbing-history.org/climb/5408/lur,Boulder problem,8B+,1,,,290
Lyme Cryme,https://climbing-history.org/climb/5716/lyme-cryme,Trad climb,E3,1,Previously an aid route called Fortress Wall Direct .,,290
Mabinogion,https://climbing-history.org/climb/6593/mabinogion,Boulder problem,8B,1,,,290
Macavity,https://climbing-history.org/climb/7132/macavity,Trad climb,E2,1,"The first route to breach Avon's Main Wall. Named for Macavity the Mystery Cat , from T.S. Elliot's Old Possum's Book of Practical Cats .",,290
Machete Wall,https://climbing-history.org/climb/3529/machete-wall,Trad climb,E2,1,,,290
Macho King,https://climbing-history.org/climb/4196/macho-king,Boulder problem,7C+,1,,,290
Madame Briam,https://climbing-history.org/climb/7560/madame-briam,Sport route,8b+,1,,,291
Madame Ching,https://climbing-history.org/climb/549/madame-ching,Sport route,9b,1,The route is named after the female pirate Zheng Yi Sao who was born in 18th century China.,,291
Mad at the Sun,https://climbing-history.org/climb/6634/mad-at-the-sun,Sport route,7c,1,,,291
Mad Dogs and Englishmen,https://climbing-history.org/climb/6198/mad-dogs-and-englishmen,Trad climb,E3,1,,,291
Made in Bougaux,https://climbing-history.org/climb/5072/made-in-bougaux,Sport route,9a,1,[1] Lucien Martinez discusses the route on BlokCast https://www.youtube.com/watch?v=g9HNgEpJink,,291
Mad Lib,https://climbing-history.org/climb/7446/mad-lib,Sport route,9a,1,,,291
Madonna,https://climbing-history.org/climb/6049/madonna,Trad climb,E6,1,,,291
Ma Dooley,https://climbing-history.org/climb/6174/ma-dooley,Trad climb,E6,1,Not your run of the mill E6. This climbs the underside of a bridge via a never ending sequence of hand and fist jams.,,291
Magical Thinking,https://climbing-history.org/climb/2639/magical-thinking,Trad climb,E10,1,Previously a project of Charlie Woodburn's before Mathew Wright made the first ascent.,,291
Magic Circus,https://climbing-history.org/climb/5143/magic-circus,Boulder problem,8A,1,,,291
Magic Flute,https://climbing-history.org/climb/6676/magic-flute,Trad climb,E1,1,,,291
Magic Theatre,https://climbing-history.org/climb/4502/magic-theatre,Trad climb,E5,1,,,291
Magnetic Heels,https://climbing-history.org/climb/6978/magnetic-heels,Trad climb,E7,1,,,291
Magnetic North,https://climbing-history.org/climb/453/magnetic-north,Sport route,8c+,1,,,291
Magnetic Pull,https://climbing-history.org/climb/5349/magnetic-pull,Sport route,8a,1,,,291
Magnolia,https://climbing-history.org/climb/6749/magnolia,Boulder problem,7B+,1,,,291
Magnum,https://climbing-history.org/climb/4025/magnum,Deep water solo,7b,1,,,291
Magrathea,https://climbing-history.org/climb/1509/magrathea,Trad climb,E9,1,,,291
Main Overhang,https://climbing-history.org/climb/4935/main-overhang,Sport route,8a,1,,,291
Makach Walou,https://climbing-history.org/climb/7731/makach-walou,Sport route,7c+,1,,,291
Mako,https://climbing-history.org/climb/4127/mako,Boulder problem,8A,1,,,292
Malbogies,https://climbing-history.org/climb/3708/malbogies,Trad climb,HVS,1,,,292
Malcolm X,https://climbing-history.org/climb/4034/malcolm-x,Sport route,8b+,1,,,292
Malc's Arete,https://climbing-history.org/climb/7093/malcs-arete,Boulder problem,7B,1,,,292
Malc's One-Armer,https://climbing-history.org/climb/7978/malcs-one-armer,Boulder problem,8A,1,"Not really a boulder problem, just a one-arm pull-up on a small hold. A Tor classic.",,292
Malc's Traverse,https://climbing-history.org/climb/4411/malcs-traverse,Boulder problem,8B,1,"Contrary to the name and most guidebooks, Steve McClure did the first ascent.",,292
Maldita María,https://climbing-history.org/climb/3806/maldita-maría,Sport route,8b+,1,,,292
Malédiction (assis),https://climbing-history.org/climb/7312/malédiction-(assis),Boulder problem,8B+,1,,,292
Malice in Wonderland,https://climbing-history.org/climb/4221/malice-in-wonderland,Trad climb,E4,1,,,292
Malkuth,https://climbing-history.org/climb/6728/malkuth,Sport route,9a,1,,,292
Malva Power,https://climbing-history.org/climb/8089/malva-power,Boulder problem,8B+,1,,,292
Malvazija (Pre-Break),https://climbing-history.org/climb/4456/malvazija-(pre-break),Sport route,8b+,1,,,292
Mamajama,https://climbing-history.org/climb/1878/mamajama,Sport route,"9a+
                        (approx)",1,,,292
Mammoth,https://climbing-history.org/climb/1025/mammoth,Trad climb,E5,1,,,292
Mammoth Direct,https://climbing-history.org/climb/1027/mammoth-direct,Trad climb,E6,1,,,292
Manchester Dogs,https://climbing-history.org/climb/2570/manchester-dogs,Boulder problem,8A,1,The first eighth grade boulder problem in Wales.,,292
Mandarin,https://climbing-history.org/climb/5023/mandarin,Trad climb,E2,1,,,292
Mandela’s Gleaming Path,https://climbing-history.org/climb/7641/mandela’s-gleaming-path,Boulder problem,8B,1,,,292
Mandrágora Sit Start,https://climbing-history.org/climb/7087/mandrágora-sit-start,Boulder problem,8B+,1,,,292
Mangarbo Natural,https://climbing-history.org/climb/5172/mangarbo-natural,Sport route,9a+,1,Avoids using chipped holds.,,292
Mangetsu,https://climbing-history.org/climb/6365/mangetsu,Sport route,8b,1,,,293
Mangia Che Ti Passa,https://climbing-history.org/climb/7200/mangia-che-ti-passa,Trad climb,E10,1,,,293
Manhattan Highrise,https://climbing-history.org/climb/676/manhattan-highrise,Trad climb,E7,1,,,293
Maninská Hvezda,https://climbing-history.org/climb/6392/maninská-hvezda,Sport route,8c+,1,,,293
Man Machine,https://climbing-history.org/climb/444/man-machine,Boulder problem,8B,1,,,293
Man of Cow,https://climbing-history.org/climb/279/man-of-cow,Boulder problem,7C,1,,,293
Mansard,https://climbing-history.org/climb/5527/mansard,Trad climb,E6,1,,,293
Manta,https://climbing-history.org/climb/5535/manta,Trad climb,E7,1,,,293
Mantrap,https://climbing-history.org/climb/8343/mantrap,Trad climb,E3,1,,,293
Man With a Gun,https://climbing-history.org/climb/6725/man-with-a-gun,Sport route,7c+,1,,,293
Many a Mickle Makes a Muckle,https://climbing-history.org/climb/6160/many-a-mickle-makes-a-muckle,Trad climb,E6,1,E6/7,,293
Mappō,https://climbing-history.org/climb/4784/mappō,Boulder problem,8C,1,,,293
Maracanazo,https://climbing-history.org/climb/4588/maracanazo,Sport route,9a,1,The first 9a in Argentina.,,293
Marbellous,https://climbing-history.org/climb/907/marbellous,Trad climb,E8,1,,,293
Marble Slab,https://climbing-history.org/climb/4189/marble-slab,Trad climb,HS,1,,,293
Mar De Bering,https://climbing-history.org/climb/2370/mar-de-bering,Sport route,9a,1,,,293
Margo,https://climbing-history.org/climb/2207/margo,Boulder problem,8B,1,,,293
Marina Superstar,https://climbing-history.org/climb/3267/marina-superstar,Sport route,9a+,1,,,293
Marjorie Razorblade,https://climbing-history.org/climb/2124/marjorie-razorblade,Trad climb,E3,1,,,293
Mark of My Beast,https://climbing-history.org/climb/2255/mark-of-my-beast,Trad climb,E9,1,,,293
Mark of the Beast,https://climbing-history.org/climb/1399/mark-of-the-beast,Deep water solo,7c,1,"And I saw a beast rising out of the sea, with ten horns and seven heads, with ten diadems on its horns and blasphemous names on its heads. And the beast that I saw was like a leopard; its feet were like a bear’s, and its mouth was like a lion’s mouth. And to it the dragon gave his power and his throne and great authority.",,294
Marquis de Sade et la Lettre de Chachet,https://climbing-history.org/climb/7580/marquis-de-sade-et-la-lettre-de-chachet,Sport route,8b,1,,,294
Marra Time,https://climbing-history.org/climb/2470/marra-time,Boulder problem,8A+,1,,,294
Marra Time Sit,https://climbing-history.org/climb/5223/marra-time-sit,Boulder problem,"8C+
                        (approx)",1,,,294
Mars Bar,https://climbing-history.org/climb/4080/mars-bar,Trad climb,E6,1,,,294
Mars Block 3,https://climbing-history.org/climb/4980/mars-block-3,Boulder problem,8B,1,,,294
Marsianin,https://climbing-history.org/climb/5694/marsianin,Trad climb,E9,1,,,294
Mascherina,https://climbing-history.org/climb/5106/mascherina,Sport route,8c,1,,,294
Massive Dynamic,https://climbing-history.org/climb/4724/massive-dynamic,Boulder problem,8B+,1,,,294
Masterclass,https://climbing-history.org/climb/7030/masterclass,Trad climb,E7,1,,,294
Masterclass,https://climbing-history.org/climb/6714/masterclass,Sport route,8c,1,,,294
Masters of the Universe,https://climbing-history.org/climb/733/masters-of-the-universe,Trad climb,E7,1,,,294
Master Spy,https://climbing-history.org/climb/2340/master-spy,Trad climb,E4,1,,,294
Match Point,https://climbing-history.org/climb/4100/match-point,Sport route,8b,1,,,294
Mathias Rust lander på Tokerud,https://climbing-history.org/climb/7530/mathias-rust-lander-på-tokerud,Boulder problem,7C+,1,,,294
Matière Grise,https://climbing-history.org/climb/3340/matière-grise,Boulder problem,7C,1,Named after its brain-like appearance.,,294
Matinée,https://climbing-history.org/climb/7459/matinée,Boulder problem,8B+,1,,,294
Maulin' Angel,https://climbing-history.org/climb/2002/maulin-angel,Boulder problem,8B+,1,,,294
Maupassant,https://climbing-history.org/climb/6272/maupassant,Trad climb,HVS,1,,,294
Max Factor,https://climbing-history.org/climb/2493/max-factor,Sport route,9a,1,,,294
Maximising,https://climbing-history.org/climb/694/maximising,Boulder problem,8B,1,,,295
Max Power,https://climbing-history.org/climb/7278/max-power,Sport route,8c,1,,,295
Maxwell's Demon Low,https://climbing-history.org/climb/2403/maxwells-demon-low,Boulder problem,8C+,1,Right exit to Shrodinger's Cat,,295
Maybe Later,https://climbing-history.org/climb/7628/maybe-later,Trad climb,E7,1,,,295
MCC,https://climbing-history.org/climb/8360/mcc,Trad climb,"E9
                        (approx)",1,Grade is a guess as none was offered by the FA.,,295
Meathook,https://climbing-history.org/climb/1227/meathook,Boulder problem,8A,1,Likely one of the first 8As in the world.,,295
Me Cago en el Amor,https://climbing-history.org/climb/331/me-cago-en-el-amor,Sport route,8a,1,,,295
Mediterranean Dream,https://climbing-history.org/climb/5337/mediterranean-dream,Sport route,8a,1,,,295
Mediumwave,https://climbing-history.org/climb/7817/mediumwave,Boulder problem,8A+,1,,,295
Medusa,https://climbing-history.org/climb/7739/medusa,Boulder problem,8B,1,,,295
Medusa Falls,https://climbing-history.org/climb/5343/medusa-falls,Sport route,7a,1,,,295
Mégalithe (assis),https://climbing-history.org/climb/5141/mégalithe-(assis),Boulder problem,7C+,1,,,295
"Mégalithe (assis, gauche)","https://climbing-history.org/climb/7323/mégalithe-(assis,-gauche)",Boulder problem,8A,1,,,295
Mega Tsunami,https://climbing-history.org/climb/2131/mega-tsunami,Trad climb,E6,1,,,295
Megos's Project,https://climbing-history.org/climb/7282/megoss-project,Sport route,"9c
                        (approx)",1,,,295
Mejorando la Samfaina,https://climbing-history.org/climb/2387/mejorando-la-samfaina,Sport route,9b+,1,,,295
Melancholony,https://climbing-history.org/climb/6004/melancholony,Trad climb,E7,1,,,295
Melange,https://climbing-history.org/climb/7395/melange,Sport route,8c+,1,,,295
Melkeveien sitt,https://climbing-history.org/climb/4560/melkeveien-sitt,Boulder problem,8B,1,,,295
Mellon,https://climbing-history.org/climb/6740/mellon,Boulder problem,8B+,1,,,295
Melltith,https://climbing-history.org/climb/5239/melltith,Sport route,8c,1,,,296
Melon Colic,https://climbing-history.org/climb/6630/melon-colic,Trad climb,E3,1,,,296
Melpomene,https://climbing-history.org/climb/5670/melpomene,Trad climb,E4,1,,,296
Meltdown,https://climbing-history.org/climb/4285/meltdown,Trad climb,E7,1,,,296
Memento,https://climbing-history.org/climb/6043/memento,Sport route,8b+,1,,,296
Memorias de una Sepia,https://climbing-history.org/climb/524/memorias-de-una-sepia,Sport route,8a,1,,,296
Menhir,https://climbing-history.org/climb/7215/menhir,Boulder problem,8B,1,"Opened at 8B/+  around 2002 and still considered tough for 8B, this would have been one of the very hardest problems in the forest at the time.",,296
Merchant of Menace,https://climbing-history.org/climb/2204/merchant-of-menace,Sport route,8b,1,,,296
Merchants of Death,https://climbing-history.org/climb/6812/merchants-of-death,Trad climb,HVS,1,,,296
Merlin,https://climbing-history.org/climb/3162/merlin,Trad climb,E6,1,,,296
Mescalito,https://climbing-history.org/climb/6048/mescalito,Sport route,7c,1,,,296
Metropolis,https://climbing-history.org/climb/834/metropolis,Boulder problem,8C,1,Ireland's first 8C.,,296
Mezzogiorno di Fuoco,https://climbing-history.org/climb/2305/mezzogiorno-di-fuoco,Sport route,8b,1,,,296
Mia Julia,https://climbing-history.org/climb/2756/mia-julia,Deep water solo,8a,1,,,296
Miall's Ahead (Post-Break),https://climbing-history.org/climb/8003/mialls-ahead-(post-break),Boulder problem,8B,1,,,296
Miami Vice,https://climbing-history.org/climb/8164/miami-vice,Boulder problem,8B,1,,,296
Michael Knight Wears a Chest Wig,https://climbing-history.org/climb/942/michael-knight-wears-a-chest-wig,Trad climb,E7,1,,,296
Michel-Ange,https://climbing-history.org/climb/6525/michel-ange,Boulder problem,7C,1,,,296
Microcosm,https://climbing-history.org/climb/6197/microcosm,Sport route,8a+,1,,,296
Middle Traverse,https://climbing-history.org/climb/6748/middle-traverse,Boulder problem,7A,1,,,296
Midnight Summer Dream,https://climbing-history.org/climb/3567/midnight-summer-dream,Trad climb,E5,1,,,297
Milky Way,https://climbing-history.org/climb/2094/milky-way,Trad climb,E6,1,,,297
Mille Millions de Mille Sabords,https://climbing-history.org/climb/4476/mille-millions-de-mille-sabords,Sport route,8b,1,,,297
Millennium,https://climbing-history.org/climb/7343/millennium,Sport route,8b,1,,,297
Millsom's Minion,https://climbing-history.org/climb/8340/millsoms-minion,Trad climb,E1,1,,,297
Millwheel Wall,https://climbing-history.org/climb/8341/millwheel-wall,Trad climb,E1,1,,,297
Mind Flayer,https://climbing-history.org/climb/6926/mind-flayer,Boulder problem,8C,1,,,297
Mind Games,https://climbing-history.org/climb/6608/mind-games,Boulder problem,8B+,1,,,297
Mind Riot,https://climbing-history.org/climb/557/mind-riot,Trad climb,E10,1,,,297
Mineshaft,https://climbing-history.org/climb/1601/mineshaft,Trad climb,VD,1,Most likely climbed centuries ago by lead miners.,,297
Mingus,https://climbing-history.org/climb/2294/mingus,Sport route,8a,1,,,297
Minimal Techno,https://climbing-history.org/climb/4665/minimal-techno,Sport route,8a,1,,,297
Minnie Monster,https://climbing-history.org/climb/6966/minnie-monster,Trad climb,E7,1,,,297
Minotauro,https://climbing-history.org/climb/6690/minotauro,Boulder problem,8B,1,,,297
Mirage,https://climbing-history.org/climb/2832/mirage,Sport route,7c+,1,,,297
Mirthmaid,https://climbing-history.org/climb/4514/mirthmaid,Deep water solo,7a+,1,,,297
Misadventure,https://climbing-history.org/climb/2700/misadventure,Trad climb,E8,1,Dave MacLeod :,,297
Misdirection,https://climbing-history.org/climb/5081/misdirection,Boulder problem,8B+,1,,,297
Missing,https://climbing-history.org/climb/2503/missing,Trad climb,E7,1,,,297
Missing Notes,https://climbing-history.org/climb/7359/missing-notes,Boulder problem,8B+,1,,,297
Missing Presumed Dead,https://climbing-history.org/climb/6822/missing-presumed-dead,Trad climb,E5,1,,,298
Missing Sync Trav,https://climbing-history.org/climb/6418/missing-sync-trav,Boulder problem,8B,1,,,298
Mission Impossible,https://climbing-history.org/climb/5625/mission-impossible,Sport route,8c+,1,,,298
Mission Impossible,https://climbing-history.org/climb/7950/mission-impossible,Sport route,8c,1,,,298
Mister Softee,https://climbing-history.org/climb/6759/mister-softee,Trad climb,E1,1,,,298
Mister Vertebras,https://climbing-history.org/climb/4973/mister-vertebras,Sport route,9a,1,,,298
Mixed Emotions,https://climbing-history.org/climb/824/mixed-emotions,Boulder problem,8B+,1,,,298
Mixed Signals,https://climbing-history.org/climb/7476/mixed-signals,Sport route,8a+,1,,,298
Mnemosyne,https://climbing-history.org/climb/1448/mnemosyne,Trad climb,E9,1,,,298
Moby Dick,https://climbing-history.org/climb/324/moby-dick,Sport route,8a+,1,,,298
Modified Limited Rampage,https://climbing-history.org/climb/7458/modified-limited-rampage,Boulder problem,8B+,1,,,298
Modrá je dobrá,https://climbing-history.org/climb/7388/modrá-je-dobrá,Boulder problem,7C+,1,,,298
Molekuly,https://climbing-history.org/climb/1554/molekuly,Sport route,9a+,1,"Last week I unlocked the sequence, believed that the non-hold is a hold, found ""a few molecules"" for my fingertips on the crazy pinch hold and yesterday, I made it through the crux and did not let go in the upper 8b+ part.",,298
Molester sit,https://climbing-history.org/climb/7883/molester-sit,Boulder problem,8B+,1,,,298
Momento da Verdade,https://climbing-history.org/climb/6692/momento-da-verdade,Boulder problem,8B,1,,,298
Momento Payaso,https://climbing-history.org/climb/1848/momento-payaso,Sport route,8b+,1,,,298
Monocroma,https://climbing-history.org/climb/1336/monocroma,Sport route,8a,1,,,298
Monomani,https://climbing-history.org/climb/7937/monomani,Trad climb,E9,1,,,298
Monotheism,https://climbing-history.org/climb/2681/monotheism,Trad climb,E7,1,,,298
Monsieur Avantski,https://climbing-history.org/climb/5890/monsieur-avantski,Trad climb,E4,1,,,298
Monster in a Box,https://climbing-history.org/climb/3229/monster-in-a-box,Trad climb,E7,1,,,299
Monster Munch,https://climbing-history.org/climb/6641/monster-munch,Trad climb,E6,1,,,299
Mont Aigulle Summit,https://climbing-history.org/climb/1253/mont-aigulle-summit,Trad climb,VD,1,,,299
Monty Python's Flying Circus,https://climbing-history.org/climb/2128/monty-pythons-flying-circus,Boulder problem,6C,1,,,299
Monumantel,https://climbing-history.org/climb/8334/monumantel,Trad climb,E9,1,,,299
Moolah,https://climbing-history.org/climb/5946/moolah,Trad climb,E5,1,,,299
Moonchild,https://climbing-history.org/climb/7004/moonchild,Trad climb,E7,1,,,299
Moonface,https://climbing-history.org/climb/7365/moonface,Boulder problem,8A,1,,,299
Moontan,https://climbing-history.org/climb/5953/moontan,Trad climb,E5,1,,,299
Moonwalk,https://climbing-history.org/climb/5134/moonwalk,Boulder problem,8A+,1,,,299
Mordillo,https://climbing-history.org/climb/1243/mordillo,Sport route,8a+,1,,,299
Moreau's Island,https://climbing-history.org/climb/247/moreaus-island,Boulder problem,8A,1,,,299
More or Less Shiny,https://climbing-history.org/climb/8032/more-or-less-shiny,Boulder problem,8B+,1,,,299
More Tea Vicar?,https://climbing-history.org/climb/6788/more-tea-vicar,Trad climb,E4,1,,,299
More Than Life,https://climbing-history.org/climb/3185/more-than-life,Trad climb,E6,1,,,299
Morning Glory,https://climbing-history.org/climb/7846/morning-glory,Boulder problem,7C,1,,,299
Mosey on Down the Crow Road,https://climbing-history.org/climb/4820/mosey-on-down-the-crow-road,Sport route,8a,1,,,299
Mossdale Trip,https://climbing-history.org/climb/1414/mossdale-trip,Trad climb,E6,1,Named after a tragic caving accident. One of the first E6s in the UK.,,299
Moss Ghyll,https://climbing-history.org/climb/8299/moss-ghyll,Trad climb,S,1,,,299
Mossoul,https://climbing-history.org/climb/2474/mossoul,Sport route,9b,1,,,299
Mo's Undercut,https://climbing-history.org/climb/3372/mos-undercut,Boulder problem,7B+,1,,,300
Mother of Pearl,https://climbing-history.org/climb/958/mother-of-pearl,Trad climb,E8,1,"A left start to Marvellous, via a highball 'Welford 7C' dyno.",,300
MotivAcción,https://climbing-history.org/climb/6042/motivacción,Sport route,8c,1,,,300
Motorsykkelveggen,https://climbing-history.org/climb/4532/motorsykkelveggen,Boulder problem,8B+,1,,,300
Mounting Frustration,https://climbing-history.org/climb/6511/mounting-frustration,Boulder problem,6C,1,,,300
Movementum,https://climbing-history.org/climb/4026/movementum,Sport route,"9c
                        (approx)",1,"A project of Sébastien Bouin's , linking the entirety of Move (9b/+) into Thor's Hammer 2 (9a+) for a monster endurance pitch.",,300
Moyer's Buttress,https://climbing-history.org/climb/3643/moyers-buttress,Trad climb,E1,1,,,300
M P P,https://climbing-history.org/climb/5669/m-p-p,Trad climb,HVS,1,"M P P stands for Micro Precision Product, a camera belonging to Ken Wilson or John Cleare.",,300
Mr. Cuddles,https://climbing-history.org/climb/1592/mr.-cuddles,Trad climb,E8,1,,,300
Mr. Fantastic,https://climbing-history.org/climb/680/mr.-fantastic,Boulder problem,8A,1,,,300
Mr. Nimbus,https://climbing-history.org/climb/4432/mr.-nimbus,Deep water solo,8b+,1,,,300
Mr. Nobody,https://climbing-history.org/climb/4168/mr.-nobody,Boulder problem,8B+,1,,,300
Mr. Poppers,https://climbing-history.org/climb/528/mr.-poppers,Boulder problem,7C,1,,,300
Mr Tom,https://climbing-history.org/climb/936/mr-tom,Boulder problem,8B,1,,,300
Mr Yuk,https://climbing-history.org/climb/7509/mr-yuk,Sport route,8b+,1,,,300
Mugen,https://climbing-history.org/climb/2445/mugen,Boulder problem,8C,1,,,300
Mulatto Wall,https://climbing-history.org/climb/2093/mulatto-wall,Trad climb,E3,1,,,300
Munin,https://climbing-history.org/climb/8212/munin,Sport route,8c,1,,,300
Murder Mitten,https://climbing-history.org/climb/6022/murder-mitten,Boulder problem,8B+,1,,,300
Mur Gwyn,https://climbing-history.org/climb/2540/mur-gwyn,Boulder problem,8A,1,,,300
Mushin',https://climbing-history.org/climb/5058/mushin,Boulder problem,7C+,1,,,301
Mutants Can Be Nice,https://climbing-history.org/climb/943/mutants-can-be-nice,Trad climb,E7,1,,,301
Mutiny,https://climbing-history.org/climb/6246/mutiny,Sport route,7c+,1,,,301
My Buddy the Apple,https://climbing-history.org/climb/6079/my-buddy-the-apple,Boulder problem,7C,1,,,301
My Fault Line,https://climbing-history.org/climb/8271/my-fault-line,Trad climb,E6,1,,,301
My Heart Fails Me,https://climbing-history.org/climb/6628/my-heart-fails-me,Trad climb,E5,1,,,301
My Mamas a Lama,https://climbing-history.org/climb/8173/my-mamas-a-lama,Sport route,8b+,1,,,301
My One Power,https://climbing-history.org/climb/5547/my-one-power,Boulder problem,8B+,1,,,301
My Orange,https://climbing-history.org/climb/3979/my-orange,Boulder problem,7C+,1,,,301
My Prune,https://climbing-history.org/climb/6078/my-prune,Boulder problem,7C,1,,,301
Myr,https://climbing-history.org/climb/1816/myr,Sport route,9a+,1,,,301
Mythos,https://climbing-history.org/climb/4332/mythos,Sport route,8c+,1,Alex Huber :,,301
MYXOMOP,https://climbing-history.org/climb/613/myxomop,Trad climb,E9,1,,,301
Naglfar,https://climbing-history.org/climb/4579/naglfar,Boulder problem,8B,1,,,301
Naismith's Route,https://climbing-history.org/climb/8152/naismiths-route,Trad climb,S,1,,,301
Naked and Savage,https://climbing-history.org/climb/6646/naked-and-savage,Trad climb,E7,1,,,301
Naked Before the Beast,https://climbing-history.org/climb/1031/naked-before-the-beast,Trad climb,E6,1,,,301
Nálevka SD,https://climbing-history.org/climb/7385/nálevka-sd,Boulder problem,8A+,1,,,301
Nalle’s New One,https://climbing-history.org/climb/7989/nalle’s-new-one,Boulder problem,8C,1,The name Nalle gave this is unknown.,,301
Namaste,https://climbing-history.org/climb/8203/namaste,Boulder problem,8A+,1,,,301
Narrow Road Between Fear and Desire,https://climbing-history.org/climb/2879/narrow-road-between-fear-and-desire,Boulder problem,8B,1,,,302
Nascondino,https://climbing-history.org/climb/2843/nascondino,Boulder problem,8A+,1,,,302
Nathan's Project,https://climbing-history.org/climb/8075/nathans-project,Boulder problem,"8C+
                        (approx)",1,Between Dandelion Mind (8B+) and Bewilderness (8B+).,,302
National Breakdown,https://climbing-history.org/climb/6496/national-breakdown,Boulder problem,7B+,1,,,302
Native Son,https://climbing-history.org/climb/4203/native-son,Aid Climb,A4,1,,,302
Natural Born Chillers,https://climbing-history.org/climb/6025/natural-born-chillers,Trad climb,E6,1,,,302
Natural High,https://climbing-history.org/climb/3802/natural-high,Trad climb,E7,1,,,302
Natza Natza,https://climbing-history.org/climb/6364/natza-natza,Sport route,8b,1,,,302
Naughty Nauticals,https://climbing-history.org/climb/6784/naughty-nauticals,Trad climb,E2,1,,,302
Nautilus,https://climbing-history.org/climb/4071/nautilus,Sport route,8b,1,,,302
Nazgul's Traverse,https://climbing-history.org/climb/1833/nazguls-traverse,Boulder problem,7C,1,,,302
N.Bison,https://climbing-history.org/climb/4423/n.bison,Boulder problem,8B,1,The direct finish to Dhalism .,,302
Neanderthal,https://climbing-history.org/climb/5063/neanderthal,Trad climb,E9,1,,,302
Nebulizer,https://climbing-history.org/climb/8244/nebulizer,Sport route,8c+,1,3 years and 40 days of attempts. The left side of the Instrument of Torture arête. Kneebar trickery leads into brutally hard and technical climbing up the arête.,,302
Necromancer,https://climbing-history.org/climb/7191/necromancer,Trad climb,E7,1,,,302
Nectar,https://climbing-history.org/climb/5719/nectar,Trad climb,E4,1,,,302
Ned and Shoulders,https://climbing-history.org/climb/5264/ned-and-shoulders,Boulder problem,8A+,1,,,302
Nedlocks,https://climbing-history.org/climb/2108/nedlocks,Boulder problem,8B,1,,,302
Ned Zeppelin,https://climbing-history.org/climb/2298/ned-zeppelin,Boulder problem,8A,1,One of the hardest mantles in the peak district. 8A is likely a bit harsh...,,302
Négocieé,https://climbing-history.org/climb/5031/négocieé,Sport route,8b,1,,,302
Neighbourhood,https://climbing-history.org/climb/7753/neighbourhood,Boulder problem,8B+,1,,,303
Neon Dust Direct,https://climbing-history.org/climb/5261/neon-dust-direct,Boulder problem,7C+,1,E6 7a,,303
Neptune,https://climbing-history.org/climb/4204/neptune,Aid Climb,A4,1,,,303
Neptune's Tool,https://climbing-history.org/climb/5846/neptunes-tool,Trad climb,E6,1,,,303
Nero,https://climbing-history.org/climb/6947/nero,Sport route,8c,1,,,303
Nerve Damage,https://climbing-history.org/climb/6921/nerve-damage,Trad climb,E8,1,,,303
Nettle Wine,https://climbing-history.org/climb/6235/nettle-wine,Trad climb,E5,1,,,303
Neuf à Trois,https://climbing-history.org/climb/7205/neuf-à-trois,Sport route,8c+,1,,,303
Neutralism,https://climbing-history.org/climb/3513/neutralism,Boulder problem,"8A
                        (approx)",1,The grade is a complete guess as none was offered by the FA.,,303
Nevada Falls,https://climbing-history.org/climb/6625/nevada-falls,Trad climb,E5,1,,,303
Never Get Out of the Boat,https://climbing-history.org/climb/1433/never-get-out-of-the-boat,Sport route,8a,1,,,303
Neverland,https://climbing-history.org/climb/6530/neverland,Boulder problem,8A,1,,,303
Nevermind,https://climbing-history.org/climb/8168/nevermind,Boulder problem,8A+,1,,,303
Never Never Land,https://climbing-history.org/climb/4845/never-never-land,Trad climb,E5,1,,,303
New Blade,https://climbing-history.org/climb/6171/new-blade,Boulder problem,7C,1,,,303
New Dawn,https://climbing-history.org/climb/1566/new-dawn,Sport route,7c,1,,,303
New Dimensions,https://climbing-history.org/climb/4924/new-dimensions,Trad climb,E4,1,,,303
New Mediterranean,https://climbing-history.org/climb/5945/new-mediterranean,Trad climb,E5,1,,,303
"New York, New York","https://climbing-history.org/climb/6513/new-york,-new-york",Boulder problem,6B,1,,,303
Nexus,https://climbing-history.org/climb/4839/nexus,Trad climb,S,1,,,303
Nick the Chisel,https://climbing-history.org/climb/1013/nick-the-chisel,Sport route,7b+,1,,,304
Nicotine,https://climbing-history.org/climb/6242/nicotine,Sport route,8b,1,,,304
Nienasycenie,https://climbing-history.org/climb/6088/nienasycenie,Sport route,7c,1,,,304
Nighteen Eighty-four,https://climbing-history.org/climb/5909/nighteen-eighty-four,Trad climb,E5,1,,,304
Night Rider,https://climbing-history.org/climb/6325/night-rider,Boulder problem,7C+,1,"Lofoten, Norway",,304
Night Salt,https://climbing-history.org/climb/6503/night-salt,Boulder problem,7A+,1,,,304
Nightshade,https://climbing-history.org/climb/6776/nightshade,Trad climb,E3,1,,,304
Night Stalker,https://climbing-history.org/climb/3793/night-stalker,Trad climb,E8,1,,,304
Nǐ hǎo Motherfucker!,https://climbing-history.org/climb/6039/nǐ-hǎo-motherfucker!,Sport route,8c+,1,,,304
Nih Minh Wang,https://climbing-history.org/climb/8103/nih-minh-wang,Trad climb,E8,1,,,304
Nijinski,https://climbing-history.org/climb/2123/nijinski,Trad climb,E5,1,,,304
Nik's Wall,https://climbing-history.org/climb/5579/niks-wall,Boulder problem,8A,1,,,304
Nimrod,https://climbing-history.org/climb/2892/nimrod,Trad climb,E2,1,,,304
Nitro,https://climbing-history.org/climb/7872/nitro,Boulder problem,8B,1,,,304
N.N.,https://climbing-history.org/climb/7584/n.n.,Boulder problem,7C,1,,,304
No Additives Sit (Post Break),https://climbing-history.org/climb/4975/no-additives-sit-(post-break),Boulder problem,8C,1,"This climb was originally put up at V13, but has gotten much harder since a key hold broke.",,304
Nocturnal Emissions,https://climbing-history.org/climb/7616/nocturnal-emissions,Boulder problem,8B,1,,,304
N of the Affair,https://climbing-history.org/climb/5799/n-of-the-affair,Boulder problem,8A,1,,,304
No Holds Barred,https://climbing-history.org/climb/6538/no-holds-barred,Trad climb,E6,1,,,304
No Man's Land,https://climbing-history.org/climb/7798/no-mans-land,Sport route,8c,1,,,304
Non à la Bombe,https://climbing-history.org/climb/2418/non-à-la-bombe,Sport route,8c+,1,,,305
Non-Euclidean,https://climbing-history.org/climb/6899/non-euclidean,Boulder problem (indoor),8B+,1,"Set by Sean Houchins-McCallum, this boulders primary crux revolves on a dynamic one arm swing on a not so geat hold. Opened originally as V13 at 50 on the TB2 Mirror, this is one of the hardest board climbs out there.",,305
Non Plus Ultra (low),https://climbing-history.org/climb/7688/non-plus-ultra-(low),Boulder problem,8B+,1,,,305
Non-Tidal Screamer,https://climbing-history.org/climb/5779/non-tidal-screamer,Sport route,7c,1,,,305
Noperu,https://climbing-history.org/climb/6790/noperu,Trad climb,E4,1,,,305
Nordic Marathon,https://climbing-history.org/climb/1986/nordic-marathon,Sport route,9b,1,"A monumental 130m link that starts up Nordic Plumber , continues through Thor's Hammer 2 (9a+) and finishes up the head wall.",,305
No Rest for the Wicked,https://climbing-history.org/climb/8157/no-rest-for-the-wicked,Boulder problem,8A,1,,,305
Norskeruta,https://climbing-history.org/climb/7718/norskeruta,Trad climb,E4,1,,,305
Northeast Buttress,https://climbing-history.org/climb/6202/northeast-buttress,Trad climb,E1,1,"""5.9+""",,305
Northern Comfort,https://climbing-history.org/climb/1579/northern-comfort,Trad climb,E6,1,,,305
Northern Time,https://climbing-history.org/climb/2399/northern-time,Boulder problem,8B,1,,,305
North Face Original Finish,https://climbing-history.org/climb/7036/north-face-original-finish,Trad climb,E5,1,The line taken by the original Rostrum North Face aid route.,,305
North Ridge,https://climbing-history.org/climb/2053/north-ridge,Alpine,D,1,,,305
Northumbrian Rhapsody,https://climbing-history.org/climb/5198/northumbrian-rhapsody,Trad climb,E5,1,,,305
North West Arete,https://climbing-history.org/climb/3530/north-west-arete,Trad climb,VS,1,,,305
North West Girdle,https://climbing-history.org/climb/3697/north-west-girdle,Trad climb,E1,1,,,305
Norwegian Crown,https://climbing-history.org/climb/2759/norwegian-crown,Trad climb,E7,1,,,305
Norwegian Sky,https://climbing-history.org/climb/8283/norwegian-sky,Boulder problem,8B+,1,,,305
No Surrender,https://climbing-history.org/climb/6981/no-surrender,Trad climb,E8,1,,,305
Nothing Lasts,https://climbing-history.org/climb/1466/nothing-lasts,Trad climb,E11,1,,,305
Not So Isili,https://climbing-history.org/climb/6739/not-so-isili,Sport route,9a+,1,,,306
Not to be Taken Away,https://climbing-history.org/climb/2032/not-to-be-taken-away,Boulder problem,6C,1,,,306
Not Two Hands,https://climbing-history.org/climb/5874/not-two-hands,Boulder problem,8B,1,,,306
Nova,https://climbing-history.org/climb/8234/nova,Sport route,9a,1,,,306
Nth Power,https://climbing-history.org/climb/2659/nth-power,Boulder problem,8A+,1,,,306
Nuclear Option,https://climbing-history.org/climb/6875/nuclear-option,Sport route,8c+,1,Bolted around 2004 by Chris Schmick and sat untouched as a project until Spencer Schmick did the first ascent in 2022. The last boulder problem supposedly clocks in around v13-14.,,306
Nunavut,https://climbing-history.org/climb/3421/nunavut,Boulder problem,8C,1,,,306
Nunca Mais,https://climbing-history.org/climb/3952/nunca-mais,Sport route,8b,1,,,306
Nussknacker,https://climbing-history.org/climb/5125/nussknacker,Boulder problem,8B,1,,,306
Nutsa,https://climbing-history.org/climb/246/nutsa,Boulder problem,8A,1,,,306
Nuts Are Not the Only Fruit,https://climbing-history.org/climb/97/nuts-are-not-the-only-fruit,Sport route,8c,1,,,306
Nutty Land,https://climbing-history.org/climb/6778/nutty-land,Trad climb,E1,1,,,306
Nu World,https://climbing-history.org/climb/1921/nu-world,Sport route,9a+,1,,,306
Obelis'c,https://climbing-history.org/climb/7241/obelisc,Boulder problem,8B,1,,,306
Obrint el Sistema,https://climbing-history.org/climb/3292/obrint-el-sistema,Sport route,9a+,1,,,306
Obsesja,https://climbing-history.org/climb/4072/obsesja,Boulder problem,8C,1,The first 8C in Poland.,,306
Obsession,https://climbing-history.org/climb/669/obsession,Sport route,9b,1,,,306
Obsidan,https://climbing-history.org/climb/4738/obsidan,Boulder problem,8C+,1,,,306
Occam's Razor,https://climbing-history.org/climb/4019/occams-razor,Deep water solo,7c+,1,"FSA. Neil Gresham, Sep/2011",,306
Occam's Razor,https://climbing-history.org/climb/207/occams-razor,Boulder problem,8B,1,,,306
Octopus,https://climbing-history.org/climb/5039/octopus,Boulder problem,8B,1,,,307
Óð til Sigurs,https://climbing-history.org/climb/7957/óð-til-sigurs,Boulder problem,8A+,1,,,307
Offbeat,https://climbing-history.org/climb/5565/offbeat,Trad climb,E8,1,,,307
Offspring,https://climbing-history.org/climb/967/offspring,Trad climb,E5,1,,,307
Off the Ground,https://climbing-history.org/climb/5241/off-the-ground,Boulder problem,8B,1,,,307
Off the Mark,https://climbing-history.org/climb/2226/off-the-mark,Trad climb,E7,1,,,307
Öga för Öga,https://climbing-history.org/climb/7146/öga-för-öga,Boulder problem,8C,1,,,307
Øgletryne,https://climbing-history.org/climb/4790/øgletryne,Sport route,8a,1,"Bergen, Norway",,307
Ogwen Crack,https://climbing-history.org/climb/2704/ogwen-crack,Trad climb,E7,1,,,307
Oh Saint Léger Fait Moi Monter au Relais,https://climbing-history.org/climb/2390/oh-saint-léger-fait-moi-monter-au-relais,Sport route,8a+,1,,,307
Oiran,https://climbing-history.org/climb/6407/oiran,Boulder problem,8B+,1,,,307
Oisiiyo,https://climbing-history.org/climb/7401/oisiiyo,Sport route,7c+,1,,,307
Okachi,https://climbing-history.org/climb/2949/okachi,Sport route,9a+,1,,,307
Oksespranget,https://climbing-history.org/climb/4793/oksespranget,Boulder problem,8A,1,,,307
Okuro,https://climbing-history.org/climb/2791/okuro,Boulder problem,8C,1,,,307
Old Boy Racer,https://climbing-history.org/climb/4319/old-boy-racer,Trad climb,E8,1,,,307
Old Fogey Direct,https://climbing-history.org/climb/6289/old-fogey-direct,Trad climb,E5,1,,,307
Old King Cole,https://climbing-history.org/climb/5601/old-king-cole,Trad climb,E6,1,,,307
Old Milwaukee,https://climbing-history.org/climb/3472/old-milwaukee,Boulder problem,8B+,1,,,307
Olion,https://climbing-history.org/climb/6490/olion,Boulder problem,8A+,1,,,307
Olympiad,https://climbing-history.org/climb/7565/olympiad,Trad climb,E10,1,,,308
Omen,https://climbing-history.org/climb/5529/omen,Trad climb,E6,1,,,308
Omnipotence,https://climbing-history.org/climb/6140/omnipotence,Trad climb,E7,1,,,308
Onde de Choc,https://climbing-history.org/climb/3454/onde-de-choc,Boulder problem,7B,1,,,308
One 'ard Move,https://climbing-history.org/climb/2750/one-ard-move,Trad climb,E6,1,,,308
One for the Road,https://climbing-history.org/climb/5325/one-for-the-road,Boulder problem,8A+,1,,,308
One Inch Punch,https://climbing-history.org/climb/4602/one-inch-punch,Trad climb,E9,1,,,308
One in the Swarm,https://climbing-history.org/climb/5523/one-in-the-swarm,Trad climb,E8,1,,,308
One Man and His Dogmas,https://climbing-history.org/climb/6852/one-man-and-his-dogmas,Trad climb,E5,1,,,308
One Punch,https://climbing-history.org/climb/6454/one-punch,Sport route,9a+,1,,,308
One Redeeming Feature,https://climbing-history.org/climb/4815/one-redeeming-feature,Boulder problem,7C+,1,,,308
One Step Beyond,https://climbing-history.org/climb/208/one-step-beyond,Boulder problem,8A+,1,,,308
One Step Beyond,https://climbing-history.org/climb/5803/one-step-beyond,Trad climb,E6,1,,,308
Onigoroshi,https://climbing-history.org/climb/7402/onigoroshi,Sport route,7c+,1,,,308
Only Human,https://climbing-history.org/climb/5954/only-human,Trad climb,E5,1,,,308
On The Beach,https://climbing-history.org/climb/5862/on-the-beach,Boulder problem,8B,1,,,308
Opal,https://climbing-history.org/climb/4121/opal,Sport route,8b+,1,,,308
Open Book,https://climbing-history.org/climb/6185/open-book,Trad climb,E1,1,The first route to be graded 5.9 in the US.,,308
Opening gambit,https://climbing-history.org/climb/8106/opening-gambit,Trad climb,HVS,1,"One of the first routes on slate, up the huge tottering back wall of Twll Mawr , the climb has been substantially altered by rockfall since Joe Brown ’s first ascent and is now graded XS. An adventure strictly for connoisseurs.",,308
Open Your Eyes,https://climbing-history.org/climb/7654/open-your-eyes,Sport route,8c,1,,,308
Open Your Mind Direct R2,https://climbing-history.org/climb/2489/open-your-mind-direct-r2,Sport route,9a+,1,,,309
Ophir Broke,https://climbing-history.org/climb/6183/ophir-broke,Trad climb,E5,1,,,309
Optimus Prime,https://climbing-history.org/climb/7519/optimus-prime,Boulder problem,8B+,1,,,309
Orange Crush,https://climbing-history.org/climb/6724/orange-crush,Trad climb,E6,1,,,309
Orange Mécanique,https://climbing-history.org/climb/1508/orange-mécanique,Sport route,8a,1,,,309
Orange Sunshine,https://climbing-history.org/climb/541/orange-sunshine,Sport route,7c+,1,,,309
Orb Weaver,https://climbing-history.org/climb/6920/orb-weaver,Boulder problem,7C+,1,,,309
Orcrist,https://climbing-history.org/climb/1761/orcrist,Trad climb,E5,1,"Named after the ""goblin cleaving"" sword from Lord of the Rings.",,309
Oreo,https://climbing-history.org/climb/283/oreo,Boulder problem,7C,1,,,309
Orgasmatron,https://climbing-history.org/climb/4151/orgasmatron,Boulder problem,8A,1,,,309
Oriflamme,https://climbing-history.org/climb/7534/oriflamme,Boulder problem,7C,1,,,309
Original Route,https://climbing-history.org/climb/3638/original-route,Trad climb,HVS,1,,,309
Original Route,https://climbing-history.org/climb/8236/original-route,Trad climb,VD,1,E. A. Baker:,,309
Orion,https://climbing-history.org/climb/2362/orion,Sport route,7c+,1,,,309
Orlok,https://climbing-history.org/climb/4785/orlok,Boulder problem,8B+,1,The problem is named after Count Orlok from the 1922 silent film Nosferatu .,,309
Orujo,https://climbing-history.org/climb/1195/orujo,Sport route,9a+,1,,,309
Osallistumispakko sit,https://climbing-history.org/climb/7880/osallistumispakko-sit,Boulder problem,8B,1,,,309
Osebergskipet,https://climbing-history.org/climb/4646/osebergskipet,Boulder problem,8B,1,,,309
Ossau Project,https://climbing-history.org/climb/5287/ossau-project,Boulder problem,8B+,1,,,309
Ôte-moi d'un Doigt,https://climbing-history.org/climb/7240/ôte-moi-dun-doigt,Boulder problem,8B+,1,,,309
Ôte-moi d'un Doigt,https://climbing-history.org/climb/3315/ôte-moi-dun-doigt,Boulder problem,8B+,1,,,310
Otzi,https://climbing-history.org/climb/6753/otzi,Boulder problem,7C,1,,,310
Ouélamola,https://climbing-history.org/climb/6231/ouélamola,Sport route,9a+,1,,,310
Ouish Finale,https://climbing-history.org/climb/7592/ouish-finale,Sport route,8c,1,,,310
Ouragan,https://climbing-history.org/climb/4489/ouragan,Sport route,8a,1,,,310
Our Father,https://climbing-history.org/climb/1539/our-father,Trad climb,E4,1,Probably one of the hardest free climbs in the UK when Tom Proctor made the first ascent. So named because Geoff Birtles spoke the Lord's Prayer before attempting to second Tom Proctor on the first ascent.,,310
Our Kid,https://climbing-history.org/climb/6795/our-kid,Trad climb,E4,1,,,310
Out for Blood,https://climbing-history.org/climb/2813/out-for-blood,Trad climb,E9,1,"The pitches breakdown as E8 6c in to E9 7a, a substantial outing!",,310
Out of Balance,https://climbing-history.org/climb/8081/out-of-balance,Boulder problem,8A,1,,,310
Out of My Tree,https://climbing-history.org/climb/727/out-of-my-tree,Sport route,8a,1,,,310
Out of the Dark,https://climbing-history.org/climb/5530/out-of-the-dark,Trad climb,E6,1,,,310
Out of Time,https://climbing-history.org/climb/7367/out-of-time,Sport route,9a,1,,,310
Overdose,https://climbing-history.org/climb/1726/overdose,Sport route,8a+,1,,,310
Overhanging Bastion (pre-rockfall),https://climbing-history.org/climb/1670/overhanging-bastion-(pre-rockfall),Trad climb,VS,1,,,310
Overkill,https://climbing-history.org/climb/7493/overkill,Boulder problem,8B+,1,,,310
Overlooked,https://climbing-history.org/climb/632/overlooked,Trad climb,E7,1,,,310
Over the Moon,https://climbing-history.org/climb/1876/over-the-moon,Sport route,8a,1,,,310
Over The Moors Direct,https://climbing-history.org/climb/5687/over-the-moors-direct,Trad climb,E7,1,,,310
Over the Mountain,https://climbing-history.org/climb/3022/over-the-mountain,Boulder problem,7C+,1,,,310
Over the Rainbow,https://climbing-history.org/climb/4131/over-the-rainbow,Boulder problem,8A,1,,,310
Owd Gadgee,https://climbing-history.org/climb/6786/owd-gadgee,Trad climb,E2,1,,,311
Owl Roof,https://climbing-history.org/climb/7077/owl-roof,Trad climb,E6,1,"Attempted unsuccessfully by Jim Bridwell who placed a chockstone on abseil. The hard crux section was passed using the chockstone by Tom Higgins in 1972. The first ascent was either by Dale Bard (comments from Werner Braun and ""LongAgo"" ie Tom Higgins) or John Lakey (according to Ray Jardine, reported by Clint Cummings) on supertopo.",,311
Oxbow,https://climbing-history.org/climb/4717/oxbow,Boulder problem,8B+,1,,,311
Oyster,https://climbing-history.org/climb/2091/oyster,Sport route,8a,1,"Originally E6 6c, the route features climbing around Font 7C, close to the top bouldering level at the time.",,311
Ozone Bozo,https://climbing-history.org/climb/7050/ozone-bozo,Sport route,7c,1,,,311
Pagan Poetry Low,https://climbing-history.org/climb/2511/pagan-poetry-low,Boulder problem,8B,1,,,311
Pail Face,https://climbing-history.org/climb/6708/pail-face,Trad climb,E6,1,,,311
Paklinski Waves,https://climbing-history.org/climb/2731/paklinski-waves,Sport route,8c,1,,,311
Palabraz,https://climbing-history.org/climb/3603/palabraz,Boulder problem,8B,1,The first 8B in Mexico.,,311
Palace of Swords Reversed,https://climbing-history.org/climb/5480/palace-of-swords-reversed,Sport route,8a,1,,,311
Pale Rider,https://climbing-history.org/climb/3571/pale-rider,Sport route,6a,1,,,311
Pan,https://climbing-history.org/climb/5908/pan,Trad climb,E4,1,,,311
Panic,https://climbing-history.org/climb/6526/panic,Boulder problem,7B+,1,,,311
Panique au Poulailler,https://climbing-history.org/climb/4303/panique-au-poulailler,Sport route,8a,1,,,311
Panonoramix et les Cyclopes,https://climbing-history.org/climb/8054/panonoramix-et-les-cyclopes,Sport route,8c,1,,,311
Pan Panadero,https://climbing-history.org/climb/1805/pan-panadero,Sport route,8c,1,,,311
Pantera,https://climbing-history.org/climb/7830/pantera,Sport route,8c+,1,,,311
Panthera sitt,https://climbing-history.org/climb/8016/panthera-sitt,Boulder problem,8C,1,,,311
Pan-ton Sitt,https://climbing-history.org/climb/5138/pan-ton-sitt,Boulder problem,8A+,1,,,311
Paper Halo,https://climbing-history.org/climb/6613/paper-halo,Boulder problem,8B+,1,,,311
Papi Blau,https://climbing-history.org/climb/6479/papi-blau,Sport route,9a,1,,,312
Pappataci,https://climbing-history.org/climb/2460/pappataci,Sport route,8b,1,,,312
Paradise Lost,https://climbing-history.org/climb/2866/paradise-lost,Boulder problem,8B,1,,,312
Parálisis Espástica,https://climbing-history.org/climb/6552/parálisis-espástica,Boulder problem,8C,1,,,312
Parallel Lines (With Siderunners),https://climbing-history.org/climb/3212/parallel-lines-(with-siderunners),Trad climb,E6,1,,,312
Paranoid,https://climbing-history.org/climb/5557/paranoid,Sport route,8c,1,,,312
Paranormale,https://climbing-history.org/climb/7714/paranormale,Trad climb,E7,1,,,312
Parasitorik Ez,https://climbing-history.org/climb/7571/parasitorik-ez,Sport route,8c,1,,,312
Parcero Igual Guerrero,https://climbing-history.org/climb/7316/parcero-igual-guerrero,Sport route,9a,1,,,312
Pariah,https://climbing-history.org/climb/4540/pariah,Trad climb,E6,1,,,312
Parinirvana,https://climbing-history.org/climb/7820/parinirvana,Boulder problem,8B,1,,,312
Paris Girl,https://climbing-history.org/climb/6090/paris-girl,Sport route,7c+,1,,,312
Partial Eclipse,https://climbing-history.org/climb/6128/partial-eclipse,Trad climb,E4,1,,,312
Partial Eclipse (No Bolt),https://climbing-history.org/climb/6129/partial-eclipse-(no-bolt),Trad climb,E7,1,,,312
Parting Shot,https://climbing-history.org/climb/3231/parting-shot,Trad climb,E4,1,,,312
Pass on Thru,https://climbing-history.org/climb/5219/pass-on-thru,Boulder problem,8B+,1,,,312
Pass or Flail,https://climbing-history.org/climb/6181/pass-or-flail,Trad climb,"E4
                        (approx)",1,,,312
Pass the Duchy,https://climbing-history.org/climb/4826/pass-the-duchy,Boulder problem,7B+,1,,,312
Past Lives,https://climbing-history.org/climb/8284/past-lives,Boulder problem,8A+,1,,,312
Patan Satan,https://climbing-history.org/climb/2102/patan-satan,Sport route,8c,1,,,312
Pata Seis Baldosas,https://climbing-history.org/climb/4508/pata-seis-baldosas,Sport route,8c,1,,,313
Path of Excess Power,https://climbing-history.org/climb/328/path-of-excess-power,Sport route,8a+,1,,,313
Path of Intrigue,https://climbing-history.org/climb/3191/path-of-intrigue,Boulder problem,7C+,1,,,313
Path of the Righteous Man,https://climbing-history.org/climb/7002/path-of-the-righteous-man,Trad climb,E7,1,,,313
Patresence,https://climbing-history.org/climb/3872/patresence,Trad climb,E9,1,Patresence - The process of becoming (and coming to inhabit the role of) a father. [1],,313
Pavillion 36,https://climbing-history.org/climb/6273/pavillion-36,Sport route,8b+,1,,,313
Peace Brodda,https://climbing-history.org/climb/6423/peace-brodda,Trad climb,E7,1,,,313
Peace Time,https://climbing-history.org/climb/6422/peace-time,Trad climb,E8,1,,,313
Pea Crab Shuffle,https://climbing-history.org/climb/3977/pea-crab-shuffle,Boulder problem,7C,1,,,313
Pe'Ahi,https://climbing-history.org/climb/4129/peahi,Boulder problem,8A+,1,,,313
Peak 8b,https://climbing-history.org/climb/6840/peak-8b,Sport route,7a+,1,The name was suggested by Des Hannigan .,,313
Pebble Mill,https://climbing-history.org/climb/872/pebble-mill,Trad climb,E5,1,,,313
Pekelně Se Soustřeď Mirečku,https://climbing-history.org/climb/7606/pekelně-se-soustřeď-mirečku,Boulder problem,8B+,1,,,313
Pelotari,https://climbing-history.org/climb/5245/pelotari,Sport route,8c+,1,,,313
Penitent Span,https://climbing-history.org/climb/8308/penitent-span,Boulder problem,8B+,1,,,313
Pepsigenerasjonen,https://climbing-history.org/climb/7042/pepsigenerasjonen,Sport route,8a,1,,,313
Pequeña Estrella,https://climbing-history.org/climb/7701/pequeña-estrella,Sport route,8b+,1,,,313
Percy Feels Sick,https://climbing-history.org/climb/7981/percy-feels-sick,Boulder problem,7A+,1,,,313
Perfect Crime,https://climbing-history.org/climb/439/perfect-crime,Boulder problem,8B,1,,,313
Perfect Day,https://climbing-history.org/climb/5718/perfect-day,Trad climb,E5,1,,,313
Perfectly Ridiculous,https://climbing-history.org/climb/6158/perfectly-ridiculous,Trad climb,E7,1,,,314
Perfecto Passat Extension,https://climbing-history.org/climb/2180/perfecto-passat-extension,Sport route,9a,1,,,314
Perfect Vacuum,https://climbing-history.org/climb/651/perfect-vacuum,Trad climb,E9,1,,,314
Perfect World,https://climbing-history.org/climb/5708/perfect-world,Sport route,7b,1,,,314
Perilous Moon,https://climbing-history.org/climb/4157/perilous-moon,Boulder problem,8B,1,,,314
Periodismo de Conveniencia,https://climbing-history.org/climb/4757/periodismo-de-conveniencia,Sport route,8b,1,,,314
Perlorodka,https://climbing-history.org/climb/3294/perlorodka,Sport route,9a+,1,,,314
Perplexity,https://climbing-history.org/climb/969/perplexity,Trad climb,E6,1,,,314
Pesadillo,https://climbing-history.org/climb/702/pesadillo,Sport route,8a,1,,,314
Pet Cemetery,https://climbing-history.org/climb/7376/pet-cemetery,Trad climb,E6,1,,,314
Pete Cleveland Route,https://climbing-history.org/climb/6179/pete-cleveland-route,Trad climb,E5,1,5.11a X,,314
Peter and the Wolf,https://climbing-history.org/climb/6820/peter-and-the-wolf,Trad climb,E6,1,,,314
Peti qui peti,https://climbing-history.org/climb/7582/peti-qui-peti,Sport route,8c,1,,,314
Petronius,https://climbing-history.org/climb/7537/petronius,Sport route,8b+,1,,,314
Peuterey Ridge,https://climbing-history.org/climb/5775/peuterey-ridge,Alpine,D+,1,,,314
PFC,https://climbing-history.org/climb/3612/pfc,Boulder problem,8B,1,,,314
Phantom Bender,https://climbing-history.org/climb/7541/phantom-bender,Sport route,9a,1,,,314
Phillip-Flamm,https://climbing-history.org/climb/5386/phillip-flamm,Trad climb,E3,1,,,314
Photon Nexus,https://climbing-history.org/climb/6135/photon-nexus,Sport route,8a+,1,,,314
Physically Distant,https://climbing-history.org/climb/5038/physically-distant,Trad climb,E8,1,,,314
Picacho,https://climbing-history.org/climb/1262/picacho,Sport route,9b,1,,,315
Picasso,https://climbing-history.org/climb/2106/picasso,Sport route,9a+,1,,,315
Pichenibule,https://climbing-history.org/climb/1802/pichenibule,Sport route,7c,1,,,315
Piece of My Life,https://climbing-history.org/climb/7612/piece-of-my-life,Boulder problem,8B+,1,,,315
P.I.G.,https://climbing-history.org/climb/8055/p.i.g.,Boulder problem,8C,1,,,315
Pig Slip Cow Punk,https://climbing-history.org/climb/6722/pig-slip-cow-punk,Trad climb,E6,1,,,315
Pigswill,https://climbing-history.org/climb/2345/pigswill,Boulder problem,7A,1,,,315
Piledriver,https://climbing-history.org/climb/4269/piledriver,Sport route,8c,1,,,315
Pilsnergenerasjonen,https://climbing-history.org/climb/7041/pilsnergenerasjonen,Sport route,8a,1,,,315
Pinch Cliff,https://climbing-history.org/climb/5153/pinch-cliff,Boulder problem,8A,1,,,315
Pinche Lupita,https://climbing-history.org/climb/2223/pinche-lupita,Sport route,8a,1,,,315
Pinch Soma,https://climbing-history.org/climb/7010/pinch-soma,Trad climb,E7,1,,,315
Pink Lightening Ultra,https://climbing-history.org/climb/4981/pink-lightening-ultra,Boulder problem,8B,1,,,315
Pink Panzer,https://climbing-history.org/climb/8065/pink-panzer,Sport route,8b,1,,,315
Pinza Time,https://climbing-history.org/climb/338/pinza-time,Sport route,8a,1,,,315
Pipeline,https://climbing-history.org/climb/7086/pipeline,Trad climb,E3,1,,,315
Pistol Fingers,https://climbing-history.org/climb/4816/pistol-fingers,Sport route,8a+,1,,,315
Pit Fighter,https://climbing-history.org/climb/7834/pit-fighter,Trad climb,E7,1,,,315
Piton Route,https://climbing-history.org/climb/1230/piton-route,Trad climb,VS,1,,,315
Plain High Drifter,https://climbing-history.org/climb/2099/plain-high-drifter,Boulder problem,8A,1,,,315
Planeta Colleja,https://climbing-history.org/climb/7765/planeta-colleja,Boulder problem,8B+,1,,,316
Planet Claire,https://climbing-history.org/climb/6405/planet-claire,Sport route,8b,1,Mixed route: bolt protected variation to an existing trad. climb. Some suggest 8b+/5.14a which would make it one of the first in the USA at this grade.,,316
Planète Groove,https://climbing-history.org/climb/2228/planète-groove,Sport route,8a,1,,,316
Planet T,https://climbing-history.org/climb/2851/planet-t,Boulder problem,8C,1,,,316
Planned Parenthood,https://climbing-history.org/climb/5780/planned-parenthood,Sport route,9a,1,,,316
Play House,https://climbing-history.org/climb/919/play-house,Boulder problem,8B,1,,,316
Plectrum Maxilla Direct,https://climbing-history.org/climb/1051/plectrum-maxilla-direct,Trad climb,E7,1,,,316
Pneuma,https://climbing-history.org/climb/3456/pneuma,Boulder problem,"8C+
                        (approx)",1,Aidan Roberts :,,316
Pockets and Pebbles,https://climbing-history.org/climb/6120/pockets-and-pebbles,Boulder problem,7A,1,,,316
Pohár Nesmrtelnosti,https://climbing-history.org/climb/2217/pohár-nesmrtelnosti,Boulder problem,8B+,1,8A+ to 8B+ depending on where you start.,,316
Pohár Nesmrtelnosti (Prodloužení),https://climbing-history.org/climb/2216/pohár-nesmrtelnosti-(prodloužení),Boulder problem,8C,1,,,316
Polling Day,https://climbing-history.org/climb/3539/polling-day,Trad climb,E5,1,,,316
Polyphemus,https://climbing-history.org/climb/3918/polyphemus,Boulder problem,8B+,1,,,316
Polypnée,https://climbing-history.org/climb/5295/polypnée,Boulder problem,7C,1,,,316
Polyp Piece,https://climbing-history.org/climb/720/polyp-piece,Trad climb,E7,1,,,316
Pongo SDS,https://climbing-history.org/climb/3498/pongo-sds,Boulder problem,8A,1,The first 8A in Scotland.,,316
Poor Dill,https://climbing-history.org/climb/2693/poor-dill,Sport route,7c,1,Named after Gary's dog Dill who died shortly before the first ascent. [1],,316
Popelexity,https://climbing-history.org/climb/7019/popelexity,Trad climb,E7,1,,,316
Popeye the Sailor Man,https://climbing-history.org/climb/5367/popeye-the-sailor-man,Trad climb,E8,1,,,316
Popolni Mrk,https://climbing-history.org/climb/4786/popolni-mrk,Sport route,8c,1,,,316
Poprava,https://climbing-history.org/climb/5451/poprava,Boulder problem,8B,1,,,317
Pôr do Sol,https://climbing-history.org/climb/6831/pôr-do-sol,Boulder problem,8C+,1,The hardest problem in Portugal when it was established in 2026.,,317
Portrait of a Legend,https://climbing-history.org/climb/6768/portrait-of-a-legend,Trad climb,E4,1,,,317
Posible Misión,https://climbing-history.org/climb/5086/posible-misión,Sport route,8a,1,,,317
Postmen With Passion,https://climbing-history.org/climb/6914/postmen-with-passion,Trad climb,E7,1,,,317
Post Mortem,https://climbing-history.org/climb/8241/post-mortem,Trad climb,E3,1,,,317
Post Orgasmic Depression,https://climbing-history.org/climb/7899/post-orgasmic-depression,Trad climb,E9,1,Partially bolted.,,317
Pothole Direct,https://climbing-history.org/climb/1616/pothole-direct,Trad climb,VS,1,,,317
Potion Master,https://climbing-history.org/climb/7479/potion-master,Boulder problem,8B+,1,Put up as the hardest boulder in Western Australia,,317
Potmekin,https://climbing-history.org/climb/2882/potmekin,Sport route,8c+,1,,,317
Powerade,https://climbing-history.org/climb/3876/powerade,Sport route,8c+,1,,,317
Power of Landjager,https://climbing-history.org/climb/4789/power-of-landjager,Boulder problem,8A,1,,,317
Power Ranger,https://climbing-history.org/climb/931/power-ranger,Trad climb,E10,1,,,317
Precious,https://climbing-history.org/climb/3820/precious,Trad climb,E2,1,,,317
Precious,https://climbing-history.org/climb/1239/precious,Boulder problem,7C,1,,,317
Predator,https://climbing-history.org/climb/6763/predator,Trad climb,E2,1,,,317
Predator,https://climbing-history.org/climb/5528/predator,Trad climb,E6,1,,,317
Predator Pounce Low,https://climbing-history.org/climb/2960/predator-pounce-low,Boulder problem,8B+,1,One of the hardest dynos in the world?,,317
Pre-Marital Tension Right-Hand,https://climbing-history.org/climb/4094/pre-marital-tension-right-hand,Trad climb,E8,1,,,317
Premier,https://climbing-history.org/climb/6055/premier,Trad climb,HVS,1,,,317
Preposterous Tales,https://climbing-history.org/climb/1232/preposterous-tales,Sport route,9a,1,,,318
Present Tense,https://climbing-history.org/climb/2251/present-tense,Trad climb,E9,1,~8b climbing protected by a couple of small wires.,,318
Pretty Petty,https://climbing-history.org/climb/6514/pretty-petty,Boulder problem,5+,1,,,318
Priceless,https://climbing-history.org/climb/1828/priceless,Trad climb,E7,1,,,318
Pride of Place,https://climbing-history.org/climb/5182/pride-of-place,Boulder problem,8B,1,,,318
Prima Classe,https://climbing-history.org/climb/4031/prima-classe,Sport route,9a,1,,,318
Primal Instinct,https://climbing-history.org/climb/8084/primal-instinct,Boulder problem,8B,1,,,318
Prime Time,https://climbing-history.org/climb/7678/prime-time,Boulder problem,8C+,1,,,318
Primitivo Stand,https://climbing-history.org/climb/1759/primitivo-stand,Boulder problem,8B,1,,,318
Prince Albert,https://climbing-history.org/climb/7348/prince-albert,Boulder problem,8B+,1,,,318
Prince of Thieves,https://climbing-history.org/climb/2551/prince-of-thieves,Boulder problem,8A,1,,,318
Prinsessa Ruusunen,https://climbing-history.org/climb/7902/prinsessa-ruusunen,Sport route,8c+,1,,,318
Priorato de Sion,https://climbing-history.org/climb/3957/priorato-de-sion,Sport route,9a,1,,,318
Priorato de Sion,https://climbing-history.org/climb/3956/priorato-de-sion,Sport route,9a,1,,,318
Privateer,https://climbing-history.org/climb/4088/privateer,Deep water solo,7b+,1,Previously climbed via a different start at ~E5 by Martin Crocker in 1996.,,318
Privatvägen,https://climbing-history.org/climb/7865/privatvägen,Trad climb,E10,1,,,318
Problem Wall,https://climbing-history.org/climb/2092/problem-wall,Trad climb,E2,1,,,318
Procrastination Cracks,https://climbing-history.org/climb/4188/procrastination-cracks,Trad climb,VS,1,,,318
Prodigal Sons,https://climbing-history.org/climb/8243/prodigal-sons,Trad climb,E4,1,,,318
Produit de la Saume,https://climbing-history.org/climb/5338/produit-de-la-saume,Sport route,8c,1,,,318
Project Lama,https://climbing-history.org/climb/2708/project-lama,Sport route,8c+,1,"Not really a sport route as there are only 4 bolts on the entire route, 2 in the 8c+ crux pitch and 2 in the 8b+ pitch. The rest of the route is protected by trad gear and pegs.",,319
Promontory Scoop,https://climbing-history.org/climb/5479/promontory-scoop,Trad climb,"E10
                        (approx)",1,,,319
Pro Patria,https://climbing-history.org/climb/7886/pro-patria,Boulder problem,8B,1,,,319
Propeller Wall,https://climbing-history.org/climb/5304/propeller-wall,Trad climb,E4,1,,,319
Proper Gander,https://climbing-history.org/climb/4824/proper-gander,Boulder problem,7C,1,,,319
Proper Soul,https://climbing-history.org/climb/3210/proper-soul,Sport route,8b+,1,,,319
Prophet of Purism,https://climbing-history.org/climb/5632/prophet-of-purism,Trad climb,E6,1,,,319
Prostration,https://climbing-history.org/climb/8354/prostration,Trad climb,HVS,1,,,319
Protoculture,https://climbing-history.org/climb/4591/protoculture,Boulder problem,8A+,1,,,319
Prou'esse,https://climbing-history.org/climb/5368/prouesse,Sport route,9a,1,,,319
Prow Route,https://climbing-history.org/climb/6575/prow-route,Aid Climb,A3,1,One of the early aid routes at Raven Tor which covered ground now taken by Revelations and Rage .,,319
Prozac Link,https://climbing-history.org/climb/3239/prozac-link,Trad climb,E4,1,,,319
Prozac Vs Heroin,https://climbing-history.org/climb/7354/prozac-vs-heroin,Boulder problem,8B,1,,,319
Psilocybin,https://climbing-history.org/climb/8219/psilocybin,Boulder problem,8B,1,,,319
Psychic Threshold,https://climbing-history.org/climb/2038/psychic-threshold,Trad climb,E5,1,,,319
Psychocandy,https://climbing-history.org/climb/1186/psychocandy,Trad climb,E6,1,,,319
Psychosis,https://climbing-history.org/climb/4098/psychosis,Trad climb,E5,1,,,319
Psychosomatic Pigeon,https://climbing-history.org/climb/6970/psychosomatic-pigeon,Trad climb,E7,1,,,319
Psykisk Analyse,https://climbing-history.org/climb/8224/psykisk-analyse,Trad climb,E9,1,,,319
Pučmeloun,https://climbing-history.org/climb/3422/pučmeloun,Boulder problem,8C,1,,,319
Pulsar,https://climbing-history.org/climb/6291/pulsar,Trad climb,E5,1,,,320
Pulsar direct,https://climbing-history.org/climb/7984/pulsar-direct,Trad climb,E6,1,,,320
Pulse Racer,https://climbing-history.org/climb/3190/pulse-racer,Trad climb,E6,1,,,320
Pump Up the Power Start,https://climbing-history.org/climb/5234/pump-up-the-power-start,Boulder problem,8A,1,,,320
Punchsong,https://climbing-history.org/climb/1099/punchsong,Boulder problem,7C+,1,,,320
Pun Intended,https://climbing-history.org/climb/6873/pun-intended,Sport route,9a+,1,The hardest route in Arkansas at the time it was established.,,320
Punishment,https://climbing-history.org/climb/5962/punishment,Trad climb,E5,1,,,320
Purgatory,https://climbing-history.org/climb/6553/purgatory,Sport route,9a,1,,,320
Purley Belter,https://climbing-history.org/climb/1503/purley-belter,Boulder problem,7C,1,,,320
Puro Vicio,https://climbing-history.org/climb/4271/puro-vicio,Sport route,8b,1,,,320
Purple Haze,https://climbing-history.org/climb/6577/purple-haze,Trad climb,E1,1,,,320
Purple Panther,https://climbing-history.org/climb/7930/purple-panther,Boulder problem,8C,1,,,320
Puta Democracia,https://climbing-history.org/climb/5510/puta-democracia,Boulder problem,8A+,1,"Said to have been 8A+/B before a hold broke; unrepeated in its current state, now thought to be 8B.",,320
Putain Putain,https://climbing-history.org/climb/2307/putain-putain,Sport route,8b,1,,,320
Putas Clekas,https://climbing-history.org/climb/1484/putas-clekas,Sport route,8b,1,,,320
Puttrell's Progress,https://climbing-history.org/climb/8321/puttrells-progress,Trad climb,S,1,C. F. Cameron:,,320
Pyrrhus,https://climbing-history.org/climb/5191/pyrrhus,Sport route,9a,1,,,320
Qoussai les Maux de la Fin,https://climbing-history.org/climb/3810/qoussai-les-maux-de-la-fin,Sport route,8c,1,,,320
Quäl dich du Sau,https://climbing-history.org/climb/5600/quäl-dich-du-sau,Sport route,8b+,1,"Cruxy 5 bolts from the start into a good rest, with a tricky top boulder with a mono move, maybe the redpoint crux",,320
Quality Street,https://climbing-history.org/climb/3174/quality-street,Trad climb,E4,1,,,320
Quark Quack,https://climbing-history.org/climb/4539/quark-quack,Trad climb,E7,1,,,321
Quartiers Nord,https://climbing-history.org/climb/2800/quartiers-nord,Sport route,9b,1,,,321
Quartz,https://climbing-history.org/climb/3779/quartz,Boulder problem,8B+,1,,,321
Queen Bee Direct,https://climbing-history.org/climb/4009/queen-bee-direct,Sport route,9a,1,,,321
Queen Kong SS,https://climbing-history.org/climb/4730/queen-kong-ss,Boulder problem,8A+,1,,,321
Queen of Heart,https://climbing-history.org/climb/935/queen-of-heart,Boulder problem,8B,1,,,321
Queen's Parlour Gully,https://climbing-history.org/climb/8237/queens-parlour-gully,Trad climb,VD,1,,,321
Quello Che Non c’è,https://climbing-history.org/climb/929/quello-che-non-c’è,Sport route,8c+,1,,,321
Quentin's Dyno,https://climbing-history.org/climb/5099/quentins-dyno,Boulder problem,7B,1,"Is it a bird? Is it a plane? No, it's only Quentin .",,321
Questor,https://climbing-history.org/climb/3015/questor,Trad climb,VS,1,,,321
Quetzalcoatl,https://climbing-history.org/climb/646/quetzalcoatl,Trad climb,E9,1,,,321
Quick Step,https://climbing-history.org/climb/5585/quick-step,Trad climb,E4,1,,,321
Quiver,https://climbing-history.org/climb/6117/quiver,Trad climb,E5,1,Some think E6 making it one of the first of the grade in the UK,,321
Quoi de Neuf (Acte 1),https://climbing-history.org/climb/3620/quoi-de-neuf-(acte-1),Boulder problem,8A,1,At the start of 2025 the large flake which makes up the start of the problem broke off. [1],,321
Ra,https://climbing-history.org/climb/6904/ra,Boulder problem,8A+,1,,,321
Rabbagast Sit Start,https://climbing-history.org/climb/5152/rabbagast-sit-start,Boulder problem,8A+,1,,,321
Raccoon,https://climbing-history.org/climb/4197/raccoon,Trad climb,E7,1,,,321
Race,https://climbing-history.org/climb/3514/race,Trad climb,E9,1,,,321
Race Against Death,https://climbing-history.org/climb/3515/race-against-death,Boulder problem,8A,1,,,321
Racing in the Street,https://climbing-history.org/climb/1106/racing-in-the-street,Sport route,8b,1,,,321
Radicales Libres,https://climbing-history.org/climb/3844/radicales-libres,Sport route,8a+,1,,,322
Radon,https://climbing-history.org/climb/8068/radon,Boulder problem,8B,1,,,322
Radote Joli Pépère,https://climbing-history.org/climb/8200/radote-joli-pépère,Sport route,8b,1,,,322
Rage,https://climbing-history.org/climb/1056/rage,Sport route,8b,1,,,322
"Rah, Plats, Plats","https://climbing-history.org/climb/2419/rah,-plats,-plats",Boulder problem,8A,1,,,322
Raider of the Lost Arc,https://climbing-history.org/climb/4734/raider-of-the-lost-arc,Trad climb,E7,1,,,322
Raiders of the Lost Ark,https://climbing-history.org/climb/6419/raiders-of-the-lost-ark,Boulder problem,8B,1,,,322
Railrace,https://climbing-history.org/climb/2506/railrace,Trad climb,E6,1,,,322
Ramalina,https://climbing-history.org/climb/1038/ramalina,Trad climb,E6,1,,,322
Rambandit,https://climbing-history.org/climb/6038/rambandit,Trad climb,E3,1,"Grade 21, classic crack.",,322
Rami's Boulder,https://climbing-history.org/climb/6945/ramis-boulder,Boulder problem,8B,1,,,322
Rampagista,https://climbing-history.org/climb/7887/rampagista,Boulder problem,8B+,1,,,322
Ramp-art,https://climbing-history.org/climb/7263/ramp-art,Trad climb,E5,1,,,322
Range Free,https://climbing-history.org/climb/5417/range-free,Trad climb,VS,1,"Greenham Common, Range West, Pembroke",,322
Rapunzel,https://climbing-history.org/climb/8265/rapunzel,Boulder problem,8A+,1,,,322
Rascal Groove SS,https://climbing-history.org/climb/3123/rascal-groove-ss,Boulder problem,8A,1,,,322
Ratatouille,https://climbing-history.org/climb/3504/ratatouille,Sport route,9a,1,,,322
Rattle and Hump,https://climbing-history.org/climb/5892/rattle-and-hump,Sport route,8a,1,,,322
Razor Blade Smile,https://climbing-history.org/climb/6644/razor-blade-smile,Trad climb,E5,1,,,322
Razor Roof,https://climbing-history.org/climb/7268/razor-roof,Boulder problem,6C,1,,,322
Reach for the Sheep,https://climbing-history.org/climb/8165/reach-for-the-sheep,Sport route,8c,1,,,323
Reactn,https://climbing-history.org/climb/3572/reactn,Sport route,6b+,1,,,323
Read My Lips,https://climbing-history.org/climb/4244/read-my-lips,Sport route,8b,1,,,323
Reagent,https://climbing-history.org/climb/2164/reagent,Trad climb,E5,1,,,323
Reality,https://climbing-history.org/climb/6531/reality,Trad climb,E8,1,,,323
Realm of Tor’ment,https://climbing-history.org/climb/5246/realm-of-tor’ment,Boulder problem,9A,1,Will Bosi :,,323
Real Ultimate Power,https://climbing-history.org/climb/4642/real-ultimate-power,Sport route,8b+,1,,,323
Rébellion,https://climbing-history.org/climb/6612/rébellion,Sport route,8b,1,,,323
Reborn in Paradise,https://climbing-history.org/climb/7485/reborn-in-paradise,Boulder problem,8B+,1,,,323
Red Cross Overhang,https://climbing-history.org/climb/1229/red-cross-overhang,Boulder problem,7C,1,The first 7C in the world.,,323
Red Dragon,https://climbing-history.org/climb/4360/red-dragon,Boulder problem,8A,1,,,323
Reg,https://climbing-history.org/climb/1641/reg,Trad climb,E7,1,,,323
Reggae,https://climbing-history.org/climb/3344/reggae,Sport route,8b,1,,,323
Regret,https://climbing-history.org/climb/3246/regret,Boulder problem,8C+,1,Just right of Emotion .,,323
Rei De Bering,https://climbing-history.org/climb/2377/rei-de-bering,Sport route,9a+,1,,,323
Reimei,https://climbing-history.org/climb/7552/reimei,Boulder problem,"7C
                        (approx)",1,The exact location – and even the grade – are a closely guarded secret.,,323
Reina de la Piscineta,https://climbing-history.org/climb/7923/reina-de-la-piscineta,Sport route,8c,1,,,323
Reini's Vibes,https://climbing-history.org/climb/3749/reinis-vibes,Sport route,8c+,1,,,323
Reisen til Ixtlan,https://climbing-history.org/climb/4680/reisen-til-ixtlan,Sport route,9a,1,,,323
Reloaded,https://climbing-history.org/climb/1803/reloaded,Sport route,8a,1,,,323
Remains of the Day,https://climbing-history.org/climb/6815/remains-of-the-day,Trad climb,E6,1,,,324
Rembrandt,https://climbing-history.org/climb/548/rembrandt,Sport route,8a,1,,,324
Remontado,https://climbing-history.org/climb/3414/remontado,Trad climb,E6,1,"remontado - Re-mounted, gone back to the hills or mountains (said of someone who has returned to the wild and left civilisation.) [1]",,324
Renaissance,https://climbing-history.org/climb/4835/renaissance,Boulder problem,7C+,1,,,324
Republica Sinestra,https://climbing-history.org/climb/7501/republica-sinestra,Deep water solo,7c,1,,,324
Requiem for a Klem,https://climbing-history.org/climb/6067/requiem-for-a-klem,Boulder problem,8A,1,Named after first ascentionist Ben Bransby's trusty dog Klem who sadly died around the time of the ascent.,,324
Requiem to the Cyber Wankers,https://climbing-history.org/climb/2562/requiem-to-the-cyber-wankers,Trad climb,E3,1,After climbing extinction rebellion and going on about the environment caff was then photographed get on the helicopter to Lundy because the sea was too rough. Let just say he got a lot of stick from the keyboard warriors! [1],,324
Resistance,https://climbing-history.org/climb/8059/resistance,Boulder problem,8B+,1,,,324
Resistancia,https://climbing-history.org/climb/7783/resistancia,Boulder problem,8B,1,,,324
Responsible Parenting,https://climbing-history.org/climb/5513/responsible-parenting,Trad climb,E7,1,,,324
Rest and Be Thankful,https://climbing-history.org/climb/2133/rest-and-be-thankful,Trad climb,E5,1,,,324
Resurgam,https://climbing-history.org/climb/7675/resurgam,Boulder problem,8B+,1,,,324
Resurrection,https://climbing-history.org/climb/3559/resurrection,Trad climb,E8,1,"First climbed as a sport route in 1986 by Gary Gibson , it was quickly debolted and then waited 30 years for the first ascent on trad gear.",,324
Resurrection,https://climbing-history.org/climb/5260/resurrection,Sport route,8b+,1,,,324
Resurrection Free,https://climbing-history.org/climb/6917/resurrection-free,Trad climb,E8,1,"Cruxes are 13d and 13c. Can also be done as a 12a/A0, by veering right after P7 to join the last pitches of the The Regular North Face .",,324
Retaliation,https://climbing-history.org/climb/427/retaliation,Boulder problem,8B,1,,,324
Retchus,https://climbing-history.org/climb/5888/retchus,Boulder problem,7A,1,Originally soloed at E6.,,324
Reticent Mass Murderer,https://climbing-history.org/climb/5841/reticent-mass-murderer,Trad climb,E4,1,,,324
Rett foran nesa di sitt,https://climbing-history.org/climb/4565/rett-foran-nesa-di-sitt,Boulder problem,8B,1,,,324
Returning Temptation,https://climbing-history.org/climb/4729/returning-temptation,Boulder problem,8B,1,,,324
Reu,https://climbing-history.org/climb/3034/reu,Boulder problem,8A+,1,,,325
Revanche,https://climbing-history.org/climb/4468/revanche,Sport route,8b+,1,,,325
Reveille-toi,https://climbing-history.org/climb/6473/reveille-toi,Sport route,9a,1,,,325
Revelation,https://climbing-history.org/climb/3508/revelation,Boulder problem,8A,1,,,325
Revengeance,https://climbing-history.org/climb/5633/revengeance,Trad climb,E6,1,,,325
Reverberance,https://climbing-history.org/climb/2824/reverberance,Sport route,8c,1,,,325
Reverrence,https://climbing-history.org/climb/926/reverrence,Sport route,8c+,1,,,325
Reverse Disco,https://climbing-history.org/climb/6779/reverse-disco,Trad climb,E2,1,,,325
Revival,https://climbing-history.org/climb/17/revival,Sport route,8c,1,,,325
Rhythm and Reason,https://climbing-history.org/climb/5475/rhythm-and-reason,Boulder problem,8C,1,Alternate exit to Slime and Reason .,,325
Ridderhansen,https://climbing-history.org/climb/7577/ridderhansen,Sport route,8b,1,,,325
Ride of the Valkyries,https://climbing-history.org/climb/8175/ride-of-the-valkyries,Sport route,8b+,1,,,325
Riesenslalom direkt,https://climbing-history.org/climb/7599/riesenslalom-direkt,Sport route,8b,1,,,325
Rift Aversion,https://climbing-history.org/climb/1799/rift-aversion,Boulder problem,7C+,1,,,325
Rift Aversion SDS,https://climbing-history.org/climb/1800/rift-aversion-sds,Boulder problem,8B,1,,,325
Rift Wall,https://climbing-history.org/climb/7545/rift-wall,Trad climb,VS,1,Also known as Anthropology,,325
Right Cheeky,https://climbing-history.org/climb/6973/right-cheeky,Trad climb,E7,1,,,325
Right Hand Man,https://climbing-history.org/climb/2764/right-hand-man,Boulder problem,8C,1,Starts in Unfinished Opera Left before moving left in to Sidekick .,,325
Right Here Right Now,https://climbing-history.org/climb/2444/right-here-right-now,Boulder problem,8B,1,,,325
Right Spur,https://climbing-history.org/climb/6510/right-spur,Boulder problem,6C+,1,,,325
Right to Roam,https://climbing-history.org/climb/4775/right-to-roam,Boulder problem,8A,1,,,326
Right Twin Chimney,https://climbing-history.org/climb/2621/right-twin-chimney,Trad climb,VD,1,,,326
Ringlock Ranch,https://climbing-history.org/climb/2844/ringlock-ranch,Trad climb,E8,1,,,326
Ring My Bell,https://climbing-history.org/climb/1949/ring-my-bell,Trad climb,E7,1,,,326
Ripple Effect,https://climbing-history.org/climb/5278/ripple-effect,Boulder problem,8B,1,,,326
Rise,https://climbing-history.org/climb/6384/rise,Boulder problem,8A+,1,"Mt.Mizugaki, Yamanashi, Japan",,326
Risible,https://climbing-history.org/climb/6200/risible,Boulder problem,8C,1,,,326
Rising From the Shadows,https://climbing-history.org/climb/5077/rising-from-the-shadows,Boulder problem,8C,1,,,326
Rite of Way,https://climbing-history.org/climb/5996/rite-of-way,Sport route,7b,1,,,326
Ritual Movements,https://climbing-history.org/climb/4828/ritual-movements,Trad climb,E7,1,,,326
River of Dreams,https://climbing-history.org/climb/2446/river-of-dreams,Boulder problem,8B,1,,,326
River Runs Dry,https://climbing-history.org/climb/4695/river-runs-dry,Boulder problem,8B,1,"A project of Sam Cattell's for a long time. He came tantalisingly close, dropping it from over the lip. Mark Katz then took up the challenge and got it done, though it took him significant time and effort.",,326
Road of Life,https://climbing-history.org/climb/7178/road-of-life,Boulder problem,8B+,1,,,326
Road Sweet Home,https://climbing-history.org/climb/6611/road-sweet-home,Boulder problem,8C,1,,,326
Robbed at Dunn Point,https://climbing-history.org/climb/5700/robbed-at-dunn-point,Boulder problem,7C,1,,,326
Robert Brown,https://climbing-history.org/climb/2878/robert-brown,Trad climb,E3,1,Named in memory of a friend of the first ascenionists who died in a fall on Spider's Web at Gogarth . [1],,326
Robin Hood's Cave Innominate,https://climbing-history.org/climb/8180/robin-hoods-cave-innominate,Trad climb,VS,1,,,326
Robinson Cruiser,https://climbing-history.org/climb/7171/robinson-cruiser,Sport route,8a,1,,,326
Robin Úd,https://climbing-history.org/climb/499/robin-úd,Sport route,9b,1,,,326
Rocha Power,https://climbing-history.org/climb/4169/rocha-power,Boulder problem,8B+,1,,,326
Rock Island Line,https://climbing-history.org/climb/6665/rock-island-line,Trad climb,E1,1,,,327
Rocky,https://climbing-history.org/climb/4013/rocky,Trad climb,E8,1,,,327
Rodillar,https://climbing-history.org/climb/3740/rodillar,Sport route,8a,1,,,327
Rod's Roof,https://climbing-history.org/climb/6974/rods-roof,Trad climb,E7,1,"Named in memory of Rod Hull, who had recently fallen off his roof.",,327
Rogue One,https://climbing-history.org/climb/7942/rogue-one,Boulder problem,8B,1,,,327
Rogue Planet,https://climbing-history.org/climb/5706/rogue-planet,Sport route,7b+,1,,,327
Roller Coaster,https://climbing-history.org/climb/6516/roller-coaster,Trad climb,E6,1,,,327
Rollerwall,https://climbing-history.org/climb/6153/rollerwall,Boulder problem,7B+,1,"Chipped in the early '70s, then repaired.",,327
Romancing the Stone,https://climbing-history.org/climb/2741/romancing-the-stone,Trad climb,E8,1,,,327
Roman Orgy,https://climbing-history.org/climb/6512/roman-orgy,Boulder problem,6B+,1,,,327
Romantic Reality,https://climbing-history.org/climb/2135/romantic-reality,Trad climb,E7,1,,,327
Ron's Crack II,https://climbing-history.org/climb/4395/rons-crack-ii,Boulder problem,7A+,1,,,327
Ron's Girdle Traverse,https://climbing-history.org/climb/1515/rons-girdle-traverse,Trad climb,E5,1,The full 5km traverse of Stanage edge.,,327
Roof Der Wildnis,https://climbing-history.org/climb/2192/roof-der-wildnis,Boulder problem,8B+,1,,,327
Rooi Klavier,https://climbing-history.org/climb/7531/rooi-klavier,Boulder problem,7C,1,,,327
Rooster Crossing,https://climbing-history.org/climb/1871/rooster-crossing,Sport route,8c,1,,,327
Roses and Blue Jays,https://climbing-history.org/climb/3604/roses-and-blue-jays,Boulder problem,8B,1,,,327
Rosslyn Serpent,https://climbing-history.org/climb/4321/rosslyn-serpent,Trad climb,E8,1,,,327
Rough Roof,https://climbing-history.org/climb/6156/rough-roof,Trad climb,E6,1,,,327
Round Earth Theory,https://climbing-history.org/climb/4860/round-earth-theory,Boulder problem,8B,1,,,327
Rovio,https://climbing-history.org/climb/7881/rovio,Boulder problem,8B,1,,,328
Rowley Birkin QC,https://climbing-history.org/climb/909/rowley-birkin-qc,Trad climb,E6,1,,,328
Röyksopp,https://climbing-history.org/climb/237/röyksopp,Boulder problem,8A,1,,,328
Rubicon,https://climbing-history.org/climb/2074/rubicon,Sport route,7a,1,,,328
Rubis sur l'Ongle,https://climbing-history.org/climb/6104/rubis-sur-longle,Boulder problem,7B+,1,,,328
Ruby's Cafe,https://climbing-history.org/climb/2221/rubys-cafe,Trad climb,E6,1,,,328
Rumble,https://climbing-history.org/climb/7149/rumble,Boulder problem,8C,1,,,328
Runnel Vision,https://climbing-history.org/climb/5793/runnel-vision,Boulder problem,"7C
                        (approx)",1,,,328
Running Man,https://climbing-history.org/climb/6846/running-man,Sport route,8b,1,"The line is a little eliminate. The non-eliminate version uses some good holds on the neighbouring Artificial Intelligence , was first climbed by Will Nazarian and is about 8a+/13c.",,328
Ruthless,https://climbing-history.org/climb/8221/ruthless,Boulder problem,8A+,1,,,328
Ruthless People,https://climbing-history.org/climb/3573/ruthless-people,Trad climb,E4,1,,,328
Rychlá Smrt,https://climbing-history.org/climb/5104/rychlá-smrt,Sport route,8a+,1,,,328
Ryme Intrinseca,https://climbing-history.org/climb/5350/ryme-intrinseca,Sport route,7b,1,,,328
Rythmo,https://climbing-history.org/climb/6324/rythmo,Boulder problem,7C+,1,"Magic Wood, Switzerland",,328
Sacamuelas,https://climbing-history.org/climb/8071/sacamuelas,Boulder problem,8B,1,,,328
Sack of Woe,https://climbing-history.org/climb/2953/sack-of-woe,Sport route,8c,1,,,328
Sacre Coeur,https://climbing-history.org/climb/5441/sacre-coeur,Trad climb,E2,1,,,328
Saddle on a Mustang,https://climbing-history.org/climb/6867/saddle-on-a-mustang,Boulder problem,8A+,1,,,328
Salar,https://climbing-history.org/climb/1054/salar,Sport route,8a,1,,,328
Salathé Wall,https://climbing-history.org/climb/7167/salathé-wall,Boulder problem,7A+,1,,,328
Sale Gosse,https://climbing-history.org/climb/7318/sale-gosse,Boulder problem,7C,1,,,329
Salisbury Hill,https://climbing-history.org/climb/6031/salisbury-hill,Trad climb,E5,1,"Grade 24, bold.",,329
Salix,https://climbing-history.org/climb/6999/salix,Trad climb,E7,1,,,329
Salle Goose,https://climbing-history.org/climb/4827/salle-goose,Boulder problem,7C+,1,,,329
Salt,https://climbing-history.org/climb/5540/salt,Trad climb,E7,1,,,329
Salva Mea,https://climbing-history.org/climb/330/salva-mea,Sport route,8a,1,,,329
Salvatge,https://climbing-history.org/climb/7931/salvatge,Boulder problem,8B+,1,,,329
Samadhi,https://climbing-history.org/climb/7546/samadhi,Boulder problem,8B,1,,,329
Samahdi,https://climbing-history.org/climb/7704/samahdi,Sport route,9a,1,,,329
Sammansvärjning,https://climbing-history.org/climb/4016/sammansvärjning,Trad climb,E10,1,,,329
Samsara,https://climbing-history.org/climb/5542/samsara,Sport route,8c,1,,,329
Samurai,https://climbing-history.org/climb/7399/samurai,Sport route,8a,1,,,329
Sand Buttress,https://climbing-history.org/climb/8239/sand-buttress,Trad climb,VS,1,,,329
Sand Worm,https://climbing-history.org/climb/7975/sand-worm,Boulder problem,8C,1,,,329
Sanrinsha,https://climbing-history.org/climb/7672/sanrinsha,Boulder problem,8B+,1,,,329
Sarah,https://climbing-history.org/climb/226/sarah,Boulder problem,8A,1,,,329
Satan i Helvete,https://climbing-history.org/climb/2267/satan-i-helvete,Boulder problem,8B+,1,In December 2013 a hold broke making the problem harder.,,329
"Satan, Med Topp i Potet","https://climbing-history.org/climb/7841/satan,-med-topp-i-potet",Sport route,8b,1,,,329
Satan's Little Helper,https://climbing-history.org/climb/3166/satans-little-helper,Trad climb,E7,1,,,329
Sàtiva Patàtica,https://climbing-history.org/climb/2803/sàtiva-patàtica,Sport route,8a,1,,,329
Satta,https://climbing-history.org/climb/5943/satta,Boulder problem,8A+,1,,,330
Saucy Mutton,https://climbing-history.org/climb/1391/saucy-mutton,Boulder problem,8B,1,,,330
Saume Thing More,https://climbing-history.org/climb/8154/saume-thing-more,Sport route,8b,1,,,330
Sauron,https://climbing-history.org/climb/3402/sauron,Sport route,8b,1,,,330
Sautanz,https://climbing-history.org/climb/6243/sautanz,Sport route,7b+,1,One of the first 7b+ in Germany.,,330
Savage Earth,https://climbing-history.org/climb/4349/savage-earth,Trad climb,E9,1,Starts up Reservoir Dogs before traversing right into the finish of Widdop Wall . Now largely superseded by the more direct Widdop Wall .,,330
Saville Street,https://climbing-history.org/climb/5969/saville-street,Trad climb,E3,1,,,330
Saying Grace,https://climbing-history.org/climb/6980/saying-grace,Trad climb,E7,1,,,330
Scagliola,https://climbing-history.org/climb/4341/scagliola,Boulder problem,6C,1,,,330
Scansor,https://climbing-history.org/climb/4880/scansor,Trad climb,E2,1,,,330
Scaredy Cat,https://climbing-history.org/climb/4803/scaredy-cat,Boulder problem,8C,1,,,330
Scarlett's Chimney,https://climbing-history.org/climb/3307/scarletts-chimney,Trad climb,VS,1,,,330
Scarlett's Climb,https://climbing-history.org/climb/3308/scarletts-climb,Trad climb,VS,1,,,330
Scarlett's Crack,https://climbing-history.org/climb/3309/scarletts-crack,Trad climb,VS,1,,,330
Scary Christmas,https://climbing-history.org/climb/8254/scary-christmas,Boulder problem,8A,1,,,330
Scavenger,https://climbing-history.org/climb/7053/scavenger,Sport route,8a,1,,,330
Sceptre,https://climbing-history.org/climb/5092/sceptre,Trad climb,VS,1,,,330
Schattenspiel,https://climbing-history.org/climb/8294/schattenspiel,Boulder problem,8B+,1,,,330
Schittlegrüber,https://climbing-history.org/climb/1201/schittlegrüber,Trad climb,E6,1,,,330
Schluck du Bruder Sit,https://climbing-history.org/climb/3264/schluck-du-bruder-sit,Boulder problem,8A+,1,,,330
Schoolies,https://climbing-history.org/climb/6801/schoolies,Trad climb,E3,1,,,331
Scoop Swoop,https://climbing-history.org/climb/6298/scoop-swoop,Boulder problem,7C+,1,,,331
Scoop Wall,https://climbing-history.org/climb/2076/scoop-wall,Trad climb,E2,1,,,331
Scorched Earth,https://climbing-history.org/climb/2900/scorched-earth,Trad climb,E2,1,,,331
Script for a Tear,https://climbing-history.org/climb/968/script-for-a-tear,Trad climb,E6,1,,,331
Scut du Scun ai,https://climbing-history.org/climb/7624/scut-du-scun-ai,Trad climb,E7,1,,,331
Scuttle Buttlin',https://climbing-history.org/climb/6962/scuttle-buttlin,Trad climb,E7,1,,,331
Séance,https://climbing-history.org/climb/8184/séance,Boulder problem,8A,1,,,331
Séance Tenante,https://climbing-history.org/climb/7671/séance-tenante,Sport route,8a,1,,,331
Sean’s Problem,https://climbing-history.org/climb/8147/sean’s-problem,Boulder problem,7C,1,,,331
Sectioned,https://climbing-history.org/climb/5848/sectioned,Trad climb,E8,1,,,331
Selene,https://climbing-history.org/climb/5127/selene,Sport route,9a+,1,,,331
Selva Dulce,https://climbing-history.org/climb/7529/selva-dulce,Boulder problem,7C+,1,,,331
Semantics,https://climbing-history.org/climb/2185/semantics,Sport route,9a+,1,,,331
Semental,https://climbing-history.org/climb/2857/semental,Sport route,8b+,1,,,331
Seneca Effect,https://climbing-history.org/climb/7420/seneca-effect,Boulder problem,8A,1,,,331
Senior Citizen Smith,https://climbing-history.org/climb/6485/senior-citizen-smith,Trad climb,E6,1,,,331
Serenataon,https://climbing-history.org/climb/111/serenataon,Boulder problem,8C,1,,,331
Serenity Crack,https://climbing-history.org/climb/7078/serenity-crack,Trad climb,E3,1,Heavy scarring from aid practice allowed the first pitch to be free climbed by Tom Higgins .,,331
Serge the Psychopathic Seal,https://climbing-history.org/climb/5359/serge-the-psychopathic-seal,Boulder problem,7A,1,,,331
Serious Saunterin',https://climbing-history.org/climb/5488/serious-saunterin,Boulder problem,8A,1,,,332
Seven Acts of Courage,https://climbing-history.org/climb/5505/seven-acts-of-courage,Boulder problem,8A,1,V11/12,,332
Seven of Nine,https://climbing-history.org/climb/435/seven-of-nine,Boulder problem,8B+,1,A highball boulder problem. Also given E9 7b elsewhere.,,332
Seventh Aardvark,https://climbing-history.org/climb/5752/seventh-aardvark,Sport route,7b,1,,,332
Sewer Rat,https://climbing-history.org/climb/7428/sewer-rat,Trad climb,E10,1,Up a sketchy corner and out a huge roof.,,332
Sex After Climb,https://climbing-history.org/climb/1488/sex-after-climb,Sport route,8c,1,,,332
Shadow Dancer,https://climbing-history.org/climb/2350/shadow-dancer,Trad climb,E7,1,,,332
Shadowplay,https://climbing-history.org/climb/418/shadowplay,Boulder problem,8C,1,"Shadowplay is a legendary boulder, the topic of many stories and debates, which was once considered to be one of the UK’s and the world’s hardest, dashing all attempts at a repeat from the best in the country. Dan Varian concluded the problem was significantly harder than anything else in the UK, and in later years grew suspicious of Gaskins’ claims, becoming one of his most outspoken critics.",Very unlikely to have been climbed.,332
Shadows on the Wall,https://climbing-history.org/climb/6968/shadows-on-the-wall,Trad climb,E7,1,,,332
Shadow Wall,https://climbing-history.org/climb/7543/shadow-wall,Trad climb,VS,1,,,332
Shadow Women,https://climbing-history.org/climb/2624/shadow-women,Boulder problem,8C,1,,,332
Shaka Zulu,https://climbing-history.org/climb/4453/shaka-zulu,Sport route,8b,1,,,332
Shaken Not Stirred,https://climbing-history.org/climb/1221/shaken-not-stirred,Trad climb,E6,1,,,332
Shallow Grave,https://climbing-history.org/climb/3356/shallow-grave,Boulder problem,7A+,1,,,332
Shallow Waters,https://climbing-history.org/climb/2996/shallow-waters,Boulder problem,8C,1,[1] Aidan Roberts - Shallow Waters (2023),,332
Shantaram,https://climbing-history.org/climb/7637/shantaram,Sport route,8c,1,,,332
Sharma Line,https://climbing-history.org/climb/4739/sharma-line,Deep water solo,8b+,1,,,332
Sheep Shifter,https://climbing-history.org/climb/8330/sheep-shifter,Boulder problem,7B+,1,,,332
Sheer Terror,https://climbing-history.org/climb/8048/sheer-terror,Sport route,8c,1,,,332
Sheffield Steel,https://climbing-history.org/climb/5298/sheffield-steel,Boulder problem,8A,1,,,332
Sheltered Childhood,https://climbing-history.org/climb/6033/sheltered-childhood,Trad climb,E5,1,"Grade 24, a classic crack",,333
Shere Khan,https://climbing-history.org/climb/3202/shere-khan,Deep water solo,7c,1,,,333
Shiba Inu Sit,https://climbing-history.org/climb/7507/shiba-inu-sit,Boulder problem,8C,1,,,333
Shieldmaiden,https://climbing-history.org/climb/7342/shieldmaiden,Boulder problem,8A,1,,,333
Shimmy Sham,https://climbing-history.org/climb/341/shimmy-sham,Sport route,8a,1,,,333
Shine On,https://climbing-history.org/climb/5707/shine-on,Sport route,8a,1,,,333
Ships That Pass in the Night,https://climbing-history.org/climb/3568/ships-that-pass-in-the-night,Trad climb,E5,1,,,333
Shit From a Different Ass,https://climbing-history.org/climb/7843/shit-from-a-different-ass,Boulder problem,7C+,1,,,333
Shiva (pre-break),https://climbing-history.org/climb/3321/shiva-(pre-break),Boulder problem,8C,1,"A hold broke in 2016, making the problem harder",,333
Sho-,https://climbing-history.org/climb/4294/sho-,Sport route,9a+,1,,,333
Shock and Awe,https://climbing-history.org/climb/1859/shock-and-awe,Sport route,8c+,1,Smith Rock's 2nd 8c+ after Just Do It .,,333
Shortcut,https://climbing-history.org/climb/6087/shortcut,Sport route,9a,1,,,333
Shosholoza,https://climbing-history.org/climb/7463/shosholoza,Boulder problem,8A+,1,,,333
Shredded Feet,https://climbing-history.org/climb/6797/shredded-feet,Boulder problem,7A,1,,,333
Shrodinger's Cat,https://climbing-history.org/climb/6599/shrodingers-cat,Boulder problem,8B+,1,Left exit to Maxwell's Demon Low,,333
Shropshire Gold,https://climbing-history.org/climb/1387/shropshire-gold,Trad climb,E7,1,,,333
Shu So Retsu Jitsu,https://climbing-history.org/climb/6712/shu-so-retsu-jitsu,Boulder problem,8B+,1,"kiinokuni boulder area, Mie, Japan",,333
Sibyllan,https://climbing-history.org/climb/7800/sibyllan,Sport route,8c+,1,,,333
Sicarios,https://climbing-history.org/climb/3615/sicarios,Boulder problem,8B,1,,,333
Sicarios Extension,https://climbing-history.org/climb/7608/sicarios-extension,Boulder problem,8B+,1,,,333
Sidekick,https://climbing-history.org/climb/1165/sidekick,Boulder problem,8A+,1,,,334
Sidekick,https://climbing-history.org/climb/1036/sidekick,Trad climb,E6,1,,,334
Siesta,https://climbing-history.org/climb/3744/siesta,Sport route,8c,1,,,334
Sigillo,https://climbing-history.org/climb/8163/sigillo,Boulder problem,8B+,1,,,334
Sigma,https://climbing-history.org/climb/6256/sigma,Boulder problem,8B+,1,,,334
Sign of the Devil,https://climbing-history.org/climb/1492/sign-of-the-devil,Boulder problem,7C+,1,,,334
Sign of the Vulcan,https://climbing-history.org/climb/3282/sign-of-the-vulcan,Sport route,7b+,1,,,334
Sigurd,https://climbing-history.org/climb/6860/sigurd,Trad climb,E6,1,,,334
Silence Vertical,https://climbing-history.org/climb/1725/silence-vertical,Sport route,8b+,1,,,334
Silent Scream,https://climbing-history.org/climb/963/silent-scream,Trad climb,E7,1,,,334
Silent Spring,https://climbing-history.org/climb/4844/silent-spring,Trad climb,E4,1,,,334
Silk,https://climbing-history.org/climb/5782/silk,Trad climb,E5,1,,,334
Sillmjölke,https://climbing-history.org/climb/7799/sillmjölke,Sport route,8c,1,,,334
Silver Smile,https://climbing-history.org/climb/6835/silver-smile,Trad climb,E5,1,,,334
Simon,https://climbing-history.org/climb/1684/simon,Sport route,8a+,1,,,334
Simulacres,https://climbing-history.org/climb/4472/simulacres,Sport route,8b,1,,,334
Sinbad,https://climbing-history.org/climb/5844/sinbad,Trad climb,E7,1,Without siderunners,,334
Sine Language,https://climbing-history.org/climb/2396/sine-language,Boulder problem,8C,1,,,334
Sine of the Times,https://climbing-history.org/climb/2395/sine-of-the-times,Boulder problem,8B+,1,,,334
Sin Picasso,https://climbing-history.org/climb/6388/sin-picasso,Sport route,9b,1,Picasso without the chipped hold.,,334
Sirplum,https://climbing-history.org/climb/3706/sirplum,Trad climb,E1,1,,,335
Siste dans,https://climbing-history.org/climb/4525/siste-dans,Sport route,8c,1,,,335
Sistema de Creenicas,https://climbing-history.org/climb/6118/sistema-de-creenicas,Sport route,9b,1,,,335
Sisu Project,https://climbing-history.org/climb/2462/sisu-project,Boulder problem,"9B
                        (approx)",1,The Sisu project is an unclimbed line in Finland first tried by Nalle Hukkataival . It is incredibly hard: Nalle was only able to do a handful of the moves over the course of many sessions.,,335
Sitsquatch,https://climbing-history.org/climb/3512/sitsquatch,Boulder problem,"8B
                        (approx)",1,The grade is a guess as none was offered by the FA.,,335
Sitting Bull,https://climbing-history.org/climb/7469/sitting-bull,Trad climb,E4,1,,,335
Six Degrees,https://climbing-history.org/climb/4385/six-degrees,Boulder problem,7C+,1,Not to be confused with the Six Degrees (project),,335
Six Degrees,https://climbing-history.org/climb/6440/six-degrees,Boulder problem,"9A+
                        (approx)",1,"The Six Degrees Project is an unclimbed problem in Yosemite. Aidan Roberts has been seriously projecting it since moving to California in 2024, and he has made some very promising links.",,335
Six Dinner Sid,https://climbing-history.org/climb/1996/six-dinner-sid,Sport route,8b+,1,,,335
Sixpence,https://climbing-history.org/climb/1220/sixpence,Trad climb,E6,1,,,335
Sjarmøretappenprosjektet,https://climbing-history.org/climb/8018/sjarmøretappenprosjektet,Boulder problem,"8C
                        (approx)",1,,,335
Sjimphansen,https://climbing-history.org/climb/7578/sjimphansen,Sport route,8b,1,,,335
Sjøslag,https://climbing-history.org/climb/1748/sjøslag,Deep water solo,8c,1,,,335
Skiantos,https://climbing-history.org/climb/8110/skiantos,Boulder problem,8B,1,,,335
Skidoo,https://climbing-history.org/climb/4282/skidoo,Trad climb,E6,1,"Serial joker Niall Grimes climbed the route thinking it was the line to the left, Skidoo , so also called his new line Skidoo ! Confused? You should be.",,335
Skin and Wishbones,https://climbing-history.org/climb/5566/skin-and-wishbones,Trad climb,E8,1,,,335
Skinhead Moonstomp,https://climbing-history.org/climb/1024/skinhead-moonstomp,Trad climb,E6,1,,,335
Skinless Wonder,https://climbing-history.org/climb/895/skinless-wonder,Trad climb,E6,1,,,335
Skir,https://climbing-history.org/climb/7751/skir,Boulder problem,"8B+
                        (approx)",1,,,335
Slackliner,https://climbing-history.org/climb/8205/slackliner,Trad climb,E8,1,,,335
Slanted and Enchanted,https://climbing-history.org/climb/6204/slanted-and-enchanted,Trad climb,E6,1,,,336
Slap Happy,https://climbing-history.org/climb/7804/slap-happy,Boulder problem,7A,1,,,336
Slapshot,https://climbing-history.org/climb/8306/slapshot,Boulder problem,"8B
                        (approx)",1,"Potentially the first ever V13/8B, ""Slapshot"" was the hardest of Holloway's ""big three"" that included ""Trice"" and ""Meathook"". Holloway never graded the problem and it has yet to have seen a documented second ascent at the time of this writing. There is speculation that crux holds may have broken off or polished in the nearly fifty years since the first ascent",,336
Sleeping Sickness,https://climbing-history.org/climb/5970/sleeping-sickness,Trad climb,E3,1,,,336
Sleepy Hollow,https://climbing-history.org/climb/228/sleepy-hollow,Boulder problem,8A+,1,,,336
Slender Norris,https://climbing-history.org/climb/1636/slender-norris,Trad climb,E5,1,,,336
Slender Thread,https://climbing-history.org/climb/6288/slender-thread,Trad climb,E5,1,,,336
Slice of Life,https://climbing-history.org/climb/6565/slice-of-life,Sport route,8b,1,,,336
Slime and Reason,https://climbing-history.org/climb/5302/slime-and-reason,Boulder problem,8B+,1,,,336
Slimey Sex,https://climbing-history.org/climb/6294/slimey-sex,Sport route,8a,1,,,336
Slimline,https://climbing-history.org/climb/3204/slimline,Sport route,8a+,1,,,336
Slim Shady,https://climbing-history.org/climb/5738/slim-shady,Boulder problem,7C+,1,,,336
Slingsby's Chimney Route,https://climbing-history.org/climb/7670/slingsbys-chimney-route,Trad climb,VD,1,,,336
Slip of the Tongue,https://climbing-history.org/climb/2564/slip-of-the-tongue,Trad climb,E6,1,Calum Muskett let slip about the line and Pete Robins nipped in to snake him to the first ascent.,,336
Slip of the Wrist,https://climbing-history.org/climb/6623/slip-of-the-wrist,Trad climb,E5,1,,,336
Slippery Jim,https://climbing-history.org/climb/1701/slippery-jim,Trad climb,HVS,1,,,336
Sloper Ben,https://climbing-history.org/climb/6417/sloper-ben,Boulder problem,8B,1,,,336
Sloths with Degrees,https://climbing-history.org/climb/6411/sloths-with-degrees,Boulder problem,8B+,1,,,336
Slow Food,https://climbing-history.org/climb/5790/slow-food,Sport route,8b+,1,,,336
Slow Handclap,https://climbing-history.org/climb/4313/slow-handclap,Trad climb,E7,1,,,336
Slurp,https://climbing-history.org/climb/7555/slurp,Trad climb,HVS,1,,,337
Smågjedden,https://climbing-history.org/climb/7535/smågjedden,Boulder problem,7C,1,,,337
Smallest Things,https://climbing-history.org/climb/5548/smallest-things,Trad climb,E7,1,,,337
Small Is Beautiful,https://climbing-history.org/climb/6504/small-is-beautiful,Boulder problem,7A,1,,,337
Smaragden,https://climbing-history.org/climb/7944/smaragden,Boulder problem,7C+,1,,,337
Smash Your Glasses,https://climbing-history.org/climb/5961/smash-your-glasses,Trad climb,E5,1,,,337
Smear Campaign,https://climbing-history.org/climb/7157/smear-campaign,Trad climb,E8,1,,,337
Smear Test,https://climbing-history.org/climb/6263/smear-test,Trad climb,E3,1,,,337
Smokey on Fire,https://climbing-history.org/climb/8304/smokey-on-fire,Boulder problem,7B+,1,"Potentially one of the first V8s in the Western US, it is unclear whether it was initially established from a higher start",,337
Snake Cave,https://climbing-history.org/climb/7532/snake-cave,Boulder problem,7C,1,,,337
Snake's Sake,https://climbing-history.org/climb/8140/snakes-sake,Boulder problem,8B,1,,,337
Snap Sit Start,https://climbing-history.org/climb/6003/snap-sit-start,Boulder problem,8A,1,Foten - Norway,,337
Snap Them Panties,https://climbing-history.org/climb/7621/snap-them-panties,Boulder problem,8B,1,,,337
Snarky Puppy,https://climbing-history.org/climb/7925/snarky-puppy,Boulder problem,8B+,1,,,337
Snatch,https://climbing-history.org/climb/4769/snatch,Boulder problem,8A,1,,,337
Snatch,https://climbing-history.org/climb/2409/snatch,Sport route,8b,1,,,337
Snatch,https://climbing-history.org/climb/1822/snatch,Boulder problem,8A,1,,,337
Snatch and Grab,https://climbing-history.org/climb/6709/snatch-and-grab,Trad climb,E4,1,,,337
Snatch Low,https://climbing-history.org/climb/1823/snatch-low,Boulder problem,8B,1,,,337
Snot,https://climbing-history.org/climb/5169/snot,Boulder problem (indoor),8A+,1,,,337
Snowblind Mice,https://climbing-history.org/climb/7026/snowblind-mice,Boulder problem,7B,1,Line left of Three Blind Mice at Burbage North. Only possible with an 8ft snow drift.,,338
Snuff Movies,https://climbing-history.org/climb/7583/snuff-movies,Sport route,8c,1,,,338
Snug As a Bug,https://climbing-history.org/climb/6919/snug-as-a-bug,Boulder problem,8A+,1,,,338
Soft Cell,https://climbing-history.org/climb/1277/soft-cell,Deep water solo,7c+,1,,,338
Soft Option,https://climbing-history.org/climb/5332/soft-option,Sport route,8a,1,,,338
Soft Play,https://climbing-history.org/climb/5486/soft-play,Boulder problem,8A,1,,,338
Sôl Adûnâmentum,https://climbing-history.org/climb/6178/sôl-adûnâmentum,Boulder problem,8A+,1,,,338
Sole Train,https://climbing-history.org/climb/6141/sole-train,Trad climb,E7,1,,,338
Sol i S’ombra Sit,https://climbing-history.org/climb/6222/sol-i-s’ombra-sit,Boulder problem,8B+,1,,,338
Solozabal,https://climbing-history.org/climb/5796/solozabal,Boulder problem,8C,1,,,338
Solution Pollution,https://climbing-history.org/climb/6127/solution-pollution,Trad climb,E5,1,,,338
"So Many Classics, So Little Time","https://climbing-history.org/climb/6066/so-many-classics,-so-little-time",Trad climb,E4,1,,,338
Sombre del Viento,https://climbing-history.org/climb/360/sombre-del-viento,Sport route,8a,1,,,338
Some Die Young,https://climbing-history.org/climb/4611/some-die-young,Boulder problem,8B,1,,,338
Somewhere in Time,https://climbing-history.org/climb/6312/somewhere-in-time,Boulder problem,8A+,1,,,338
Sommertid,https://climbing-history.org/climb/4614/sommertid,Boulder problem,8B,1,,,338
Sonne im Herzen,https://climbing-history.org/climb/3280/sonne-im-herzen,Sport route,8c+,1,,,338
Son of Great Chimney,https://climbing-history.org/climb/6180/son-of-great-chimney,Trad climb,"E4
                        (approx)",1,[1] https://www.mountainproject.com/route/105847806/son-of-great-chimney,,338
Sons of the Desert,https://climbing-history.org/climb/910/sons-of-the-desert,Trad climb,E7,1,,,338
Sooty's Dyno,https://climbing-history.org/climb/2190/sootys-dyno,Boulder problem,7B,1,,,338
Sophisticated,https://climbing-history.org/climb/8060/sophisticated,Sport route,8c,1,,,339
Sorceress,https://climbing-history.org/climb/5589/sorceress,Trad climb,E6,1,,,339
Sorriseto,https://climbing-history.org/climb/5259/sorriseto,Boulder problem,8B,1,,,339
Soul Revolution,https://climbing-history.org/climb/4735/soul-revolution,Boulder problem,7C+,1,,,339
Soul Rock Dance,https://climbing-history.org/climb/501/soul-rock-dance,Sport route,9b,1,Korea's first 9b.,,339
Souls,https://climbing-history.org/climb/3566/souls,Trad climb,E6,1,,,339
Soul Searching,https://climbing-history.org/climb/6766/soul-searching,Trad climb,E1,1,,,339
Soumission,https://climbing-history.org/climb/2500/soumission,Boulder problem,8B+,1,"Some time after Fred's FA the problem was vandalised, with all the holds significantly improved.",,339
Southpaw,https://climbing-history.org/climb/7785/southpaw,Sport route,8c,1,,,339
So What,https://climbing-history.org/climb/1495/so-what,Boulder problem,8C,1,,,339
Soyuz,https://climbing-history.org/climb/6757/soyuz,Trad climb,E2,1,,,339
Space Case,https://climbing-history.org/climb/1018/space-case,Trad climb,E6,1,,,339
Spacehunter,https://climbing-history.org/climb/1400/spacehunter,Trad climb,E7,1,,,339
Space Lap,https://climbing-history.org/climb/4694/space-lap,Sport route,9a,1,,,339
Space Oddity,https://climbing-history.org/climb/8043/space-oddity,Sport route,8c+,1,,,339
Space Race,https://climbing-history.org/climb/4241/space-race,Sport route,7b+,1,,,339
Spanish Fly,https://climbing-history.org/climb/5947/spanish-fly,Trad climb,E7,1,,,339
Spannuth Armada,https://climbing-history.org/climb/8109/spannuth-armada,Deep water solo,8c,1,,,339
Speaks for the Trees,https://climbing-history.org/climb/6221/speaks-for-the-trees,Sport route,8c+,1,,,339
Speak the Truth,https://climbing-history.org/climb/5804/speak-the-truth,Trad climb,E7,1,"Originally an E5 with runners in an adjacent and tree, no longer present.",,339
Speak the Truth (with tree),https://climbing-history.org/climb/5805/speak-the-truth-(with-tree),Trad climb,E5,1,Hall Moor Quarry. Using runners in a large tree next to the arête. The tree was subsequently removed and the climb later soloed by Ben Tetler.,,340
Special Branch,https://climbing-history.org/climb/6147/special-branch,Trad climb,E5,1,,,340
Speed of Light,https://climbing-history.org/climb/153/speed-of-light,Boulder problem,8B+,1,Full carnage wall traverse. Links the start of The Vault all the way to the Arête.,,340
Speed of Sound,https://climbing-history.org/climb/7967/speed-of-sound,Boulder problem,8B,1,Links The Vault 's start into the finish of Carnage .,,340
Spider Pig,https://climbing-history.org/climb/4506/spider-pig,Boulder problem,8A,1,,,340
Spider's Web,https://climbing-history.org/climb/6540/spiders-web,Trad climb,E5,1,,,340
Spike,https://climbing-history.org/climb/4814/spike,Boulder problem,7B,1,"In keeping with the neighbouring route Jasmine , first ascentionist Jon Fullwood named this after his son Spike Fullwood .",,340
Spirited Away,https://climbing-history.org/climb/4711/spirited-away,Trad climb,E7,1,,,340
Spirit of the Moors,https://climbing-history.org/climb/1130/spirit-of-the-moors,Trad climb,E8,1,,,340
Spirit of the West,https://climbing-history.org/climb/8085/spirit-of-the-west,Sport route,8b+,1,,,340
Spirit Walker,https://climbing-history.org/climb/7487/spirit-walker,Boulder problem,8B,1,,,340
Spitting Venom,https://climbing-history.org/climb/3269/spitting-venom,Boulder problem,7C,1,,,340
Splashback,https://climbing-history.org/climb/6983/splashback,Trad climb,E8,1,,,340
Split Image,https://climbing-history.org/climb/1925/split-image,Sport route,7c,1,,,340
Spoilt kid,https://climbing-history.org/climb/4297/spoilt-kid,Sport route,9a,1,,,340
Spots of Lime,https://climbing-history.org/climb/5563/spots-of-lime,Sport route,9a,1,An old project of Dan Varian's which had to wait for the steely fingers of Will Bosi for a first ascent. The name is a play on Spots of Time .,,340
Sprawa Honoru,https://climbing-history.org/climb/2495/sprawa-honoru,Sport route,9a,1,,,340
Spray and Pray,https://climbing-history.org/climb/5747/spray-and-pray,Boulder problem,8C+,1,,,340
Spreadeagle,https://climbing-history.org/climb/4922/spreadeagle,Trad climb,E4,1,,,340
Spread Eagle,https://climbing-history.org/climb/7192/spread-eagle,Boulder problem,8A,1,,,340
Springskalle,https://climbing-history.org/climb/8133/springskalle,Trad climb,E8,1,,,341
Spyfiction,https://climbing-history.org/climb/3491/spyfiction,Sport route,8c+,1,,,341
Squeeze Your Lemon,https://climbing-history.org/climb/6783/squeeze-your-lemon,Trad climb,E1,1,,,341
Stack of Nude Books Meets the Stickman,https://climbing-history.org/climb/3386/stack-of-nude-books-meets-the-stickman,Trad climb,E4,1,"So named because a stack of porno mags was found underneath the route, stories from which were then read to the leader while he made the first ascent.",,341
Stairway to Heaven,https://climbing-history.org/climb/4865/stairway-to-heaven,Trad climb,E5,1,,,341
Stairway to Hell,https://climbing-history.org/climb/5247/stairway-to-hell,Boulder problem,8C,1,,,341
Stairway to Silence,https://climbing-history.org/climb/1190/stairway-to-silence,Trad climb,E7,1,,,341
Staminade,https://climbing-history.org/climb/1784/staminade,Trad climb,E6,1,,,341
Stamina Lamb Pump Up the Power Ram,https://climbing-history.org/climb/1907/stamina-lamb-pump-up-the-power-ram,Boulder problem,8B,1,,,341
Stanage Without Oxygen,https://climbing-history.org/climb/5956/stanage-without-oxygen,Trad climb,E5,1,,,341
Stand-Alone,https://climbing-history.org/climb/2173/stand-alone,Boulder problem,8B,1,,,341
Stanton Deliver,https://climbing-history.org/climb/2471/stanton-deliver,Boulder problem,8A+,1,,,341
Statbat Mater,https://climbing-history.org/climb/5477/statbat-mater,Sport route,8a,1,,,341
Steall Appeal,https://climbing-history.org/climb/5481/steall-appeal,Sport route,8b,1,,,341
Steep Climb Named Desire,https://climbing-history.org/climb/6558/steep-climb-named-desire,Sport route,8b+,1,One of the first 5.14s in the USA.,,341
Steeple,https://climbing-history.org/climb/4886/steeple,Trad climb,E2,1,,,341
Stefan Grossman SDS,https://climbing-history.org/climb/3361/stefan-grossman-sds,Boulder problem,8A,1,,,341
Sten Gun,https://climbing-history.org/climb/6072/sten-gun,Trad climb,E3,1,,,341
Steve,https://climbing-history.org/climb/4154/steve,Deep water solo,8a,1,,,341
Sticky Rice,https://climbing-history.org/climb/7806/sticky-rice,Aid Climb,A4,1,,,341
Stiff Syd's Cap,https://climbing-history.org/climb/1169/stiff-syds-cap,Trad climb,E6,1,,,342
Stiletto,https://climbing-history.org/climb/6230/stiletto,Sport route,7b+,1,[1] https://www.youtube.com/watch?v=tHCwepKraeE,,342
Still Life,https://climbing-history.org/climb/7861/still-life,Sport route,9a,1,,,342
Still Praying,https://climbing-history.org/climb/6888/still-praying,Boulder problem (indoor),8C,1,"""Still Praying"" is the low-start of TB2 Mirror V13 set by Luca Martins. This  boulder was intended to pseudo-replicate Defying Gravity/No-One-Mourns-the-Wicked.",,342
Sting Assis,https://climbing-history.org/climb/7745/sting-assis,Boulder problem,8B+,1,,,342
Stone,https://climbing-history.org/climb/4898/stone,Trad climb,E5,1,,,342
Stone Crown,https://climbing-history.org/climb/5315/stone-crown,Sport route,9a,1,,,342
Stoned Temple Pilots,https://climbing-history.org/climb/242/stoned-temple-pilots,Boulder problem,8A,1,,,342
Stone Love,https://climbing-history.org/climb/982/stone-love,Sport route,8b+,1,,,342
Stoning the Fascist,https://climbing-history.org/climb/7447/stoning-the-fascist,Trad climb,E10,1,,,342
Stonnis Crack,https://climbing-history.org/climb/5929/stonnis-crack,Trad climb,VS,1,Said to have been considered unjustifiably dangerous at the time of the first ascent and therefore omitted from guidebooks.,,342
Storming,https://climbing-history.org/climb/3537/storming,Trad climb,E6,1,,,342
Storpillaren,https://climbing-history.org/climb/7673/storpillaren,Trad climb,E5,1,,,342
Strada Privata,https://climbing-history.org/climb/7160/strada-privata,Sport route,8a,1,,,342
Stramme seg opp,https://climbing-history.org/climb/4649/stramme-seg-opp,Boulder problem,8B+,1,,,342
Stranger Things,https://climbing-history.org/climb/3299/stranger-things,Boulder problem,8B,1,,,342
Strapiombo,https://climbing-history.org/climb/3761/strapiombo,Trad climb,E1,1,,,342
Strappotente,https://climbing-history.org/climb/3762/strappotente,Trad climb,E7,1,,,342
Strawberry Grenade,https://climbing-history.org/climb/6631/strawberry-grenade,Trad climb,E5,1,,,342
Strawberry Kiss,https://climbing-history.org/climb/6985/strawberry-kiss,Trad climb,E7,1,,,342
Street Legal,https://climbing-history.org/climb/6705/street-legal,Trad climb,E7,1,,,343
Stretch Armstrong,https://climbing-history.org/climb/4087/stretch-armstrong,Trad climb,E6,1,,,343
Strictly Ballroom,https://climbing-history.org/climb/3814/strictly-ballroom,Trad climb,E1,1,,,343
Strolling (Right Hand Variant),https://climbing-history.org/climb/5711/strolling-(right-hand-variant),Trad climb,E5,1,,,343
Stronghold,https://climbing-history.org/climb/4318/stronghold,Trad climb,E8,1,,,343
Stubble Trouble,https://climbing-history.org/climb/6624/stubble-trouble,Trad climb,E6,1,,,343
Stumble. Stop. Repeat.,https://climbing-history.org/climb/7027/stumble.-stop.-repeat.,Trad climb,E8,1,[1] https://www.ukclimbing.com/news/2014/09/hard_summer_sends_for_feehally+varian-69176,,343
Suavito,https://climbing-history.org/climb/2834/suavito,Boulder problem,7B,1,,,343
Sublime,https://climbing-history.org/climb/3552/sublime,Trad climb,E8,1,,,343
Suicide Simulator,https://climbing-history.org/climb/5210/suicide-simulator,Boulder problem,8A+,1,"An unusual problem, where you pull on from a ledge before making a huge dyno to the lip above a less than ideal landing.",,343
Suicide Wall,https://climbing-history.org/climb/3703/suicide-wall,Trad climb,HVS,1,,,343
Summit From Nothing,https://climbing-history.org/climb/6520/summit-from-nothing,Boulder problem,8A,1,,,343
Summoning,https://climbing-history.org/climb/4661/summoning,Boulder problem,8A+,1,,,343
Sundance Wall,https://climbing-history.org/climb/4062/sundance-wall,Trad climb,E2,1,,,343
Sunset Slab,https://climbing-history.org/climb/1365/sunset-slab,Trad climb,VS,1,,,343
Sunset Slopers,https://climbing-history.org/climb/8141/sunset-slopers,Boulder problem,8A,1,,,343
Superbowl,https://climbing-history.org/climb/4234/superbowl,Sport route,7c,1,,,343
Superboy,https://climbing-history.org/climb/7540/superboy,Sport route,9a,1,,,343
Supercharger,https://climbing-history.org/climb/4868/supercharger,Trad climb,E3,1,,,343
Supercrack of the Desert,https://climbing-history.org/climb/5880/supercrack-of-the-desert,Trad climb,E1,1,,,343
Superdupont,https://climbing-history.org/climb/1223/superdupont,Sport route,7b+,1,,,344
Superfinale ligure,https://climbing-history.org/climb/7387/superfinale-ligure,Boulder problem,8B,1,,,344
Super Furry Animal,https://climbing-history.org/climb/137/super-furry-animal,Boulder problem,8B,1,,,344
Superhands,https://climbing-history.org/climb/7000/superhands,Trad climb,E7,1,,,344
Superlupo,https://climbing-history.org/climb/5990/superlupo,Trad climb,E7,1,,,344
Supermario,https://climbing-history.org/climb/7956/supermario,Boulder problem,8A+,1,,,344
Supermario assis,https://climbing-history.org/climb/7901/supermario-assis,Boulder problem,8B,1,,,344
Supermoon,https://climbing-history.org/climb/5539/supermoon,Trad climb,E7,1,,,344
Supernatural,https://climbing-history.org/climb/3175/supernatural,Trad climb,E5,1,,,344
Supernova,https://climbing-history.org/climb/565/supernova,Sport route,9a+,1,,,344
Superpowers,https://climbing-history.org/climb/101/superpowers,Boulder problem,8C+,1,Given 8C/+ by FA but seems likely to be 8C+ which would make it the first of the grade in the UK. In the words of Jack Palmieri :,,344
Super Set,https://climbing-history.org/climb/5769/super-set,Boulder problem,7B+,1,One of John's training problems for The New Statesman .,,344
Supersonic,https://climbing-history.org/climb/995/supersonic,Trad climb,E5,1,,,344
Supersónico,https://climbing-history.org/climb/74/supersónico,Sport route,8c+,1,,,344
Super Submarine,https://climbing-history.org/climb/4746/super-submarine,Boulder problem,8A+,1,,,344
Supertussi Low,https://climbing-history.org/climb/4172/supertussi-low,Boulder problem,8B+,1,,,344
Suprême Jumbo Love,https://climbing-history.org/climb/2179/suprême-jumbo-love,Sport route,9b+,1,The first 9b+ in the USA. A direct start to Jumbo Love that adds a 9a in to the original.,,344
Surfer Dead,https://climbing-history.org/climb/7500/surfer-dead,Deep water solo,6c+,1,,,344
Surfing Bird,https://climbing-history.org/climb/7503/surfing-bird,Deep water solo,7b,1,,,344
Surf Safari,https://climbing-history.org/climb/6560/surf-safari,Sport route,8b,1,,,344
Sur La Route De Madison,https://climbing-history.org/climb/2798/sur-la-route-de-madison,Sport route,8b,1,,,345
Sur le Toit,https://climbing-history.org/climb/4660/sur-le-toit,Boulder problem,8A+,1,,,345
Surplomb de Ray,https://climbing-history.org/climb/3443/surplomb-de-ray,Sport route,8b+,1,,,345
Surprise Douteuse,https://climbing-history.org/climb/5354/surprise-douteuse,Sport route,8b+,1,,,345
Sur-Prises,https://climbing-history.org/climb/8209/sur-prises,Boulder problem,7C,1,,,345
Surveiller Et Punir,https://climbing-history.org/climb/8297/surveiller-et-punir,Sport route,7a+,1,,,345
Survival of the Fittest,https://climbing-history.org/climb/1926/survival-of-the-fittest,Trad climb,E7,1,,,345
Suspended in Darkness,https://climbing-history.org/climb/6716/suspended-in-darkness,Boulder problem,8A+,1,,,345
Suzie's Plot,https://climbing-history.org/climb/1389/suzies-plot,Trad climb,E7,1,,,345
Swashbuckled,https://climbing-history.org/climb/5248/swashbuckled,Boulder problem,8A+,1,,,345
Sweet Hereafter,https://climbing-history.org/climb/4232/sweet-hereafter,Trad climb,E7,1,,,345
Sweet Neuf,https://climbing-history.org/climb/861/sweet-neuf,Sport route,9a+,1,,,345
Sweet Smell of Success,https://climbing-history.org/climb/6629/sweet-smell-of-success,Trad climb,E5,1,,,345
Sweet Track,https://climbing-history.org/climb/2109/sweet-track,Boulder problem,8A+,1,,,345
Swingline,https://climbing-history.org/climb/5101/swingline,Sport route,8b,1,,,345
Swing With the Groove,https://climbing-history.org/climb/7089/swing-with-the-groove,Trad climb,E6,1,,,345
Swiss Beats,https://climbing-history.org/climb/5285/swiss-beats,Boulder problem,7C+,1,,,345
Swiss Route,https://climbing-history.org/climb/2097/swiss-route,Alpine,TD+,1,,,345
Sword and Shield,https://climbing-history.org/climb/2671/sword-and-shield,Boulder problem,7C,1,,,345
Swordfish Trombones,https://climbing-history.org/climb/2024/swordfish-trombones,Deep water solo,7a+,1,,,345
Synergieeffekt,https://climbing-history.org/climb/2233/synergieeffekt,Sport route,8c+,1,,,346
Synthetic Life,https://climbing-history.org/climb/5703/synthetic-life,Sport route,7a+,1,,,346
Sypha,https://climbing-history.org/climb/8093/sypha,Boulder problem,8B+,1,,,346
Syremonsteret,https://climbing-history.org/climb/7524/syremonsteret,Boulder problem,7C+,1,,,346
Syrett's Roof,https://climbing-history.org/climb/4393/syretts-roof,Boulder problem,6C+,1,,,346
Syrett’s Saunter,https://climbing-history.org/climb/5829/syrett’s-saunter,Boulder problem,7B+,1,,,346
Tacitation,https://climbing-history.org/climb/6664/tacitation,Trad climb,VS,1,,,346
Ta Eis Heauton,https://climbing-history.org/climb/5111/ta-eis-heauton,Boulder problem,8B+,1,Named after Marcus Aurelius' Meditations. [1],,346
Tail of the Caracal,https://climbing-history.org/climb/8250/tail-of-the-caracal,Boulder problem,8A+,1,,,346
Taka Okame,https://climbing-history.org/climb/578/taka-okame,Sport route,8b+,1,,,346
Take the Power Back,https://climbing-history.org/climb/5185/take-the-power-back,Boulder problem,8B,1,,,346
Tales of Creation,https://climbing-history.org/climb/7990/tales-of-creation,Sport route,8a,1,,,346
Talk Is Cheap!,https://climbing-history.org/climb/4437/talk-is-cheap!,Sport route,8c,1,,,346
Tanec Kuřátek,https://climbing-history.org/climb/4090/tanec-kuřátek,Sport route,9a,1,One of the first new routes Adam Ondra cleaned and equipped.,,346
Tangerine Dream,https://climbing-history.org/climb/3176/tangerine-dream,Trad climb,E4,1,,,346
Tanpopo,https://climbing-history.org/climb/7284/tanpopo,Boulder problem,8C+,1,Climbs into Dendrobium (8C) from the same start as Hydrangea (8C).,,346
Tanz Der Zeit,https://climbing-history.org/climb/3075/tanz-der-zeit,Sport route,8c+,1,[1] https://gripped.com/video/new-power-endurance-5-14c-from-jakob-schubert/,,346
Tartarus,https://climbing-history.org/climb/2959/tartarus,Boulder problem,8A,1,,,346
Tartarus Left,https://climbing-history.org/climb/4003/tartarus-left,Boulder problem,8B+,1,,,346
Tarugos y Bananas,https://climbing-history.org/climb/5427/tarugos-y-bananas,Sport route,8c,1,,,346
Taurus,https://climbing-history.org/climb/1376/taurus,Trad climb,E4,1,Brown and Whillans last significant new route as a team.,,347
Taurus,https://climbing-history.org/climb/1737/taurus,Sport route,9b,1,8C+ boulder in to an 8b route.,,347
Tax Exile,https://climbing-history.org/climb/2165/tax-exile,Trad climb,E5,1,,,347
Tazlov,https://climbing-history.org/climb/2250/tazlov,Trad climb,E9,1,,,347
T’Big Surrey,https://climbing-history.org/climb/6265/t’big-surrey,Trad climb,E5,1,,,347
Team Frisouille,https://climbing-history.org/climb/4516/team-frisouille,Sport route,9a+,1,,,347
Teardrop,https://climbing-history.org/climb/4776/teardrop,Boulder problem,8A,1,,,347
Tears of a Clown,https://climbing-history.org/climb/6856/tears-of-a-clown,Trad climb,E7,1,,,347
Tears of the Angels,https://climbing-history.org/climb/1345/tears-of-the-angels,Boulder problem,7C+,1,,,347
Teaspoon Variation,https://climbing-history.org/climb/4392/teaspoon-variation,Boulder problem,6A+,1,,,347
Tecnoqueen,https://climbing-history.org/climb/5583/tecnoqueen,Sport route,9a,1,,,347
Te Cuelgas Guey,https://climbing-history.org/climb/4979/te-cuelgas-guey,Boulder problem,8B,1,,,347
Teddy Bears Picnic,https://climbing-history.org/climb/6012/teddy-bears-picnic,Sport route,7c+,1,,,347
Ted's Roof,https://climbing-history.org/climb/4495/teds-roof,Boulder problem,8B,1,,,347
Teenage Kicks,https://climbing-history.org/climb/1035/teenage-kicks,Trad climb,E6,1,,,347
Telemarksuiten direct,https://climbing-history.org/climb/7936/telemarksuiten-direct,Trad climb,E9,1,,,347
Telli,https://climbing-history.org/climb/5722/telli,Trad climb,E3,1,,,347
Tempesta D’estiu,https://climbing-history.org/climb/8159/tempesta-d’estiu,Trad climb,E9,1,,,347
Temple of Boom,https://climbing-history.org/climb/674/temple-of-boom,Trad climb,E7,1,,,347
Templo de Ferro,https://climbing-history.org/climb/8181/templo-de-ferro,Boulder problem,8B+,1,,,347
Ten,https://climbing-history.org/climb/6933/ten,Sport route,9a+,1,,,348
Ten Criminals,https://climbing-history.org/climb/6020/ten-criminals,Boulder problem,8C,1,,,348
Tennessee,https://climbing-history.org/climb/5347/tennessee,Sport route,7c,1,,,348
Tennis Shoe,https://climbing-history.org/climb/4186/tennis-shoe,Trad climb,HS,1,,,348
Ten Seconds Elsewhere,https://climbing-history.org/climb/7713/ten-seconds-elsewhere,Trad climb,E7,1,,,348
Tension,https://climbing-history.org/climb/442/tension,Boulder problem,8B,1,,,348
Tension Set,https://climbing-history.org/climb/263/tension-set,Boulder problem,7C+,1,,,348
Terapia Integral,https://climbing-history.org/climb/6686/terapia-integral,Boulder problem,8B+,1,,,348
Terminator,https://climbing-history.org/climb/5482/terminator,Trad climb,E8,1,,,348
Terra Cotta,https://climbing-history.org/climb/1658/terra-cotta,Trad climb,E6,1,,,348
Terre Sacrée,https://climbing-history.org/climb/6437/terre-sacrée,Sport route,9a+,1,,,348
Territorio Comanche,https://climbing-history.org/climb/2923/territorio-comanche,Sport route,8c+,1,,,348
Terry (pre-break),https://climbing-history.org/climb/5830/terry-(pre-break),Boulder problem,7C,1,Lost a crucial pebble c.2024. Reclimbed in 2025 at 7C+/8A.,,348
Testify,https://climbing-history.org/climb/6869/testify,Boulder problem,8A,1,,,348
Tetelestai,https://climbing-history.org/climb/4044/tetelestai,Sport route,8b+,1,,,348
Tetris,https://climbing-history.org/climb/760/tetris,Boulder problem,8A+,1,,,348
Texas Flood,https://climbing-history.org/climb/1093/texas-flood,Boulder problem,8B,1,,,348
Texas Hold 'Em,https://climbing-history.org/climb/4778/texas-hold-em,Boulder problem,7B+,1,,,348
Thai Dream,https://climbing-history.org/climb/350/thai-dream,Sport route,7c+,1,,,348
Thanatopsis,https://climbing-history.org/climb/3025/thanatopsis,Sport route,8c,1,The first 5.14 at the Red River Gorge.,,348
The Abominable Low,https://climbing-history.org/climb/6399/the-abominable-low,Boulder problem,8B+,1,,,349
The Albatrossity,https://climbing-history.org/climb/1055/the-albatrossity,Sport route,8a+,1,Bolted by Andy Pollitt who left for Australia before he had a chance to finish the route.,,349
The Angel's Girdle,https://climbing-history.org/climb/2740/the-angels-girdle,Trad climb,VS,1,,,349
The Angle Man,https://climbing-history.org/climb/7173/the-angle-man,Trad climb,E7,1,,,349
The Animal Within,https://climbing-history.org/climb/377/the-animal-within,Boulder problem,8B,1,,,349
The Anomaly,https://climbing-history.org/climb/5740/the-anomaly,Boulder problem,"8B
                        (approx)",1,Previously a Mason Earle project before Didier Berthod spent the summer (!) of 2025 projecting and got it done.,,349
The Athiest,https://climbing-history.org/climb/6909/the-athiest,Boulder problem,8A,1,"Dan Horne FA at Rumbling Bald, NC. Subsequent ascentionists call it V10/11",,349
Theatre of Blood,https://climbing-history.org/climb/6339/theatre-of-blood,Boulder problem,"8C
                        (approx)",1,Grade is approximate as none was offered by the FA.,,349
The Averager,https://climbing-history.org/climb/5017/the-averager,Boulder problem,8A+,1,,,349
The Balance of Power,https://climbing-history.org/climb/5430/the-balance-of-power,Trad climb,E7,1,,,349
The Ballerina,https://climbing-history.org/climb/5492/the-ballerina,Boulder problem,8A,1,,,349
The Bandersnatch,https://climbing-history.org/climb/4587/the-bandersnatch,Boulder problem,8B,1,,,349
The Baron of Boing,https://climbing-history.org/climb/6991/the-baron-of-boing,Trad climb,E8,1,,,349
The Bastard Practice,https://climbing-history.org/climb/6570/the-bastard-practice,Trad climb,E7,1,,,349
The Bavarian,https://climbing-history.org/climb/4647/the-bavarian,Boulder problem,8B,1,,,349
The Beast,https://climbing-history.org/climb/8210/the-beast,Boulder problem,7B+,1,,,349
The Beast of Bauston,https://climbing-history.org/climb/6236/the-beast-of-bauston,Trad climb,E6,1,,,349
The Beatles,https://climbing-history.org/climb/1215/the-beatles,Trad climb,E6,1,,,349
The Beautician,https://climbing-history.org/climb/5724/the-beautician,Trad climb,E4,1,,,349
The Beautiful South,https://climbing-history.org/climb/6161/the-beautiful-south,Trad climb,E7,1,,,349
The Beekeeper,https://climbing-history.org/climb/8119/the-beekeeper,Boulder problem,8B,1,,,350
The Beer Will Taste Good,https://climbing-history.org/climb/300/the-beer-will-taste-good,Sport route,8b,1,,,350
The Bee’s Knees,https://climbing-history.org/climb/6800/the-bee’s-knees,Boulder problem,8B+,1,,,350
The Best Off,https://climbing-history.org/climb/370/the-best-off,Sport route,8a,1,,,350
The Best Things In Life Are Free,https://climbing-history.org/climb/2439/the-best-things-in-life-are-free,Trad climb,E11,1,,,350
The Big Cheese,https://climbing-history.org/climb/8361/the-big-cheese,Sport route,8c+,1,,,350
The Bigger Bang,https://climbing-history.org/climb/3798/the-bigger-bang,Trad climb,E8,1,,,350
The Bigger Baron,https://climbing-history.org/climb/772/the-bigger-baron,Trad climb,E10,1,,,350
The Bigger Picture,https://climbing-history.org/climb/6989/the-bigger-picture,Trad climb,E7,1,,,350
The Big Slamm,https://climbing-history.org/climb/4493/the-big-slamm,Boulder problem,9A,1,,,350
The Big Sur,https://climbing-history.org/climb/1007/the-big-sur,Trad climb,E6,1,,,350
The Bizarre Ride,https://climbing-history.org/climb/5678/the-bizarre-ride,Boulder problem,8A+,1,,,350
The Blik,https://climbing-history.org/climb/3139/the-blik,Trad climb,E3,1,,,350
The Blueprint,https://climbing-history.org/climb/7598/the-blueprint,Boulder problem,8B+,1,,,350
The Bog of the Eternal Stench,https://climbing-history.org/climb/6965/the-bog-of-the-eternal-stench,Trad climb,E5,1,,,350
The Bomb,https://climbing-history.org/climb/6474/the-bomb,Sport route,9a,1,,,350
The Boss Sit,https://climbing-history.org/climb/5014/the-boss-sit,Boulder problem,8B+,1,,,350
The Braes Of Balquither,https://climbing-history.org/climb/2144/the-braes-of-balquither,Trad climb,E8,1,,,350
The Brush Off,https://climbing-history.org/climb/5643/the-brush-off,Trad climb,E4,1,,,350
The Bulb,https://climbing-history.org/climb/2739/the-bulb,Boulder problem,7C+,1,,,350
The Burning Sphincter,https://climbing-history.org/climb/1043/the-burning-sphincter,Sport route,7b,1,,,351
The Camel,https://climbing-history.org/climb/4085/the-camel,Trad climb,E6,1,,,351
The Captain,https://climbing-history.org/climb/3978/the-captain,Boulder problem,7A,1,,,351
The Cartel,https://climbing-history.org/climb/7022/the-cartel,Trad climb,E7,1,,,351
The Cast-Off,https://climbing-history.org/climb/4834/the-cast-off,Boulder problem,7C,1,,,351
The Cave Problem,https://climbing-history.org/climb/7267/the-cave-problem,Boulder problem,7A,1,,,351
The Certainty of Tides,https://climbing-history.org/climb/1308/the-certainty-of-tides,Trad climb,E8,1,The corner to the right of Flawless .,,351
The Children's House,https://climbing-history.org/climb/5952/the-childrens-house,Trad climb,E5,1,,,351
The Chisel,https://climbing-history.org/climb/4081/the-chisel,Trad climb,E7,1,So named because the first ascent was protected with a chisel placed in a pocket. [1],,351
The Choir,https://climbing-history.org/climb/6458/the-choir,Boulder problem,8B+,1,,,351
The Clean Sweep,https://climbing-history.org/climb/3519/the-clean-sweep,Trad climb,VS,1,,,351
The Clearances,https://climbing-history.org/climb/4884/the-clearances,Trad climb,E4,1,,,351
The Climb That Time Forgot,https://climbing-history.org/climb/3187/the-climb-that-time-forgot,Trad climb,E8,1,,,351
The Codebreaker,https://climbing-history.org/climb/4404/the-codebreaker,Trad climb,E7,1,,,351
The Colclough Circuit,https://climbing-history.org/climb/4836/the-colclough-circuit,Deep water solo,7c,1,,,351
The Combination Sit Start,https://climbing-history.org/climb/7966/the-combination-sit-start,Boulder problem,8B,1,"Adds two hard moves to the bottom of The Vault start, finishes as for Combination .",,351
The Completion,https://climbing-history.org/climb/6713/the-completion,Boulder problem,8B+,1,,"This climb does not exist, Flock Hill was closed at the time for the Narnia filming - I recall a few of us at the time investigating. Don't think any of this climbers ascents are real.",351
The Conger,https://climbing-history.org/climb/2676/the-conger,Deep water solo,6b,1,One of the original deep water solos.,,351
The Couch Potato,https://climbing-history.org/climb/7015/the-couch-potato,Trad climb,E7,1,,,351
The Crack of Doom,https://climbing-history.org/climb/8322/the-crack-of-doom,Trad climb,HS,1,,,351
The Crack SS,https://climbing-history.org/climb/7221/the-crack-ss,Boulder problem,8A,1,,,352
The Creeping Unknown,https://climbing-history.org/climb/2936/the-creeping-unknown,Sport route,9a,1,,,352
The Crew,https://climbing-history.org/climb/1606/the-crew,Sport route,8c+,1,,,352
The Crimson Crimp,https://climbing-history.org/climb/5755/the-crimson-crimp,Sport route,7b,1,,,352
The Crocodile,https://climbing-history.org/climb/6264/the-crocodile,Trad climb,E3,1,,,352
The Crowley Route,https://climbing-history.org/climb/5922/the-crowley-route,Trad climb,HS,1,,,352
The Crunch Direct,https://climbing-history.org/climb/3119/the-crunch-direct,Sport route,7b,1,,,352
The Cruzifix,https://climbing-history.org/climb/7443/the-cruzifix,Trad climb,E9,1,"Start on Crown of Thorns and finish on The Crucifix, about 200ft (60m) long.",,352
The Culmination,https://climbing-history.org/climb/7046/the-culmination,Trad climb,E6,1,The top half of the route appears to have fallen down.,,352
The Cumbrian Face,https://climbing-history.org/climb/8187/the-cumbrian-face,Trad climb,E8,1,,,352
The Cypher,https://climbing-history.org/climb/6927/the-cypher,Boulder problem,8B+,1,,,352
The Dangerous Brothers,https://climbing-history.org/climb/719/the-dangerous-brothers,Sport route,8a,1,,,352
The Danish,https://climbing-history.org/climb/4618/the-danish,Boulder problem,8B,1,Norway,,352
The Dark Destroyer,https://climbing-history.org/climb/6541/the-dark-destroyer,Sport route,7c+,1,A project of Adam Wainwright's before Mark Pretty made the first ascent.,,352
The Dark Room,https://climbing-history.org/climb/4242/the-dark-room,Boulder problem,8A,1,,,352
The Deflow,https://climbing-history.org/climb/8155/the-deflow,Boulder problem,7C,1,"Originally called ""The D-Flow Humpty Funk"" and rated 'easy boulder 28' [1]",,352
The Demons of Bosch,https://climbing-history.org/climb/1029/the-demons-of-bosch,Trad climb,E7,1,,,352
The Departed,https://climbing-history.org/climb/253/the-departed,Boulder problem,7C+,1,,,352
The Devil is in the Details,https://climbing-history.org/climb/7006/the-devil-is-in-the-details,Trad climb,E7,1,,,352
The Dewin Stone,https://climbing-history.org/climb/2816/the-dewin-stone,Sport route,9a+,1,,,352
The Dictator,https://climbing-history.org/climb/7349/the-dictator,Boulder problem,8B+,1,,,353
The Dodger,https://climbing-history.org/climb/3172/the-dodger,Trad climb,E4,1,,,353
The Don,https://climbing-history.org/climb/2484/the-don,Sport route,8b+,1,Bolted by Kim Carrigan .,,353
The Doppler Effect,https://climbing-history.org/climb/5484/the-doppler-effect,Boulder problem,8A,1,8A/+ Climb the huge slab left of unfinished crack by starting in a vague scoop and working rightwards up the chickenheads to join the last moves of The Green Room.,,353
The Dream,https://climbing-history.org/climb/503/the-dream,Sport route,9b,1,,,353
The Drowned Spell,https://climbing-history.org/climb/6237/the-drowned-spell,Trad climb,E7,1,,,353
The Drowning Pool,https://climbing-history.org/climb/4075/the-drowning-pool,Deep water solo,7b+,1,Named after John Cook's near miss while diving at Connor Cove a few years prior.,,353
The Dunce Cap,https://climbing-history.org/climb/3102/the-dunce-cap,Sport route,7c+,1,,,353
The Earth Died Screaming,https://climbing-history.org/climb/6486/the-earth-died-screaming,Trad climb,E6,1,,,353
The Earthsea Trilogy Part 2,https://climbing-history.org/climb/6954/the-earthsea-trilogy-part-2,Trad climb,E6,1,,,353
The Edge Direct,https://climbing-history.org/climb/2035/the-edge-direct,Boulder problem,7A+,1,,,353
The Edwards Edge,https://climbing-history.org/climb/4212/the-edwards-edge,Trad climb,E8,1,,,353
The Electric Orgasm,https://climbing-history.org/climb/4500/the-electric-orgasm,Trad climb,E3,1,,,353
The Elitist,https://climbing-history.org/climb/4167/the-elitist,Boulder problem,8B,1,,,353
The Empire Strikes Back,https://climbing-history.org/climb/4345/the-empire-strikes-back,Sport route,8a+,1,,,353
The End,https://climbing-history.org/climb/8027/the-end,Boulder problem,8C,1,,,353
The End of Innocence,https://climbing-history.org/climb/2143/the-end-of-innocence,Trad climb,E7,1,,,353
The Enigma Variation,https://climbing-history.org/climb/5075/the-enigma-variation,Boulder problem,8C,1,,,353
The Eternity,https://climbing-history.org/climb/2044/the-eternity,Trad climb,E1,1,,,353
The Eye of Faith,https://climbing-history.org/climb/3641/the-eye-of-faith,Trad climb,E1,1,,,353
The Fairy Tale,https://climbing-history.org/climb/4120/the-fairy-tale,Boulder problem,"9A
                        (approx)",1,"Starts with the first move of The Big Bad Wolf (8C), then heads left through the cave with another 20 moves.",,354
The Fall,https://climbing-history.org/climb/6054/the-fall,Trad climb,E6,1,,,354
The File,https://climbing-history.org/climb/4696/the-file,Trad climb,VS,1,,,354
The Free Ranger,https://climbing-history.org/climb/5326/the-free-ranger,Sport route,8c,1,,,354
The Free Route,https://climbing-history.org/climb/2724/the-free-route,Trad climb,E5,1,,,354
The Furher,https://climbing-history.org/climb/4874/the-furher,Trad climb,E4,1,,,354
The Future Is Watching You,https://climbing-history.org/climb/4107/the-future-is-watching-you,Trad climb,E7,1,,,354
The Game of Bones,https://climbing-history.org/climb/4053/the-game-of-bones,Boulder problem,8A+,1,,,354
The Gate,https://climbing-history.org/climb/8179/the-gate,Boulder problem,8A+,1,,,354
The Gathering,https://climbing-history.org/climb/4312/the-gathering,Trad climb,E7,1,,,354
The Golden Egg,https://climbing-history.org/climb/4825/the-golden-egg,Boulder problem,7C+,1,,,354
The Golden Mile,https://climbing-history.org/climb/1410/the-golden-mile,Trad climb,E5,1,,,354
The Golden Road,https://climbing-history.org/climb/2048/the-golden-road,Trad climb,E9,1,,,354
The Gold Standard,https://climbing-history.org/climb/3341/the-gold-standard,Boulder problem,8C,1,,,354
The Governor,https://climbing-history.org/climb/4387/the-governor,Boulder problem,7C,1,,,354
The Grader,https://climbing-history.org/climb/2343/the-grader,Trad climb,E3,1,,,354
The Grand Wall (Underfling variation),https://climbing-history.org/climb/6564/the-grand-wall-(underfling-variation),Sport route,7c+,1,A two pitch variation avoiding The Sword bolt ladder to climb Grand Wall completely free.,,354
The Great Bequeather,https://climbing-history.org/climb/5757/the-great-bequeather,Trad climb,E5,1,,,354
The Great Chimney,https://climbing-history.org/climb/8324/the-great-chimney,Trad climb,D,1,,,354
The Great Conjunction,https://climbing-history.org/climb/6997/the-great-conjunction,Trad climb,E7,1,,,354
The Great Divide,https://climbing-history.org/climb/3012/the-great-divide,Trad climb,E3,1,,,355
The Great Reset,https://climbing-history.org/climb/4308/the-great-reset,Trad climb,E8,1,,,355
The Great Shark Hunt,https://climbing-history.org/climb/5895/the-great-shark-hunt,Deep water solo,7a,1,Originally climbed as a trad route at E4.,,355
The Great White,https://climbing-history.org/climb/1644/the-great-white,Trad climb,E6,1,,,355
The Great White Slope,https://climbing-history.org/climb/3019/the-great-white-slope,Boulder problem,7C+,1,,,355
The Green Arch,https://climbing-history.org/climb/5381/the-green-arch,Trad climb,E4,1,,,355
The Green Giant,https://climbing-history.org/climb/6975/the-green-giant,Trad climb,E7,1,,,355
The Green Room,https://climbing-history.org/climb/4128/the-green-room,Boulder problem,8A+,1,,,355
The Green Traverse,https://climbing-history.org/climb/7250/the-green-traverse,Boulder problem,7A,1,,,355
The Groove,https://climbing-history.org/climb/8305/the-groove,Boulder problem,7C+,1,"Established by John Gill as potentially the first ascent of a problem graded V10/7C+. 
Discussing the development of bouldering, Gill states ""On boulders, delicate, tiny-holds work I referred to as “micro-climbing”, rather than bouldering. But, don’t assume that strong-arm routes are not technical. On the Groove, near Pueblo, I had to learn one of the most technical moves I’ve ever done, and it involved great strength and momentum""",,355
The Grooves,https://climbing-history.org/climb/3685/the-grooves,Trad climb,E1,1,,,355
The Guardian,https://climbing-history.org/climb/5335/the-guardian,Boulder problem,8A,1,,,355
The Gymnast,https://climbing-history.org/climb/4405/the-gymnast,Trad climb,E7,1,,,355
The Hacker,https://climbing-history.org/climb/2338/the-hacker,Trad climb,E4,1,,,355
The Hangover,https://climbing-history.org/climb/4759/the-hangover,Boulder problem,8B+,1,,,355
The Hatchlink,https://climbing-history.org/climb/2353/the-hatchlink,Boulder problem,8B+,1,Hatchatrocity in to Halfway House in to Trigger Cut .,,355
The Hatchlink Extension,https://climbing-history.org/climb/2356/the-hatchlink-extension,Boulder problem,8B,1,Extends The Hatchlink ( Hatchatrocity in to Halfway House in to Trigger Cut ) in to Upper Cut .,,355
The Highlander,https://climbing-history.org/climb/7056/the-highlander,Trad climb,E6,1,,,355
The Highlander (direct start),https://climbing-history.org/climb/7848/the-highlander-(direct-start),Trad climb,E6,1,,,355
The Highline,https://climbing-history.org/climb/7451/the-highline,Trad climb,E9,1,,,355
The Hive,https://climbing-history.org/climb/5370/the-hive,Sport route,8a,1,,,356
The Holy Grail,https://climbing-history.org/climb/96/the-holy-grail,Sport route,8c,1,,,356
The Holy Grail,https://climbing-history.org/climb/1578/the-holy-grail,Trad climb,E8,1,,,356
The Human Skewer,https://climbing-history.org/climb/2538/the-human-skewer,Trad climb,E9,1,,,356
The Humble Potter,https://climbing-history.org/climb/6730/the-humble-potter,Trad climb,E5,1,,,356
The Hygenist,https://climbing-history.org/climb/3189/the-hygenist,Boulder problem,7C,1,,,356
The Hypocrite,https://climbing-history.org/climb/6109/the-hypocrite,Trad climb,E3,1,,,356
The Igloo,https://climbing-history.org/climb/5960/the-igloo,Trad climb,E5,1,,,356
The Inch Test,https://climbing-history.org/climb/7052/the-inch-test,Sport route,8a+,1,Previously an aid route called The Battle of the Bulge .,,356
The Incisor,https://climbing-history.org/climb/5533/the-incisor,Trad climb,E6,1,,,356
The Inevitable End,https://climbing-history.org/climb/2433/the-inevitable-end,Trad climb,E9,1,,,356
The Invisible Girl,https://climbing-history.org/climb/371/the-invisible-girl,Sport route,8a,1,,,356
The Jackalope,https://climbing-history.org/climb/2324/the-jackalope,Boulder problem,7A,1,,,356
The Jackals (with Bolt),https://climbing-history.org/climb/5213/the-jackals-(with-bolt),Trad climb,E7,1,,,356
The Jesus Lizard,https://climbing-history.org/climb/6338/the-jesus-lizard,Trad climb,E6,1,,,356
The Joker,https://climbing-history.org/climb/8227/the-joker,Boulder problem,7C,1,,,356
The Kid,https://climbing-history.org/climb/7261/the-kid,Boulder problem,7A,1,,,356
The Kipper,https://climbing-history.org/climb/6172/the-kipper,Trad climb,E4,1,A formidable sandbag,,356
The Knights Who Say Ni,https://climbing-history.org/climb/4452/the-knights-who-say-ni,Deep water solo,8a,1,,,356
The Last Anasazi,https://climbing-history.org/climb/4337/the-last-anasazi,Boulder problem,8C,1,,,356
The Last Blasphemy,https://climbing-history.org/climb/6990/the-last-blasphemy,Trad climb,E7,1,,,357
The Last Jedi,https://climbing-history.org/climb/4059/the-last-jedi,Boulder problem,8C,1,,,357
The Last Nacho,https://climbing-history.org/climb/2689/the-last-nacho,Sport route,9a,1,Belly Full of Nachos in to Mecca - The Mid-life Crisis before finishing up The Crucifixion .,,357
The Last Temptation of St. Anthony,https://climbing-history.org/climb/2760/the-last-temptation-of-st.-anthony,Trad climb,E8,1,FA of pitch 1 (A4) by Chris Geisler in Summer 2000.,,357
The Laughing Heart,https://climbing-history.org/climb/3962/the-laughing-heart,Sport route,8c+,1,,,357
The Lazarus Pit,https://climbing-history.org/climb/6550/the-lazarus-pit,Boulder problem,8B+,1,,,357
The Leaping Lizard,https://climbing-history.org/climb/6874/the-leaping-lizard,Boulder problem,8B,1,,,357
The Liquidator,https://climbing-history.org/climb/6146/the-liquidator,Trad climb,E5,1,,,357
The Listening and Dancing,https://climbing-history.org/climb/6006/the-listening-and-dancing,Trad climb,E5,1,,,357
The Lizard King,https://climbing-history.org/climb/633/the-lizard-king,Trad climb,E9,1,,,357
The Lobster,https://climbing-history.org/climb/5425/the-lobster,Sport route,7a,1,,,357
The Locknar,https://climbing-history.org/climb/3850/the-locknar,Trad climb,E9,1,,,357
The Loom,https://climbing-history.org/climb/6036/the-loom,Trad climb,E5,1,,,357
The Lord of Darkness,https://climbing-history.org/climb/3110/the-lord-of-darkness,Sport route,9b,1,,,357
The Lovely Charlotte,https://climbing-history.org/climb/6987/the-lovely-charlotte,Trad climb,E7,1,,,357
THEM!,https://climbing-history.org/climb/3371/them!,Boulder problem,7C+,1,,,357
The Maddening,https://climbing-history.org/climb/4164/the-maddening,Sport route,8c,1,,,357
The Magic Scoop,https://climbing-history.org/climb/1502/the-magic-scoop,Trad climb,E8,1,,,357
The Magna Strata,https://climbing-history.org/climb/2423/the-magna-strata,Boulder problem,8B+,1,,,357
The Malleus Maleficarum,https://climbing-history.org/climb/5224/the-malleus-maleficarum,Boulder problem,8C,1,,,357
The Maris Piper,https://climbing-history.org/climb/8177/the-maris-piper,Sport route,8a,1,,,358
The Master,https://climbing-history.org/climb/6314/the-master,Sport route,9a+,1,,,358
The Matador,https://climbing-history.org/climb/5123/the-matador,Boulder problem,7C+,1,,,358
The Matador Low,https://climbing-history.org/climb/5117/the-matador-low,Boulder problem,8A,1,,,358
The Matriarch,https://climbing-history.org/climb/4978/the-matriarch,Boulder problem,8C,1,,,358
The Mau Mau,https://climbing-history.org/climb/3399/the-mau-mau,Trad climb,E4,1,,,358
The Maze,https://climbing-history.org/climb/2796/the-maze,Sport route,9a,1,,,358
The Meltdown Direct,https://climbing-history.org/climb/1851/the-meltdown-direct,Sport route,9a+,1,"Where The Meltdown traverses right and then back left at the top, this goes direct to the belay via some more hard and technical sequences.",,358
The Mightier,https://climbing-history.org/climb/5901/the-mightier,Sport route,7c+,1,,,358
The Missing Piece,https://climbing-history.org/climb/7280/the-missing-piece,Boulder problem,8B,1,,,358
The Mitre,https://climbing-history.org/climb/3011/the-mitre,Trad climb,E3,1,,,358
The Model,https://climbing-history.org/climb/4737/the-model,Boulder problem,8A+,1,,,358
The Movie Screen,https://climbing-history.org/climb/7550/the-movie-screen,Sport route,8c,1,,,358
The Movie Screen,https://climbing-history.org/climb/7564/the-movie-screen,Deep water solo,8c,1,,,358
The Mudshark,https://climbing-history.org/climb/3797/the-mudshark,Trad climb,E8,1,,,358
The Myrmidon,https://climbing-history.org/climb/5915/the-myrmidon,Trad climb,E5,1,,,358
The Nails,https://climbing-history.org/climb/5746/the-nails,Trad climb,E1,1,,,358
The Navigator,https://climbing-history.org/climb/6833/the-navigator,Boulder problem,8B,1,,,358
The Nectarine Run,https://climbing-history.org/climb/4099/the-nectarine-run,Trad climb,E5,1,,,358
The Neon Handshake,https://climbing-history.org/climb/415/the-neon-handshake,Boulder problem,8B,1,,,358
The Nesscliffe Monster,https://climbing-history.org/climb/8194/the-nesscliffe-monster,Trad climb,E7,1,,,359
The Never Changing Corner,https://climbing-history.org/climb/7414/the-never-changing-corner,Boulder problem,8B,1,,,359
The New Chapter,https://climbing-history.org/climb/6662/the-new-chapter,Boulder problem,8C,1,,,359
The New Slatesman,https://climbing-history.org/climb/2566/the-new-slatesman,Sport route,8b,1,,,359
The Niche,https://climbing-history.org/climb/8310/the-niche,Trad climb,E2,1,,,359
The Noose,https://climbing-history.org/climb/4214/the-noose,Trad climb,E7,1,,,359
The Nose,https://climbing-history.org/climb/7260/the-nose,Boulder problem,7A,1,,,359
The Notorious BLG,https://climbing-history.org/climb/6960/the-notorious-blg,Trad climb,E7,1,"BLG stands for 'Big Long Grandad', in honour of Pete Hurley 's grandfather.",,359
The Ogive,https://climbing-history.org/climb/2040/the-ogive,Trad climb,E7,1,,,359
The Old West Route,https://climbing-history.org/climb/6672/the-old-west-route,Trad climb,M,1,UKC:,,359
The Once and Future King,https://climbing-history.org/climb/1981/the-once-and-future-king,Trad climb,E7,1,Starts up Hunter's Moon before swinging left to the arete and finishing up that.,,359
The One-Eyed Man,https://climbing-history.org/climb/2025/the-one-eyed-man,Deep water solo,7a,1,Only just a deep water solo!,,359
The Onlooker,https://climbing-history.org/climb/6984/the-onlooker,Trad climb,E8,1,,,359
Théorème,https://climbing-history.org/climb/4475/théorème,Sport route,8b,1,,,359
Theoria,https://climbing-history.org/climb/1048/theoria,Sport route,8a+,1,,,359
The Outer Gates,https://climbing-history.org/climb/4292/the-outer-gates,Boulder problem,8C,1,,,359
The Overlap,https://climbing-history.org/climb/4235/the-overlap,Trad climb,E5,1,,,359
The Pack SDS,https://climbing-history.org/climb/3186/the-pack-sds,Boulder problem,7C+,1,,,359
The Painted Wall,https://climbing-history.org/climb/2129/the-painted-wall,Trad climb,E4,1,,,359
The Palletiser,https://climbing-history.org/climb/7092/the-palletiser,Boulder problem,8B+,1,,,359
The Parade,https://climbing-history.org/climb/4161/the-parade,Boulder problem,8A+,1,,,360
The Passion,https://climbing-history.org/climb/2606/the-passion,Trad climb,E5,1,,,360
The Phonebook,https://climbing-history.org/climb/8222/the-phonebook,Boulder problem,7B+,1,,,360
The Pianist,https://climbing-history.org/climb/7521/the-pianist,Boulder problem,8A,1,,,360
The Pianoman,https://climbing-history.org/climb/8247/the-pianoman,Boulder problem,8B,1,,,360
The Pirate,https://climbing-history.org/climb/1904/the-pirate,Trad climb,E7,1,,,360
The Pirates Code,https://climbing-history.org/climb/5792/the-pirates-code,Sport route,8c+,1,"Cleaned and worked on extensively by Mason Earle and Ben Ditto between 2012 and 2015, though they were ultimately unsuccessful.",,360
The Player,https://climbing-history.org/climb/2116/the-player,Boulder problem,8C,1,A variation of The Game The Game that climbs the crux then goes right for a different topout,,360
The Pool,https://climbing-history.org/climb/5356/the-pool,Boulder problem,7C+,1,,,360
The Porphyry Chair,https://climbing-history.org/climb/2569/the-porphyry-chair,Sport route,6c+,1,Paul Pritchard :,,360
The Possessed,https://climbing-history.org/climb/885/the-possessed,Trad climb,E7,1,,,360
The Price Is Fright,https://climbing-history.org/climb/6266/the-price-is-fright,Trad climb,E4,1,,,360
The Prince,https://climbing-history.org/climb/730/the-prince,Sport route,8a+,1,Named after Prince Naseem because it's 'short and hard'.,,360
The Priory,https://climbing-history.org/climb/4768/the-priory,Boulder problem,7C,1,,,360
The Professor of Desire,https://climbing-history.org/climb/4231/the-professor-of-desire,Trad climb,E6,1,,,360
The Pulsebeat,https://climbing-history.org/climb/5905/the-pulsebeat,Trad climb,E5,1,,,360
The Pylon King,https://climbing-history.org/climb/2605/the-pylon-king,Trad climb,E4,1,,,360
The Rajah,https://climbing-history.org/climb/3285/the-rajah,Trad climb,E5,1,,,360
The Ramp,https://climbing-history.org/climb/1934/the-ramp,Boulder problem,8B+,1,,,360
The Rasp,https://climbing-history.org/climb/3369/the-rasp,Trad climb,E2,1,,,360
The Rasp Direct,https://climbing-history.org/climb/5720/the-rasp-direct,Trad climb,E4,1,,,361
There and Back Again,https://climbing-history.org/climb/3632/there-and-back-again,Boulder problem,8B+,1,,,361
The Reign is Over,https://climbing-history.org/climb/451/the-reign-is-over,Sport route,8c,1,,,361
The Restless Mind,https://climbing-history.org/climb/5173/the-restless-mind,Boulder problem,8B,1,,,361
The Revenant,https://climbing-history.org/climb/3982/the-revenant,Boulder problem,8C,1,,,361
The Right of Passage,https://climbing-history.org/climb/7645/the-right-of-passage,Sport route,9a,1,,,361
The Right of Spring,https://climbing-history.org/climb/7648/the-right-of-spring,Sport route,8c+,1,,,361
The Right (via Freedom),https://climbing-history.org/climb/3616/the-right-(via-freedom),Boulder problem,8B,1,,,361
The Risk Business,https://climbing-history.org/climb/3173/the-risk-business,Trad climb,E5,1,,,361
Thermonuclear Fusion,https://climbing-history.org/climb/6408/thermonuclear-fusion,Boulder problem,8C,1,,,361
The Rocafella,https://climbing-history.org/climb/4714/the-rocafella,Trad climb,E7,1,,,361
The Route of All Evil,https://climbing-history.org/climb/6595/the-route-of-all-evil,Sport route,8b+,1,,,361
The Run of the Arrow,https://climbing-history.org/climb/4890/the-run-of-the-arrow,Trad climb,E6,1,,,361
The Sad Cow,https://climbing-history.org/climb/6533/the-sad-cow,Trad climb,E7,1,,,361
The Sandman,https://climbing-history.org/climb/1865/the-sandman,Trad climb,E10,1,A similar line to GreatNess Wall but with a slightly more direct finish using some different holds. First ascenionist Franco Cookson described the line as follows:,,361
The Sausage King of Meersbrook,https://climbing-history.org/climb/3980/the-sausage-king-of-meersbrook,Boulder problem,7C,1,,,361
The School of Hard Knocks,https://climbing-history.org/climb/1214/the-school-of-hard-knocks,Trad climb,E5,1,,,361
The Scoop,https://climbing-history.org/climb/5033/the-scoop,Aid Climb,A3,1,,,361
The Screaming Abdabs,https://climbing-history.org/climb/2134/the-screaming-abdabs,Trad climb,E6,1,,,361
The Seam Engine,https://climbing-history.org/climb/7321/the-seam-engine,Boulder problem,8B+,1,Dan Varian :,,361
The Second Generation,https://climbing-history.org/climb/5651/the-second-generation,Sport route,8a+,1,,,362
The Serpentine Line,https://climbing-history.org/climb/7085/the-serpentine-line,Boulder problem,8B,1,,,362
The Serpent Vein,https://climbing-history.org/climb/2567/the-serpent-vein,Sport route,8b,1,,,362
The Seven Deadly Sins,https://climbing-history.org/climb/6573/the-seven-deadly-sins,Trad climb,HVS,1,,,362
The Sexual Salami,https://climbing-history.org/climb/1060/the-sexual-salami,Trad climb,E5,1,,,362
The Shock of the New,https://climbing-history.org/climb/941/the-shock-of-the-new,Trad climb,E7,1,,,362
The Siberian,https://climbing-history.org/climb/3194/the-siberian,Boulder problem,7C,1,,,362
The Sickness,https://climbing-history.org/climb/8302/the-sickness,Sport route,8b+,1,First 5.14 in Washington?,,362
The Silk Purse,https://climbing-history.org/climb/6703/the-silk-purse,Sport route,7c+,1,,,362
The Sleeping Crack,https://climbing-history.org/climb/5606/the-sleeping-crack,Trad climb,E6,1,,,362
The Smiddy,https://climbing-history.org/climb/2060/the-smiddy,Sport route,8b+,1,,,362
The South Arête,https://climbing-history.org/climb/5617/the-south-arête,Boulder problem,3,1,"On 18 April 1898, Crowley and Legros recorded 22 climbs on the Y Boulder in Mosedale, including a topo. These are some of the earliest recorded boulder problems and the topo could perhaps be the first bouldering guide.",,362
The Southern Hooligan,https://climbing-history.org/climb/1912/the-southern-hooligan,Sport route,9a,1,,,362
The Spectatorship of the Proletariat,https://climbing-history.org/climb/5994/the-spectatorship-of-the-proletariat,Trad climb,E5,1,,,362
The Sphinx,https://climbing-history.org/climb/2325/the-sphinx,Boulder problem,7A+,1,,,362
The Spider,https://climbing-history.org/climb/728/the-spider,Sport route,8a,1,,,362
The Spider,https://climbing-history.org/climb/3009/the-spider,Trad climb,E1,1,,,362
The Spike,https://climbing-history.org/climb/6592/the-spike,Sport route,8c+,1,,,362
The Stepping Stone,https://climbing-history.org/climb/6607/the-stepping-stone,Boulder problem,8C,1,,,362
The Storm,https://climbing-history.org/climb/855/the-storm,Sport route,7b+,1,,,362
The Storm,https://climbing-history.org/climb/3234/the-storm,Trad climb,E5,1,,,363
The Strand,https://climbing-history.org/climb/1265/the-strand,Trad climb,E2,1,,,363
The Subtle Knife,https://climbing-history.org/climb/5537/the-subtle-knife,Trad climb,E7,1,,,363
The Sun of Rightesousness,https://climbing-history.org/climb/6956/the-sun-of-rightesousness,Trad climb,E6,1,,,363
The Super Calabrese,https://climbing-history.org/climb/1006/the-super-calabrese,Trad climb,E8,1,,,363
The Swine,https://climbing-history.org/climb/2342/the-swine,Trad climb,E3,1,,,363
The Tailbone,https://climbing-history.org/climb/6841/the-tailbone,Sport route,8b+,1,,,363
The Technician,https://climbing-history.org/climb/8272/the-technician,Sport route,8a+,1,,,363
The Tempest,https://climbing-history.org/climb/3739/the-tempest,Boulder problem,8A+,1,,,363
The Terminator,https://climbing-history.org/climb/5955/the-terminator,Trad climb,E5,1,,,363
The Terminator,https://climbing-history.org/climb/1741/the-terminator,Boulder problem,8B,1,,,363
The Terrace,https://climbing-history.org/climb/5599/the-terrace,Boulder problem,7C,1,,,363
The Tesseract,https://climbing-history.org/climb/4142/the-tesseract,Boulder problem,8C,1,,,363
The Thing,https://climbing-history.org/climb/5426/the-thing,Sport route,7b,1,,,363
The Thing,https://climbing-history.org/climb/3068/the-thing,Boulder problem,8A,1,,,363
The Thing of Shapes to Come,https://climbing-history.org/climb/6823/the-thing-of-shapes-to-come,Trad climb,E6,1,,,363
The Thing Sit Start,https://climbing-history.org/climb/3069/the-thing-sit-start,Boulder problem,8A+,1,,,363
The Thin Red Line,https://climbing-history.org/climb/3170/the-thin-red-line,Trad climb,E3,1,,,363
The Tide Is High (But I'm Holding On),https://climbing-history.org/climb/2710/the-tide-is-high-(but-im-holding-on),Deep water solo,8a+,1,,,363
The Toe Toll,https://climbing-history.org/climb/5506/the-toe-toll,Boulder problem,8A,1,,,363
The Tormented Ejaculation,https://climbing-history.org/climb/1089/the-tormented-ejaculation,Trad climb,E7,1,John Redhead's attempt to climb what later became Indian Face . John was trying the line after abseil inspection and took some huge falls down the face. After one particularly harrowing fall he decided to mark his high point by placing a bolt:,,364
The Torture Board,https://climbing-history.org/climb/1222/the-torture-board,Trad climb,E7,1,,,364
The Tracks of My Tears,https://climbing-history.org/climb/4837/the-tracks-of-my-tears,Trad climb,E8,1,,,364
The Traditional Climb,https://climbing-history.org/climb/3148/the-traditional-climb,Trad climb,VS,1,,,364
The Trap,https://climbing-history.org/climb/7650/the-trap,Sport route,8c+,1,,,364
The Trap Jump Project,https://climbing-history.org/climb/8058/the-trap-jump-project,Boulder problem,"9A
                        (approx)",1,,,364
The Trickledown Fairy,https://climbing-history.org/climb/5964/the-trickledown-fairy,Trad climb,E5,1,,,364
The Trident,https://climbing-history.org/climb/5847/the-trident,Trad climb,E1,1,,,364
The Trident,https://climbing-history.org/climb/5677/the-trident,Boulder problem,8C+,1,A direct finish to Poseidon's Wrath . Follows the same first 3 move 8C section before going straight up into an 8A+ move followed by an easy top section.,,364
The Trumpet Blowers,https://climbing-history.org/climb/4017/the-trumpet-blowers,Trad climb,E7,1,,,364
The Uncertainty Principle,https://climbing-history.org/climb/6751/the-uncertainty-principle,Boulder problem,8A+,1,"Named for first ascentionist Tom Peckitt's dad, who passed away the year as he made the FA.",,364
The Undone,https://climbing-history.org/climb/6277/the-undone,Boulder problem,8A,1,,,364
The Unknown Soldier,https://climbing-history.org/climb/5637/the-unknown-soldier,Trad climb,E7,1,,,364
The Unrideable Donkey,https://climbing-history.org/climb/6007/the-unrideable-donkey,Trad climb,E7,1,,,364
The Unseen Kingdom,https://climbing-history.org/climb/5267/the-unseen-kingdom,Trad climb,"E9
                        (approx)",1,,,364
The U-Tube,https://climbing-history.org/climb/6747/the-u-tube,Boulder problem,7C,1,,,364
The Vegas Years,https://climbing-history.org/climb/6773/the-vegas-years,Trad climb,E1,1,,,364
The Vision,https://climbing-history.org/climb/4543/the-vision,Boulder problem,8B,1,,,364
The Vision,https://climbing-history.org/climb/1600/the-vision,Sport route,7c+,1,Originally given E6.,,364
The Vortex,https://climbing-history.org/climb/4035/the-vortex,Trad climb,E8,1,,,364
The Votive Light,https://climbing-history.org/climb/3535/the-votive-light,Trad climb,E9,1,,,365
The Waiting Room,https://climbing-history.org/climb/4418/the-waiting-room,Boulder problem,7C+,1,,,365
The Waiting Room Low Start,https://climbing-history.org/climb/4410/the-waiting-room-low-start,Boulder problem,8B,1,,,365
The Wall of Evening Light,https://climbing-history.org/climb/7170/the-wall-of-evening-light,Sport route,7b+,1,,,365
The Wall of Prey,https://climbing-history.org/climb/2877/the-wall-of-prey,Trad climb,E5,1,,,365
The War Between Love and Hate,https://climbing-history.org/climb/7455/the-war-between-love-and-hate,Trad climb,E9,1,A short route with a V9 stemming crux.,,365
The Wasteland,https://climbing-history.org/climb/6032/the-wasteland,Trad climb,E4,1,"Grade 22, bold. 1 bolt.",,365
The Waterfall Princess,https://climbing-history.org/climb/2582/the-waterfall-princess,Trad climb,E8,1,,,365
The Way of the Postman,https://climbing-history.org/climb/7790/the-way-of-the-postman,Sport route,8c,1,,,365
The Wheel of Bonfire,https://climbing-history.org/climb/7136/the-wheel-of-bonfire,Boulder problem,8B,1,,,365
The Wheel of Milk,https://climbing-history.org/climb/5076/the-wheel-of-milk,Boulder problem,8C,1,,,365
The White Horse,https://climbing-history.org/climb/3183/the-white-horse,Trad climb,E7,1,,,365
The White Hotel,https://climbing-history.org/climb/5907/the-white-hotel,Trad climb,E6,1,,,365
The White Tower,https://climbing-history.org/climb/3817/the-white-tower,Trad climb,E4,1,,,365
The Whore of Babylon,https://climbing-history.org/climb/726/the-whore-of-babylon,Sport route,8a,1,"Andy Pollitt was (unsurprisingly in retrospect) unable to free climb the full line of what later became Brandenburg Gate , with this line requiring 3 points of aid.",,365
The Wild South,https://climbing-history.org/climb/2482/the-wild-south,Boulder problem,8C+,1,,,365
The Wire,https://climbing-history.org/climb/266/the-wire,Boulder problem,7B,1,,,365
The Wisdom,https://climbing-history.org/climb/3987/the-wisdom,Trad climb,E5,1,,,365
The Witch,https://climbing-history.org/climb/6677/the-witch,Trad climb,E2,1,,,365
The Witch,https://climbing-history.org/climb/8280/the-witch,Boulder problem,8B,1,,,365
The Wizard King,https://climbing-history.org/climb/3778/the-wizard-king,Sport route,9a,1,,,366
The Wolf of Wall Street,https://climbing-history.org/climb/3196/the-wolf-of-wall-street,Trad climb,E6,1,,,366
The Woman in White,https://climbing-history.org/climb/6326/the-woman-in-white,Sport route,8c,1,,,366
The World is Not Enough,https://climbing-history.org/climb/2464/the-world-is-not-enough,Sport route,9a,1,,,366
The World Is Not Flat,https://climbing-history.org/climb/4721/the-world-is-not-flat,Boulder problem,8B+,1,,,366
The Wrinkled Retainer,https://climbing-history.org/climb/1077/the-wrinkled-retainer,Trad climb,E5,1,"A route with a troubled start to life. There was an oak tree at the bottom of the route, and after the first ascent it was found the tree had been chopped. Assuming it was first ascentionist John Redhead who had done the deed Martin Boysen wrote to Crags magazine:",,366
The Yoghurt Hypnotist,https://climbing-history.org/climb/7983/the-yoghurt-hypnotist,Boulder problem,7B,1,,,366
The Yorkshireman SDS,https://climbing-history.org/climb/2663/the-yorkshireman-sds,Boulder problem,7C+,1,,,366
Thieves Carnival,https://climbing-history.org/climb/4095/thieves-carnival,Trad climb,E6,1,,,366
Thin,https://climbing-history.org/climb/6758/thin,Trad climb,VS,1,,,366
Thin Wall Special,https://climbing-history.org/climb/3645/thin-wall-special,Trad climb,E1,1,,,366
This is the Sea,https://climbing-history.org/climb/736/this-is-the-sea,Sport route,7c+,1,,,366
Thon Grillé,https://climbing-history.org/climb/6040/thon-grillé,Sport route,9a,1,,,366
Thor,https://climbing-history.org/climb/4866/thor,Trad climb,E3,1,,,366
Thormen's Moth,https://climbing-history.org/climb/737/thormens-moth,Sport route,8a,1,,,366
Thor's Hammer 2,https://climbing-history.org/climb/7642/thors-hammer-2,Sport route,9a+,1,,,366
Three Billy Goats Gruff,https://climbing-history.org/climb/4931/three-billy-goats-gruff,Sport route,8a+,1,,,366
Three Hundred Pounds of Musclin’ Man,https://climbing-history.org/climb/6080/three-hundred-pounds-of-musclin’-man,Boulder problem,7C+,1,,,366
Three More Reps,https://climbing-history.org/climb/5768/three-more-reps,Boulder problem,7B+,1,One of John's training problems for The New Statesman,,366
Three Pebble Slab,https://climbing-history.org/climb/1363/three-pebble-slab,Trad climb,HVS,1,,,366
Three Squeaks and a Waggon Wheel,https://climbing-history.org/climb/4817/three-squeaks-and-a-waggon-wheel,Boulder problem,7B,1,,,367
Through the K-Hole,https://climbing-history.org/climb/3278/through-the-k-hole,Trad climb,E7,1,The left hand side of Curving Arete .,,367
Throw Another Sheep on the Fire,https://climbing-history.org/climb/3357/throw-another-sheep-on-the-fire,Trad climb,E7,1,"Climbed in the midst of the foot-and-mouth epidemic of 2001, in which most non-urban crags were banned and 6 million cows and sheep were slaughtered and incinerated.",,367
Thug Mental,https://climbing-history.org/climb/3458/thug-mental,Boulder problem,7C+,1,,,367
Thutch Over,https://climbing-history.org/climb/7256/thutch-over,Boulder problem,6C,1,,,367
Ticket Ro Ride,https://climbing-history.org/climb/6836/ticket-ro-ride,Trad climb,E5,1,,,367
Tidal Wave,https://climbing-history.org/climb/5199/tidal-wave,Trad climb,E5,1,,,367
Tide Lines,https://climbing-history.org/climb/2397/tide-lines,Boulder problem,8B,1,,,367
Tierra de Nadie,https://climbing-history.org/climb/6279/tierra-de-nadie,Sport route,9a,1,,,367
Tigerband,https://climbing-history.org/climb/1916/tigerband,Sport route,8a,1,,,367
Tik Tok,https://climbing-history.org/climb/7932/tik-tok,Boulder problem,8B,1,,,367
Tilde,https://climbing-history.org/climb/7496/tilde,Boulder problem,8C,1,,,367
Till Sanningens Lov,https://climbing-history.org/climb/6391/till-sanningens-lov,Boulder problem,8C,1,,,367
Time Machine,https://climbing-history.org/climb/3407/time-machine,Sport route,8c+,1,,,367
Time Was Once on My Side,https://climbing-history.org/climb/7177/time-was-once-on-my-side,Sport route,8a,1,,,367
Tinnitus,https://climbing-history.org/climb/7913/tinnitus,Sport route,8c,1,,,367
Tiny,https://climbing-history.org/climb/7432/tiny,Boulder problem,8A,1,,,367
Tiny Accolades,https://climbing-history.org/climb/7847/tiny-accolades,Trad climb,E5,1,,,367
Tis-sa-ack,https://climbing-history.org/climb/5313/tis-sa-ack,Aid Climb,A3,1,,,367
Titan,https://climbing-history.org/climb/7328/titan,Boulder problem,8B+,1,,,367
Titan,https://climbing-history.org/climb/5749/titan,Sport route,8c,1,,,368
Titanesque,https://climbing-history.org/climb/5748/titanesque,Sport route,9a+,1,,,368
Titan's Wall,https://climbing-history.org/climb/4870/titans-wall,Trad climb,E4,1,,,368
Titus Gaukroger,https://climbing-history.org/climb/4718/titus-gaukroger,Boulder problem,8A+,1,,,368
Tjernobyl,https://climbing-history.org/climb/4792/tjernobyl,Boulder problem,8A,1,Norway,,368
Toadal Recall 2.0,https://climbing-history.org/climb/1241/toadal-recall-2.0,Sport route,8a+,1,A re-ascent of Toadal Recall after the loss of the resting flake by the 4th bolt in October 2017.,,368
ToeJam & Earl,https://climbing-history.org/climb/823/toejam-earl,Boulder problem,7C,1,,,368
Toguro,https://climbing-history.org/climb/7181/toguro,Boulder problem,8B+,1,,,368
To Hungary for Love,https://climbing-history.org/climb/5348/to-hungary-for-love,Sport route,8a,1,,,368
Toil and Trouble,https://climbing-history.org/climb/3224/toil-and-trouble,Boulder problem,8A+,1,,,368
Tolmojon,https://climbing-history.org/climb/6910/tolmojon,Boulder problem,8B+,1,In Spain. FA - Nachoman,,368
Toltec Twostep Direct,https://climbing-history.org/climb/4047/toltec-twostep-direct,Trad climb,E6,1,,,368
Tomba,https://climbing-history.org/climb/3626/tomba,Boulder problem,8B+,1,,,368
Tombstone Wall,https://climbing-history.org/climb/5886/tombstone-wall,Trad climb,E4,1,,,368
Tomorrow Land,https://climbing-history.org/climb/2385/tomorrow-land,Boulder problem,8C,1,,,368
Tom's Original,https://climbing-history.org/climb/4394/toms-original,Boulder problem,7A,1,,,368
Tom's Traverse,https://climbing-history.org/climb/2623/toms-traverse,Boulder problem,6C+,1,,,368
Tonto,https://climbing-history.org/climb/457/tonto,Sport route,8c+,1,,,368
Too Proud to Run,https://climbing-history.org/climb/6979/too-proud-to-run,Trad climb,E7,1,,,368
Top Surgery,https://climbing-history.org/climb/5474/top-surgery,Trad climb,E8,1,"There is some debate around how independent this line is compared to Booby Prize . When Andy Grieve made the first ascent of Booby Prize he climbed fairly centrally up the wall, whereas subsequent ascents have tended to take a more rightward line.",,368
Tora no pants,https://climbing-history.org/climb/7400/tora-no-pants,Sport route,7c+,1,"Jogasaki, Shizuoka, Japan",,369
Torstein hyl sitt,https://climbing-history.org/climb/4615/torstein-hyl-sitt,Boulder problem,8B,1,,,369
Tort Toise,https://climbing-history.org/climb/5124/tort-toise,Boulder problem,8A,1,,,369
Torture Physique,https://climbing-history.org/climb/4160/torture-physique,Sport route,8c,1,,,369
Tossuary,https://climbing-history.org/climb/4838/tossuary,Trad climb,E8,1,,,369
Totally Beat'n Up,https://climbing-history.org/climb/4561/totally-beatn-up,Boulder problem,8B,1,,,369
Totally Free,https://climbing-history.org/climb/1792/totally-free,Sport route,8b,1,,,369
Tour de France,https://climbing-history.org/climb/1635/tour-de-france,Trad climb,E6,1,,,369
Tour du Jour,https://climbing-history.org/climb/7091/tour-du-jour,Sport route,8b+,1,One of the first 8b+s in the USA.,,369
Toutes Peines Confondues,https://climbing-history.org/climb/6524/toutes-peines-confondues,Boulder problem,8A,1,,,369
Toxic Billberries,https://climbing-history.org/climb/1478/toxic-billberries,Trad climb,E8,1,The breakdown is approximately a morpho 7B+ jump to a crimp followed by a 7A/+ and then a spicy section to the top (including a cheeky english 6a rockover). [1],,369
Traci Lords,https://climbing-history.org/climb/4788/traci-lords,Boulder problem,7C,1,,,369
Track of the Cat,https://climbing-history.org/climb/6284/track-of-the-cat,Trad climb,E5,1,,,369
Tracky Lords,https://climbing-history.org/climb/171/tracky-lords,Boulder problem,8B,1,This is the more logical way to climb Traci Lords SDS since hold breakage. The 'original' Traci Lords SDS sequence was repeated by Aidan Roberts but was quite contrived and is effectively defunct.,,369
Traffic Jam,https://climbing-history.org/climb/2078/traffic-jam,Trad climb,E5,1,,,369
Trail Hawk,https://climbing-history.org/climb/4520/trail-hawk,Deep water solo,8c,1,,,369
Trainspotting Direkt,https://climbing-history.org/climb/7436/trainspotting-direkt,Boulder problem,8C,1,,,369
Trango,https://climbing-history.org/climb/1380/trango,Trad climb,E5,1,A silhouette of Brown aiding the route on the first ascent was used as a logo for his climbing shops.,,369
Tranquilitas,https://climbing-history.org/climb/510/tranquilitas,Boulder problem,8C,1,Originally claimed by John Gaskins as Karma of the Trees at 8A this ascent is now widely disputed.,,369
Transdendenz,https://climbing-history.org/climb/829/transdendenz,Boulder problem,8C,1,,,369
Transilvania,https://climbing-history.org/climb/340/transilvania,Sport route,8a,1,,,370
Transworld Depravity,https://climbing-history.org/climb/4217/transworld-depravity,Sport route,8b+,1,,,370
Trap King,https://climbing-history.org/climb/4861/trap-king,Boulder problem,8C,1,,,370
Trasnochando,https://climbing-history.org/climb/2822/trasnochando,Sport route,8b,1,,,370
Traumschiff,https://climbing-history.org/climb/7979/traumschiff,Boulder problem,8B+,1,,,370
Traverse of the Gritstone Gods,https://climbing-history.org/climb/5966/traverse-of-the-gritstone-gods,Trad climb,E4,1,,,370
Treason,https://climbing-history.org/climb/4796/treason,Boulder problem,8A+,1,,,370
Treblinka,https://climbing-history.org/climb/4474/treblinka,Sport route,8b,1,,,370
Trebuchet,https://climbing-history.org/climb/2440/trebuchet,Sport route,8c,1,Sector Cirque,,370
Tremelo,https://climbing-history.org/climb/4239/tremelo,Sport route,7c,1,,,370
Trentatré Trentini,https://climbing-history.org/climb/7674/trentatré-trentini,Boulder problem,8C,1,,,370
Trente Six,https://climbing-history.org/climb/256/trente-six,Boulder problem,7C+,1,,,370
Tres Leches,https://climbing-history.org/climb/8326/tres-leches,Sport route,8c+,1,,,370
T-Rex,https://climbing-history.org/climb/6832/t-rex,Boulder problem,8B,1,,,370
T-Rex,https://climbing-history.org/climb/7335/t-rex,Boulder problem,7C+,1,,,370
T-Rex (assis),https://climbing-history.org/climb/7996/t-rex-(assis),Boulder problem,8A,1,,,370
Triangle Wall,https://climbing-history.org/climb/7269/triangle-wall,Boulder problem,7A+,1,,,370
Triangular Face,https://climbing-history.org/climb/7921/triangular-face,Boulder problem,8C,1,,,370
Trick or Treat,https://climbing-history.org/climb/6791/trick-or-treat,Trad climb,E3,1,,,370
Tricky Dicky,https://climbing-history.org/climb/2665/tricky-dicky,Trad climb,E5,1,Named after Richard Broomhead who had his eye on the line before Paul Smith made the first ascent.,,370
Triggerocity,https://climbing-history.org/climb/806/triggerocity,Boulder problem,8B,1,,,371
Triggerocity-Upper Cut,https://climbing-history.org/climb/129/triggerocity-upper-cut,Boulder problem,8B+,1,,,371
Trill Seeker,https://climbing-history.org/climb/5296/trill-seeker,Boulder problem,8A,1,,,371
Triple,https://climbing-history.org/climb/3428/triple,Sport route,8c,1,,,371
Triple Direct,https://climbing-history.org/climb/6309/triple-direct,Trad climb,E9,1,Link-up: Freeblast (Salathe) + Muir Wall + 3 linking pitches + The Nose from Camp 4 up.,,371
Trippin on Air,https://climbing-history.org/climb/7553/trippin-on-air,Boulder problem,8B,1,,,371
Trojan,https://climbing-history.org/climb/5709/trojan,Trad climb,E5,1,,,371
Tro på mirakler,https://climbing-history.org/climb/7602/tro-på-mirakler,Sport route,8b+,1,Arguably the first 8b+ route in Norway.,,371
Tropico del Capricorno,https://climbing-history.org/climb/7692/tropico-del-capricorno,Sport route,9a+,1,,,371
Tropic Thunder,https://climbing-history.org/climb/3020/tropic-thunder,Boulder problem,7C+,1,,,371
True Blue,https://climbing-history.org/climb/8269/true-blue,Trad climb,E7,1,,,371
True Colours,https://climbing-history.org/climb/4760/true-colours,Sport route,7c,1,,,371
True Grip,https://climbing-history.org/climb/1082/true-grip,Trad climb,E5,1,,,371
Truly Pathetic,https://climbing-history.org/climb/6777/truly-pathetic,Trad climb,E1,1,,,371
Truncheon Meat,https://climbing-history.org/climb/1015/truncheon-meat,Trad climb,E6,1,,,371
Trust,https://climbing-history.org/climb/2984/trust,Boulder problem,8A+,1,,,371
Truth and Lies,https://climbing-history.org/climb/239/truth-and-lies,Boulder problem,8A,1,,,371
Trypophobie,https://climbing-history.org/climb/7633/trypophobie,Sport route,8b,1,,,371
Tsar Pushka,https://climbing-history.org/climb/2398/tsar-pushka,Boulder problem,8B,1,One of the hardest slabs in the UK.,,371
Tsunami,https://climbing-history.org/climb/3718/tsunami,Sport route,8c,1,,,371
Tuareg Blanco,https://climbing-history.org/climb/4492/tuareg-blanco,Sport route,9b,1,There is some ambiguity with the name. As a project it was sometimes called El Touareg Blanco but after making the first ascent Alex Megos referred to it as Tuareg Blanco .,,372
Tufandago,https://climbing-history.org/climb/1662/tufandago,Sport route,8a+,1,,,372
Tufted Crack,https://climbing-history.org/climb/4064/tufted-crack,Trad climb,E1,1,,,372
Tuggin' Undies,https://climbing-history.org/climb/5515/tuggin-undies,Boulder problem,8A,1,,,372
Tunnel Full of Goats,https://climbing-history.org/climb/4156/tunnel-full-of-goats,Boulder problem,8B+,1,,,372
Tunn Luft,https://climbing-history.org/climb/7303/tunn-luft,Boulder problem,"8C
                        (approx)",1,,,372
Tuppence Ha'penny,https://climbing-history.org/climb/2408/tuppence-hapenny,Sport route,8b,1,,,372
Turbo Mouse,https://climbing-history.org/climb/5414/turbo-mouse,Sport route,9a+,1,"Cheesemonster Wall, Bomaderry",,372
Turd Burglar,https://climbing-history.org/climb/724/turd-burglar,Trad climb,E6,1,,,372
Turn and Burn,https://climbing-history.org/climb/1496/turn-and-burn,Boulder problem,8B+,1,,,372
"Turn On, Tune In, Drop Off","https://climbing-history.org/climb/7372/turn-on,-tune-in,-drop-off",Trad climb,E5,1,,,372
Twelve Bore,https://climbing-history.org/climb/5771/twelve-bore,Boulder problem,8A+,1,,,372
Twilight Zone,https://climbing-history.org/climb/6350/twilight-zone,Trad climb,E4,1,"Rarely ascended Chuck Pratt masterpiece. ""...the most classic offwidth climb in Yosemite.""",,372
Two Sizes Two Big,https://climbing-history.org/climb/6450/two-sizes-two-big,Boulder problem,8A+,1,,,372
Txirrin Txirran,https://climbing-history.org/climb/3773/txirrin-txirran,Sport route,8b+,1,,,372
Týr,https://climbing-history.org/climb/4464/týr,Boulder problem,8B,1,,,372
Überleben,https://climbing-history.org/climb/4333/überleben,Sport route,8b,1,"7c, 7b, 8b.",,372
Ubuntu,https://climbing-history.org/climb/7991/ubuntu,Sport route,8a,1,,,372
Ubuntu,https://climbing-history.org/climb/4787/ubuntu,Boulder problem,8A+,1,,,372
Ulls de Bruixa,https://climbing-history.org/climb/1117/ulls-de-bruixa,Boulder problem,8C,1,,,372
Ultimate Fighting Assis,https://climbing-history.org/climb/7768/ultimate-fighting-assis,Boulder problem,8B,1,,,373
Ultimate Sculpture,https://climbing-history.org/climb/2519/ultimate-sculpture,Trad climb,E8,1,,,373
Ultimate Warrior,https://climbing-history.org/climb/4795/ultimate-warrior,Boulder problem,7B+,1,,,373
Ultramarine,https://climbing-history.org/climb/2752/ultramarine,Boulder problem,8B,1,,,373
Ultra Normal Plus,https://climbing-history.org/climb/7776/ultra-normal-plus,Boulder problem,8B,1,,,373
Ultraperm,https://climbing-history.org/climb/2196/ultraperm,Sport route,8b,1,,,373
Ultraviolet Exterminator,https://climbing-history.org/climb/4589/ultraviolet-exterminator,Trad climb,E7,1,,,373
Umbongo,https://climbing-history.org/climb/1824/umbongo,Boulder problem,7C+,1,,,373
Uncle Bombo,https://climbing-history.org/climb/1634/uncle-bombo,Boulder problem,8B,1,,,373
Un Crime Passionel,https://climbing-history.org/climb/4473/un-crime-passionel,Sport route,8b,1,,,373
Underage Linking,https://climbing-history.org/climb/6922/underage-linking,Sport route,9a,1,First 9a sport route at Jailhouse Rock.,,373
Under Control,https://climbing-history.org/climb/5256/under-control,Boulder problem,8B,1,,,373
Under Fire,https://climbing-history.org/climb/5225/under-fire,Boulder problem,8B,1,,,373
Under the Bridge,https://climbing-history.org/climb/7247/under-the-bridge,Boulder problem,8B+,1,,,373
Undertow,https://climbing-history.org/climb/3695/undertow,Boulder problem,8B,1,,,373
Undertow,https://climbing-history.org/climb/4030/undertow,Trad climb,E7,1,,,373
Underworld,https://climbing-history.org/climb/5739/underworld,Boulder problem,8A,1,,,373
Underworld,https://climbing-history.org/climb/5705/underworld,Sport route,7c+,1,,,373
Unfinished Symphony,https://climbing-history.org/climb/1963/unfinished-symphony,Sport route,8b+,1,Currently finishes in the middle of the wall. The true finish is a very hard project.,,373
Unforgiven,https://climbing-history.org/climb/8072/unforgiven,Boulder problem,8B,1,,,373
University Wall,https://climbing-history.org/climb/4864/university-wall,Trad climb,E6,1,,,374
Unjust,https://climbing-history.org/climb/4743/unjust,Boulder problem,6A+,1,,,374
Unknown Stones,https://climbing-history.org/climb/659/unknown-stones,Trad climb,E9,1,The line between Appointment with Fear and Appointment with Death .,,374
Unkochinchin,https://climbing-history.org/climb/7329/unkochinchin,Boulder problem,8A+,1,,,374
Unraveled,https://climbing-history.org/climb/6316/unraveled,Boulder problem,8B,1,,,374
Unrepeatable,https://climbing-history.org/climb/8204/unrepeatable,Boulder problem,7B,1,"A classic modern friction slab. After flashing the first ascent, Nathan Phillips was unable to repeat the climb.",,374
Unrighteous Doctors,https://climbing-history.org/climb/1674/unrighteous-doctors,Sport route,7c+,1,,,374
UP 40,https://climbing-history.org/climb/2590/up-40,Trad climb,E4,1,Joshua Tree,,374
Upgrade U,https://climbing-history.org/climb/3059/upgrade-u,Boulder problem,8C,1,Named after the song of the same name by Beyonce.,,374
Up Hellya,https://climbing-history.org/climb/4409/up-hellya,Trad climb,E8,1,,,374
Upping the Ante,https://climbing-history.org/climb/7018/upping-the-ante,Trad climb,E5,1,,,374
Utopia,https://climbing-history.org/climb/2202/utopia,Boulder problem,8C,1,,,374
Vacaciones en Singapore,https://climbing-history.org/climb/8293/vacaciones-en-singapore,Sport route,9a,1,,,374
Vai Mandar,https://climbing-history.org/climb/7591/vai-mandar,Sport route,8c,1,,,374
Vain,https://climbing-history.org/climb/6762/vain,Trad climb,E3,1,,,374
Vakuumgeist,https://climbing-history.org/climb/3071/vakuumgeist,Sport route,9a,1,,,374
Valašský Express,https://climbing-history.org/climb/5171/valašský-express,Boulder problem,8C,1,,,374
Valhalla,https://climbing-history.org/climb/3971/valhalla,Boulder problem,8B+,1,,,374
Valhalla,https://climbing-history.org/climb/2986/valhalla,Sport route,9a+,1,,,374
Valinor,https://climbing-history.org/climb/2525/valinor,Trad climb,E9,1,,,374
Valkyerie,https://climbing-history.org/climb/4147/valkyerie,Trad climb,VS,1,,,375
Valkyrie,https://climbing-history.org/climb/1366/valkyrie,Trad climb,HVS,1,,,375
Valkyrie,https://climbing-history.org/climb/4043/valkyrie,Sport route,8b+,1,,,375
Vanilla Sky,https://climbing-history.org/climb/3951/vanilla-sky,Boulder problem,8A+,1,,,375
Vasil Vasil,https://climbing-history.org/climb/472/vasil-vasil,Sport route,9b+,1,8b in to an 8B+ boulder problem (which itself contains a single move of 8B!),,375
Vat Burner,https://climbing-history.org/climb/3413/vat-burner,Trad climb,E8,1,,,375
V de Vendetta,https://climbing-history.org/climb/1853/v-de-vendetta,Sport route,8c,1,Most ascentionists suggest 8b+,,375
Veale Thing,https://climbing-history.org/climb/7264/veale-thing,Boulder problem,5+,1,Presumably the name is a play on The Real Thing .,,375
Veinglorious,https://climbing-history.org/climb/3723/veinglorious,Boulder problem,8A+,1,,,375
Velkommen til Fargo,https://climbing-history.org/climb/8128/velkommen-til-fargo,Trad climb,E8,1,,,375
Verbrecher,https://climbing-history.org/climb/1915/verbrecher,Sport route,8b+,1,,,375
Vercingetorix,https://climbing-history.org/climb/5078/vercingetorix,Boulder problem,8B+,1,,,375
Verdena,https://climbing-history.org/climb/8111/verdena,Boulder problem,8B,1,,,375
Verdens Ende,https://climbing-history.org/climb/8074/verdens-ende,Sport route,9a+,1,A tremendous 130m pitch that starts in Brunhilde low start (9a) and tops out the cave in a straight line.,,375
Vertical Speed,https://climbing-history.org/climb/4719/vertical-speed,Trad climb,E7,1,,,375
Vertigo,https://climbing-history.org/climb/2333/vertigo,Trad climb,E9,1,,,375
Very Big Springs,https://climbing-history.org/climb/5401/very-big-springs,Trad climb,E7,1,,,375
Vespasian,https://climbing-history.org/climb/1398/vespasian,Sport route,8b,1,,,375
Via Dolorosa,https://climbing-history.org/climb/8080/via-dolorosa,Trad climb,VS,1,,,375
Vicious Fish,https://climbing-history.org/climb/3026/vicious-fish,Sport route,8b,1,,,375
Victimas del Crack,https://climbing-history.org/climb/2410/victimas-del-crack,Boulder problem,8B,1,,,376
Vidra,https://climbing-history.org/climb/5309/vidra,Sport route,9a,1,,,376
Vidra la Vida,https://climbing-history.org/climb/5308/vidra-la-vida,Sport route,9b,1,,,376
Vienna,https://climbing-history.org/climb/5826/vienna,Boulder problem,7B+,1,A famous dyno whose soft sandstone footholds have grown into steps.,,376
Viernes 13 Buena Suerte,https://climbing-history.org/climb/2779/viernes-13-buena-suerte,Sport route,8b,1,,,376
Vikings in a Sea of Sweat,https://climbing-history.org/climb/6794/vikings-in-a-sea-of-sweat,Trad climb,E2,1,,,376
Villain,https://climbing-history.org/climb/4145/villain,Sport route,8b+,1,,,376
Vintage,https://climbing-history.org/climb/7245/vintage,Boulder problem,8B,1,,,376
Viper's Vape,https://climbing-history.org/climb/8143/vipers-vape,Boulder problem,8B+,1,,,376
Virgin on a Crisis,https://climbing-history.org/climb/4106/virgin-on-a-crisis,Trad climb,E6,1,,,376
Virgo,https://climbing-history.org/climb/4291/virgo,Boulder problem,8C,1,,,376
Visionary,https://climbing-history.org/climb/5558/visionary,Sport route,8c,1,,,376
Vision Quest,https://climbing-history.org/climb/4343/vision-quest,Deep water solo,9a,1,,,376
Visions in Tan,https://climbing-history.org/climb/5577/visions-in-tan,Trad climb,E7,1,Gritstone sport climbing,,376
Visualize,https://climbing-history.org/climb/4807/visualize,Boulder problem,8B+,1,,,376
Vital Statistix,https://climbing-history.org/climb/2980/vital-statistix,Trad climb,E8,1,,,376
Vita Nätter,https://climbing-history.org/climb/7935/vita-nätter,Trad climb,E10,1,,,376
Vivi Si Muore,https://climbing-history.org/climb/5112/vivi-si-muore,Sport route,9a,1,,,376
Vogelfrei,https://climbing-history.org/climb/7551/vogelfrei,Boulder problem,7C,1,In 2024 one of the crimp broke and the new grade is assumed 8A+,,376
Voigas,https://climbing-history.org/climb/8158/voigas,Boulder problem,8A+,1,,,376
Volante,https://climbing-history.org/climb/7031/volante,Trad climb,E7,1,,,377
Voltane,https://climbing-history.org/climb/7207/voltane,Traverse,"8a
                        (approx)",1,8A traverse grade,,377
Vorpal Blade SDS,https://climbing-history.org/climb/7961/vorpal-blade-sds,Boulder problem,8B,1,,,377
Voyage of the Acolyte,https://climbing-history.org/climb/5932/voyage-of-the-acolyte,Trad climb,E6,1,,,377
Voz Suave Del Mar,https://climbing-history.org/climb/7999/voz-suave-del-mar,Boulder problem,8B,1,,,377
Vrtule,https://climbing-history.org/climb/4073/vrtule,Boulder problem,8C,1,,,377
Wade in the Water,https://climbing-history.org/climb/5489/wade-in-the-water,Boulder problem,8A,1,,,377
Waffle Supremacy,https://climbing-history.org/climb/6643/waffle-supremacy,Sport route,7b+,1,,,377
Waggy,https://climbing-history.org/climb/949/waggy,Trad climb,E7,1,,,377
Wailing Wall,https://climbing-history.org/climb/7515/wailing-wall,Trad climb,E4,1,,,377
Wailing Wall,https://climbing-history.org/climb/5729/wailing-wall,Sport route,6c,1,,,377
Wainwright’s Wobble,https://climbing-history.org/climb/5828/wainwright’s-wobble,Boulder problem,7B+,1,,,377
Walk Away SDS,https://climbing-history.org/climb/114/walk-away-sds,Boulder problem,8C,1,,,377
Walk in Silence,https://climbing-history.org/climb/4022/walk-in-silence,Trad climb,E8,1,,,377
Wall of Attrition,https://climbing-history.org/climb/2256/wall-of-attrition,Trad climb,E9,1,,,377
Wall of Shame,https://climbing-history.org/climb/5980/wall-of-shame,Trad climb,E4,1,,,377
Wallsend Wall,https://climbing-history.org/climb/1436/wallsend-wall,Trad climb,E1,1,,,377
Walls Have Ears,https://climbing-history.org/climb/6765/walls-have-ears,Trad climb,E2,1,,,377
Wango Tango,https://climbing-history.org/climb/6993/wango-tango,Trad climb,E7,1,,,377
War and Peace,https://climbing-history.org/climb/6142/war-and-peace,Trad climb,E7,1,,,377
Wargames,https://climbing-history.org/climb/4439/wargames,Sport route,8a+,1,,,378
War Machine,https://climbing-history.org/climb/1790/war-machine,Boulder problem,8A,1,,,378
Warmduscher,https://climbing-history.org/climb/1129/warmduscher,Sport route,8c+,1,,,378
Warmlove,https://climbing-history.org/climb/6930/warmlove,Trad climb,E6,1,,,378
Wash Doubt,https://climbing-history.org/climb/2348/wash-doubt,Trad climb,E7,1,,,378
Wasted Years,https://climbing-history.org/climb/4083/wasted-years,Trad climb,E6,1,,,378
"Watch Me Wallaby Wank, Frank","https://climbing-history.org/climb/3400/watch-me-wallaby-wank,-frank",Trad climb,E4,1,Nick Harms :,,378
Watts Tots,https://climbing-history.org/climb/1860/watts-tots,Sport route,7b,1,,,378
Wave and Ramp,https://climbing-history.org/climb/5549/wave-and-ramp,Boulder problem,8B,1,,,378
Waveform,https://climbing-history.org/climb/795/waveform,Boulder problem,8B,1,,,378
Wavelength,https://climbing-history.org/climb/4857/wavelength,Boulder problem,7B+,1,,,378
Wavelength,https://climbing-history.org/climb/7408/wavelength,Boulder problem,8C,1,"55-degree, overhung, wave-like sandstone feature.",,378
Wax On Wax Off,https://climbing-history.org/climb/4259/wax-on-wax-off,Boulder problem,8A+,1,,,378
We Ain't Gonna Pay No Toll,https://climbing-history.org/climb/5959/we-aint-gonna-pay-no-toll,Trad climb,E5,1,,,378
Weapon Omega,https://climbing-history.org/climb/8171/weapon-omega,Boulder problem,8A,1,,,378
Weapons of Mass Distraction,https://climbing-history.org/climb/5042/weapons-of-mass-distraction,Trad climb,E6,1,,,378
Wedgewood Crack,https://climbing-history.org/climb/4373/wedgewood-crack,Trad climb,VS,1,,,378
Weeping Arete,https://climbing-history.org/climb/3493/weeping-arete,Boulder problem,8B+,1,,,378
Welcome to Jamrock,https://climbing-history.org/climb/8031/welcome-to-jamrock,Boulder problem,8B+,1,,,378
Welcome to the Body Park,https://climbing-history.org/climb/6787/welcome-to-the-body-park,Trad climb,E5,1,,,378
Welcome To The Monastery,https://climbing-history.org/climb/5857/welcome-to-the-monastery,Boulder problem,8B,1,,,379
Wendego,https://climbing-history.org/climb/8015/wendego,Trad climb,E5,1,,,379
West Buttress,https://climbing-history.org/climb/6227/west-buttress,Trad climb,E8,1,,,379
Western Eyes,https://climbing-history.org/climb/6270/western-eyes,Boulder problem,7C+,1,,,379
West Face,https://climbing-history.org/climb/5436/west-face,Aid Climb,A2,1,,,379
West Indian Face,https://climbing-history.org/climb/2686/west-indian-face,Trad climb,E8,1,"A line has been led from the peg on A Midsummer Night's Dream to the good foothold on The Rite of Spring and then on to finish up Indian Face . On the only ascent to date the leader considered a crucial runner on The Indian Face to have been enhanced and he later filled the placement. Thus the route has not been climbed without this runner, though of course The Indian Face has.",,379
West Side Story,https://climbing-history.org/climb/880/west-side-story,Boulder problem,7B+,1,John Allen on the name:,,379
Westworld,https://climbing-history.org/climb/6247/westworld,Boulder problem,8A,1,,,379
Whaleback,https://climbing-history.org/climb/6745/whaleback,Boulder problem,7B,1,,,379
What If...,https://climbing-history.org/climb/3564/what-if...,Trad climb,E6,1,,,379
Wheelchair,https://climbing-history.org/climb/3557/wheelchair,Boulder problem,8C,1,Harder variation to The Wheel of Life (8B+),,379
When the Levee Breaks Sitt,https://climbing-history.org/climb/4675/when-the-levee-breaks-sitt,Boulder problem,8A+,1,,,379
Where the Grass Is Green,https://climbing-history.org/climb/4713/where-the-grass-is-green,Trad climb,E7,1,,,379
Where the Water Waits,https://climbing-history.org/climb/7489/where-the-water-waits,Trad climb,E7,1,,,379
Which Doctor,https://climbing-history.org/climb/7255/which-doctor,Trad climb,E5,1,,,379
Whiplash,https://climbing-history.org/climb/7920/whiplash,Boulder problem,8C,1,,,379
Whiplash,https://climbing-history.org/climb/3232/whiplash,Trad climb,E4,1,,,379
Whiplash,https://climbing-history.org/climb/5393/whiplash,Boulder problem,8C,1,,,379
Whirlwind,https://climbing-history.org/climb/2656/whirlwind,Trad climb,E8,1,,,379
Whistling Kite,https://climbing-history.org/climb/6647/whistling-kite,Sport route,8b,1,,,379
White Ladder,https://climbing-history.org/climb/1650/white-ladder,Sport route,8c+,1,The first 8c+ in Australia.,,380
White Light,https://climbing-history.org/climb/245/white-light,Boulder problem,8A,1,,,380
White Noise F.M.,https://climbing-history.org/climb/6772/white-noise-f.m.,Boulder problem,6A+,1,,,380
White Pony,https://climbing-history.org/climb/5556/white-pony,Boulder problem,8B+,1,,,380
White Snake,https://climbing-history.org/climb/6029/white-snake,Sport route,9a,1,,,380
White Water,https://climbing-history.org/climb/5731/white-water,Trad climb,E6,1,,,380
Who Dares Whinge,https://climbing-history.org/climb/4243/who-dares-whinge,Trad climb,E5,1,,,380
Wicked Game,https://climbing-history.org/climb/6596/wicked-game,Sport route,8b+,1,,,380
Wild at Heart,https://climbing-history.org/climb/1979/wild-at-heart,Trad climb,E7,1,,,380
Wild at Heart,https://climbing-history.org/climb/2608/wild-at-heart,Trad climb,E7,1,,,380
Wildebeest,https://climbing-history.org/climb/7045/wildebeest,Trad climb,E7,1,Nick White :,,380
Wild Understatement,https://climbing-history.org/climb/1875/wild-understatement,Sport route,8a+,1,,,380
Willenberg Dach,https://climbing-history.org/climb/7523/willenberg-dach,Boulder problem,8A,1,,,380
Will's Project,https://climbing-history.org/climb/6086/wills-project,Boulder problem,"9A+
                        (approx)",1,Will Bosi spent two summers working the project but made minimal progress. He has since abandoned the project after moving from Sheffield back to Edinburgh.,,380
Wilton Wall,https://climbing-history.org/climb/2341/wilton-wall,Trad climb,E3,1,,,380
Wind Beneath My Wings,https://climbing-history.org/climb/6811/wind-beneath-my-wings,Trad climb,E1,1,,,380
Wind Up Bird,https://climbing-history.org/climb/2849/wind-up-bird,Sport route,9b,1,To the left of Flex Luthor .,,380
Wind Waker,https://climbing-history.org/climb/7417/wind-waker,Boulder problem,8A+,1,,,380
Wind Waker Sit,https://climbing-history.org/climb/7418/wind-waker-sit,Boulder problem,8B,1,,,380
Windy House,https://climbing-history.org/climb/407/windy-house,Boulder problem,8B,1,,,380
Windy Miller,https://climbing-history.org/climb/3772/windy-miller,Trad climb,E5,1,,,381
Wings of Unreason,https://climbing-history.org/climb/6283/wings-of-unreason,Trad climb,E4,1,One of the most distinctive slabs on grit,,381
Winking Crack,https://climbing-history.org/climb/1382/winking-crack,Trad climb,E3,1,,,381
Winsome,https://climbing-history.org/climb/6223/winsome,Boulder problem,7A+,1,,,381
Winter's Bone,https://climbing-history.org/climb/8139/winters-bone,Trad climb,E9,1,8a+ with ankle snapping fall possibility.,,381
Wipe Out,https://climbing-history.org/climb/3177/wipe-out,Trad climb,E4,1,,,381
Wireheading,https://climbing-history.org/climb/6998/wireheading,Trad climb,E7,1,,,381
Wish,https://climbing-history.org/climb/6755/wish,Boulder problem,7A+,1,,,381
Wishful Finking,https://climbing-history.org/climb/7928/wishful-finking,Boulder problem,8B,1,,,381
Wisom of Body,https://climbing-history.org/climb/4779/wisom-of-body,Trad climb,E8,1,,,381
Witchcraft,https://climbing-history.org/climb/4812/witchcraft,Boulder problem,8C,1,,,381
Witchcraft,https://climbing-history.org/climb/7498/witchcraft,Sport route,8b+,1,,,381
Witches Hat,https://climbing-history.org/climb/8118/witches-hat,Boulder problem,8B,1,,,381
Witch Hunt,https://climbing-history.org/climb/4953/witch-hunt,Trad climb,E4,1,,,381
Witness the Churnetness,https://climbing-history.org/climb/248/witness-the-churnetness,Boulder problem,8A,1,,,381
Wizard Ridge,https://climbing-history.org/climb/6959/wizard-ridge,Trad climb,"E10
                        (approx)",1,"The left-hand leaning arete above Simpering Savage. From halfway up the corner bridge onto the arete and follow this to the top, taking in as many ridiculously thin moves as possible along the way. [1]",,381
Wolverine,https://climbing-history.org/climb/3946/wolverine,Boulder problem,7C,1,,,381
Wolverine,https://climbing-history.org/climb/2349/wolverine,Trad climb,E7,1,,,381
Womb Bits,https://climbing-history.org/climb/4923/womb-bits,Trad climb,E5,1,,,381
Wonderland,https://climbing-history.org/climb/1834/wonderland,Sport route,9b+,1,A hold broke after Adam's ascent meaning it is likely 9b+ now.,,381
Wonka Vision,https://climbing-history.org/climb/2993/wonka-vision,Sport route,"9c
                        (approx)",1,A direct start to Pure Imagination that adds some very hard boulder problems.,,382
Woodstone,https://climbing-history.org/climb/2870/woodstone,Boulder problem,8A+,1,,,382
Wormageddon,https://climbing-history.org/climb/8036/wormageddon,Boulder problem,8B+,1,,,382
Wostok 1,https://climbing-history.org/climb/3320/wostok-1,Boulder problem,8B,1,,,382
Wot Grot Got,https://climbing-history.org/climb/4215/wot-grot-got,Trad climb,E8,1,,,382
Wrangler,https://climbing-history.org/climb/7912/wrangler,Sport route,8b,1,,,382
Wristcutter's Lullaby,https://climbing-history.org/climb/5845/wristcutters-lullaby,Trad climb,E6,1,,,382
Wrongdoer,https://climbing-history.org/climb/5244/wrongdoer,Sport route,8b+,1,,,382
Wuthering,https://climbing-history.org/climb/3132/wuthering,Trad climb,E2,1,,,382
Wyclef Jean's,https://climbing-history.org/climb/6900/wyclef-jeans,Boulder problem (indoor),8B+,1,"Opened by Cozmo Rothfork at a much more reasonable angle, Sean pushed this one steep. Super interesting boulder on the TB2 Mirror that features a cool heelhook sequence.",,382
Xarop de Basto,https://climbing-history.org/climb/7638/xarop-de-basto,Sport route,7c+,1,,,382
X-Calibre Direct SDS,https://climbing-history.org/climb/4420/x-calibre-direct-sds,Boulder problem,8B,1,,,382
X-Drive,https://climbing-history.org/climb/8040/x-drive,Sport route,9a+,1,,,382
Xuta Cavalo,https://climbing-history.org/climb/3924/xuta-cavalo,Boulder problem,8A+,1,,,382
XXL,https://climbing-history.org/climb/6449/xxl,Boulder problem,8A+,1,,,382
XXXL,https://climbing-history.org/climb/7202/xxxl,Boulder problem,8B,1,,,382
XXXS RH,https://climbing-history.org/climb/5364/xxxs-rh,Boulder problem,8B,1,Climb XXXS but finish independently to the right of XXXX. After gaining the slot break right to some pockets to meet into the top of Silent Singer and finish up this. The edges and jugs out left are eliminated.,,382
Yankee Doodle Dandy,https://climbing-history.org/climb/3024/yankee-doodle-dandy,Boulder problem,7C,1,,,382
Y'a Plein de Sandrine,https://climbing-history.org/climb/7852/ya-plein-de-sandrine,Sport route,8b,1,,,382
Year of the Snake,https://climbing-history.org/climb/5501/year-of-the-snake,Boulder problem,8B+,1,,,382
Yellow Crack Direct,https://climbing-history.org/climb/6182/yellow-crack-direct,Trad climb,"E6
                        (approx)",1,5.12c (7b+) R.,,383
Yellowhammer,https://climbing-history.org/climb/5991/yellowhammer,Trad climb,E7,1,,,383
Yellow Orca,https://climbing-history.org/climb/5550/yellow-orca,Boulder problem,8A+,1,,,383
Yellow Sun,https://climbing-history.org/climb/7811/yellow-sun,Sport route,9a,1,,,383
Yelo Stone,https://climbing-history.org/climb/5035/yelo-stone,Boulder problem,8B+,1,,,383
Yesterday,https://climbing-history.org/climb/4984/yesterday,Trad climb,E6,1,,,383
"Yes, Yes!","https://climbing-history.org/climb/5636/yes,-yes!",Trad climb,E7,1,,,383
Yew Tree Wall,https://climbing-history.org/climb/5744/yew-tree-wall,Trad climb,E1,1,,,383
Yips,https://climbing-history.org/climb/7295/yips,Boulder problem,8B+,1,,,383
Y Morfil Mawr,https://climbing-history.org/climb/8282/y-morfil-mawr,Sport route,"8c
                        (approx)",1,,,383
Yorkshire 8b,https://climbing-history.org/climb/2411/yorkshire-8b,Sport route,8a,1,"A bit tongue-in-cheek. Australian climber Geoff Weigand visiting Yorkshire at the time insisted that all the f8a+ routes in Yorkshire were in fact f8b. The fact that Weigand had never climbed f8b had nothing to do with it. Things being
what they are, we all know that routes in the Peak are much harder than their counterparts in Yorkshire, hence Yorkshire F8b was in fact only F8a+! [1]",,383
Yorkshire Ham,https://climbing-history.org/climb/7491/yorkshire-ham,Trad climb,E7,1,,,383
You Said Moist...,https://climbing-history.org/climb/5526/you-said-moist...,Trad climb,E8,1,,,383
Youthanasia,https://climbing-history.org/climb/1874/youthanasia,Sport route,8b,1,,,383
Youtopia,https://climbing-history.org/climb/7060/youtopia,Trad climb,E8,1,,,383
Y Rhaffwr,https://climbing-history.org/climb/2565/y-rhaffwr,Sport route,6c,1,Named after or in honour of Ian's grandfather who was a ‘ropeman’ or Y Rhaffwr in the quarries. One of the more dangerous jobs requiring men to descend rope via classic abseiling method (i.e. no harnesses) with massive pry-bars to lever slate of ledges. [1],,383
Yugen,https://climbing-history.org/climb/3303/yugen,Boulder problem,8C,1,,,383
Yuppie's Arete,https://climbing-history.org/climb/4287/yuppies-arete,Trad climb,E7,1,,,383
Zaachling,https://climbing-history.org/climb/4089/zaachling,Sport route,8b,1,,,383
Zarathustra,https://climbing-history.org/climb/7464/zarathustra,Boulder problem,8B+,1,,,383
Zazen (Pre-break),https://climbing-history.org/climb/3550/zazen-(pre-break),Boulder problem,8B,1,,,384
Z Climb,https://climbing-history.org/climb/3142/z-climb,Trad climb,VS,1,,,384
Zellweger,https://climbing-history.org/climb/1977/zellweger,Sport route,8b,1,,,384
Zen Boy,https://climbing-history.org/climb/953/zen-boy,Trad climb,E7,1,,,384
Zen dans ta Benz Benz Benz,https://climbing-history.org/climb/5289/zen-dans-ta-benz-benz-benz,Sport route,8c,1,,,384
Zen Spasm,https://climbing-history.org/climb/7433/zen-spasm,Boulder problem,7A+,1,,,384
Ze Pequerto,https://climbing-history.org/climb/3523/ze-pequerto,Sport route,8a,1,,,384
Zero Zero,https://climbing-history.org/climb/3430/zero-zero,Boulder problem,7C+,1,,,384
Zima Blue,https://climbing-history.org/climb/5580/zima-blue,Boulder problem,8B,1,,,384
Zinc Oxide Mountain,https://climbing-history.org/climb/5353/zinc-oxide-mountain,Sport route,7b+,1,,,384
Zippy's Traverse,https://climbing-history.org/climb/7201/zippys-traverse,Boulder problem,7B,1,,,384
Zircon,https://climbing-history.org/climb/4808/zircon,Boulder problem,8C,1,,,384
Zodiac,https://climbing-history.org/climb/5314/zodiac,Aid Climb,A3,1,"The route was named for the Bay Area’s Zodiac Killer, who claimed more victims during each of Porter’s attempts.",,384
Zombie,https://climbing-history.org/climb/5910/zombie,Sport route,8a,1,,,384
Zona 0,https://climbing-history.org/climb/3520/zona-0,Sport route,8a+,1,,,384
Zone Out,https://climbing-history.org/climb/3041/zone-out,Trad climb,E8,1,A variation on The Zone climbing more directly in to the left side of the peapod before moving left to place skyhooks as for The Zone and then finishing as for that route.,,384
Zoot Route,https://climbing-history.org/climb/6771/zoot-route,Trad climb,E2,1,,,384
Zouave Interplanétaire,https://climbing-history.org/climb/3410/zouave-interplanétaire,Sport route,8a+,1,,,384
Zovirax en L'Empire des Sens,https://climbing-history.org/climb/2375/zovirax-en-lempire-des-sens,Sport route,8b,1,A link up of Zovirax in to L'Empire des Sens .,,384
Zschiesche's Roof,https://climbing-history.org/climb/7435/zschiesches-roof,Boulder problem,7C,1,,,384
Zvěřinec,https://climbing-history.org/climb/2211/zvěřinec,Sport route,9b+,1,"At the time of his ascent, Adam described it as the second hardest route he had ever done (behind Silence ). The route starts with a 25 move power endurance section, which is 9a+ by itself, into the crux of an existing 8b+ route. From there, a good undercling, a splits position, and a knee bar offer good resting opportunities before the crux boulder problem. The 8B+ boulder problem revolves around a crux shoulder move (8A+ one move) and a triple bump sequence after an intro 8A section. After the last hard move, a potentially heartbreaking 7A section followed by easy exit climbing takes it to the chains.",,385
Zwerg Bumsdi,https://climbing-history.org/climb/8124/zwerg-bumsdi,Boulder problem,8B,1,,,385
🥴,https://climbing-history.org/climb/7116/🥴,Sport route,7a,0,,,385
🧲,https://climbing-history.org/climb/7111/🧲,Sport route,6a+,0,,,385
☀️,https://climbing-history.org/climb/7113/☀️,Sport route,6b,0,,,385
☑️,https://climbing-history.org/climb/7117/☑️,Sport route,6c+,0,,,385
⚡,https://climbing-history.org/climb/7121/⚡,Sport route,6a+,0,,,385
❤️,https://climbing-history.org/climb/7124/❤️,Sport route,5+,0,,,385
⭐,https://climbing-history.org/climb/7119/⭐,Sport route,4,0,,,385
🌧️,https://climbing-history.org/climb/7114/🌧️,Sport route,5,0,,,385
🌲,https://climbing-history.org/climb/7120/🌲,Sport route,5+,0,,,385
🎵,https://climbing-history.org/climb/7118/🎵,Sport route,6c+,0,,,385
🎹,https://climbing-history.org/climb/7115/🎹,Sport route,6b+,0,,,385
🏉,https://climbing-history.org/climb/7125/🏉,Sport route,5,0,,,385
🏳️‍🌈,https://climbing-history.org/climb/7112/🏳️‍🌈,Sport route,5+,0,,,385
🐶,https://climbing-history.org/climb/7129/🐶,Sport route,7a+,0,,,385
👍,https://climbing-history.org/climb/7128/👍,Sport route,6c,0,,,385
👽,https://climbing-history.org/climb/7122/👽,Sport route,6b,0,,,385
🔑,https://climbing-history.org/climb/7123/🔑,Sport route,5,0,,,385
😈,https://climbing-history.org/climb/7127/😈,Sport route,7a,0,,,385
🙂,https://climbing-history.org/climb/7110/🙂,Sport route,5+,0,,,386
29 Palms,https://climbing-history.org/climb/6854/29-palms,Trad climb,E8,0,Originally considered E7 the grade has gone up since holes used for pegs have been filled in.,,386
A38,https://climbing-history.org/climb/5043/a38,Trad climb,E6,0,,,386
Acapulco,https://climbing-history.org/climb/4875/acapulco,Trad climb,E4,0,,,386
Access Denied,https://climbing-history.org/climb/6390/access-denied,Boulder problem,7C+,0,,,386
Aftermath,https://climbing-history.org/climb/4538/aftermath,Trad climb,E7,0,,,386
"""A"" Gully",https://climbing-history.org/climb/8346/a-gully,Trad climb,D,0,,,386
Alcasan,https://climbing-history.org/climb/3707/alcasan,Trad climb,E2,0,,,386
All Quiet,https://climbing-history.org/climb/7130/all-quiet,Trad climb,E4,0,"So-called because it is to the left of Western Front (E3), a reference to the book All Quiet on the Western Front .",,386
A Malleus Maleficarum,https://climbing-history.org/climb/4467/a-malleus-maleficarum,Sport route,9a+,0,,,386
A Match Made in Heaven,https://climbing-history.org/climb/6258/a-match-made-in-heaven,Boulder problem,8B+,0,,,386
Anaconda,https://climbing-history.org/climb/2793/anaconda,Sport route,8b+,0,,,386
Another World,https://climbing-history.org/climb/4478/another-world,Boulder problem,7C,0,,,386
Apocalypto,https://climbing-history.org/climb/3113/apocalypto,Sport route,9a,0,,,386
Artificial Intelligence,https://climbing-history.org/climb/6864/artificial-intelligence,Trad climb,E7,0,,,386
A Squire to Madness,https://climbing-history.org/climb/5203/a-squire-to-madness,Trad climb,E6,0,,,386
Asteris,https://climbing-history.org/climb/6456/asteris,Trad climb,E2,0,,,386
Astral Stroll,https://climbing-history.org/climb/4968/astral-stroll,Trad climb,E1,0,,,386
Baby Martini,https://climbing-history.org/climb/4710/baby-martini,Boulder problem,7A,0,,,386
Bard,https://climbing-history.org/climb/5008/bard,Trad climb,S,0,,,386
Barking Up the Wrong Tree,https://climbing-history.org/climb/5938/barking-up-the-wrong-tree,Sport route,7b,0,,,387
Basic Training,https://climbing-history.org/climb/5096/basic-training,Trad climb,E6,0,,,387
BBC Brown Bovernier,https://climbing-history.org/climb/7152/bbc-brown-bovernier,Boulder problem,8A+,0,,,387
BBC Brown Bovernier Low,https://climbing-history.org/climb/7153/bbc-brown-bovernier-low,Boulder problem,8B,0,,,387
Beau Gosse 84,https://climbing-history.org/climb/7161/beau-gosse-84,Sport route,8a+,0,,,387
Behemoth,https://climbing-history.org/climb/4967/behemoth,Trad climb,E2,0,,,387
Berlin,https://climbing-history.org/climb/8115/berlin,Sport route,7c,0,,,387
Bibop,https://climbing-history.org/climb/2975/bibop,Boulder problem,7C+,0,,,387
Big Chicken,https://climbing-history.org/climb/6481/big-chicken,Boulder problem,7C,0,,,387
Bio Sharma Graphie L1,https://climbing-history.org/climb/2715/bio-sharma-graphie-l1,Sport route,8b+,0,,,387
Bishop's Rib,https://climbing-history.org/climb/3648/bishops-rib,Trad climb,E1,0,,,387
Bite It and Believe It,https://climbing-history.org/climb/5206/bite-it-and-believe-it,Trad climb,E6,0,,,387
"Bizarre, Bizarre","https://climbing-history.org/climb/7352/bizarre,-bizarre",Boulder problem,7A,0,,,387
Blackberry Nightmare,https://climbing-history.org/climb/7185/blackberry-nightmare,Trad climb,E8,0,,,387
Black Block,https://climbing-history.org/climb/4093/black-block,Sport route,9a+,0,,,387
Black Knight,https://climbing-history.org/climb/8291/black-knight,Trad climb,E7,0,,,387
B-Line,https://climbing-history.org/climb/5352/b-line,Boulder problem,7A+,0,,,387
Blistering Barnacles,https://climbing-history.org/climb/5821/blistering-barnacles,Boulder problem,"8C+
                        (approx)",0,,,387
Blocage Violent,https://climbing-history.org/climb/8113/blocage-violent,Sport route,7b+,0,,,387
Blomu R1,https://climbing-history.org/climb/3216/blomu-r1,Sport route,7c,0,,,387
Bloodaxe,https://climbing-history.org/climb/5691/bloodaxe,Trad climb,E2,0,,,388
Blue Peter,https://climbing-history.org/climb/6098/blue-peter,Trad climb,E4,0,,,388
Blue Suede Shoes,https://climbing-history.org/climb/6268/blue-suede-shoes,Boulder problem,6C,0,,,388
Blunt,https://climbing-history.org/climb/5399/blunt,Boulder problem,8A,0,,,388
Bold As Love,https://climbing-history.org/climb/7837/bold-as-love,Boulder problem,7B+,0,,,388
Boob Tube,https://climbing-history.org/climb/8098/boob-tube,Sport route,7c,0,,,388
Born Slippy,https://climbing-history.org/climb/2946/born-slippy,Trad climb,E8,0,Generally considered to be a little too close Knockin' on Heaven's Door to be an independent line but recorded here for posterity.,,388
Bosigran Ridge,https://climbing-history.org/climb/5049/bosigran-ridge,Trad climb,VD,0,,,388
Brenva Spur,https://climbing-history.org/climb/2873/brenva-spur,Alpine,D-,0,,,388
Britomartis,https://climbing-history.org/climb/5327/britomartis,Trad climb,HVS,0,,,388
Burn For You,https://climbing-history.org/climb/1569/burn-for-you,Sport route,8c,0,,,388
Caminando,https://climbing-history.org/climb/6844/caminando,Sport route,7a+,0,,,388
Cannonball,https://climbing-history.org/climb/6616/cannonball,Boulder problem,8B,0,,,388
Caseg Groove,https://climbing-history.org/climb/3225/caseg-groove,Boulder problem,6C,0,,,388
Central Wall,https://climbing-history.org/climb/4937/central-wall,Trad climb,E4,0,,,388
Chahala,https://climbing-history.org/climb/3856/chahala,Boulder problem,5+,0,,,388
Chee Tor Girdle,https://climbing-history.org/climb/3705/chee-tor-girdle,Trad climb,VS,0,,,388
Chinese Algebra,https://climbing-history.org/climb/5007/chinese-algebra,Trad climb,E3,0,,,388
Chiquita,https://climbing-history.org/climb/4339/chiquita,Sport route,8a,0,,,388
Chocolate Jesus Sit,https://climbing-history.org/climb/5419/chocolate-jesus-sit,Boulder problem,"9A
                        (approx)",0,,,388
Christian Crack,https://climbing-history.org/climb/5004/christian-crack,Trad climb,E2,0,,,389
Cioch Nose,https://climbing-history.org/climb/5988/cioch-nose,Trad climb,S,0,[1] https://www.ukclimbing.com/articles/destinations/my_favourite_route_dan_bailey_-_cioch_nose_s_4a_sgurr_a_chaorachain-15796,,389
Circle of Trust,https://climbing-history.org/climb/6620/circle-of-trust,Boulder problem,8A+,0,,,389
Climb That,https://climbing-history.org/climb/6621/climb-that,Boulder problem,8B+,0,,,389
Closing Down,https://climbing-history.org/climb/4245/closing-down,Sport route,8b+,0,,,389
Club Crack,https://climbing-history.org/climb/4895/club-crack,Trad climb,E2,0,,,389
Coast to Coast,https://climbing-history.org/climb/5930/coast-to-coast,Trad climb,E4,0,A long traverse of The Diamond.,,389
Colossus,https://climbing-history.org/climb/2558/colossus,Trad climb,E3,0,,,389
Conquistador,https://climbing-history.org/climb/4284/conquistador,Trad climb,E7,0,,,389
Control Theory,https://climbing-history.org/climb/5257/control-theory,Boulder problem,8A,0,,,389
Corner Direct,https://climbing-history.org/climb/5689/corner-direct,Trad climb,E4,0,,,389
Cougar,https://climbing-history.org/climb/7697/cougar,Trad climb,E6,0,,,389
Cougar (Pre-2012 Rockfall),https://climbing-history.org/climb/4892/cougar-(pre-2012-rockfall),Trad climb,E3,0,,,389
Counterstroke of Equity,https://climbing-history.org/climb/6299/counterstroke-of-equity,Trad climb,E5,0,,,389
Coup de Feel,https://climbing-history.org/climb/6102/coup-de-feel,Boulder problem,7C,0,,,389
Cracking Up,https://climbing-history.org/climb/6532/cracking-up,Trad climb,E7,0,,,389
Creeping Flesh,https://climbing-history.org/climb/6637/creeping-flesh,Trad climb,E5,0,,,389
Crème de la Crumb,https://climbing-history.org/climb/2265/crème-de-la-crumb,Boulder problem,7C+,0,,,389
Crisis,https://climbing-history.org/climb/7187/crisis,Trad climb,E8,0,,,389
Cromagnon,https://climbing-history.org/climb/6957/cromagnon,Sport route,5+,0,,,389
Cromlech Dyno,https://climbing-history.org/climb/5696/cromlech-dyno,Boulder problem,6B+,0,,,390
Crown,https://climbing-history.org/climb/4466/crown,Trad climb,S,0,,,390
Crucible,https://climbing-history.org/climb/5041/crucible,Trad climb,E1,0,,,390
Curving Arete,https://climbing-history.org/climb/3279/curving-arete,Trad climb,E5,0,,,390
Dancing Limbo in Sunshine,https://climbing-history.org/climb/2808/dancing-limbo-in-sunshine,Deep water solo,8b,0,,,390
Darth Dooley,https://climbing-history.org/climb/7629/darth-dooley,Trad climb,E8,0,Ma Dooley (E6) there and back again.,,390
Daydreams,https://climbing-history.org/climb/4955/daydreams,Trad climb,E2,0,,,390
Degeneration Game,https://climbing-history.org/climb/5464/degeneration-game,Trad climb,E1,0,,,390
Déjà Vu,https://climbing-history.org/climb/4938/déjà-vu,Trad climb,E5,0,,,390
Deliverance,https://climbing-history.org/climb/4933/deliverance,Trad climb,E5,0,,,390
Desaster,https://climbing-history.org/climb/2956/desaster,Sport route,8b+,0,,,390
Disorderly Conduct,https://climbing-history.org/climb/6303/disorderly-conduct,Aid Climb,A4+,0,,,390
Dogpoint,https://climbing-history.org/climb/4934/dogpoint,Sport route,7c+,0,,,390
Dolmen Ridge,https://climbing-history.org/climb/4850/dolmen-ridge,Trad climb,M,0,,,390
Domes,https://climbing-history.org/climb/5046/domes,Boulder problem,7A+,0,,,390
Doug's Face,https://climbing-history.org/climb/7484/dougs-face,Boulder problem,6C,0,,,390
Dragon,https://climbing-history.org/climb/3650/dragon,Trad climb,E1,0,,,390
Driveby,https://climbing-history.org/climb/6963/driveby,Trad climb,E6,0,,,390
Duroxmanie,https://climbing-history.org/climb/5620/duroxmanie,Boulder problem,6C,0,,,390
Dwm,https://climbing-history.org/climb/3689/dwm,Trad climb,E3,0,,,390
Easter Edge,https://climbing-history.org/climb/4944/easter-edge,Trad climb,E1,0,,,391
Easy Lover,https://climbing-history.org/climb/5762/easy-lover,Trad climb,E7,0,,,391
Elegy,https://climbing-history.org/climb/1997/elegy,Trad climb,E2,0,,,391
El Poussah,https://climbing-history.org/climb/5473/el-poussah,Boulder problem,7A,0,,,391
El Subnormal del Antihydral,https://climbing-history.org/climb/4485/el-subnormal-del-antihydral,Sport route,9a,0,,,391
Endless Flight,https://climbing-history.org/climb/6442/endless-flight,Trad climb,E5,0,,,391
Engineer's Slabs,https://climbing-history.org/climb/3674/engineers-slabs,Trad climb,VS,0,,,391
Epinephrine,https://climbing-history.org/climb/2941/epinephrine,Trad climb,HVS,0,"YDS 5.9, Trad, 1600 ft (485 m), 13 pitches, Grade IV
FA: Jorge Urioste, Joanne Urioste, Joe Herbst, 1978",,391
Equanimity,https://climbing-history.org/climb/7008/equanimity,Trad climb,E6,0,,,391
Equus,https://climbing-history.org/climb/4905/equus,Trad climb,E2,0,,,391
Eros,https://climbing-history.org/climb/6674/eros,Trad climb,E2,0,,,391
Etrave a Sucre,https://climbing-history.org/climb/6824/etrave-a-sucre,Boulder problem,7B+,0,,,391
Excalibur,https://climbing-history.org/climb/4444/excalibur,Boulder problem,8A+,0,,,391
Exclamation,https://climbing-history.org/climb/3101/exclamation,Trad climb,E6,0,,,391
Extol,https://climbing-history.org/climb/3677/extol,Trad climb,E2,0,,,391
Face Climb Number 1,https://climbing-history.org/climb/5460/face-climb-number-1,Trad climb,D,0,,,391
Fallen Angel,https://climbing-history.org/climb/4910/fallen-angel,Trad climb,E4,0,,,391
Fantasia L1,https://climbing-history.org/climb/7703/fantasia-l1,Sport route,8b+,0,,,391
Fax Man,https://climbing-history.org/climb/6446/fax-man,Boulder problem,6A,0,,,391
Feckenstein,https://climbing-history.org/climb/5923/feckenstein,Boulder problem,3,0,,,391
Fiager,https://climbing-history.org/climb/4198/fiager,Sport route,7a+,0,,,392
Fine Time,https://climbing-history.org/climb/4907/fine-time,Trad climb,E5,0,,,392
Flipper Arête,https://climbing-history.org/climb/4597/flipper-arête,Boulder problem,6A,0,,,392
Flower Power,https://climbing-history.org/climb/4604/flower-power,Sport route,8c,0,,,392
Flying Vikings Direct,https://climbing-history.org/climb/2758/flying-vikings-direct,Trad climb,E9,0,,,392
Folie Douce,https://climbing-history.org/climb/3084/folie-douce,Boulder problem,7A,0,[1] https://www.instagram.com/p/C27uxJItWdS/,,392
"Foolish, Ghoulish","https://climbing-history.org/climb/5940/foolish,-ghoulish",Sport route,7b+,0,,,392
Footprints,https://climbing-history.org/climb/2468/footprints,Boulder problem,7C,0,,,392
Formica,https://climbing-history.org/climb/6619/formica,Boulder problem,8A+,0,,,392
Frank,https://climbing-history.org/climb/7277/frank,Boulder problem,7C+,0,"Named after the Franklin bouldering pads that were starting to be used at the time of the FA, and were of much use to protect the shoddy landing.",,392
Free and Easy,https://climbing-history.org/climb/4936/free-and-easy,Sport route,7c,0,,,392
Freshly Baked,https://climbing-history.org/climb/5761/freshly-baked,Trad climb,E7,0,,,392
Gee Gee Rider,https://climbing-history.org/climb/7630/gee-gee-rider,Trad climb,E3,0,[1] https://www.youtube.com/watch?v=N8nYq_iTd64&t=2s,,392
Gemstone,https://climbing-history.org/climb/5405/gemstone,Sport route,6b+,0,Originally climbed as a trad route at E3 before being retro-bolted.,,392
Genuflex,https://climbing-history.org/climb/5328/genuflex,Trad climb,E2,0,,,392
Get Railed,https://climbing-history.org/climb/2755/get-railed,Boulder problem,"8C+
                        (approx)",0,A project in Buffalo Creek in the USA.,,392
Gillercombe Buttress,https://climbing-history.org/climb/4800/gillercombe-buttress,Trad climb,S,0,,,392
Gioconda R1,https://climbing-history.org/climb/6302/gioconda-r1,Sport route,8c,0,,,392
Golden Fleece,https://climbing-history.org/climb/5011/golden-fleece,Trad climb,E1,0,,,392
Goliath,https://climbing-history.org/climb/3653/goliath,Trad climb,HVS,0,,,392
Gorilla Warfare,https://climbing-history.org/climb/4972/gorilla-warfare,Boulder problem,7A+,0,,,393
Gormenghast,https://climbing-history.org/climb/3667/gormenghast,Trad climb,E1,0,,,393
Goûter Route,https://climbing-history.org/climb/5282/goûter-route,Alpine,PD,0,,,393
Grand Slam,https://climbing-history.org/climb/8046/grand-slam,Sport route,8b+,0,,,393
Granittbølgenprosjektet,https://climbing-history.org/climb/8017/granittbølgenprosjektet,Boulder problem,"8C+
                        (approx)",0,,,393
Great-Bow Combination,https://climbing-history.org/climb/3686/great-bow-combination,Trad climb,HVS,0,,,393
Groovy,https://climbing-history.org/climb/2883/groovy,Sport route,7c,0,,,393
Hanuman,https://climbing-history.org/climb/6318/hanuman,Sport route,7c,0,,,393
Haystack,https://climbing-history.org/climb/4887/haystack,Trad climb,E3,0,,,393
Heart of Gold,https://climbing-history.org/climb/5754/heart-of-gold,Trad climb,E5,0,,,393
Hell Hath No Fear,https://climbing-history.org/climb/6855/hell-hath-no-fear,Trad climb,E7,0,,,393
Heresy,https://climbing-history.org/climb/3758/heresy,Trad climb,E6,0,,,393
High Buttress Arête,https://climbing-history.org/climb/8281/high-buttress-arête,Trad climb,D,0,,,393
Highway One,https://climbing-history.org/climb/7715/highway-one,Trad climb,E4,0,,,393
Hitchhiker's Direct,https://climbing-history.org/climb/2662/hitchhikers-direct,Boulder problem,7B,0,,,393
Hueco,https://climbing-history.org/climb/7081/hueco,Boulder problem,6B,0,,,393
Hustled,https://climbing-history.org/climb/1349/hustled,Boulder problem,7C,0,,,393
Ichabod,https://climbing-history.org/climb/3668/ichabod,Trad climb,E2,0,,,393
Illusion,https://climbing-history.org/climb/8311/illusion,Trad climb,HVS,0,,,393
Illywacker,https://climbing-history.org/climb/5290/illywacker,Sport route,7c,0,,,393
I Love Need Want Miss You,https://climbing-history.org/climb/7082/i-love-need-want-miss-you,Boulder problem,4,0,,,394
Imjin Gawa,https://climbing-history.org/climb/5911/imjin-gawa,Trad climb,E5,0,[1] https://ogawayama.online/camp.html,,394
Immaculate Arête,https://climbing-history.org/climb/6857/immaculate-arête,Trad climb,E4,0,,,394
Impossible Groove,https://climbing-history.org/climb/7728/impossible-groove,Boulder problem,8B+,0,Some of the rattiest crimps on grit. Miles Gibson is said to have done moves.,,394
Indecent Assault,https://climbing-history.org/climb/7186/indecent-assault,Trad climb,E8,0,,,394
Inner City Pressure,https://climbing-history.org/climb/5057/inner-city-pressure,Boulder problem,5,0,,,394
Internationale,https://climbing-history.org/climb/4869/internationale,Trad climb,E2,0,,,394
Iron Butterfly,https://climbing-history.org/climb/6642/iron-butterfly,Aid Climb,A3,0,,,394
Iron Dish Wall,https://climbing-history.org/climb/5032/iron-dish-wall,Trad climb,E2,0,,,394
Ishanaten,https://climbing-history.org/climb/7457/ishanaten,Boulder problem,8A+,0,,,394
I Shot Sarkonazy,https://climbing-history.org/climb/3628/i-shot-sarkonazy,Boulder problem,8A,0,,,394
Jack the Ripper,https://climbing-history.org/climb/7055/jack-the-ripper,Trad climb,E1,0,,,394
Joe's Slab,https://climbing-history.org/climb/4171/joes-slab,Boulder problem,6A,0,Rumoured to have been climbed by placing an old penny in a pocket to use as a foothold. The lip of the pocket then broke leaving a foothold which is now used. [1],,394
John Harlin Route,https://climbing-history.org/climb/5283/john-harlin-route,Alpine,ED4,0,Named after John Harlin who was killed during the first ascent.,,394
Kafoozalem,https://climbing-history.org/climb/4970/kafoozalem,Trad climb,E3,0,,,394
Karma (assis),https://climbing-history.org/climb/3096/karma-(assis),Boulder problem,"9A
                        (approx)",0,Tried by Adam Ondra and Charles Albert .,,394
Karma of the Trees (Stand),https://climbing-history.org/climb/1233/karma-of-the-trees-(stand),Boulder problem,7C,0,A sit start was originally claimed by John Gaskins at 8A but this ascent is now widely disputed. The stand remains a quality problem in it's own right.,,394
Keeper of the Flame,https://climbing-history.org/climb/7096/keeper-of-the-flame,Sport route,7c+,0,,,394
Kellogg,https://climbing-history.org/climb/6586/kellogg,Trad climb,E5,0,"[1] Peak Limestone North, First Ascents Supplement /file/bc3fd0e4-a3ee-a736-1cbf-d68af9f0910e/peak_lime_north_first_ascents.pdf",,394
Kendo,https://climbing-history.org/climb/7182/kendo,Boulder problem,8B+,0,,,394
Kilnsey Main Overhang,https://climbing-history.org/climb/3700/kilnsey-main-overhang,Aid Climb,A2,0,,,395
King Line,https://climbing-history.org/climb/6455/king-line,Sport route,"9b+
                        (approx)",0,,,395
King Rat,https://climbing-history.org/climb/3652/king-rat,Trad climb,E1,0,,,395
King Rat,https://climbing-history.org/climb/5005/king-rat,Trad climb,E1,0,,,395
Kistvaen Corner,https://climbing-history.org/climb/3363/kistvaen-corner,Trad climb,E3,0,Quote from 1983 guide:,,395
Knight's Move,https://climbing-history.org/climb/7080/knights-move,Trad climb,HVS,0,,,395
Kompressor,https://climbing-history.org/climb/4686/kompressor,Sport route,8c,0,,,395
Krieg,https://climbing-history.org/climb/7393/krieg,Boulder problem,8B+,0,,,395
La Femme Noire,https://climbing-history.org/climb/8114/la-femme-noire,Sport route,7c+,0,,,395
La Guerre des Regards,https://climbing-history.org/climb/4488/la-guerre-des-regards,Sport route,8a,0,,,395
La Prestat,https://climbing-history.org/climb/5619/la-prestat,Boulder problem,3,0,,,395
Last Tango in Paris,https://climbing-history.org/climb/7103/last-tango-in-paris,Trad climb,E2,0,,,395
Last Vango in Paris,https://climbing-history.org/climb/7102/last-vango-in-paris,Trad climb,S,0,The name is a pun on Last Tango in Paris (E2).,,395
Laughing Arthur,https://climbing-history.org/climb/6837/laughing-arthur,Aid Climb,A3,0,,,395
Launch Pad,https://climbing-history.org/climb/5919/launch-pad,Boulder problem,6B+,0,"Jump to the lip of a roof to start. Features in the film the bouldering film Frequent Flyers , 2000.",,395
Legoland,https://climbing-history.org/climb/7468/legoland,Trad climb,E5,0,,,395
Le Graal,https://climbing-history.org/climb/6598/le-graal,Sport route,"9b
                        (approx)",0,,,395
Le Lot du Boudins,https://climbing-history.org/climb/527/le-lot-du-boudins,Boulder problem,7C,0,,,395
L'Empire des Sens,https://climbing-history.org/climb/2373/lempire-des-sens,Sport route,8a+,0,,,395
Les Colonnettes,https://climbing-history.org/climb/3836/les-colonnettes,Sport route,8a,0,,,395
Les Météores,https://climbing-history.org/climb/7098/les-météores,Boulder problem,7B,0,,,396
Les Plumes de Calcaire Extension,https://climbing-history.org/climb/7826/les-plumes-de-calcaire-extension,Sport route,"9b
                        (approx)",0,,,396
Lifer’s Edge,https://climbing-history.org/climb/7716/lifer’s-edge,Trad climb,E7,0,,,396
Little Big Man,https://climbing-history.org/climb/7166/little-big-man,Boulder problem,7A+,0,,,396
Lost Horizons,https://climbing-history.org/climb/4904/lost-horizons,Trad climb,E4,0,,,396
Ma Dalton,https://climbing-history.org/climb/6175/ma-dalton,Trad climb,E6,0,Named after a character in the Lucky Luke comic book series.,,396
Malédiction,https://climbing-history.org/climb/7313/malédiction,Boulder problem,8B,0,,,396
Mari,https://climbing-history.org/climb/5010/mari,Trad climb,HVS,0,,,396
Masochism,https://climbing-history.org/climb/8357/masochism,Trad climb,E1,0,,,396
Mastodon,https://climbing-history.org/climb/4966/mastodon,Trad climb,E3,0,,,396
Megaton,https://climbing-history.org/climb/6673/megaton,Trad climb,E1,0,,,396
Megatron,https://climbing-history.org/climb/4867/megatron,Trad climb,E4,0,,,396
Mental Crack,https://climbing-history.org/climb/6424/mental-crack,Trad climb,E7,0,,,396
Middle Crack,https://climbing-history.org/climb/5688/middle-crack,Trad climb,E2,0,,,396
Mine de Rien,https://climbing-history.org/climb/4194/mine-de-rien,Boulder problem,6A+,0,,,396
Mishi,https://climbing-history.org/climb/2281/mishi,Sport route,8a,0,,,396
Mito,https://climbing-history.org/climb/3526/mito,Boulder problem,7C,0,,,396
Monster Munch,https://climbing-history.org/climb/5061/monster-munch,Sport route,8b+,0,,,396
Moss Ghyll Grooves,https://climbing-history.org/climb/5341/moss-ghyll-grooves,Trad climb,VS,0,,,396
Muldoon,https://climbing-history.org/climb/5013/muldoon,Trad climb,HS,0,,,396
Multipass,https://climbing-history.org/climb/6733/multipass,Boulder problem,7B,0,,,397
Multiverse Low,https://climbing-history.org/climb/7829/multiverse-low,Boulder problem,"9A
                        (approx)",0,,,397
Murciana 78,https://climbing-history.org/climb/5437/murciana-78,Sport route,7a,0,,,397
Mythical Monster,https://climbing-history.org/climb/4951/mythical-monster,Trad climb,E2,0,,,397
Natural Mystic,https://climbing-history.org/climb/6682/natural-mystic,Sport route,8c,0,,,397
Naughty Corner,https://climbing-history.org/climb/8264/naughty-corner,Boulder problem,7C+,0,,,397
Nazgul,https://climbing-history.org/climb/4903/nazgul,Trad climb,E3,0,,,397
New West Climb,https://climbing-history.org/climb/6671/new-west-climb,Trad climb,VD,0,,,397
Nih Minh Wang,https://climbing-history.org/climb/8102/nih-minh-wang,Sport route,8a,0,,,397
North Crag Eliminate,https://climbing-history.org/climb/3676/north-crag-eliminate,Trad climb,E1,0,,,397
Northeast Arete,https://climbing-history.org/climb/2513/northeast-arete,Trad climb,HS,0,,,397
North-West Climb,https://climbing-history.org/climb/6669/north-west-climb,Trad climb,VS,0,,,397
Northwest Face - 1934 Route,https://climbing-history.org/climb/7586/northwest-face---1934-route,Alpine,ED1,0,,,397
Oak Tree Wall Direct,https://climbing-history.org/climb/5466/oak-tree-wall-direct,Trad climb,VD,0,,,397
Obvious Groove,https://climbing-history.org/climb/7090/obvious-groove,Trad climb,E6,0,,,397
Oceanid,https://climbing-history.org/climb/4960/oceanid,Trad climb,E2,0,,,397
O Ce L’Hai…O Ne Hai Bisogno,https://climbing-history.org/climb/4454/o-ce-l’hai…o-ne-hai-bisogno,Sport route,8b+,0,,,397
Open Your Eyes,https://climbing-history.org/climb/7413/open-your-eyes,Boulder problem,8B+,0,,,397
Over the Hill,https://climbing-history.org/climb/3023/over-the-hill,Boulder problem,7A,0,,,397
Owl Gully,https://climbing-history.org/climb/8077/owl-gully,Trad climb,VD,0,,,397
OZ,https://climbing-history.org/climb/6925/oz,Trad climb,E3,0,,,398
Pagan Poetry,https://climbing-history.org/climb/7480/pagan-poetry,Boulder problem,8A,0,,,398
Pain de Sucre,https://climbing-history.org/climb/7482/pain-de-sucre,Boulder problem,"9A
                        (approx)",0,,,398
Paper Birds,https://climbing-history.org/climb/5090/paper-birds,Boulder problem,8A+,0,,,398
Papillon,https://climbing-history.org/climb/4490/papillon,Sport route,8a,0,,,398
Pfizer Chiefs,https://climbing-history.org/climb/5346/pfizer-chiefs,Boulder problem,6C,0,,,398
Pied de Bichie Right Hand,https://climbing-history.org/climb/7727/pied-de-bichie-right-hand,Boulder problem,"9A
                        (approx)",0,Brutally hard project that starts for Pied de Biche (8B+) and then goes right along a line of marginal crimps. This has most notably been tried by Sam Weir in 2026.,,398
Pierrepoint,https://climbing-history.org/climb/4949/pierrepoint,Sport route,7c+,0,,,398
Poked by a Mermaid,https://climbing-history.org/climb/5275/poked-by-a-mermaid,Boulder problem,8B,0,,,398
Poo,https://climbing-history.org/climb/6988/poo,Trad climb,E7,0,,,398
Portable,https://climbing-history.org/climb/6216/portable,Boulder problem,6B,0,An unusual problem consisting of a ~1ft square-ish block that usually lives near Superfly . The problem is to start sitting with the block between your legs and mantle on to it. Other variations include picking it up with one hand at ~6B and climbing Superfly Slab with it in your hands at ~7C+.,,398
Praying Mantis,https://climbing-history.org/climb/3675/praying-mantis,Trad climb,E1,0,,,398
Pre-Placing Barnacles,https://climbing-history.org/climb/5695/pre-placing-barnacles,Trad climb,E6,0,,,398
Prime Mate,https://climbing-history.org/climb/5763/prime-mate,Trad climb,E7,0,,,398
Promesse,https://climbing-history.org/climb/7475/promesse,Boulder problem,8B+,0,,,398
Prudence,https://climbing-history.org/climb/4799/prudence,Trad climb,E7,0,,,398
Psykisk Analyse,https://climbing-history.org/climb/8223/psykisk-analyse,Sport route,8b+,0,,,398
Pulp Friction,https://climbing-history.org/climb/8208/pulp-friction,Boulder problem,7C+,0,,,398
Quiet Waters,https://climbing-history.org/climb/4952/quiet-waters,Trad climb,E3,0,,,398
Raga,https://climbing-history.org/climb/7219/raga,Sport route,8c,0,,,398
Range Anxiety,https://climbing-history.org/climb/4260/range-anxiety,Boulder problem,7B,0,,,399
Rat Race,https://climbing-history.org/climb/4896/rat-race,Trad climb,E4,0,,,399
Raven's Gully,https://climbing-history.org/climb/3656/ravens-gully,Trad climb,HVS,0,,,399
Raven Wall,https://climbing-history.org/climb/4969/raven-wall,Trad climb,E3,0,,,399
Red Baron Roof,https://climbing-history.org/climb/4069/red-baron-roof,Boulder problem,7C+,0,,,399
Red Traverse,https://climbing-history.org/climb/2622/red-traverse,Traverse,7b+,0,,,399
Reflections,https://climbing-history.org/climb/6951/reflections,Trad climb,E4,0,,,399
Regeneration,https://climbing-history.org/climb/2789/regeneration,Boulder problem,7B,0,,,399
Repeat Offender,https://climbing-history.org/climb/2970/repeat-offender,Sport route,8b+,0,,,399
Reset Portion of Galley 37,https://climbing-history.org/climb/7104/reset-portion-of-galley-37,Trad climb,HS,0,The name is the result of a mix-up during the editorial process.,,399
Resurrection,https://climbing-history.org/climb/6949/resurrection,Trad climb,E6,0,,,399
Return of the Natives,https://climbing-history.org/climb/4956/return-of-the-natives,Trad climb,E3,0,,,399
Revolver Crack,https://climbing-history.org/climb/5003/revolver-crack,Trad climb,VD,0,,,399
Rib and Slab Climb,https://climbing-history.org/climb/6670/rib-and-slab-climb,Trad climb,HS,0,,,399
Right Thurr,https://climbing-history.org/climb/4723/right-thurr,Boulder problem,8A+,0,,,399
R 'n' S Special,https://climbing-history.org/climb/4908/r-n-s-special,Trad climb,E5,0,,,399
Rokkenjager,https://climbing-history.org/climb/5759/rokkenjager,Trad climb,E7,0,,,399
Rosebud in June,https://climbing-history.org/climb/5047/rosebud-in-june,Trad climb,HVS,0,,,399
Rose Tree Route,https://climbing-history.org/climb/5690/rose-tree-route,Trad climb,VD,0,,,399
Royal Arches,https://climbing-history.org/climb/7625/royal-arches,Trad climb,HS,0,Free at E2 or 5.10-.,,399
Rutabaga,https://climbing-history.org/climb/7512/rutabaga,Trad climb,E4,0,,,400
Samurai Groove,https://climbing-history.org/climb/6535/samurai-groove,Trad climb,E3,0,,,400
Saruman,https://climbing-history.org/climb/7325/saruman,Boulder problem,8A,0,,,400
Satan's Scream,https://climbing-history.org/climb/7158/satans-scream,Trad climb,E8,0,,,400
Saxon,https://climbing-history.org/climb/5048/saxon,Trad climb,HVS,0,,,400
Saxon,https://climbing-history.org/climb/4902/saxon,Trad climb,E2,0,,,400
Shades of Orion,https://climbing-history.org/climb/5097/shades-of-orion,Trad climb,E1,0,,,400
Shere Khan,https://climbing-history.org/climb/4913/shere-khan,Trad climb,E5,0,,,400
Shiba Inu,https://climbing-history.org/climb/7508/shiba-inu,Boulder problem,8B,0,,,400
Shiva,https://climbing-history.org/climb/3322/shiva,Boulder problem,8C,0,In 2016 a hold broke which makes the problem harder.,,400
Side Swiped,https://climbing-history.org/climb/6618/side-swiped,Boulder problem,8A+,0,,,400
Side Walk,https://climbing-history.org/climb/4911/side-walk,Trad climb,E2,0,,,400
Skywalker,https://climbing-history.org/climb/7084/skywalker,Trad climb,HVS,0,,,400
Slanting Buttress Ridge Route,https://climbing-history.org/climb/4848/slanting-buttress-ridge-route,Trad climb,D,0,,,400
Sleezy Lover,https://climbing-history.org/climb/5758/sleezy-lover,Trad climb,E8,0,,,400
Slippery People,https://climbing-history.org/climb/5777/slippery-people,Trad climb,E2,0,,,400
Small Arms,https://climbing-history.org/climb/1970/small-arms,Boulder problem,8A+,0,,,400
Sniper,https://climbing-history.org/climb/8052/sniper,Sport route,8c+,0,,,400
Snuffer Chimney,https://climbing-history.org/climb/5461/snuffer-chimney,Trad climb,S,0,,,400
Solitary Daze Low,https://climbing-history.org/climb/5363/solitary-daze-low,Boulder problem,"9A
                        (approx)",0,Climbs the first part of Permanent Midnight Low before finishing up Solitary Daze .,,400
Something Worth Fighting For,https://climbing-history.org/climb/7626/something-worth-fighting-for,Trad climb,E7,0,,,401
Southeast Ridge,https://climbing-history.org/climb/7585/southeast-ridge,Alpine,PD+,0,,,401
Spannuth Armada,https://climbing-history.org/climb/8108/spannuth-armada,Sport route,8c,0,,,401
Split in Two,https://climbing-history.org/climb/6617/split-in-two,Boulder problem,8B,0,,,401
Spoilt Rotten,https://climbing-history.org/climb/7199/spoilt-rotten,Boulder problem,8A,0,,,401
Star Gate,https://climbing-history.org/climb/4950/star-gate,Trad climb,E3,0,,,401
Stefan Grossman,https://climbing-history.org/climb/3360/stefan-grossman,Boulder problem,7C,0,,,401
Sticky Wicket,https://climbing-history.org/climb/3720/sticky-wicket,Sport route,7b+,0,,,401
Strapiombante,https://climbing-history.org/climb/3237/strapiombante,Trad climb,E1,0,,,401
Street Fighter,https://climbing-history.org/climb/6249/street-fighter,Boulder problem,8A+,0,,,401
Strolling,https://climbing-history.org/climb/5712/strolling,Trad climb,E4,0,,,401
Suicide Wall Route 1,https://climbing-history.org/climb/4919/suicide-wall-route-1,Trad climb,E2,0,,,401
Sundance,https://climbing-history.org/climb/2588/sundance,Trad climb,E1,0,,,401
Sundance Wall,https://climbing-history.org/climb/5462/sundance-wall,Trad climb,HVS,0,,,401
Superfly,https://climbing-history.org/climb/6217/superfly,Boulder problem,6B,0,,,401
Superfly Slab,https://climbing-history.org/climb/6218/superfly-slab,Boulder problem,4,0,,,401
Super Jam,https://climbing-history.org/climb/6151/super-jam,Trad climb,E5,0,,,401
Surinam,https://climbing-history.org/climb/8010/surinam,Sport route,8a,0,,,401
Surprise Attack,https://climbing-history.org/climb/4954/surprise-attack,Trad climb,E1,0,,,401
Suspiro,https://climbing-history.org/climb/4477/suspiro,Sport route,9a,0,,,401
Swastika,https://climbing-history.org/climb/3654/swastika,Trad climb,E2,0,,,402
Swinging,https://climbing-history.org/climb/5006/swinging,Trad climb,HVS,0,,,402
Symbols of the Soul,https://climbing-history.org/climb/4842/symbols-of-the-soul,Sport route,8b,0,,,402
Tannin,https://climbing-history.org/climb/5012/tannin,Trad climb,E1,0,,,402
Tapestry,https://climbing-history.org/climb/6675/tapestry,Trad climb,E4,0,,,402
Temper Tantrum,https://climbing-history.org/climb/5167/temper-tantrum,Boulder problem,8A+,0,,,402
Terminator,https://climbing-history.org/climb/2089/terminator,Sport route,8b,0,,,402
The Angel's Crest,https://climbing-history.org/climb/7083/the-angels-crest,Trad climb,E2,0,,,402
The Backbone,https://climbing-history.org/climb/6842/the-backbone,Sport route,7c+,0,,,402
The Big Lick,https://climbing-history.org/climb/4897/the-big-lick,Trad climb,E4,0,,,402
The Bogey Man,https://climbing-history.org/climb/7184/the-bogey-man,Trad climb,E7,0,,,402
The Bone People,https://climbing-history.org/climb/6484/the-bone-people,Trad climb,E4,0,,,402
The Book of Bitter Aspects,https://climbing-history.org/climb/6470/the-book-of-bitter-aspects,Boulder problem,8B,0,,,402
The Casual Route,https://climbing-history.org/climb/5551/the-casual-route,Trad climb,E1,0,,,402
The Chickening,https://climbing-history.org/climb/6480/the-chickening,Boulder problem,8A+,0,,,402
The Colour Gold,https://climbing-history.org/climb/6992/the-colour-gold,Trad climb,E7,0,Superseded by Detachment Theory (E8),,402
The Crack,https://climbing-history.org/climb/3680/the-crack,Trad climb,VS,0,,,402
The Crank,https://climbing-history.org/climb/8356/the-crank,Trad climb,VS,0,,,402
The Crucifixion,https://climbing-history.org/climb/2690/the-crucifixion,Sport route,8a,0,,,402
The Dark Crysstal,https://climbing-history.org/climb/5760/the-dark-crysstal,Trad climb,E7,0,,,402
The Devil's Slide,https://climbing-history.org/climb/5115/the-devils-slide,Trad climb,HS,0,,,403
The Dream,https://climbing-history.org/climb/2911/the-dream,Trad climb,E3,0,,,403
The Dream/Liberator,https://climbing-history.org/climb/2912/the-dreamliberator,Trad climb,E3,0,,,403
The Earthsea Trilogy Part 1,https://climbing-history.org/climb/6953/the-earthsea-trilogy-part-1,Trad climb,E6,0,What was once part of the earth has now become part of the sea.,,403
The Ginat,https://climbing-history.org/climb/5582/the-ginat,Alpine,ED1,0,,,403
The Great Arete,https://climbing-history.org/climb/7634/the-great-arete,Trad climb,E5,0,,,403
The Great Flake,https://climbing-history.org/climb/6958/the-great-flake,Trad climb,E6,0,,,403
The Great Prow,https://climbing-history.org/climb/3662/the-great-prow,Trad climb,HVS,0,,,403
The Great Zawn,https://climbing-history.org/climb/8358/the-great-zawn,Trad climb,HVS,0,,,403
The Grinch,https://climbing-history.org/climb/7383/the-grinch,Boulder problem,7C+,0,,,403
The Groove,https://climbing-history.org/climb/3690/the-groove,Trad climb,E1,0,,,403
The Hyll-Drem Girdle,https://climbing-history.org/climb/6536/the-hyll-drem-girdle,Trad climb,HVS,0,,,403
The Inevitable,https://climbing-history.org/climb/7462/the-inevitable,Boulder problem,8B,0,,,403
The Jimi Hendrix Experience,https://climbing-history.org/climb/5044/the-jimi-hendrix-experience,Trad climb,E6,0,,,403
The Kraken,https://climbing-history.org/climb/5001/the-kraken,Trad climb,E6,0,,,403
The Madder Roots,https://climbing-history.org/climb/6679/the-madder-roots,Trad climb,E6,0,,,403
The Mandala Direct,https://climbing-history.org/climb/6720/the-mandala-direct,Boulder problem,8A+,0,,,403
The Merkin,https://climbing-history.org/climb/6457/the-merkin,Boulder problem,7A,0,,,403
The Myrmidon,https://climbing-history.org/climb/5914/the-myrmidon,Sport route,7b+,0,,,403
The Never Ending Story (Part 1),https://climbing-history.org/climb/2775/the-never-ending-story-(part-1),Boulder problem,8A+,0,,,403
The Ordinary Route,https://climbing-history.org/climb/4849/the-ordinary-route,Trad climb,D,0,"Moderately difficult. Number immaterial. Leader requires
forty feet of rope.",,404
The Peace Line,https://climbing-history.org/climb/6421/the-peace-line,Trad climb,E7,0,,,404
The Pin,https://climbing-history.org/climb/4888/the-pin,Trad climb,E2,0,,,404
The Pinch,https://climbing-history.org/climb/4389/the-pinch,Boulder problem,7C,0,,,404
The Pinch Direct,https://climbing-history.org/climb/4885/the-pinch-direct,Trad climb,E3,0,,,404
The Sound of One Hand Slapping,https://climbing-history.org/climb/6519/the-sound-of-one-hand-slapping,Sport route,7c,0,At one point the route sported a bolted on hold. Martin Berzins :,,404
The Spire,https://climbing-history.org/climb/4889/the-spire,Trad climb,E4,0,,,404
The Storm,https://climbing-history.org/climb/8007/the-storm,Boulder problem,7B+,0,,,404
The Sun of Rightesousness,https://climbing-history.org/climb/6955/the-sun-of-rightesousness,Sport route,7b+,0,,,404
The View From the Afternoon,https://climbing-history.org/climb/783/the-view-from-the-afternoon,Boulder problem,7C,0,,,404
The Virgin,https://climbing-history.org/climb/6428/the-virgin,Trad climb,E3,0,,,404
The Warthog Rider,https://climbing-history.org/climb/6534/the-warthog-rider,Trad climb,E7,0,,,404
The West Face,https://climbing-history.org/climb/2283/the-west-face,Trad climb,E5,0,,,404
The World Is Not Enough,https://climbing-history.org/climb/7478/the-world-is-not-enough,Boulder problem,8A+,0,,,404
They Brush Me,https://climbing-history.org/climb/3757/they-brush-me,Sport route,8a+,0,"The name is an anagram of thumb heresy , because the route starts up The Thumb and finishes up Heresy .",,404
Thin Fingers,https://climbing-history.org/climb/5263/thin-fingers,Trad climb,E4,0,,,404
Toe-Fu,https://climbing-history.org/climb/6750/toe-fu,Boulder problem,8A+,0,,,404
Total Eclipse of the Sun,https://climbing-history.org/climb/6149/total-eclipse-of-the-sun,Trad climb,E8,0,,,404
Totalitarian,https://climbing-history.org/climb/3679/totalitarian,Trad climb,E1,0,,,404
Tower Face,https://climbing-history.org/climb/7244/tower-face,Trad climb,E1,0,,,404
Trapeze,https://climbing-history.org/climb/3659/trapeze,Trad climb,E1,0,,,405
Tribal Boundaries,https://climbing-history.org/climb/6843/tribal-boundaries,Sport route,6c+,0,,,405
Trigger Cut,https://climbing-history.org/climb/2355/trigger-cut,Boulder problem,7B+,0,Previously 7C+ until a big knee bar was found.,,405
Trilogy,https://climbing-history.org/climb/4909/trilogy,Trad climb,E5,0,,,405
Troutdale Pinnacle,https://climbing-history.org/climb/7549/troutdale-pinnacle,Trad climb,S,0,,,405
Tudor Rose,https://climbing-history.org/climb/4959/tudor-rose,Trad climb,E2,0,,,405
Tunnel Vision,https://climbing-history.org/climb/2512/tunnel-vision,Trad climb,VS,0,,,405
Unfinished Opera Left,https://climbing-history.org/climb/2765/unfinished-opera-left,Boulder problem,7B,0,,,405
Upper Cut,https://climbing-history.org/climb/2357/upper-cut,Boulder problem,7B+,0,A bolt was added to allow the option of tying in after a few people broke their ankles falling off it.,,405
Valhalla,https://climbing-history.org/climb/8258/valhalla,Trad climb,E4,0,Leading Valhalla was a necessary but not sufficient criteria for entry to The Stonemasters . Rather harder in early 1970s footwear.,,405
Vecchio Brione,https://climbing-history.org/climb/2478/vecchio-brione,Boulder problem,7B,0,,,405
Verano Magico,https://climbing-history.org/climb/6464/verano-magico,Aid Climb,A4,0,,,405
Víctimes del Passat,https://climbing-history.org/climb/3347/víctimes-del-passat,Sport route,8c,0,,,405
Vikings,https://climbing-history.org/climb/4962/vikings,Trad climb,E4,0,,,405
Volo d'Acquila,https://climbing-history.org/climb/7972/volo-dacquila,Sport route,9a,0,,,405
Voodoo Magic,https://climbing-history.org/climb/7465/voodoo-magic,Sport route,8b,0,,,405
Wailing Wall,https://climbing-history.org/climb/7915/wailing-wall,Trad climb,HVS,0,,,405
Warlord,https://climbing-history.org/climb/4961/warlord,Trad climb,E4,0,,,405
We're All Learning,https://climbing-history.org/climb/5756/were-all-learning,Trad climb,E7,0,,,405
West Indian Face Mecca,https://climbing-history.org/climb/8011/west-indian-face-mecca,Trad climb,"E11
                        (approx)",0,"Do you value climbing more than life itself? Then this might be the project for you! Start up A Midsummer Night's Dream (E6); where West Indian Face (E8) moves right, continue straight up and enjoy climbing most of Face Mecca (E9) without the backstop of the Great Wall belay.",,405
West Route,https://climbing-history.org/climb/5093/west-route,Aid Climb,A3,0,The aid version of West Route .,,406
When Life Gives You Lemons,https://climbing-history.org/climb/5053/when-life-gives-you-lemons,Boulder problem,8A+,0,,,406
Where Angels Dare to Tread,https://climbing-history.org/climb/5344/where-angels-dare-to-tread,Boulder problem,7A,0,,,406
White Rhino Tea,https://climbing-history.org/climb/5471/white-rhino-tea,Deep water solo,6c+,0,,,406
Will Stanton,https://climbing-history.org/climb/6337/will-stanton,Sport route,8a+,0,,,406
Woman of the Eighties,https://climbing-history.org/climb/6849/woman-of-the-eighties,Trad climb,E3,0,,,406
Wrecker's Slab,https://climbing-history.org/climb/5407/wreckers-slab,Trad climb,VS,0,,,406
Xena,https://climbing-history.org/climb/8151/xena,Sport route,8c,0,,,406
XI,https://climbing-history.org/climb/5009/xi,Trad climb,E1,0,,,406
Yamadori,https://climbing-history.org/climb/7684/yamadori,Boulder problem,7C,0,,,406
Yankee Doodle,https://climbing-history.org/climb/6858/yankee-doodle,Trad climb,E2,0,,,406
Zabiják,https://climbing-history.org/climb/1883/zabiják,Boulder problem,8A+,0,,,406
Zazen Low,https://climbing-history.org/climb/5161/zazen-low,Boulder problem,"9A
                        (approx)",0,,,406
Zovirax,https://climbing-history.org/climb/2374/zovirax,Sport route,7c+,0,,,406
